date,kitchen,sku,units_sold,revenue,fruit_cost,packaging_cost,labor_cost,commission,contribution,units_wasted,waste_cost,waste_cost_imputed,gp,month,dow
2025-09-01,BKK_Ladprao,Guava,44,2156.0,424.6,264,242.0,646.8,578.6000000000001,3.0,46.95,False,531.6500000000001,2025-09,0
2025-09-01,BKK_Ladprao,PassionFruit,26,1690.0,493.48,156,156.0,405.6,478.92,4.0,99.92,False,379.0,2025-09,0
2025-09-01,BKK_Ladprao,Pineapple,50,2450.0,494.00000000000006,300,250.0,735.0,671.0,2.0,31.76,False,639.24,2025-09,0
2025-09-01,BKK_Ladprao,Watermelon,86,3870.0,706.9200000000001,516,430.0,1161.0,1056.08,7.0,99.54,False,956.54,2025-09,0
2025-09-01,BKK_Sukhumvit,Guava,55,2695.0,530.75,330,302.5,646.8,884.95,2.0,31.3,False,853.6500000000001,2025-09,0
2025-09-01,BKK_Sukhumvit,PassionFruit,50,3250.0,949.0,300,300.0,975.0,725.9999999999999,3.0,74.94,False,651.06,2025-09,0
2025-09-01,BKK_Sukhumvit,Pineapple,81,3969.0,800.2800000000001,486,405.0,1190.7,1087.02,3.0,47.64,False,1039.3799999999999,2025-09,0
2025-09-01,BKK_Sukhumvit,Watermelon,138,6210.0,1134.3600000000001,828,690.0,1490.3999999999999,2067.2400000000002,5.0,71.1,False,1996.1400000000003,2025-09,0
2025-09-01,Pattaya_Beach,Guava,62,3038.0,598.3000000000001,372,341.0,911.4,815.3000000000001,4.0,62.6,False,752.7,2025-09,0
2025-09-01,Pattaya_Beach,PassionFruit,51,3315.0,967.98,306,306.0,994.5,740.5199999999999,4.0,99.92,False,640.5999999999999,2025-09,0
2025-09-01,Pattaya_Beach,Pineapple,95,4655.0,938.6,570,475.0,1396.5,1274.8999999999999,8.0,127.04,False,1147.86,2025-09,0
2025-09-01,Pattaya_Beach,Watermelon,110,4950.0,904.2,660,550.0,1188.0,1647.8,5.0,71.1,False,1576.7,2025-09,0
2025-09-01,Pattaya_Central,Guava,70,3430.0,675.5,420,385.0,823.1999999999999,1126.3000000000002,2.0,31.3,False,1095.0000000000002,2025-09,0
2025-09-01,Pattaya_Central,PassionFruit,62,4030.0,1176.76,372,372.0,967.1999999999999,1142.04,5.0,124.9,False,1017.14,2025-09,0
2025-09-01,Pattaya_Central,Pineapple,100,4900.0,988.0000000000001,600,500.0,1176.0,1636.0,4.0,63.52,False,1572.48,2025-09,0
2025-09-01,Pattaya_Central,Watermelon,149,6705.0,1224.7800000000002,894,745.0,1609.2,2232.02,3.0,42.66,False,2189.36,2025-09,0
2025-09-02,BKK_Ladprao,Guava,25,1225.0,241.25,150,137.5,367.5,328.7500000000001,3.0,46.95,False,281.8000000000001,2025-09,1
2025-09-02,BKK_Ladprao,PassionFruit,22,1430.0,417.56,132,132.0,343.2,405.24,2.0,49.96,False,355.28000000000003,2025-09,1
2025-09-02,BKK_Ladprao,Pineapple,54,2646.0,533.5200000000001,324,270.0,635.04,883.4399999999999,4.0,63.52,False,819.92,2025-09,1
2025-09-02,BKK_Ladprao,Watermelon,83,3735.0,682.2600000000001,498,415.0,896.4,1243.34,5.0,71.1,False,1172.24,2025-09,1
2025-09-02,BKK_Sukhumvit,Guava,41,2009.0,395.65000000000003,246,225.5,602.7,539.1500000000001,2.0,31.3,False,507.8500000000001,2025-09,1
2025-09-02,BKK_Sukhumvit,PassionFruit,40,2600.0,759.2,240,240.0,624.0,736.8000000000001,5.0,124.9,False,611.9000000000001,2025-09,1
2025-09-02,BKK_Sukhumvit,Pineapple,86,4214.0,849.6800000000001,516,430.0,1011.36,1406.96,1.0,15.88,False,1391.08,2025-09,1
2025-09-02,BKK_Sukhumvit,Watermelon,148,6660.0,1216.5600000000002,888,740.0,1598.4,2217.04,4.0,56.88,False,2160.16,2025-09,1
2025-09-02,Pattaya_Beach,Guava,63,3087.0,607.95,378,346.5,926.0999999999999,828.4500000000002,3.0,46.95,False,781.5000000000001,2025-09,1
2025-09-02,Pattaya_Beach,PassionFruit,53,3445.0,1005.94,318,318.0,826.8,976.26,1.0,24.98,False,951.28,2025-09,1
2025-09-02,Pattaya_Beach,Pineapple,82,4018.0,810.1600000000001,492,410.0,1205.4,1100.4399999999998,2.0,31.76,False,1068.6799999999998,2025-09,1
2025-09-02,Pattaya_Beach,Watermelon,145,6525.0,1191.9,870,725.0,1566.0,2172.1,2.0,28.44,False,2143.66,2025-09,1
2025-09-02,Pattaya_Central,Guava,61,2989.0,588.65,366,335.5,896.6999999999999,802.1500000000001,2.0,31.3,False,770.8500000000001,2025-09,1
2025-09-02,Pattaya_Central,PassionFruit,49,3185.0,930.02,294,294.0,764.4,902.58,3.0,74.94,False,827.6400000000001,2025-09,1
2025-09-02,Pattaya_Central,Pineapple,103,5047.0,1017.6400000000001,618,515.0,1211.28,1685.0800000000002,2.0,31.76,False,1653.3200000000002,2025-09,1
2025-09-02,Pattaya_Central,Watermelon,161,7245.0,1323.42,966,805.0,2173.5,1977.08,5.0,71.1,False,1905.98,2025-09,1
2025-09-03,BKK_Ladprao,Guava,32,1568.0,308.8,192,176.0,470.4,420.80000000000007,1.0,15.65,False,405.1500000000001,2025-09,2
2025-09-03,BKK_Ladprao,PassionFruit,23,1495.0,436.53999999999996,138,138.0,448.5,333.96,4.0,99.92,False,234.03999999999996,2025-09,2
2025-09-03,BKK_Ladprao,Pineapple,48,2352.0,474.24,288,240.0,564.48,785.28,3.0,47.64,False,737.64,2025-09,2
2025-09-03,BKK_Ladprao,Watermelon,71,3195.0,583.6200000000001,426,355.0,766.8,1063.5800000000002,4.0,56.88,False,1006.7000000000002,2025-09,2
2025-09-03,BKK_Sukhumvit,Guava,56,2744.0,540.4,336,308.0,658.56,901.0400000000001,2.0,31.3,False,869.7400000000001,2025-09,2
2025-09-03,BKK_Sukhumvit,PassionFruit,30,1950.0,569.4,180,180.0,468.0,552.6,3.0,74.94,False,477.66,2025-09,2
2025-09-03,BKK_Sukhumvit,Pineapple,73,3577.0,721.24,438,365.0,1073.1,979.6599999999999,3.0,47.64,False,932.0199999999999,2025-09,2
2025-09-03,BKK_Sukhumvit,Watermelon,134,6030.0,1101.48,804,670.0,1447.1999999999998,2007.3200000000002,6.0,85.32,False,1922.0000000000002,2025-09,2
2025-09-03,Pattaya_Beach,Guava,45,2205.0,434.25,270,247.5,661.5,591.75,3.0,46.95,False,544.8,2025-09,2
2025-09-03,Pattaya_Beach,PassionFruit,44,2860.0,835.12,264,264.0,858.0,638.8799999999999,3.0,74.94,False,563.9399999999998,2025-09,2
2025-09-03,Pattaya_Beach,Pineapple,90,4410.0,889.2,540,450.0,1323.0,1207.8,6.0,95.28,False,1112.52,2025-09,2
2025-09-03,Pattaya_Beach,Watermelon,138,6210.0,1134.3600000000001,828,690.0,1863.0,1694.6399999999999,5.0,71.1,False,1623.54,2025-09,2
2025-09-03,Pattaya_Central,Guava,87,4263.0,839.5500000000001,522,478.5,1023.12,1399.83,3.0,46.95,False,1352.8799999999999,2025-09,2
2025-09-03,Pattaya_Central,PassionFruit,48,3120.0,911.04,288,288.0,936.0,696.9599999999999,3.0,74.94,False,622.02,2025-09,2
2025-09-03,Pattaya_Central,Pineapple,104,5096.0,1027.52,624,520.0,1528.8,1395.6799999999998,5.0,79.4,False,1316.2799999999997,2025-09,2
2025-09-03,Pattaya_Central,Watermelon,137,6165.0,1126.14,822,685.0,1849.5,1682.36,2.0,28.44,False,1653.9199999999998,2025-09,2
2025-09-04,BKK_Ladprao,Guava,27,1323.0,260.55,162,148.5,396.9,355.05000000000007,1.0,15.65,False,339.4000000000001,2025-09,3
2025-09-04,BKK_Ladprao,PassionFruit,18,1170.0,341.64,108,108.0,280.8,331.56,1.0,24.98,False,306.58,2025-09,3
2025-09-04,BKK_Ladprao,Pineapple,49,2401.0,484.12,294,245.0,720.3,657.58,3.0,47.64,False,609.94,2025-09,3
2025-09-04,BKK_Ladprao,Watermelon,76,3420.0,624.72,456,380.0,1026.0,933.28,3.0,42.66,False,890.62,2025-09,3
2025-09-04,BKK_Sukhumvit,Guava,74,3626.0,714.1,444,407.0,870.24,1190.66,3.0,46.95,False,1143.71,2025-09,3
2025-09-04,BKK_Sukhumvit,PassionFruit,42,2730.0,797.16,252,252.0,819.0,609.8399999999999,3.0,74.94,False,534.8999999999999,2025-09,3
2025-09-04,BKK_Sukhumvit,Pineapple,78,3822.0,770.6400000000001,468,390.0,917.28,1276.08,4.0,63.52,False,1212.56,2025-09,3
2025-09-04,BKK_Sukhumvit,Watermelon,132,5940.0,1085.0400000000002,792,660.0,1782.0,1620.9599999999998,4.0,56.88,False,1564.0799999999997,2025-09,3
2025-09-04,Pattaya_Beach,Guava,59,2891.0,569.35,354,324.5,693.8399999999999,949.3100000000001,2.0,31.3,False,918.0100000000001,2025-09,3
2025-09-04,Pattaya_Beach,PassionFruit,42,2730.0,797.16,252,252.0,655.1999999999999,773.64,1.0,24.98,False,748.66,2025-09,3
2025-09-04,Pattaya_Beach,Pineapple,86,4214.0,849.6800000000001,516,430.0,1264.2,1154.12,4.0,63.52,False,1090.6,2025-09,3
2025-09-04,Pattaya_Beach,Watermelon,119,5355.0,978.1800000000001,714,595.0,1285.2,1782.6200000000001,4.0,56.88,False,1725.74,2025-09,3
2025-09-04,Pattaya_Central,Guava,58,2842.0,559.7,348,319.0,852.5999999999999,762.7000000000002,5.0,78.25,False,684.4500000000002,2025-09,3
2025-09-04,Pattaya_Central,PassionFruit,52,3380.0,986.96,312,312.0,811.1999999999999,957.84,5.0,124.9,False,832.94,2025-09,3
2025-09-04,Pattaya_Central,Pineapple,110,5390.0,1086.8000000000002,660,550.0,1293.6,1799.6,7.0,111.16,False,1688.4399999999998,2025-09,3
2025-09-04,Pattaya_Central,Watermelon,152,6840.0,1249.44,912,760.0,2052.0,1866.56,1.0,14.22,False,1852.34,2025-09,3
2025-09-05,BKK_Ladprao,Guava,29,1421.0,279.85,174,159.5,341.04,466.61,3.0,46.95,False,419.66,2025-09,4
2025-09-05,BKK_Ladprao,PassionFruit,31,2015.0,588.38,186,186.0,604.5,450.1199999999999,6.0,149.88,False,300.2399999999999,2025-09,4
2025-09-05,BKK_Ladprao,Pineapple,86,3581.9,849.6800000000001,516,430.0,859.656,926.564,7.0,111.16,False,815.404,2025-09,4
2025-09-05,BKK_Ladprao,Watermelon,70,3150.0,575.4000000000001,420,350.0,945.0,859.6,4.0,56.88,False,802.72,2025-09,4
2025-09-05,BKK_Sukhumvit,Guava,51,2499.0,492.15000000000003,306,280.5,599.76,820.59,2.0,31.3,False,789.2900000000001,2025-09,4
2025-09-05,BKK_Sukhumvit,PassionFruit,41,2665.0,778.18,246,246.0,799.5,595.3199999999999,5.0,124.9,False,470.41999999999996,2025-09,4
2025-09-05,BKK_Sukhumvit,Pineapple,115,4789.75,1136.2,690,575.0,1149.54,1239.01,7.0,111.16,False,1127.85,2025-09,4
2025-09-05,BKK_Sukhumvit,Watermelon,131,5895.0,1076.8200000000002,786,655.0,1768.5,1608.6799999999998,5.0,71.1,False,1537.58,2025-09,4
2025-09-05,Pattaya_Beach,Guava,75,3675.0,723.75,450,412.5,882.0,1206.75,4.0,62.6,False,1144.15,2025-09,4
2025-09-05,Pattaya_Beach,PassionFruit,45,2925.0,854.1,270,270.0,702.0,828.9,4.0,99.92,False,728.98,2025-09,4
2025-09-05,Pattaya_Beach,Pineapple,123,5122.95,1215.24,738,615.0,1229.5079999999998,1325.202,4.0,63.52,False,1261.682,2025-09,4
2025-09-05,Pattaya_Beach,Watermelon,146,6570.0,1200.1200000000001,876,730.0,1576.8,2187.08,3.0,42.66,False,2144.42,2025-09,4
2025-09-05,Pattaya_Central,Guava,69,3381.0,665.85,414,379.5,1014.3,907.3500000000003,3.0,46.95,False,860.4000000000002,2025-09,4
2025-09-05,Pattaya_Central,PassionFruit,58,3770.0,1100.84,348,348.0,904.8,1068.36,6.0,149.88,False,918.4799999999999,2025-09,4
2025-09-05,Pattaya_Central,Pineapple,159,6622.35,1570.92,954,795.0,1986.705,1315.7250000000001,11.0,174.68,False,1141.045,2025-09,4
2025-09-05,Pattaya_Central,Watermelon,151,6795.0,1241.22,906,755.0,1630.8,2261.98,6.0,85.32,False,2176.66,2025-09,4
2025-09-06,BKK_Ladprao,Guava,43,2107.0,414.95000000000005,258,236.5,505.68,691.8700000000001,4.0,62.6,False,629.2700000000001,2025-09,5
2025-09-06,BKK_Ladprao,PassionFruit,20,1300.0,379.6,120,120.0,390.0,290.4,2.0,49.96,False,240.43999999999997,2025-09,5
2025-09-06,BKK_Ladprao,Pineapple,47,2303.0,464.36,282,235.0,552.72,768.92,4.0,63.52,False,705.4,2025-09,5
2025-09-06,BKK_Ladprao,Watermelon,82,3690.0,674.0400000000001,492,410.0,885.5999999999999,1228.3600000000001,5.0,71.1,False,1157.2600000000002,2025-09,5
2025-09-06,BKK_Sukhumvit,Guava,49,2401.0,472.85,294,269.5,576.24,788.4100000000001,1.0,15.65,False,772.7600000000001,2025-09,5
2025-09-06,BKK_Sukhumvit,PassionFruit,47,3055.0,892.06,282,282.0,916.5,682.4399999999999,5.0,124.9,False,557.54,2025-09,5
2025-09-06,BKK_Sukhumvit,Pineapple,91,4459.0,899.08,546,455.0,1070.16,1488.76,5.0,79.4,False,1409.36,2025-09,5
2025-09-06,BKK_Sukhumvit,Watermelon,115,5175.0,945.3000000000001,690,575.0,1552.5,1412.2,4.0,56.88,False,1355.32,2025-09,5
2025-09-06,Pattaya_Beach,Guava,80,3920.0,772.0,480,440.0,1176.0,1052.0000000000002,3.0,46.95,False,1005.0500000000002,2025-09,5
2025-09-06,Pattaya_Beach,PassionFruit,50,3250.0,949.0,300,300.0,975.0,725.9999999999999,3.0,74.94,False,651.06,2025-09,5
2025-09-06,Pattaya_Beach,Pineapple,129,6321.0,1274.52,774,645.0,1517.04,2110.44,6.0,95.28,False,2015.16,2025-09,5
2025-09-06,Pattaya_Beach,Watermelon,164,7380.0,1348.0800000000002,984,820.0,1771.1999999999998,2456.7200000000003,6.0,85.32,False,2371.4,2025-09,5
2025-09-06,Pattaya_Central,Guava,92,4508.0,887.8000000000001,552,506.0,1081.9199999999998,1480.28,5.0,78.25,False,1402.03,2025-09,5
2025-09-06,Pattaya_Central,PassionFruit,69,4485.0,1309.62,414,414.0,1345.5,1001.8799999999999,8.0,199.84,False,802.0399999999998,2025-09,5
2025-09-06,Pattaya_Central,Pineapple,134,6566.0,1323.92,804,670.0,1575.84,2192.24,7.0,111.16,False,2081.08,2025-09,5
2025-09-06,Pattaya_Central,Watermelon,183,8235.0,1504.2600000000002,1098,915.0,1976.4,2741.34,7.0,99.54,False,2641.8,2025-09,5
2025-09-07,BKK_Ladprao,Guava,34,1666.0,328.1,204,187.0,499.79999999999995,447.10000000000014,3.0,46.95,False,400.15000000000015,2025-09,6
2025-09-07,BKK_Ladprao,PassionFruit,22,1430.0,417.56,132,132.0,429.0,319.43999999999994,3.0,74.94,False,244.49999999999994,2025-09,6
2025-09-07,BKK_Ladprao,Pineapple,65,3185.0,642.2,390,325.0,764.4,1063.4,5.0,79.4,False,984.0000000000001,2025-09,6
2025-09-07,BKK_Ladprao,Watermelon,93,4185.0,764.46,558,465.0,1255.5,1142.04,5.0,71.1,False,1070.94,2025-09,6
2025-09-07,BKK_Sukhumvit,Guava,48,2352.0,463.20000000000005,288,264.0,564.48,772.32,2.0,31.3,False,741.0200000000001,2025-09,6
2025-09-07,BKK_Sukhumvit,PassionFruit,45,2925.0,854.1,270,270.0,702.0,828.9,4.0,99.92,False,728.98,2025-09,6
2025-09-07,BKK_Sukhumvit,Pineapple,96,4704.0,948.48,576,480.0,1411.1999999999998,1288.32,2.0,31.76,False,1256.56,2025-09,6
2025-09-07,BKK_Sukhumvit,Watermelon,105,4725.0,863.1,630,525.0,1134.0,1572.8999999999999,3.0,42.66,False,1530.2399999999998,2025-09,6
2025-09-07,Pattaya_Beach,Guava,62,3038.0,598.3000000000001,372,341.0,911.4,815.3000000000002,4.0,62.6,False,752.7000000000002,2025-09,6
2025-09-07,Pattaya_Beach,PassionFruit,49,3185.0,930.02,294,294.0,764.4,902.5799999999999,3.0,74.94,False,827.6399999999999,2025-09,6
2025-09-07,Pattaya_Beach,Pineapple,109,5341.0,1076.92,654,545.0,1281.84,1783.24,4.0,63.52,False,1719.72,2025-09,6
2025-09-07,Pattaya_Beach,Watermelon,158,7110.0,1298.7600000000002,948,790.0,1706.3999999999999,2366.84,3.0,42.66,False,2324.1800000000003,2025-09,6
2025-09-07,Pattaya_Central,Guava,84,4116.0,810.6,504,462.0,987.8399999999999,1351.56,6.0,93.9,False,1257.6599999999999,2025-09,6
2025-09-07,Pattaya_Central,PassionFruit,54,3510.0,1024.92,324,324.0,842.4,994.68,4.0,99.92,False,894.76,2025-09,6
2025-09-07,Pattaya_Central,Pineapple,122,5978.0,1205.3600000000001,732,610.0,1434.72,1995.92,5.0,79.4,False,1916.52,2025-09,6
2025-09-07,Pattaya_Central,Watermelon,208,9360.0,1709.7600000000002,1248,1040.0,2246.4,3115.84,4.0,56.88,False,3058.96,2025-09,6
2025-09-08,BKK_Ladprao,Guava,29,1421.0,274.63,174,159.5,341.04,471.8300000000001,3.0,46.41,False,425.4200000000001,2025-09,0
2025-09-08,BKK_Ladprao,PassionFruit,32,2080.0,615.04,192,192.0,624.0,456.96000000000004,7.0,176.54,False,280.4200000000001,2025-09,0
2025-09-08,BKK_Ladprao,Pineapple,43,2107.0,470.84999999999997,258,215.0,632.0999999999999,531.0500000000001,2.0,33.9,False,497.1500000000001,2025-09,0
2025-09-08,BKK_Ladprao,Watermelon,85,3825.0,652.8,510,425.0,1147.5,1089.7,3.0,41.04,False,1048.66,2025-09,0
2025-09-08,BKK_Sukhumvit,Guava,62,3038.0,587.14,372,341.0,729.12,1008.7400000000001,2.0,30.94,False,977.8000000000001,2025-09,0
2025-09-08,BKK_Sukhumvit,PassionFruit,34,2210.0,653.48,204,204.0,663.0,485.52000000000004,4.0,100.88,False,384.64000000000004,2025-09,0
2025-09-08,BKK_Sukhumvit,Pineapple,86,4214.0,941.6999999999999,516,430.0,1264.2,1062.1000000000001,4.0,67.8,False,994.3000000000002,2025-09,0
2025-09-08,BKK_Sukhumvit,Watermelon,132,5940.0,1013.76,792,660.0,1782.0,1692.24,5.0,68.4,False,1623.84,2025-09,0
2025-09-08,Pattaya_Beach,Guava,52,2548.0,492.44000000000005,312,286.0,764.4,693.16,1.0,15.47,False,677.6899999999999,2025-09,0
2025-09-08,Pattaya_Beach,PassionFruit,38,2470.0,730.3599999999999,228,228.0,592.8,690.8400000000001,3.0,75.66,False,615.1800000000002,2025-09,0
2025-09-08,Pattaya_Beach,Pineapple,79,3871.0,865.05,474,395.0,1161.3,975.6500000000002,2.0,33.9,False,941.7500000000002,2025-09,0
2025-09-08,Pattaya_Beach,Watermelon,126,5670.0,967.68,756,630.0,1360.8,1955.5200000000002,3.0,41.04,False,1914.4800000000002,2025-09,0
2025-09-08,Pattaya_Central,Guava,59,2891.0,558.73,354,324.5,867.3,786.4699999999999,2.0,30.94,False,755.5299999999999,2025-09,0
2025-09-08,Pattaya_Central,PassionFruit,44,2860.0,845.68,264,264.0,858.0,628.32,2.0,50.44,False,577.8800000000001,2025-09,0
2025-09-08,Pattaya_Central,Pineapple,123,6027.0,1346.85,738,615.0,1808.1,1519.0500000000002,5.0,84.75,False,1434.3000000000002,2025-09,0
2025-09-08,Pattaya_Central,Watermelon,173,7785.0,1328.6399999999999,1038,865.0,1868.3999999999999,2684.96,4.0,54.72,False,2630.2400000000002,2025-09,0
2025-09-09,BKK_Ladprao,Guava,60,2352.0,568.2,360,330.0,705.5999999999999,388.20000000000005,5.0,77.35,False,310.85,2025-09,1
2025-09-09,BKK_Ladprao,PassionFruit,65,3380.0,1249.3,390,390.0,1014.0,336.70000000000016,12.0,302.64,False,34.06000000000017,2025-09,1
2025-09-09,BKK_Ladprao,Pineapple,114,4468.8,1248.3,684,570.0,1340.6399999999999,625.8600000000001,10.0,169.5,False,456.3600000000001,2025-09,1
2025-09-09,BKK_Ladprao,Watermelon,155,5580.0,1190.4,930,775.0,1674.0,1010.6000000000001,11.0,150.48,False,860.1200000000001,2025-09,1
2025-09-09,BKK_Sukhumvit,Guava,100,3920.0,947.0000000000001,600,550.0,1176.0,647.0000000000001,4.0,61.88,False,585.1200000000001,2025-09,1
2025-09-09,BKK_Sukhumvit,PassionFruit,83,4316.0,1595.26,498,498.0,1035.84,688.9,9.0,226.98,False,461.91999999999996,2025-09,1
2025-09-09,BKK_Sukhumvit,Pineapple,147,5762.4,1609.6499999999999,882,735.0,1728.7199999999998,807.0300000000002,8.0,135.6,False,671.4300000000002,2025-09,1
2025-09-09,BKK_Sukhumvit,Watermelon,217,7812.0,1666.56,1302,1085.0,1874.8799999999999,1883.5600000000004,6.0,82.08,False,1801.4800000000005,2025-09,1
2025-09-09,Pattaya_Beach,Guava,79,3096.8,748.13,474,434.5,743.232,696.9380000000001,5.0,77.35,False,619.5880000000001,2025-09,1
2025-09-09,Pattaya_Beach,PassionFruit,84,4368.0,1614.48,504,504.0,1310.4,435.1200000000002,5.0,126.1,False,309.0200000000002,2025-09,1
2025-09-09,Pattaya_Beach,Pineapple,149,5840.8,1631.55,894,745.0,1401.792,1168.4580000000003,8.0,135.6,False,1032.8580000000004,2025-09,1
2025-09-09,Pattaya_Beach,Watermelon,243,8748.0,1866.24,1458,1215.0,2099.52,2109.2400000000002,7.0,95.76,False,2013.4800000000002,2025-09,1
2025-09-09,Pattaya_Central,Guava,101,3959.2000000000003,956.47,606,555.5,950.208,891.0219999999999,3.0,46.41,False,844.612,2025-09,1
2025-09-09,Pattaya_Central,PassionFruit,73,3796.0,1403.06,438,438.0,1138.8,378.14000000000004,6.0,151.32,False,226.82000000000005,2025-09,1
2025-09-09,Pattaya_Central,Pineapple,196,7683.2,2146.2,1176,980.0,2304.96,1076.0400000000002,9.0,152.55,False,923.4900000000002,2025-09,1
2025-09-09,Pattaya_Central,Watermelon,275,9900.0,2112.0,1650,1375.0,2970.0,1793.0000000000005,12.0,164.16,False,1628.8400000000004,2025-09,1
2025-09-10,BKK_Ladprao,Guava,26,1274.0,246.22000000000003,156,143.0,382.2,346.5799999999999,1.0,15.47,False,331.1099999999999,2025-09,2
2025-09-10,BKK_Ladprao,PassionFruit,27,1755.0,518.9399999999999,162,162.0,526.5,385.56000000000006,4.0,100.88,False,284.68000000000006,2025-09,2
2025-09-10,BKK_Ladprao,Pineapple,54,2646.0,591.3,324,270.0,793.8,666.9000000000001,3.0,50.85,False,616.0500000000001,2025-09,2
2025-09-10,BKK_Ladprao,Watermelon,81,3645.0,622.0799999999999,486,405.0,874.8,1257.1200000000001,4.0,54.72,False,1202.4,2025-09,2
2025-09-10,BKK_Sukhumvit,Guava,52,2548.0,492.44000000000005,312,286.0,764.4,693.16,3.0,46.41,False,646.75,2025-09,2
2025-09-10,BKK_Sukhumvit,PassionFruit,42,2730.0,807.24,252,252.0,655.1999999999999,763.5600000000001,4.0,100.88,False,662.6800000000001,2025-09,2
2025-09-10,BKK_Sukhumvit,Pineapple,80,3920.0,875.9999999999999,480,400.0,940.8,1223.2,2.0,33.9,False,1189.3,2025-09,2
2025-09-10,BKK_Sukhumvit,Watermelon,125,5625.0,960.0,750,625.0,1350.0,1940.0000000000002,2.0,27.36,False,1912.6400000000003,2025-09,2
2025-09-10,Pattaya_Beach,Guava,48,2352.0,454.56000000000006,288,264.0,705.6,639.8399999999999,3.0,46.41,False,593.43,2025-09,2
2025-09-10,Pattaya_Beach,PassionFruit,53,3445.0,1018.66,318,318.0,1033.5,756.84,5.0,126.1,False,630.74,2025-09,2
2025-09-10,Pattaya_Beach,Pineapple,76,3724.0,832.1999999999999,456,380.0,893.76,1162.04,4.0,67.8,False,1094.24,2025-09,2
2025-09-10,Pattaya_Beach,Watermelon,149,6705.0,1144.32,894,745.0,1609.2,2312.48,3.0,41.04,False,2271.44,2025-09,2
2025-09-10,Pattaya_Central,Guava,71,3479.0,672.3700000000001,426,390.5,834.96,1155.17,4.0,61.88,False,1093.29,2025-09,2
2025-09-10,Pattaya_Central,PassionFruit,62,4030.0,1191.6399999999999,372,372.0,1209.0,885.3600000000001,2.0,50.44,False,834.9200000000001,2025-09,2
2025-09-10,Pattaya_Central,Pineapple,100,4900.0,1095.0,600,500.0,1176.0,1529.0000000000002,2.0,33.9,False,1495.1000000000001,2025-09,2
2025-09-10,Pattaya_Central,Watermelon,172,7740.0,1320.9599999999998,1032,860.0,2322.0,2205.04,1.0,13.68,False,2191.36,2025-09,2
2025-09-11,BKK_Ladprao,Guava,33,1617.0,312.51000000000005,198,181.5,485.09999999999997,439.89,3.0,46.41,False,393.48,2025-09,3
2025-09-11,BKK_Ladprao,PassionFruit,29,1885.0,557.38,174,174.0,565.5,414.12,6.0,151.32,False,262.8,2025-09,3
2025-09-11,BKK_Ladprao,Pineapple,55,2695.0,602.25,330,275.0,808.5,679.2500000000001,6.0,101.7,False,577.5500000000001,2025-09,3
2025-09-11,BKK_Ladprao,Watermelon,72,3240.0,552.96,432,360.0,972.0,923.04,4.0,54.72,False,868.3199999999999,2025-09,3
2025-09-11,BKK_Sukhumvit,Guava,59,2891.0,558.73,354,324.5,867.3,786.4699999999999,4.0,61.88,False,724.5899999999999,2025-09,3
2025-09-11,BKK_Sukhumvit,PassionFruit,45,2925.0,864.9,270,270.0,877.5,642.6,3.0,75.66,False,566.94,2025-09,3
2025-09-11,BKK_Sukhumvit,Pineapple,107,5243.0,1171.6499999999999,642,535.0,1572.8999999999999,1321.45,5.0,84.75,False,1236.7,2025-09,3
2025-09-11,BKK_Sukhumvit,Watermelon,112,5040.0,860.16,672,560.0,1512.0,1435.8400000000001,4.0,54.72,False,1381.1200000000001,2025-09,3
2025-09-11,Pattaya_Beach,Guava,56,2744.0,530.32,336,308.0,658.56,911.1200000000001,3.0,46.41,False,864.7100000000002,2025-09,3
2025-09-11,Pattaya_Beach,PassionFruit,48,3120.0,922.56,288,288.0,748.8,872.6400000000001,6.0,151.32,False,721.3200000000002,2025-09,3
2025-09-11,Pattaya_Beach,Pineapple,98,4802.0,1073.1,588,490.0,1152.48,1498.42,3.0,50.85,False,1447.5700000000002,2025-09,3
2025-09-11,Pattaya_Beach,Watermelon,137,6165.0,1052.1599999999999,822,685.0,1849.5,1756.34,5.0,68.4,False,1687.9399999999998,2025-09,3
2025-09-11,Pattaya_Central,Guava,67,3283.0,634.49,402,368.5,984.9,893.1099999999999,4.0,61.88,False,831.2299999999999,2025-09,3
2025-09-11,Pattaya_Central,PassionFruit,57,3705.0,1095.54,342,342.0,1111.5,813.9600000000002,4.0,100.88,False,713.0800000000002,2025-09,3
2025-09-11,Pattaya_Central,Pineapple,108,5292.0,1182.6,648,540.0,1587.6,1333.8000000000002,5.0,84.75,False,1249.0500000000002,2025-09,3
2025-09-11,Pattaya_Central,Watermelon,156,7020.0,1198.08,936,780.0,1684.8,2421.12,2.0,27.36,False,2393.7599999999998,2025-09,3
2025-09-12,BKK_Ladprao,Guava,29,1421.0,274.63000000000005,174,159.5,426.3,386.56999999999994,3.0,46.41,False,340.15999999999997,2025-09,4
2025-09-12,BKK_Ladprao,PassionFruit,23,1495.0,442.05999999999995,138,138.0,448.5,328.44000000000005,4.0,100.88,False,227.56000000000006,2025-09,4
2025-09-12,BKK_Ladprao,Pineapple,50,2450.0,547.5,300,250.0,588.0,764.5,2.0,33.9,False,730.6,2025-09,4
2025-09-12,BKK_Ladprao,Watermelon,91,3480.75,698.88,546,455.0,835.38,945.49,7.0,95.76,False,849.73,2025-09,4
2025-09-12,BKK_Sukhumvit,Guava,49,2401.0,464.03000000000003,294,269.5,720.3,653.17,0.0,0.0,,653.17,2025-09,4
2025-09-12,BKK_Sukhumvit,PassionFruit,54,3510.0,1037.8799999999999,324,324.0,1053.0,771.1200000000001,2.0,50.44,False,720.6800000000001,2025-09,4
2025-09-12,BKK_Sukhumvit,Pineapple,78,3822.0,854.0999999999999,468,390.0,1146.6,963.3000000000002,3.0,50.85,False,912.4500000000002,2025-09,4
2025-09-12,BKK_Sukhumvit,Watermelon,175,6693.75,1344.0,1050,875.0,1606.4999999999998,1818.25,5.0,68.4,False,1749.85,2025-09,4
2025-09-12,Pattaya_Beach,Guava,67,3283.0,634.49,402,368.5,787.92,1090.0900000000001,3.0,46.41,False,1043.68,2025-09,4
2025-09-12,Pattaya_Beach,PassionFruit,48,3120.0,922.56,288,288.0,936.0,685.44,4.0,100.88,False,584.5600000000001,2025-09,4
2025-09-12,Pattaya_Beach,Pineapple,101,4949.0,1105.9499999999998,606,505.0,1484.7,1247.3500000000004,3.0,50.85,False,1196.5000000000005,2025-09,4
2025-09-12,Pattaya_Beach,Watermelon,204,7803.0,1566.72,1224,1020.0,1872.72,2119.56,6.0,82.08,False,2037.48,2025-09,4
2025-09-12,Pattaya_Central,Guava,70,3430.0,662.9000000000001,420,385.0,823.2,1138.9,3.0,46.41,False,1092.49,2025-09,4
2025-09-12,Pattaya_Central,PassionFruit,54,3510.0,1037.8799999999999,324,324.0,1053.0,771.1200000000001,4.0,100.88,False,670.2400000000001,2025-09,4
2025-09-12,Pattaya_Central,Pineapple,109,5341.0,1193.55,654,545.0,1281.84,1666.61,5.0,84.75,False,1581.86,2025-09,4
2025-09-12,Pattaya_Central,Watermelon,209,7994.25,1605.12,1254,1045.0,2398.275,1691.855,5.0,68.4,False,1623.455,2025-09,4
2025-09-13,BKK_Ladprao,Guava,30,1470.0,284.1,180,165.0,352.8,488.1000000000001,4.0,61.88,False,426.2200000000001,2025-09,5
2025-09-13,BKK_Ladprao,PassionFruit,30,1950.0,576.5999999999999,180,180.0,585.0,428.40000000000003,7.0,176.54,False,251.86000000000004,2025-09,5
2025-09-13,BKK_Ladprao,Pineapple,62,3038.0,678.9,372,310.0,729.12,947.98,4.0,67.8,False,880.1800000000001,2025-09,5
2025-09-13,BKK_Ladprao,Watermelon,71,3195.0,545.28,426,355.0,958.5,910.22,5.0,68.4,False,841.82,2025-09,5
2025-09-13,BKK_Sukhumvit,Guava,56,2744.0,530.32,336,308.0,658.5600000000001,911.1200000000001,2.0,30.94,False,880.1800000000001,2025-09,5
2025-09-13,BKK_Sukhumvit,PassionFruit,45,2925.0,864.9,270,270.0,702.0,818.1,5.0,126.1,False,692.0,2025-09,5
2025-09-13,BKK_Sukhumvit,Pineapple,92,4508.0,1007.4,552,460.0,1352.3999999999999,1136.2,2.0,33.9,False,1102.3,2025-09,5
2025-09-13,BKK_Sukhumvit,Watermelon,116,5220.0,890.88,696,580.0,1566.0,1487.12,3.0,41.04,False,1446.08,2025-09,5
2025-09-13,Pattaya_Beach,Guava,70,3430.0,662.9000000000001,420,385.0,823.1999999999999,1138.9,3.0,46.41,False,1092.49,2025-09,5
2025-09-13,Pattaya_Beach,PassionFruit,58,3770.0,1114.76,348,348.0,1131.0,828.24,4.0,100.88,False,727.36,2025-09,5
2025-09-13,Pattaya_Beach,Pineapple,131,6419.0,1434.4499999999998,786,655.0,1540.56,2002.9900000000002,3.0,50.85,False,1952.1400000000003,2025-09,5
2025-09-13,Pattaya_Beach,Watermelon,156,7020.0,1198.08,936,780.0,1684.8,2421.1200000000003,5.0,68.4,False,2352.7200000000003,2025-09,5
2025-09-13,Pattaya_Central,Guava,67,3283.0,634.49,402,368.5,787.92,1090.0900000000001,5.0,77.35,False,1012.7400000000001,2025-09,5
2025-09-13,Pattaya_Central,PassionFruit,81,5265.0,1556.82,486,486.0,1579.5,1156.68,15.0,378.3,False,778.3800000000001,2025-09,5
2025-09-13,Pattaya_Central,Pineapple,112,5488.0,1226.3999999999999,672,560.0,1646.3999999999999,1383.2000000000003,7.0,118.65,False,1264.5500000000002,2025-09,5
2025-09-13,Pattaya_Central,Watermelon,199,8955.0,1528.32,1194,995.0,2686.5,2551.18,9.0,123.12,False,2428.06,2025-09,5
2025-09-14,BKK_Ladprao,Guava,39,1911.0,369.33000000000004,234,214.5,458.64,634.5300000000001,6.0,92.82,False,541.71,2025-09,6
2025-09-14,BKK_Ladprao,PassionFruit,28,1820.0,538.16,168,168.0,546.0,399.84000000000003,4.0,100.88,False,298.96000000000004,2025-09,6
2025-09-14,BKK_Ladprao,Pineapple,57,2793.0,624.15,342,285.0,670.3199999999999,871.53,4.0,67.8,False,803.73,2025-09,6
2025-09-14,BKK_Ladprao,Watermelon,78,3510.0,599.04,468,390.0,1053.0,999.96,2.0,27.36,False,972.6,2025-09,6
2025-09-14,BKK_Sukhumvit,Guava,54,2646.0,511.38000000000005,324,297.0,635.04,878.58,4.0,61.88,False,816.7,2025-09,6
2025-09-14,BKK_Sukhumvit,PassionFruit,48,3120.0,922.56,288,288.0,936.0,685.44,4.0,100.88,False,584.5600000000001,2025-09,6
2025-09-14,BKK_Sukhumvit,Pineapple,85,4165.0,930.7499999999999,510,425.0,1249.5,1049.7500000000002,4.0,67.8,False,981.9500000000003,2025-09,6
2025-09-14,BKK_Sukhumvit,Watermelon,137,6165.0,1052.1599999999999,822,685.0,1849.5,1756.3400000000001,5.0,68.4,False,1687.94,2025-09,6
2025-09-14,Pattaya_Beach,Guava,67,3283.0,634.49,402,368.5,984.9,893.1099999999999,3.0,46.41,False,846.6999999999999,2025-09,6
2025-09-14,Pattaya_Beach,PassionFruit,55,3575.0,1057.1,330,330.0,858.0,999.9000000000001,5.0,126.1,False,873.8000000000001,2025-09,6
2025-09-14,Pattaya_Beach,Pineapple,132,6468.0,1445.3999999999999,792,660.0,1552.32,2018.2800000000002,7.0,118.65,False,1899.63,2025-09,6
2025-09-14,Pattaya_Beach,Watermelon,162,7290.0,1244.1599999999999,972,810.0,1749.6,2514.2400000000002,5.0,68.4,False,2445.84,2025-09,6
2025-09-14,Pattaya_Central,Guava,91,4459.0,861.7700000000001,546,500.5,1337.7,1213.03,5.0,77.35,False,1135.68,2025-09,6
2025-09-14,Pattaya_Central,PassionFruit,82,5330.0,1576.04,492,492.0,1279.2,1490.76,9.0,226.98,False,1263.78,2025-09,6
2025-09-14,Pattaya_Central,Pineapple,133,6517.0,1456.35,798,665.0,1955.1,1642.5500000000002,9.0,152.55,False,1490.0000000000002,2025-09,6
2025-09-14,Pattaya_Central,Watermelon,220,9900.0,1689.6,1320,1100.0,2970.0,2820.4,10.0,136.8,False,2683.6,2025-09,6
2025-09-15,BKK_Ladprao,Guava,28,1207.36,245.55999999999997,168,154.0,289.7664,350.0336,1.0,14.77,False,335.2636,2025-09,0
2025-09-15,BKK_Ladprao,PassionFruit,19,1086.8000000000002,372.40000000000003,114,114.0,260.832,225.56799999999998,3.0,76.8,False,148.76799999999997,2025-09,0
2025-09-15,BKK_Ladprao,Pineapple,63,2716.56,623.7,378,315.0,814.968,584.8919999999999,7.0,111.3,False,473.5919999999999,2025-09,0
2025-09-15,BKK_Ladprao,Watermelon,85,3366.0,654.5,510,425.0,1009.8,766.6999999999998,3.0,41.1,False,725.5999999999998,2025-09,0
2025-09-15,BKK_Sukhumvit,Guava,53,2285.36,464.81,318,291.5,685.608,525.4420000000002,2.0,29.54,False,495.9020000000002,2025-09,0
2025-09-15,BKK_Sukhumvit,PassionFruit,42,2402.4,823.2,252,252.0,576.576,498.6239999999999,5.0,128.0,False,370.6239999999999,2025-09,0
2025-09-15,BKK_Sukhumvit,Pineapple,99,4268.88,980.1,594,495.0,1024.5312,1175.2488,6.0,95.4,False,1079.8488,2025-09,0
2025-09-15,BKK_Sukhumvit,Watermelon,139,5504.4,1070.3,834,695.0,1651.32,1253.7799999999997,6.0,82.2,False,1171.5799999999997,2025-09,0
2025-09-15,Pattaya_Beach,Guava,73,3147.7599999999998,640.2099999999999,438,401.5,944.3279999999999,723.7220000000002,5.0,73.85,False,649.8720000000002,2025-09,0
2025-09-15,Pattaya_Beach,PassionFruit,34,1944.8,666.4000000000001,204,204.0,583.44,286.9599999999999,3.0,76.8,False,210.1599999999999,2025-09,0
2025-09-15,Pattaya_Beach,Pineapple,122,5260.64,1207.8,732,610.0,1578.1919999999998,1132.6479999999997,5.0,79.5,False,1053.1479999999997,2025-09,0
2025-09-15,Pattaya_Beach,Watermelon,175,6930.0,1347.5,1050,875.0,2079.0,1578.4999999999998,6.0,82.2,False,1496.2999999999997,2025-09,0
2025-09-15,Pattaya_Central,Guava,88,3794.56,771.76,528,484.0,910.6943999999999,1100.1055999999999,1.0,14.77,False,1085.3355999999999,2025-09,0
2025-09-15,Pattaya_Central,PassionFruit,53,3031.6,1038.8000000000002,318,318.0,909.48,447.31999999999994,2.0,51.2,False,396.11999999999995,2025-09,0
2025-09-15,Pattaya_Central,Pineapple,106,4570.72,1049.4,636,530.0,1096.9728,1258.3472,3.0,47.7,False,1210.6471999999999,2025-09,0
2025-09-15,Pattaya_Central,Watermelon,178,7048.8,1370.6,1068,890.0,1691.712,2028.4880000000003,2.0,27.4,False,2001.0880000000002,2025-09,0
2025-09-16,BKK_Ladprao,Guava,27,1323.0,236.79,162,148.5,396.9,378.81000000000006,2.0,29.54,False,349.27000000000004,2025-09,1
2025-09-16,BKK_Ladprao,PassionFruit,28,1820.0,548.8000000000001,168,168.0,436.8,498.39999999999986,4.0,102.4,False,395.9999999999999,2025-09,1
2025-09-16,BKK_Ladprao,Pineapple,54,2646.0,534.6,324,270.0,635.04,882.36,1.0,15.9,False,866.46,2025-09,1
2025-09-16,BKK_Ladprao,Watermelon,62,2790.0,477.40000000000003,372,310.0,669.5999999999999,961.0,4.0,54.8,False,906.2,2025-09,1
2025-09-16,BKK_Sukhumvit,Guava,47,2303.0,412.19,282,258.5,690.9,659.4100000000001,1.0,14.77,False,644.6400000000001,2025-09,1
2025-09-16,BKK_Sukhumvit,PassionFruit,45,2925.0,882.0000000000001,270,270.0,877.5,625.4999999999999,1.0,25.6,False,599.8999999999999,2025-09,1
2025-09-16,BKK_Sukhumvit,Pineapple,82,4018.0,811.8000000000001,492,410.0,964.3199999999999,1339.88,4.0,63.6,False,1276.2800000000002,2025-09,1
2025-09-16,BKK_Sukhumvit,Watermelon,136,6120.0,1047.2,816,680.0,1836.0,1740.8,5.0,68.5,False,1672.3,2025-09,1
2025-09-16,Pattaya_Beach,Guava,71,3479.0,622.67,426,390.5,834.9599999999999,1204.8700000000001,4.0,59.08,False,1145.7900000000002,2025-09,1
2025-09-16,Pattaya_Beach,PassionFruit,39,2535.0,764.4000000000001,234,234.0,608.4,694.1999999999999,3.0,76.8,False,617.4,2025-09,1
2025-09-16,Pattaya_Beach,Pineapple,86,4214.0,851.4000000000001,516,430.0,1264.2,1152.4,2.0,31.8,False,1120.6000000000001,2025-09,1
2025-09-16,Pattaya_Beach,Watermelon,155,6975.0,1193.5,930,775.0,2092.5,1984.0,2.0,27.4,False,1956.6,2025-09,1
2025-09-16,Pattaya_Central,Guava,61,2989.0,534.97,366,335.5,896.6999999999999,855.8300000000002,5.0,73.85,False,781.9800000000001,2025-09,1
2025-09-16,Pattaya_Central,PassionFruit,43,2795.0,842.8000000000001,258,258.0,838.5,597.6999999999999,4.0,102.4,False,495.29999999999995,2025-09,1
2025-09-16,Pattaya_Central,Pineapple,108,5292.0,1069.2,648,540.0,1270.08,1764.72,6.0,95.4,False,1669.32,2025-09,1
2025-09-16,Pattaya_Central,Watermelon,163,7335.0,1255.1,978,815.0,2200.5,2086.4,7.0,95.9,False,1990.5,2025-09,1
2025-09-17,BKK_Ladprao,Guava,42,2058.0,368.34,252,231.0,493.92,712.74,5.0,73.85,False,638.89,2025-09,2
2025-09-17,BKK_Ladprao,PassionFruit,17,1105.0,333.20000000000005,102,102.0,331.5,236.29999999999995,1.0,25.6,False,210.69999999999996,2025-09,2
2025-09-17,BKK_Ladprao,Pineapple,64,3136.0,633.6,384,320.0,752.64,1045.76,6.0,95.4,False,950.36,2025-09,2
2025-09-17,BKK_Ladprao,Watermelon,87,3915.0,669.9,522,435.0,939.5999999999999,1348.5,4.0,54.8,False,1293.7,2025-09,2
2025-09-17,BKK_Sukhumvit,Guava,74,3626.0,648.98,444,407.0,1087.8,1038.2200000000003,4.0,59.08,False,979.1400000000002,2025-09,2
2025-09-17,BKK_Sukhumvit,PassionFruit,53,3445.0,1038.8000000000002,318,318.0,826.8,943.3999999999997,3.0,76.8,False,866.5999999999998,2025-09,2
2025-09-17,BKK_Sukhumvit,Pineapple,78,3822.0,772.2,468,390.0,917.28,1274.52,3.0,47.7,False,1226.82,2025-09,2
2025-09-17,BKK_Sukhumvit,Watermelon,134,6030.0,1031.8,804,670.0,1447.2,2077.0,2.0,27.4,False,2049.6,2025-09,2
2025-09-17,Pattaya_Beach,Guava,56,2744.0,491.12,336,308.0,823.1999999999999,785.6800000000001,1.0,14.77,False,770.9100000000001,2025-09,2
2025-09-17,Pattaya_Beach,PassionFruit,43,2795.0,842.8000000000001,258,258.0,670.8,765.3999999999997,5.0,128.0,False,637.3999999999997,2025-09,2
2025-09-17,Pattaya_Beach,Pineapple,98,4802.0,970.2,588,490.0,1440.6,1313.2,3.0,47.7,False,1265.5,2025-09,2
2025-09-17,Pattaya_Beach,Watermelon,128,5760.0,985.6,768,640.0,1382.3999999999999,1984.0,4.0,54.8,False,1929.2,2025-09,2
2025-09-17,Pattaya_Central,Guava,66,3234.0,578.8199999999999,396,363.0,776.16,1120.02,4.0,59.08,False,1060.94,2025-09,2
2025-09-17,Pattaya_Central,PassionFruit,63,4095.0,1234.8000000000002,378,378.0,982.8,1121.3999999999999,8.0,204.8,False,916.5999999999999,2025-09,2
2025-09-17,Pattaya_Central,Pineapple,80,3920.0,792.0,480,400.0,940.8,1307.2,3.0,47.7,False,1259.5,2025-09,2
2025-09-17,Pattaya_Central,Watermelon,172,7740.0,1324.4,1032,860.0,1857.6,2666.0,4.0,54.8,False,2611.2,2025-09,2
2025-09-18,BKK_Ladprao,Guava,32,1568.0,280.64,192,176.0,470.4,448.96000000000004,2.0,29.54,False,419.42,2025-09,3
2025-09-18,BKK_Ladprao,PassionFruit,23,1495.0,450.8,138,138.0,448.5,319.7,5.0,128.0,False,191.7,2025-09,3
2025-09-18,BKK_Ladprao,Pineapple,47,2303.0,465.3,282,235.0,552.72,767.98,2.0,31.8,False,736.1800000000001,2025-09,3
2025-09-18,BKK_Ladprao,Watermelon,78,3510.0,600.6,468,390.0,1053.0,998.4,4.0,54.8,False,943.6,2025-09,3
2025-09-18,BKK_Sukhumvit,Guava,39,1911.0,342.03,234,214.5,573.3,547.1700000000001,2.0,29.54,False,517.6300000000001,2025-09,3
2025-09-18,BKK_Sukhumvit,PassionFruit,53,3445.0,1038.8000000000002,318,318.0,826.8,943.3999999999997,8.0,204.8,False,738.5999999999997,2025-09,3
2025-09-18,BKK_Sukhumvit,Pineapple,92,4508.0,910.8000000000001,552,460.0,1081.92,1503.28,5.0,79.5,False,1423.78,2025-09,3
2025-09-18,BKK_Sukhumvit,Watermelon,140,6300.0,1078.0,840,700.0,1512.0,2170.0,3.0,41.1,False,2128.9,2025-09,3
2025-09-18,Pattaya_Beach,Guava,53,2597.0,464.81,318,291.5,779.1,743.59,2.0,29.54,False,714.0500000000001,2025-09,3
2025-09-18,Pattaya_Beach,PassionFruit,43,2795.0,842.8000000000001,258,258.0,838.5,597.6999999999999,3.0,76.8,False,520.9,2025-09,3
2025-09-18,Pattaya_Beach,Pineapple,97,4753.0,960.3000000000001,582,485.0,1425.9,1299.8000000000002,4.0,63.6,False,1236.2000000000003,2025-09,3
2025-09-18,Pattaya_Beach,Watermelon,148,6660.0,1139.6,888,740.0,1598.3999999999999,2294.0,3.0,41.1,False,2252.9,2025-09,3
2025-09-18,Pattaya_Central,Guava,69,3381.0,605.13,414,379.5,1014.3,968.0700000000002,2.0,29.54,False,938.5300000000002,2025-09,3
2025-09-18,Pattaya_Central,PassionFruit,48,3120.0,940.8000000000001,288,288.0,936.0,667.1999999999999,6.0,153.6,False,513.5999999999999,2025-09,3
2025-09-18,Pattaya_Central,Pineapple,123,6027.0,1217.7,738,615.0,1808.1,1648.2,6.0,95.4,False,1552.8,2025-09,3
2025-09-18,Pattaya_Central,Watermelon,158,7110.0,1216.6000000000001,948,790.0,2133.0,2022.3999999999999,3.0,41.1,False,1981.3,2025-09,3
2025-09-19,BKK_Ladprao,Guava,28,1372.0,245.56,168,154.0,329.28,475.15999999999997,2.0,29.54,False,445.61999999999995,2025-09,4
2025-09-19,BKK_Ladprao,PassionFruit,30,1950.0,588.0,180,180.0,468.0,533.9999999999999,5.0,128.0,False,405.9999999999999,2025-09,4
2025-09-19,BKK_Ladprao,Pineapple,55,2695.0,544.5,330,275.0,808.5,737.0,4.0,63.6,False,673.4,2025-09,4
2025-09-19,BKK_Ladprao,Watermelon,76,3420.0,585.2,456,380.0,820.8,1178.0,4.0,54.8,False,1123.2,2025-09,4
2025-09-19,BKK_Sukhumvit,Guava,72,3528.0,631.4399999999999,432,396.0,1058.4,1010.1600000000001,5.0,73.85,False,936.3100000000001,2025-09,4
2025-09-19,BKK_Sukhumvit,PassionFruit,46,2990.0,901.6,276,276.0,897.0,639.4,3.0,76.8,False,562.6,2025-09,4
2025-09-19,BKK_Sukhumvit,Pineapple,77,3773.0,762.3000000000001,462,385.0,1131.8999999999999,1031.8000000000002,4.0,63.6,False,968.2000000000002,2025-09,4
2025-09-19,BKK_Sukhumvit,Watermelon,120,5400.0,924.0,720,600.0,1620.0,1536.0,5.0,68.5,False,1467.5,2025-09,4
2025-09-19,Pattaya_Beach,Guava,64,3136.0,561.28,384,352.0,940.8,897.9200000000001,1.0,14.77,False,883.1500000000001,2025-09,4
2025-09-19,Pattaya_Beach,PassionFruit,56,3640.0,1097.6000000000001,336,336.0,873.6,996.7999999999997,5.0,128.0,False,868.7999999999997,2025-09,4
2025-09-19,Pattaya_Beach,Pineapple,72,3528.0,712.8000000000001,432,360.0,846.72,1176.48,3.0,47.7,False,1128.78,2025-09,4
2025-09-19,Pattaya_Beach,Watermelon,135,6075.0,1039.5,810,675.0,1458.0,2092.5,4.0,54.8,False,2037.7,2025-09,4
2025-09-19,Pattaya_Central,Guava,63,3087.0,552.51,378,346.5,926.1,883.8900000000001,3.0,44.31,False,839.5800000000002,2025-09,4
2025-09-19,Pattaya_Central,PassionFruit,46,2990.0,901.6,276,276.0,897.0,639.3999999999999,3.0,76.8,False,562.5999999999999,2025-09,4
2025-09-19,Pattaya_Central,Pineapple,111,5439.0,1098.9,666,555.0,1631.7,1487.4,6.0,95.4,False,1392.0,2025-09,4
2025-09-19,Pattaya_Central,Watermelon,168,7560.0,1293.6000000000001,1008,840.0,1814.3999999999999,2604.0,6.0,82.2,False,2521.8,2025-09,4
2025-09-20,BKK_Ladprao,Guava,41,2009.0,359.57,246,225.5,482.15999999999997,695.77,4.0,59.08,False,636.6899999999999,2025-09,5
2025-09-20,BKK_Ladprao,PassionFruit,28,1820.0,548.8000000000001,168,168.0,436.8,498.3999999999999,4.0,102.4,False,395.9999999999999,2025-09,5
2025-09-20,BKK_Ladprao,Pineapple,51,2499.0,504.90000000000003,306,255.0,749.6999999999999,683.4000000000001,1.0,15.9,False,667.5000000000001,2025-09,5
2025-09-20,BKK_Ladprao,Watermelon,74,3330.0,569.8,444,370.0,799.1999999999999,1147.0,3.0,41.1,False,1105.9,2025-09,5
2025-09-20,BKK_Sukhumvit,Guava,57,2793.0,499.89,342,313.5,670.3199999999999,967.29,2.0,29.54,False,937.75,2025-09,5
2025-09-20,BKK_Sukhumvit,PassionFruit,42,2730.0,823.2,252,252.0,819.0,583.8,6.0,153.6,False,430.19999999999993,2025-09,5
2025-09-20,BKK_Sukhumvit,Pineapple,106,5194.0,1049.4,636,530.0,1558.2,1420.4,7.0,111.3,False,1309.1000000000001,2025-09,5
2025-09-20,BKK_Sukhumvit,Watermelon,119,5355.0,916.3,714,595.0,1606.5,1523.2,3.0,41.1,False,1482.1000000000001,2025-09,5
2025-09-20,Pattaya_Beach,Guava,80,3920.0,701.5999999999999,480,440.0,940.8,1357.6000000000001,3.0,44.31,False,1313.2900000000002,2025-09,5
2025-09-20,Pattaya_Beach,PassionFruit,52,3380.0,1019.2,312,312.0,1014.0,722.8,2.0,51.2,False,671.5999999999999,2025-09,5
2025-09-20,Pattaya_Beach,Pineapple,118,5782.0,1168.2,708,590.0,1734.6,1581.1999999999998,4.0,63.6,False,1517.6,2025-09,5
2025-09-20,Pattaya_Beach,Watermelon,169,7605.0,1301.3,1014,845.0,1825.1999999999998,2619.5,5.0,68.5,False,2551.0,2025-09,5
2025-09-20,Pattaya_Central,Guava,78,3822.0,684.06,468,429.0,917.28,1323.66,4.0,59.08,False,1264.5800000000002,2025-09,5
2025-09-20,Pattaya_Central,PassionFruit,73,4745.0,1430.8000000000002,438,438.0,1423.5,1014.6999999999999,6.0,153.6,False,861.0999999999999,2025-09,5
2025-09-20,Pattaya_Central,Pineapple,120,5880.0,1188.0,720,600.0,1764.0,1608.0,4.0,63.6,False,1544.4,2025-09,5
2025-09-20,Pattaya_Central,Watermelon,193,8685.0,1486.1,1158,965.0,2605.5,2470.3999999999996,5.0,68.5,False,2401.8999999999996,2025-09,5
2025-09-21,BKK_Ladprao,Guava,39,1681.68,342.03,234,214.5,504.50399999999996,386.64600000000013,3.0,44.31,False,342.3360000000001,2025-09,6
2025-09-21,BKK_Ladprao,PassionFruit,16,915.2,313.6,96,96.0,274.56,135.03999999999996,2.0,51.2,False,83.83999999999996,2025-09,6
2025-09-21,BKK_Ladprao,Pineapple,46,1983.52,455.40000000000003,276,230.0,595.0559999999999,427.06399999999996,3.0,47.7,False,379.364,2025-09,6
2025-09-21,BKK_Ladprao,Watermelon,103,4078.7999999999997,793.1,618,515.0,978.9119999999999,1173.788,4.0,54.8,False,1118.988,2025-09,6
2025-09-21,BKK_Sukhumvit,Guava,57,2457.84,499.89,342,313.5,589.8815999999999,712.5684,2.0,29.54,False,683.0284,2025-09,6
2025-09-21,BKK_Sukhumvit,PassionFruit,52,2974.4,1019.2,312,312.0,713.856,617.3439999999999,5.0,128.0,False,489.34399999999994,2025-09,6
2025-09-21,BKK_Sukhumvit,Pineapple,103,4441.36,1019.7,618,515.0,1065.9264,1222.7336,0.0,0.0,False,1222.7336,2025-09,6
2025-09-21,BKK_Sukhumvit,Watermelon,144,5702.4,1108.8,864,720.0,1710.7199999999998,1298.8799999999999,6.0,82.2,False,1216.6799999999998,2025-09,6
2025-09-21,Pattaya_Beach,Guava,68,2932.16,596.36,408,374.0,703.7184,850.0816,3.0,44.31,False,805.7716,2025-09,6
2025-09-21,Pattaya_Beach,PassionFruit,46,2631.2,901.6,276,276.0,789.36,388.2399999999999,5.0,128.0,False,260.2399999999999,2025-09,6
2025-09-21,Pattaya_Beach,Pineapple,114,4915.68,1128.6000000000001,684,570.0,1179.7631999999999,1353.3167999999998,5.0,79.5,False,1273.8167999999998,2025-09,6
2025-09-21,Pattaya_Beach,Watermelon,208,8236.8,1601.6,1248,1040.0,2471.04,1876.16,5.0,68.5,False,1807.66,2025-09,6
2025-09-21,Pattaya_Central,Guava,72,3104.64,631.4399999999999,432,396.0,931.3919999999999,713.8080000000002,4.0,59.08,False,654.7280000000002,2025-09,6
2025-09-21,Pattaya_Central,PassionFruit,88,5033.6,1724.8000000000002,528,528.0,1510.08,742.7199999999999,9.0,230.4,False,512.3199999999999,2025-09,6
2025-09-21,Pattaya_Central,Pineapple,130,5605.6,1287.0,780,650.0,1681.6799999999998,1206.9199999999998,8.0,127.2,False,1079.7199999999998,2025-09,6
2025-09-21,Pattaya_Central,Watermelon,247,9781.199999999999,1901.9,1482,1235.0,2347.488,2814.8119999999994,3.0,41.1,False,2773.7119999999995,2025-09,6
2025-09-22,BKK_Ladprao,Guava,21,1029.0,186.9,126,115.5,308.7,291.90000000000003,1.0,14.9,False,277.00000000000006,2025-09,0
2025-09-22,BKK_Ladprao,PassionFruit,24,1560.0,425.04,144,144.0,468.0,378.96,5.0,118.55,False,260.40999999999997,2025-09,0
2025-09-22,BKK_Ladprao,Pineapple,54,2646.0,575.1,324,270.0,793.8,683.1000000000003,5.0,83.25,False,599.8500000000003,2025-09,0
2025-09-22,BKK_Ladprao,Watermelon,73,3285.0,592.76,438,365.0,788.4,1100.8400000000001,5.0,70.6,False,1030.2400000000002,2025-09,0
2025-09-22,BKK_Sukhumvit,Guava,59,2891.0,525.1,354,324.5,867.3,820.1000000000001,1.0,14.9,False,805.2000000000002,2025-09,0
2025-09-22,BKK_Sukhumvit,PassionFruit,45,2925.0,796.95,270,270.0,877.5,710.55,6.0,142.26,False,568.29,2025-09,0
2025-09-22,BKK_Sukhumvit,Pineapple,92,4508.0,979.8000000000001,552,460.0,1352.3999999999999,1163.8000000000002,5.0,83.25,False,1080.5500000000002,2025-09,0
2025-09-22,BKK_Sukhumvit,Watermelon,117,5265.0,950.04,702,585.0,1579.5,1448.46,2.0,28.24,False,1420.22,2025-09,0
2025-09-22,Pattaya_Beach,Guava,57,2793.0,507.3,342,313.5,670.3199999999999,959.8800000000001,4.0,59.6,False,900.2800000000001,2025-09,0
2025-09-22,Pattaya_Beach,PassionFruit,41,2665.0,726.11,246,246.0,799.5,647.39,3.0,71.13,False,576.26,2025-09,0
2025-09-22,Pattaya_Beach,Pineapple,74,3626.0,788.1,444,370.0,870.24,1153.66,3.0,49.95,False,1103.71,2025-09,0
2025-09-22,Pattaya_Beach,Watermelon,149,6705.0,1209.8799999999999,894,745.0,2011.5,1844.6200000000001,4.0,56.48,False,1788.14,2025-09,0
2025-09-22,Pattaya_Central,Guava,65,3185.0,578.5,390,357.5,955.5,903.5000000000001,5.0,74.5,False,829.0000000000001,2025-09,0
2025-09-22,Pattaya_Central,PassionFruit,60,3900.0,1062.6000000000001,360,360.0,1170.0,947.4,4.0,94.84,False,852.56,2025-09,0
2025-09-22,Pattaya_Central,Pineapple,94,4606.0,1001.1,564,470.0,1381.8,1189.1000000000001,3.0,49.95,False,1139.15,2025-09,0
2025-09-22,Pattaya_Central,Watermelon,156,7020.0,1266.7199999999998,936,780.0,2106.0,1931.2800000000002,2.0,28.24,False,1903.0400000000002,2025-09,0
2025-09-23,BKK_Ladprao,Guava,38,1862.0,338.20000000000005,228,209.0,446.88,639.9200000000001,2.0,29.8,False,610.1200000000001,2025-09,1
2025-09-23,BKK_Ladprao,PassionFruit,22,1430.0,389.62,132,132.0,343.2,433.17999999999995,2.0,47.42,False,385.75999999999993,2025-09,1
2025-09-23,BKK_Ladprao,Pineapple,50,2450.0,532.5,300,250.0,588.0,779.5,3.0,49.95,False,729.55,2025-09,1
2025-09-23,BKK_Ladprao,Watermelon,74,3330.0,600.88,444,370.0,799.1999999999999,1115.9200000000003,4.0,56.48,False,1059.4400000000003,2025-09,1
2025-09-23,BKK_Sukhumvit,Guava,63,3087.0,560.7,378,346.5,926.1,875.7000000000002,3.0,44.7,False,831.0000000000001,2025-09,1
2025-09-23,BKK_Sukhumvit,PassionFruit,47,3055.0,832.37,282,282.0,916.5,742.13,6.0,142.26,False,599.87,2025-09,1
2025-09-23,BKK_Sukhumvit,Pineapple,83,4067.0,883.95,498,415.0,976.08,1293.97,3.0,49.95,False,1244.02,2025-09,1
2025-09-23,BKK_Sukhumvit,Watermelon,156,7020.0,1266.72,936,780.0,2106.0,1931.2800000000002,7.0,98.84,False,1832.4400000000003,2025-09,1
2025-09-23,Pattaya_Beach,Guava,59,2891.0,525.1,354,324.5,867.3,820.1,5.0,74.5,False,745.6,2025-09,1
2025-09-23,Pattaya_Beach,PassionFruit,49,3185.0,867.7900000000001,294,294.0,764.4,964.81,1.0,23.71,False,941.0999999999999,2025-09,1
2025-09-23,Pattaya_Beach,Pineapple,84,4116.0,894.6,504,420.0,1234.8,1062.6,2.0,33.3,False,1029.3,2025-09,1
2025-09-23,Pattaya_Beach,Watermelon,125,5625.0,1014.9999999999999,750,625.0,1350.0,1885.0000000000002,4.0,56.48,False,1828.5200000000002,2025-09,1
2025-09-23,Pattaya_Central,Guava,73,3577.0,649.7,438,401.5,858.48,1229.32,4.0,59.6,False,1169.72,2025-09,1
2025-09-23,Pattaya_Central,PassionFruit,57,3705.0,1009.47,342,342.0,889.1999999999999,1122.33,3.0,71.13,False,1051.1999999999998,2025-09,1
2025-09-23,Pattaya_Central,Pineapple,94,4606.0,1001.1,564,470.0,1105.44,1465.46,3.0,49.95,False,1415.51,2025-09,1
2025-09-23,Pattaya_Central,Watermelon,168,7560.0,1364.1599999999999,1008,840.0,2268.0,2079.84,5.0,70.6,False,2009.2400000000002,2025-09,1
2025-09-24,BKK_Ladprao,Guava,37,1813.0,329.3,222,203.5,543.9,514.3000000000001,1.0,14.9,False,499.4000000000001,2025-09,2
2025-09-24,BKK_Ladprao,PassionFruit,25,1625.0,442.75,150,150.0,487.5,394.75,4.0,94.84,False,299.90999999999997,2025-09,2
2025-09-24,BKK_Ladprao,Pineapple,50,2450.0,532.5,300,250.0,588.0,779.5,4.0,66.6,False,712.9,2025-09,2
2025-09-24,BKK_Ladprao,Watermelon,77,3465.0,625.24,462,385.0,1039.5,953.2600000000001,4.0,56.48,False,896.7800000000001,2025-09,2
2025-09-24,BKK_Sukhumvit,Guava,65,3185.0,578.5,390,357.5,955.5,903.5,3.0,44.7,False,858.8,2025-09,2
2025-09-24,BKK_Sukhumvit,PassionFruit,44,2860.0,779.24,264,264.0,686.4,866.3599999999999,6.0,142.26,False,724.0999999999999,2025-09,2
2025-09-24,BKK_Sukhumvit,Pineapple,81,3969.0,862.65,486,405.0,1190.7,1024.65,2.0,33.3,False,991.3500000000001,2025-09,2
2025-09-24,BKK_Sukhumvit,Watermelon,143,6435.0,1161.1599999999999,858,715.0,1930.5,1770.3400000000001,6.0,84.72,False,1685.6200000000001,2025-09,2
2025-09-24,Pattaya_Beach,Guava,59,2891.0,525.1,354,324.5,693.84,993.5600000000002,1.0,14.9,False,978.6600000000002,2025-09,2
2025-09-24,Pattaya_Beach,PassionFruit,43,2795.0,761.53,258,258.0,670.8,846.6699999999998,5.0,118.55,False,728.1199999999999,2025-09,2
2025-09-24,Pattaya_Beach,Pineapple,90,4410.0,958.5,540,450.0,1058.4,1403.1,1.0,16.65,False,1386.4499999999998,2025-09,2
2025-09-24,Pattaya_Beach,Watermelon,143,6435.0,1161.1599999999999,858,715.0,1930.5,1770.3400000000001,3.0,42.36,False,1727.9800000000002,2025-09,2
2025-09-24,Pattaya_Central,Guava,68,3332.0,605.2,408,374.0,799.6800000000001,1145.12,4.0,59.6,False,1085.52,2025-09,2
2025-09-24,Pattaya_Central,PassionFruit,58,3770.0,1027.18,348,348.0,1131.0,915.8199999999999,7.0,165.97,False,749.8499999999999,2025-09,2
2025-09-24,Pattaya_Central,Pineapple,116,5684.0,1235.4,696,580.0,1705.2,1467.4,6.0,99.9,False,1367.5,2025-09,2
2025-09-24,Pattaya_Central,Watermelon,185,8325.0,1502.1999999999998,1110,925.0,2497.5,2290.3,2.0,28.24,False,2262.0600000000004,2025-09,2
2025-09-25,BKK_Ladprao,Guava,44,2156.0,391.6,264,242.0,646.8,611.6000000000001,5.0,74.5,False,537.1000000000001,2025-09,3
2025-09-25,BKK_Ladprao,PassionFruit,29,1885.0,513.59,174,174.0,452.4,571.01,6.0,142.26,False,428.75,2025-09,3
2025-09-25,BKK_Ladprao,Pineapple,50,2450.0,532.5,300,250.0,735.0,632.5000000000001,4.0,66.6,False,565.9000000000001,2025-09,3
2025-09-25,BKK_Ladprao,Watermelon,75,3375.0,609.0,450,375.0,810.0,1131.0000000000002,3.0,42.36,False,1088.6400000000003,2025-09,3
2025-09-25,BKK_Sukhumvit,Guava,59,2891.0,525.1,354,324.5,867.3,820.1,5.0,74.5,False,745.6,2025-09,3
2025-09-25,BKK_Sukhumvit,PassionFruit,44,2860.0,779.24,264,264.0,686.4,866.3599999999999,4.0,94.84,False,771.5199999999999,2025-09,3
2025-09-25,BKK_Sukhumvit,Pineapple,90,4410.0,958.5,540,450.0,1323.0,1138.5,1.0,16.65,False,1121.85,2025-09,3
2025-09-25,BKK_Sukhumvit,Watermelon,138,6210.0,1120.56,828,690.0,1490.3999999999999,2081.0400000000004,5.0,70.6,False,2010.4400000000005,2025-09,3
2025-09-25,Pattaya_Beach,Guava,55,2695.0,489.5,330,302.5,808.5,764.5,3.0,44.7,False,719.8,2025-09,3
2025-09-25,Pattaya_Beach,PassionFruit,55,3575.0,974.0500000000001,330,330.0,1072.5,868.45,5.0,118.55,False,749.9000000000001,2025-09,3
2025-09-25,Pattaya_Beach,Pineapple,87,4263.0,926.5500000000001,522,435.0,1023.12,1356.33,3.0,49.95,False,1306.3799999999999,2025-09,3
2025-09-25,Pattaya_Beach,Watermelon,126,5670.0,1023.1199999999999,756,630.0,1701.0,1559.88,5.0,70.6,False,1489.2800000000002,2025-09,3
2025-09-25,Pattaya_Central,Guava,82,4018.0,729.8000000000001,492,451.0,964.3199999999999,1380.88,3.0,44.7,False,1336.18,2025-09,3
2025-09-25,Pattaya_Central,PassionFruit,66,4290.0,1168.8600000000001,396,396.0,1287.0,1042.1399999999999,8.0,189.68,False,852.4599999999998,2025-09,3
2025-09-25,Pattaya_Central,Pineapple,95,4655.0,1011.75,570,475.0,1117.2,1481.0500000000002,4.0,66.6,False,1414.4500000000003,2025-09,3
2025-09-25,Pattaya_Central,Watermelon,174,7830.0,1412.8799999999999,1044,870.0,1879.2,2623.9200000000005,7.0,98.84,False,2525.0800000000004,2025-09,3
2025-09-26,BKK_Ladprao,Guava,33,1617.0,293.70000000000005,198,181.5,388.08,555.72,3.0,44.7,False,511.02000000000004,2025-09,4
2025-09-26,BKK_Ladprao,PassionFruit,31,2015.0,549.01,186,186.0,604.5,489.49,6.0,142.26,False,347.23,2025-09,4
2025-09-26,BKK_Ladprao,Pineapple,58,2842.0,617.7,348,290.0,682.08,904.22,7.0,116.55,False,787.6700000000001,2025-09,4
2025-09-26,BKK_Ladprao,Watermelon,94,4230.0,763.28,564,470.0,1269.0,1163.7200000000003,5.0,70.6,False,1093.1200000000003,2025-09,4
2025-09-26,BKK_Sukhumvit,Guava,50,2450.0,445.0,300,275.0,735.0,695.0000000000002,3.0,44.7,False,650.3000000000002,2025-09,4
2025-09-26,BKK_Sukhumvit,PassionFruit,35,2275.0,619.85,210,210.0,682.5,552.65,2.0,47.42,False,505.22999999999996,2025-09,4
2025-09-26,BKK_Sukhumvit,Pineapple,98,4802.0,1043.7,588,490.0,1152.48,1527.82,5.0,83.25,False,1444.57,2025-09,4
2025-09-26,BKK_Sukhumvit,Watermelon,131,5895.0,1063.72,786,655.0,1768.5,1621.7800000000002,4.0,56.48,False,1565.3000000000002,2025-09,4
2025-09-26,Pattaya_Beach,Guava,58,2842.0,516.2,348,319.0,852.6,806.2,3.0,44.7,False,761.5,2025-09,4
2025-09-26,Pattaya_Beach,PassionFruit,37,2405.0,655.2700000000001,222,222.0,721.5,584.23,2.0,47.42,False,536.8100000000001,2025-09,4
2025-09-26,Pattaya_Beach,Pineapple,96,4704.0,1022.4,576,480.0,1128.96,1496.64,4.0,66.6,False,1430.0400000000002,2025-09,4
2025-09-26,Pattaya_Beach,Watermelon,149,6705.0,1209.8799999999999,894,745.0,1609.2,2246.92,2.0,28.24,False,2218.6800000000003,2025-09,4
2025-09-26,Pattaya_Central,Guava,68,3332.0,605.2,408,374.0,999.6,945.2000000000002,4.0,59.6,False,885.6000000000001,2025-09,4
2025-09-26,Pattaya_Central,PassionFruit,66,4290.0,1168.8600000000001,396,396.0,1287.0,1042.1399999999999,6.0,142.26,False,899.8799999999999,2025-09,4
2025-09-26,Pattaya_Central,Pineapple,97,4753.0,1033.05,582,485.0,1140.72,1512.23,2.0,33.3,False,1478.93,2025-09,4
2025-09-26,Pattaya_Central,Watermelon,146,6570.0,1185.52,876,730.0,1576.8,2201.6800000000003,2.0,28.24,False,2173.4400000000005,2025-09,4
2025-09-27,BKK_Ladprao,Guava,36,1764.0,320.40000000000003,216,198.0,423.36,606.24,3.0,44.7,False,561.54,2025-09,5
2025-09-27,BKK_Ladprao,PassionFruit,20,1300.0,354.20000000000005,120,120.0,312.0,393.79999999999995,3.0,71.13,False,322.66999999999996,2025-09,5
2025-09-27,BKK_Ladprao,Pineapple,54,2646.0,575.1,324,270.0,635.04,841.86,3.0,49.95,False,791.91,2025-09,5
2025-09-27,BKK_Ladprao,Watermelon,79,3555.0,641.4799999999999,474,395.0,1066.5,978.0200000000001,4.0,56.48,False,921.5400000000001,2025-09,5
2025-09-27,BKK_Sukhumvit,Guava,58,2842.0,516.2,348,319.0,852.6,806.2000000000002,2.0,29.8,False,776.4000000000002,2025-09,5
2025-09-27,BKK_Sukhumvit,PassionFruit,47,3055.0,832.37,282,282.0,916.5,742.13,5.0,118.55,False,623.58,2025-09,5
2025-09-27,BKK_Sukhumvit,Pineapple,83,4067.0,883.95,498,415.0,976.08,1293.97,2.0,33.3,False,1260.67,2025-09,5
2025-09-27,BKK_Sukhumvit,Watermelon,144,6480.0,1169.28,864,720.0,1555.2,2171.5200000000004,6.0,84.72,False,2086.8000000000006,2025-09,5
2025-09-27,Pattaya_Beach,Guava,59,2891.0,525.1,354,324.5,693.84,993.5600000000001,2.0,29.8,False,963.7600000000001,2025-09,5
2025-09-27,Pattaya_Beach,PassionFruit,51,3315.0,903.21,306,306.0,795.6,1004.1899999999998,5.0,118.55,False,885.6399999999999,2025-09,5
2025-09-27,Pattaya_Beach,Pineapple,135,6615.0,1437.75,810,675.0,1984.5,1707.75,4.0,66.6,False,1641.15,2025-09,5
2025-09-27,Pattaya_Beach,Watermelon,176,7920.0,1429.12,1056,880.0,1900.8,2654.0800000000004,4.0,56.48,False,2597.6000000000004,2025-09,5
2025-09-27,Pattaya_Central,Guava,76,3724.0,676.4000000000001,456,418.0,1117.2,1056.4,6.0,89.4,False,967.0000000000001,2025-09,5
2025-09-27,Pattaya_Central,PassionFruit,52,3380.0,920.9200000000001,312,312.0,811.1999999999999,1023.8799999999999,4.0,94.84,False,929.0399999999998,2025-09,5
2025-09-27,Pattaya_Central,Pineapple,138,6762.0,1469.7,828,690.0,2028.6,1745.7000000000003,5.0,83.25,False,1662.4500000000003,2025-09,5
2025-09-27,Pattaya_Central,Watermelon,214,9630.0,1737.6799999999998,1284,1070.0,2311.2,3227.1200000000003,5.0,70.6,False,3156.5200000000004,2025-09,5
2025-09-28,BKK_Ladprao,Guava,34,1666.0,302.6,204,187.0,499.8,472.6000000000001,3.0,44.7,False,427.9000000000001,2025-09,6
2025-09-28,BKK_Ladprao,PassionFruit,16,1040.0,283.36,96,96.0,312.0,252.64,1.0,23.71,False,228.92999999999998,2025-09,6
2025-09-28,BKK_Ladprao,Pineapple,46,2254.0,489.90000000000003,276,230.0,676.1999999999999,581.9000000000001,3.0,49.95,False,531.95,2025-09,6
2025-09-28,BKK_Ladprao,Watermelon,81,3645.0,657.7199999999999,486,405.0,874.8,1221.4800000000002,5.0,70.6,False,1150.8800000000003,2025-09,6
2025-09-28,BKK_Sukhumvit,Guava,51,2499.0,453.90000000000003,306,280.5,749.6999999999999,708.9000000000001,2.0,29.8,False,679.1000000000001,2025-09,6
2025-09-28,BKK_Sukhumvit,PassionFruit,51,3315.0,903.21,306,306.0,994.5,805.29,7.0,165.97,False,639.3199999999999,2025-09,6
2025-09-28,BKK_Sukhumvit,Pineapple,80,3920.0,852.0,480,400.0,1176.0,1012.0,4.0,66.6,False,945.4,2025-09,6
2025-09-28,BKK_Sukhumvit,Watermelon,133,5985.0,1079.96,798,665.0,1795.5,1646.5400000000002,5.0,70.6,False,1575.9400000000003,2025-09,6
2025-09-28,Pattaya_Beach,Guava,66,3234.0,587.4000000000001,396,363.0,776.16,1111.44,2.0,29.8,False,1081.64,2025-09,6
2025-09-28,Pattaya_Beach,PassionFruit,48,3120.0,850.08,288,288.0,936.0,757.92,5.0,118.55,False,639.37,2025-09,6
2025-09-28,Pattaya_Beach,Pineapple,98,4802.0,1043.7,588,490.0,1440.6,1239.7,3.0,49.95,False,1189.75,2025-09,6
2025-09-28,Pattaya_Beach,Watermelon,158,7110.0,1282.9599999999998,948,790.0,1706.3999999999999,2382.6400000000003,3.0,42.36,False,2340.28,2025-09,6
2025-09-28,Pattaya_Central,Guava,73,3577.0,649.7,438,401.5,1073.1,1014.7,5.0,74.5,False,940.2,2025-09,6
2025-09-28,Pattaya_Central,PassionFruit,69,4485.0,1221.99,414,414.0,1345.5,1089.51,11.0,260.81,False,828.7,2025-09,6
2025-09-28,Pattaya_Central,Pineapple,126,6174.0,1341.9,756,630.0,1481.76,1964.34,7.0,116.55,False,1847.79,2025-09,6
2025-09-28,Pattaya_Central,Watermelon,186,8370.0,1510.32,1116,930.0,2511.0,2302.6800000000003,5.0,70.6,False,2232.0800000000004,2025-09,6
2025-09-29,BKK_Ladprao,Guava,38,1638.56,364.42,228,209.0,491.5679999999999,345.572,3.0,46.77,False,298.802,2025-09,0
2025-09-29,BKK_Ladprao,PassionFruit,25,1430.0,470.24999999999994,150,150.0,343.2,316.5500000000002,2.0,49.62,False,266.9300000000002,2025-09,0
2025-09-29,BKK_Ladprao,Pineapple,61,2630.32,556.9300000000001,366,305.0,631.2768,771.1132,6.0,90.78,False,680.3332,2025-09,0
2025-09-29,BKK_Ladprao,Watermelon,82,3247.2,659.28,492,410.0,974.16,711.76,6.0,84.24,False,627.52,2025-09,0
2025-09-29,BKK_Sukhumvit,Guava,55,2371.6,527.45,330,302.5,569.184,642.4659999999999,4.0,62.36,False,580.1059999999999,2025-09,0
2025-09-29,BKK_Sukhumvit,PassionFruit,46,2631.2,865.2599999999999,276,276.0,789.36,424.58000000000004,5.0,124.05,False,300.53000000000003,2025-09,0
2025-09-29,BKK_Sukhumvit,Pineapple,95,4096.4,867.35,570,475.0,983.136,1200.9139999999998,4.0,60.52,False,1140.3939999999998,2025-09,0
2025-09-29,BKK_Sukhumvit,Watermelon,150,5940.0,1205.9999999999998,900,750.0,1782.0,1302.0,4.0,56.16,False,1245.84,2025-09,0
2025-09-29,Pattaya_Beach,Guava,69,2975.28,661.71,414,379.5,892.584,627.4860000000001,4.0,62.36,False,565.1260000000001,2025-09,0
2025-09-29,Pattaya_Beach,PassionFruit,61,3489.2,1147.4099999999999,366,366.0,1046.76,563.03,6.0,148.86,False,414.16999999999996,2025-09,0
2025-09-29,Pattaya_Beach,Pineapple,121,5217.5199999999995,1104.73,726,605.0,1565.2559999999999,1216.5339999999997,1.0,15.13,False,1201.4039999999995,2025-09,0
2025-09-29,Pattaya_Beach,Watermelon,136,5385.6,1093.4399999999998,816,680.0,1615.68,1180.48,5.0,70.2,False,1110.28,2025-09,0
2025-09-29,Pattaya_Central,Guava,80,3449.6,767.2,480,440.0,827.904,934.4959999999999,2.0,31.18,False,903.3159999999999,2025-09,0
2025-09-29,Pattaya_Central,PassionFruit,63,3603.6,1185.03,378,378.0,864.8639999999999,797.7060000000002,9.0,223.29,False,574.4160000000003,2025-09,0
2025-09-29,Pattaya_Central,Pineapple,112,4829.44,1022.5600000000001,672,560.0,1159.0656,1415.8143999999998,5.0,75.65,False,1340.1643999999997,2025-09,0
2025-09-29,Pattaya_Central,Watermelon,170,6732.0,1366.8,1020,850.0,2019.6,1475.6000000000001,7.0,98.28,False,1377.3200000000002,2025-09,0
2025-09-30,BKK_Ladprao,Guava,36,1764.0,345.24,216,198.0,529.2,475.56,4.0,62.36,False,413.2,2025-09,1
2025-09-30,BKK_Ladprao,PassionFruit,23,1495.0,432.63,138,138.0,358.8,427.57000000000005,4.0,99.24,False,328.33000000000004,2025-09,1
2025-09-30,BKK_Ladprao,Pineapple,56,2744.0,511.28000000000003,336,280.0,823.1999999999999,793.52,4.0,60.52,False,733.0,2025-09,1
2025-09-30,BKK_Ladprao,Watermelon,68,3060.0,546.7199999999999,408,340.0,734.4,1030.88,4.0,56.16,False,974.7200000000001,2025-09,1
2025-09-30,BKK_Sukhumvit,Guava,60,2940.0,575.4,360,330.0,882.0,792.6,5.0,77.95,False,714.65,2025-09,1
2025-09-30,BKK_Sukhumvit,PassionFruit,43,2795.0,808.8299999999999,258,258.0,670.8,799.3700000000001,3.0,74.43,False,724.94,2025-09,1
2025-09-30,BKK_Sukhumvit,Pineapple,86,4214.0,785.1800000000001,516,430.0,1011.36,1471.46,4.0,60.52,False,1410.94,2025-09,1
2025-09-30,BKK_Sukhumvit,Watermelon,132,5940.0,1061.28,792,660.0,1425.6,2001.1200000000003,2.0,28.08,False,1973.0400000000004,2025-09,1
2025-09-30,Pattaya_Beach,Guava,62,3038.0,594.58,372,341.0,911.4,819.02,5.0,77.95,False,741.0699999999999,2025-09,1
2025-09-30,Pattaya_Beach,PassionFruit,46,2990.0,865.2599999999999,276,276.0,897.0,675.7399999999999,3.0,74.43,False,601.31,2025-09,1
2025-09-30,Pattaya_Beach,Pineapple,84,4116.0,766.9200000000001,504,420.0,1234.8,1190.28,3.0,45.39,False,1144.8899999999999,2025-09,1
2025-09-30,Pattaya_Beach,Watermelon,148,6660.0,1189.9199999999998,888,740.0,1998.0,1844.08,6.0,84.24,False,1759.84,2025-09,1
2025-09-30,Pattaya_Central,Guava,71,3479.0,680.89,426,390.5,834.9599999999999,1146.65,3.0,46.77,False,1099.88,2025-09,1
2025-09-30,Pattaya_Central,PassionFruit,55,3575.0,1034.55,330,330.0,858.0,1022.4500000000003,2.0,49.62,False,972.8300000000003,2025-09,1
2025-09-30,Pattaya_Central,Pineapple,122,5978.0,1113.8600000000001,732,610.0,1793.4,1728.7399999999998,4.0,60.52,False,1668.2199999999998,2025-09,1
2025-09-30,Pattaya_Central,Watermelon,150,6750.0,1205.9999999999998,900,750.0,1620.0,2274.0000000000005,5.0,70.2,False,2203.8000000000006,2025-09,1
2025-10-01,BKK_Ladprao,Guava,30,1470.0,287.7,180,165.0,352.8,484.5,2.0,31.18,False,453.32,2025-10,2
2025-10-01,BKK_Ladprao,PassionFruit,22,1430.0,413.82,132,132.0,429.0,323.17999999999995,6.0,148.86,False,174.31999999999994,2025-10,2
2025-10-01,BKK_Ladprao,Pineapple,61,2989.0,556.9300000000001,366,305.0,896.6999999999999,864.37,2.0,30.26,False,834.11,2025-10,2
2025-10-01,BKK_Ladprao,Watermelon,84,3780.0,675.3599999999999,504,420.0,1134.0,1046.64,5.0,70.2,False,976.44,2025-10,2
2025-10-01,BKK_Sukhumvit,Guava,67,3283.0,642.53,402,368.5,984.9,885.0700000000002,4.0,62.36,False,822.7100000000002,2025-10,2
2025-10-01,BKK_Sukhumvit,PassionFruit,52,3380.0,978.1199999999999,312,312.0,1014.0,763.8799999999999,6.0,148.86,False,615.0199999999999,2025-10,2
2025-10-01,BKK_Sukhumvit,Pineapple,96,4704.0,876.48,576,480.0,1128.96,1642.56,3.0,45.39,False,1597.1699999999998,2025-10,2
2025-10-01,BKK_Sukhumvit,Watermelon,130,5850.0,1045.1999999999998,780,650.0,1755.0,1619.8,2.0,28.08,False,1591.72,2025-10,2
2025-10-01,Pattaya_Beach,Guava,62,3038.0,594.58,372,341.0,911.4,819.0200000000001,3.0,46.77,False,772.2500000000001,2025-10,2
2025-10-01,Pattaya_Beach,PassionFruit,48,3120.0,902.8799999999999,288,288.0,936.0,705.1199999999999,2.0,49.62,False,655.4999999999999,2025-10,2
2025-10-01,Pattaya_Beach,Pineapple,74,3626.0,675.62,444,370.0,1087.8,1048.58,2.0,30.26,False,1018.3199999999999,2025-10,2
2025-10-01,Pattaya_Beach,Watermelon,119,5355.0,956.7599999999999,714,595.0,1606.5,1482.74,3.0,42.12,False,1440.6200000000001,2025-10,2
2025-10-01,Pattaya_Central,Guava,60,2940.0,575.4,360,330.0,882.0,792.6,3.0,46.77,False,745.83,2025-10,2
2025-10-01,Pattaya_Central,PassionFruit,52,3380.0,978.1199999999999,312,312.0,1014.0,763.8799999999999,5.0,124.05,False,639.8299999999999,2025-10,2
2025-10-01,Pattaya_Central,Pineapple,95,4655.0,867.35,570,475.0,1396.5,1346.1499999999999,4.0,60.52,False,1285.6299999999999,2025-10,2
2025-10-01,Pattaya_Central,Watermelon,168,7560.0,1350.7199999999998,1008,840.0,2268.0,2093.28,3.0,42.12,False,2051.1600000000003,2025-10,2
2025-10-02,BKK_Ladprao,Guava,21,1029.0,201.39,126,115.5,246.96,339.15,1.0,15.59,False,323.56,2025-10,3
2025-10-02,BKK_Ladprao,PassionFruit,31,2015.0,583.1099999999999,186,186.0,483.59999999999997,576.2900000000001,4.0,99.24,False,477.05000000000007,2025-10,3
2025-10-02,BKK_Ladprao,Pineapple,66,3234.0,602.58,396,330.0,970.2,935.22,4.0,60.52,False,874.7,2025-10,3
2025-10-02,BKK_Ladprao,Watermelon,76,3420.0,611.04,456,380.0,820.8,1152.16,3.0,42.12,False,1110.0400000000002,2025-10,3
2025-10-02,BKK_Sukhumvit,Guava,57,2793.0,546.63,342,313.5,837.9,752.97,3.0,46.77,False,706.2,2025-10,3
2025-10-02,BKK_Sukhumvit,PassionFruit,29,1885.0,545.4899999999999,174,174.0,452.4,539.1100000000001,2.0,49.62,False,489.4900000000001,2025-10,3
2025-10-02,BKK_Sukhumvit,Pineapple,85,4165.0,776.0500000000001,510,425.0,999.5999999999999,1454.3500000000001,4.0,60.52,False,1393.8300000000002,2025-10,3
2025-10-02,BKK_Sukhumvit,Watermelon,151,6795.0,1214.04,906,755.0,2038.5,1881.46,7.0,98.28,False,1783.18,2025-10,3
2025-10-02,Pattaya_Beach,Guava,60,2940.0,575.4,360,330.0,705.6,969.0,3.0,46.77,False,922.23,2025-10,3
2025-10-02,Pattaya_Beach,PassionFruit,52,3380.0,978.1199999999999,312,312.0,1014.0,763.8799999999999,4.0,99.24,False,664.6399999999999,2025-10,3
2025-10-02,Pattaya_Beach,Pineapple,102,4998.0,931.2600000000001,612,510.0,1499.4,1445.34,3.0,45.39,False,1399.9499999999998,2025-10,3
2025-10-02,Pattaya_Beach,Watermelon,125,5625.0,1004.9999999999999,750,625.0,1350.0,1895.0000000000002,4.0,56.16,False,1838.8400000000001,2025-10,3
2025-10-02,Pattaya_Central,Guava,52,2548.0,498.68,312,286.0,611.52,839.8,2.0,31.18,False,808.62,2025-10,3
2025-10-02,Pattaya_Central,PassionFruit,52,3380.0,978.1199999999999,312,312.0,811.1999999999999,966.6800000000001,6.0,148.86,False,817.82,2025-10,3
2025-10-02,Pattaya_Central,Pineapple,97,4753.0,885.6100000000001,582,485.0,1425.8999999999999,1374.49,1.0,15.13,False,1359.36,2025-10,3
2025-10-02,Pattaya_Central,Watermelon,170,7650.0,1366.7999999999997,1020,850.0,2295.0,2118.2000000000003,8.0,112.32,False,2005.8800000000003,2025-10,3
2025-10-03,BKK_Ladprao,Guava,36,1764.0,345.24,216,198.0,423.36,581.4,4.0,62.36,False,519.04,2025-10,4
2025-10-03,BKK_Ladprao,PassionFruit,24,1560.0,451.44,144,144.0,468.0,352.55999999999995,4.0,99.24,False,253.31999999999994,2025-10,4
2025-10-03,BKK_Ladprao,Pineapple,45,2205.0,410.85,270,225.0,661.5,637.65,3.0,45.39,False,592.26,2025-10,4
2025-10-03,BKK_Ladprao,Watermelon,68,3060.0,546.7199999999999,408,340.0,918.0,847.28,5.0,70.2,False,777.0799999999999,2025-10,4
2025-10-03,BKK_Sukhumvit,Guava,48,2352.0,460.32,288,264.0,705.6,634.08,2.0,31.18,False,602.9000000000001,2025-10,4
2025-10-03,BKK_Sukhumvit,PassionFruit,47,3055.0,884.0699999999999,282,282.0,916.5,690.4299999999998,6.0,148.86,False,541.5699999999998,2025-10,4
2025-10-03,BKK_Sukhumvit,Pineapple,102,4998.0,931.2600000000001,612,510.0,1199.52,1745.22,6.0,90.78,False,1654.44,2025-10,4
2025-10-03,BKK_Sukhumvit,Watermelon,137,6165.0,1101.4799999999998,822,685.0,1849.5,1707.02,7.0,98.28,False,1608.74,2025-10,4
2025-10-03,Pattaya_Beach,Guava,52,2548.0,498.68,312,286.0,611.52,839.8,4.0,62.36,False,777.4399999999999,2025-10,4
2025-10-03,Pattaya_Beach,PassionFruit,41,2665.0,771.2099999999999,246,246.0,799.5,602.29,3.0,74.43,False,527.8599999999999,2025-10,4
2025-10-03,Pattaya_Beach,Pineapple,97,4753.0,885.6100000000001,582,485.0,1425.8999999999999,1374.49,5.0,75.65,False,1298.84,2025-10,4
2025-10-03,Pattaya_Beach,Watermelon,155,6975.0,1246.1999999999998,930,775.0,2092.5,1931.3,6.0,84.24,False,1847.06,2025-10,4
2025-10-03,Pattaya_Central,Guava,53,2597.0,508.27,318,291.5,623.28,855.95,3.0,46.77,False,809.1800000000001,2025-10,4
2025-10-03,Pattaya_Central,PassionFruit,45,2925.0,846.4499999999999,270,270.0,702.0,836.5500000000001,3.0,74.43,False,762.1200000000001,2025-10,4
2025-10-03,Pattaya_Central,Pineapple,114,5586.0,1040.8200000000002,684,570.0,1675.8,1615.38,5.0,75.65,False,1539.73,2025-10,4
2025-10-03,Pattaya_Central,Watermelon,157,7065.0,1262.28,942,785.0,1695.6,2380.1200000000003,2.0,28.08,False,2352.0400000000004,2025-10,4
2025-10-04,BKK_Ladprao,Guava,30,1470.0,287.7,180,165.0,352.8,484.5,2.0,31.18,False,453.32,2025-10,5
2025-10-04,BKK_Ladprao,PassionFruit,17,1105.0,319.77,102,102.0,265.2,316.0300000000001,3.0,74.43,False,241.60000000000008,2025-10,5
2025-10-04,BKK_Ladprao,Pineapple,51,2499.0,465.63000000000005,306,255.0,749.7,722.6700000000001,4.0,60.52,False,662.1500000000001,2025-10,5
2025-10-04,BKK_Ladprao,Watermelon,78,3510.0,627.1199999999999,468,390.0,1053.0,971.88,6.0,84.24,False,887.64,2025-10,5
2025-10-04,BKK_Sukhumvit,Guava,51,2499.0,489.09,306,280.5,749.6999999999999,673.71,1.0,15.59,False,658.12,2025-10,5
2025-10-04,BKK_Sukhumvit,PassionFruit,39,2535.0,733.5899999999999,234,234.0,760.5,572.9099999999999,4.0,99.24,False,473.66999999999985,2025-10,5
2025-10-04,BKK_Sukhumvit,Pineapple,97,4753.0,885.61,582,485.0,1425.8999999999999,1374.49,3.0,45.39,False,1329.1,2025-10,5
2025-10-04,BKK_Sukhumvit,Watermelon,136,6120.0,1093.4399999999998,816,680.0,1468.8,2061.76,5.0,70.2,False,1991.5600000000002,2025-10,5
2025-10-04,Pattaya_Beach,Guava,75,3675.0,719.25,450,412.5,1102.5,990.7500000000001,5.0,77.95,False,912.8000000000001,2025-10,5
2025-10-04,Pattaya_Beach,PassionFruit,52,3380.0,978.12,312,312.0,811.2,966.6800000000001,1.0,24.81,False,941.8700000000001,2025-10,5
2025-10-04,Pattaya_Beach,Pineapple,116,5684.0,1059.0800000000002,696,580.0,1705.2,1643.7199999999998,5.0,75.65,False,1568.0699999999997,2025-10,5
2025-10-04,Pattaya_Beach,Watermelon,155,6975.0,1246.1999999999998,930,775.0,2092.5,1931.3,8.0,112.32,False,1818.98,2025-10,5
2025-10-04,Pattaya_Central,Guava,72,3528.0,690.48,432,396.0,846.7199999999999,1162.8,3.0,46.77,False,1116.03,2025-10,5
2025-10-04,Pattaya_Central,PassionFruit,65,4225.0,1222.6499999999999,390,390.0,1267.5,954.8499999999999,3.0,74.43,False,880.4199999999998,2025-10,5
2025-10-04,Pattaya_Central,Pineapple,151,7399.0,1378.63,906,755.0,2219.7,2139.6699999999996,11.0,166.43,False,1973.2399999999996,2025-10,5
2025-10-04,Pattaya_Central,Watermelon,213,9585.0,1712.5199999999998,1278,1065.0,2300.4,3229.0800000000004,6.0,84.24,False,3144.8400000000006,2025-10,5
2025-10-05,BKK_Ladprao,Guava,36,1764.0,345.24,216,198.0,529.2,475.56,2.0,31.18,False,444.38,2025-10,6
2025-10-05,BKK_Ladprao,PassionFruit,21,1365.0,395.01,126,126.0,409.5,308.48999999999995,3.0,74.43,False,234.05999999999995,2025-10,6
2025-10-05,BKK_Ladprao,Pineapple,63,3087.0,575.19,378,315.0,740.88,1077.93,5.0,75.65,False,1002.2800000000001,2025-10,6
2025-10-05,BKK_Ladprao,Watermelon,100,4500.0,803.9999999999999,600,500.0,1080.0,1516.0000000000002,7.0,98.28,False,1417.7200000000003,2025-10,6
2025-10-05,BKK_Sukhumvit,Guava,46,2254.0,441.14,276,253.0,540.9599999999999,742.9,2.0,31.18,False,711.72,2025-10,6
2025-10-05,BKK_Sukhumvit,PassionFruit,46,2990.0,865.26,276,276.0,717.6,855.1400000000001,3.0,74.43,False,780.71,2025-10,6
2025-10-05,BKK_Sukhumvit,Pineapple,88,4312.0,803.44,528,440.0,1034.8799999999999,1505.68,5.0,75.65,False,1430.03,2025-10,6
2025-10-05,BKK_Sukhumvit,Watermelon,115,5175.0,924.5999999999999,690,575.0,1552.5,1432.9,4.0,56.16,False,1376.74,2025-10,6
2025-10-05,Pattaya_Beach,Guava,72,3528.0,690.48,432,396.0,1058.4,951.1200000000001,1.0,15.59,False,935.5300000000001,2025-10,6
2025-10-05,Pattaya_Beach,PassionFruit,49,3185.0,921.6899999999999,294,294.0,764.4,910.9100000000001,4.0,99.24,False,811.6700000000001,2025-10,6
2025-10-05,Pattaya_Beach,Pineapple,116,5684.0,1059.0800000000002,696,580.0,1364.16,1984.76,7.0,105.91,False,1878.85,2025-10,6
2025-10-05,Pattaya_Beach,Watermelon,148,6660.0,1189.9199999999998,888,740.0,1998.0,1844.0800000000002,6.0,84.24,False,1759.8400000000001,2025-10,6
2025-10-05,Pattaya_Central,Guava,90,4410.0,863.0999999999999,540,495.0,1323.0,1188.9,3.0,46.77,False,1142.13,2025-10,6
2025-10-05,Pattaya_Central,PassionFruit,63,4095.0,1185.03,378,378.0,1228.5,925.4699999999999,7.0,173.67,False,751.8,2025-10,6
2025-10-05,Pattaya_Central,Pineapple,128,6272.0,1168.64,768,640.0,1505.28,2190.08,7.0,105.91,False,2084.17,2025-10,6
2025-10-05,Pattaya_Central,Watermelon,173,7785.0,1390.9199999999998,1038,865.0,1868.3999999999999,2622.6800000000003,6.0,84.24,False,2538.4400000000005,2025-10,6
2025-10-06,BKK_Ladprao,Guava,31,1519.0,305.34999999999997,186,170.5,364.56,492.59000000000003,3.0,47.55,False,445.04,2025-10,0
2025-10-06,BKK_Ladprao,PassionFruit,29,1885.0,565.7900000000001,174,174.0,565.5,405.7099999999999,5.0,127.55,False,278.1599999999999,2025-10,0
2025-10-06,BKK_Ladprao,Pineapple,45,2205.0,436.95000000000005,270,225.0,661.5,611.5500000000001,3.0,47.13,False,564.4200000000001,2025-10,0
2025-10-06,BKK_Ladprao,Watermelon,63,2835.0,517.23,378,315.0,680.4,944.37,4.0,56.84,False,887.53,2025-10,0
2025-10-06,BKK_Sukhumvit,Guava,64,3136.0,630.4,384,352.0,752.64,1016.96,2.0,31.7,False,985.26,2025-10,0
2025-10-06,BKK_Sukhumvit,PassionFruit,40,2600.0,780.4000000000001,240,240.0,780.0,559.5999999999998,2.0,51.02,False,508.5799999999998,2025-10,0
2025-10-06,BKK_Sukhumvit,Pineapple,74,3626.0,718.5400000000001,444,370.0,870.24,1223.22,4.0,62.84,False,1160.38,2025-10,0
2025-10-06,BKK_Sukhumvit,Watermelon,129,5805.0,1059.0900000000001,774,645.0,1393.2,1933.71,4.0,56.84,False,1876.8700000000001,2025-10,0
2025-10-06,Pattaya_Beach,Guava,62,3038.0,610.6999999999999,372,341.0,729.12,985.18,4.0,63.4,False,921.78,2025-10,0
2025-10-06,Pattaya_Beach,PassionFruit,58,3770.0,1131.5800000000002,348,348.0,1131.0,811.4199999999998,5.0,127.55,False,683.8699999999999,2025-10,0
2025-10-06,Pattaya_Beach,Pineapple,85,4165.0,825.35,510,425.0,1249.5,1155.15,3.0,47.13,False,1108.02,2025-10,0
2025-10-06,Pattaya_Beach,Watermelon,131,5895.0,1075.5100000000002,786,655.0,1414.8,1963.69,3.0,42.63,False,1921.06,2025-10,0
2025-10-06,Pattaya_Central,Guava,55,2695.0,541.75,330,302.5,646.8,873.95,3.0,47.55,False,826.4000000000001,2025-10,0
2025-10-06,Pattaya_Central,PassionFruit,46,2990.0,897.46,276,276.0,717.6,822.94,4.0,102.04,False,720.9000000000001,2025-10,0
2025-10-06,Pattaya_Central,Pineapple,109,5341.0,1058.39,654,545.0,1281.84,1801.77,6.0,94.26,False,1707.51,2025-10,0
2025-10-06,Pattaya_Central,Watermelon,163,7335.0,1338.2300000000002,978,815.0,2200.5,2003.27,3.0,42.63,False,1960.6399999999999,2025-10,0
2025-10-07,BKK_Ladprao,Guava,36,1764.0,354.59999999999997,216,198.0,529.2,466.20000000000005,5.0,79.25,False,386.95000000000005,2025-10,1
2025-10-07,BKK_Ladprao,PassionFruit,26,1690.0,507.26000000000005,156,156.0,405.59999999999997,465.14,2.0,51.02,False,414.12,2025-10,1
2025-10-07,BKK_Ladprao,Pineapple,54,2646.0,524.34,324,270.0,635.04,892.6199999999999,3.0,47.13,False,845.4899999999999,2025-10,1
2025-10-07,BKK_Ladprao,Watermelon,79,3555.0,648.59,474,395.0,1066.5,970.91,4.0,56.84,False,914.0699999999999,2025-10,1
2025-10-07,BKK_Sukhumvit,Guava,57,2793.0,561.4499999999999,342,313.5,837.9,738.1500000000001,2.0,31.7,False,706.45,2025-10,1
2025-10-07,BKK_Sukhumvit,PassionFruit,41,2665.0,799.9100000000001,246,246.0,639.6,733.4900000000001,3.0,76.53,False,656.9600000000002,2025-10,1
2025-10-07,BKK_Sukhumvit,Pineapple,74,3626.0,718.5400000000001,444,370.0,870.24,1223.22,1.0,15.71,False,1207.51,2025-10,1
2025-10-07,BKK_Sukhumvit,Watermelon,152,6840.0,1247.92,912,760.0,2052.0,1868.08,5.0,71.05,False,1797.03,2025-10,1
2025-10-07,Pattaya_Beach,Guava,67,3283.0,659.9499999999999,402,368.5,787.92,1064.63,5.0,79.25,False,985.3800000000001,2025-10,1
2025-10-07,Pattaya_Beach,PassionFruit,45,2925.0,877.95,270,270.0,702.0,805.0500000000001,5.0,127.55,False,677.5000000000001,2025-10,1
2025-10-07,Pattaya_Beach,Pineapple,85,4165.0,825.35,510,425.0,999.5999999999999,1405.05,2.0,31.42,False,1373.6299999999999,2025-10,1
2025-10-07,Pattaya_Beach,Watermelon,140,6300.0,1149.4,840,700.0,1890.0,1720.6,5.0,71.05,False,1649.55,2025-10,1
2025-10-07,Pattaya_Central,Guava,56,2744.0,551.6,336,308.0,823.2,725.2,4.0,63.4,False,661.8000000000001,2025-10,1
2025-10-07,Pattaya_Central,PassionFruit,53,3445.0,1034.03,318,318.0,826.8,948.1700000000001,6.0,153.06,False,795.1100000000001,2025-10,1
2025-10-07,Pattaya_Central,Pineapple,89,4361.0,864.19,534,445.0,1046.6399999999999,1471.17,4.0,62.84,False,1408.3300000000002,2025-10,1
2025-10-07,Pattaya_Central,Watermelon,153,6885.0,1256.13,918,765.0,2065.5,1880.37,5.0,71.05,False,1809.32,2025-10,1
2025-10-08,BKK_Ladprao,Guava,43,2107.0,423.54999999999995,258,236.5,505.68,683.27,2.0,31.7,False,651.5699999999999,2025-10,2
2025-10-08,BKK_Ladprao,PassionFruit,19,1235.0,370.69,114,114.0,370.5,265.80999999999995,4.0,102.04,False,163.76999999999992,2025-10,2
2025-10-08,BKK_Ladprao,Pineapple,74,3626.0,718.5400000000001,444,370.0,870.24,1223.22,5.0,78.55,False,1144.67,2025-10,2
2025-10-08,BKK_Ladprao,Watermelon,83,3735.0,681.4300000000001,498,415.0,1120.5,1020.0699999999999,5.0,71.05,False,949.02,2025-10,2
2025-10-08,BKK_Sukhumvit,Guava,59,2891.0,581.15,354,324.5,693.84,937.5100000000001,1.0,15.85,False,921.6600000000001,2025-10,2
2025-10-08,BKK_Sukhumvit,PassionFruit,37,2405.0,721.87,222,222.0,577.1999999999999,661.9300000000001,4.0,102.04,False,559.8900000000001,2025-10,2
2025-10-08,BKK_Sukhumvit,Pineapple,81,3969.0,786.51,486,405.0,952.56,1338.93,5.0,78.55,False,1260.38,2025-10,2
2025-10-08,BKK_Sukhumvit,Watermelon,131,5895.0,1075.5100000000002,786,655.0,1414.8,1963.69,5.0,71.05,False,1892.64,2025-10,2
2025-10-08,Pattaya_Beach,Guava,58,2842.0,571.3,348,319.0,852.5999999999999,751.1000000000001,2.0,31.7,False,719.4000000000001,2025-10,2
2025-10-08,Pattaya_Beach,PassionFruit,42,2730.0,819.4200000000001,252,252.0,655.2,751.3800000000001,2.0,51.02,False,700.3600000000001,2025-10,2
2025-10-08,Pattaya_Beach,Pineapple,86,4214.0,835.0600000000001,516,430.0,1011.36,1421.58,2.0,31.42,False,1390.1599999999999,2025-10,2
2025-10-08,Pattaya_Beach,Watermelon,159,7155.0,1305.39,954,795.0,2146.5,1954.11,3.0,42.63,False,1911.4799999999998,2025-10,2
2025-10-08,Pattaya_Central,Guava,72,3528.0,709.1999999999999,432,396.0,1058.4,932.4000000000001,2.0,31.7,False,900.7,2025-10,2
2025-10-08,Pattaya_Central,PassionFruit,49,3185.0,955.9900000000001,294,294.0,764.4,876.61,7.0,178.57,False,698.04,2025-10,2
2025-10-08,Pattaya_Central,Pineapple,106,5194.0,1029.26,636,530.0,1558.2,1440.54,4.0,62.84,False,1377.7,2025-10,2
2025-10-08,Pattaya_Central,Watermelon,156,7020.0,1280.7600000000002,936,780.0,1684.8,2338.44,6.0,85.26,False,2253.18,2025-10,2
2025-10-09,BKK_Ladprao,Guava,36,1764.0,354.59999999999997,216,198.0,423.36,572.0400000000001,4.0,63.4,False,508.6400000000001,2025-10,3
2025-10-09,BKK_Ladprao,PassionFruit,32,2080.0,624.32,192,192.0,624.0,447.67999999999995,7.0,178.57,False,269.10999999999996,2025-10,3
2025-10-09,BKK_Ladprao,Pineapple,63,3087.0,611.73,378,315.0,926.1,856.1700000000001,3.0,47.13,False,809.0400000000001,2025-10,3
2025-10-09,BKK_Ladprao,Watermelon,70,3150.0,574.7,420,350.0,756.0,1049.3,3.0,42.63,False,1006.67,2025-10,3
2025-10-09,BKK_Sukhumvit,Guava,59,2891.0,581.15,354,324.5,693.84,937.51,3.0,47.55,False,889.96,2025-10,3
2025-10-09,BKK_Sukhumvit,PassionFruit,43,2795.0,838.9300000000001,258,258.0,838.5,601.5699999999998,6.0,153.06,False,448.5099999999998,2025-10,3
2025-10-09,BKK_Sukhumvit,Pineapple,90,4410.0,873.9000000000001,540,450.0,1323.0,1223.1000000000001,6.0,94.26,False,1128.8400000000001,2025-10,3
2025-10-09,BKK_Sukhumvit,Watermelon,120,5400.0,985.2,720,600.0,1620.0,1474.8,3.0,42.63,False,1432.1699999999998,2025-10,3
2025-10-09,Pattaya_Beach,Guava,50,2450.0,492.5,300,275.0,588.0,794.5,2.0,31.7,False,762.8,2025-10,3
2025-10-09,Pattaya_Beach,PassionFruit,46,2990.0,897.46,276,276.0,717.6,822.94,4.0,102.04,False,720.9000000000001,2025-10,3
2025-10-09,Pattaya_Beach,Pineapple,94,4606.0,912.74,564,470.0,1381.8,1277.46,3.0,47.13,False,1230.33,2025-10,3
2025-10-09,Pattaya_Beach,Watermelon,138,6210.0,1132.98,828,690.0,1490.3999999999999,2068.62,5.0,71.05,False,1997.57,2025-10,3
2025-10-09,Pattaya_Central,Guava,68,3332.0,669.8,408,374.0,799.68,1080.52,3.0,47.55,False,1032.97,2025-10,3
2025-10-09,Pattaya_Central,PassionFruit,43,2795.0,838.9300000000001,258,258.0,670.8,769.27,2.0,51.02,False,718.25,2025-10,3
2025-10-09,Pattaya_Central,Pineapple,121,5929.0,1174.91,726,605.0,1422.96,2000.13,5.0,78.55,False,1921.5800000000002,2025-10,3
2025-10-09,Pattaya_Central,Watermelon,161,7245.0,1321.8100000000002,966,805.0,2173.5,1978.69,7.0,99.47,False,1879.22,2025-10,3
2025-10-10,BKK_Ladprao,Guava,57,2234.4,561.4499999999999,342,313.5,536.256,481.19399999999996,7.0,110.95,False,370.24399999999997,2025-10,4
2025-10-10,BKK_Ladprao,PassionFruit,37,1924.0,721.87,222,222.0,577.2,180.93000000000004,4.0,102.04,False,78.89000000000003,2025-10,4
2025-10-10,BKK_Ladprao,Pineapple,115,4508.0,1116.65,690,575.0,1081.9199999999998,1044.4299999999998,4.0,62.84,False,981.5899999999998,2025-10,4
2025-10-10,BKK_Ladprao,Watermelon,137,4932.0,1124.7700000000002,822,685.0,1183.6799999999998,1116.55,7.0,99.47,False,1017.0799999999999,2025-10,4
2025-10-10,BKK_Sukhumvit,Guava,87,3410.4,856.9499999999999,522,478.5,1023.1199999999999,529.83,7.0,110.95,False,418.88000000000005,2025-10,4
2025-10-10,BKK_Sukhumvit,PassionFruit,77,4004.0,1502.27,462,462.0,1201.2,376.53000000000014,11.0,280.61,False,95.92000000000013,2025-10,4
2025-10-10,BKK_Sukhumvit,Pineapple,178,6977.6,1728.38,1068,890.0,1674.624,1616.5959999999998,6.0,94.26,False,1522.3359999999998,2025-10,4
2025-10-10,BKK_Sukhumvit,Watermelon,198,7128.0,1625.5800000000002,1188,990.0,1710.7199999999998,1613.6999999999998,4.0,56.84,False,1556.86,2025-10,4
2025-10-10,Pattaya_Beach,Guava,96,3763.2000000000003,945.5999999999999,576,528.0,1128.96,584.6400000000001,3.0,47.55,False,537.0900000000001,2025-10,4
2025-10-10,Pattaya_Beach,PassionFruit,71,3692.0,1385.21,426,426.0,886.0799999999999,568.7099999999999,5.0,127.55,False,441.1599999999999,2025-10,4
2025-10-10,Pattaya_Beach,Pineapple,163,6389.6,1582.73,978,815.0,1916.8799999999999,1096.99,9.0,141.39,False,955.6,2025-10,4
2025-10-10,Pattaya_Beach,Watermelon,228,8208.0,1871.88,1368,1140.0,1969.9199999999998,1858.1999999999998,6.0,85.26,False,1772.9399999999998,2025-10,4
2025-10-10,Pattaya_Central,Guava,144,5644.8,1418.3999999999999,864,792.0,1693.4399999999998,876.9600000000003,8.0,126.8,False,750.1600000000003,2025-10,4
2025-10-10,Pattaya_Central,PassionFruit,114,5928.0,2224.1400000000003,684,684.0,1778.4,557.4599999999999,6.0,153.06,False,404.3999999999999,2025-10,4
2025-10-10,Pattaya_Central,Pineapple,184,7212.8,1786.64,1104,920.0,1731.072,1671.0879999999997,2.0,31.42,False,1639.6679999999997,2025-10,4
2025-10-10,Pattaya_Central,Watermelon,252,9072.0,2068.92,1512,1260.0,2721.6,1509.48,8.0,113.68,False,1395.8,2025-10,4
2025-10-11,BKK_Ladprao,Guava,35,1715.0,344.75,210,192.5,514.5,453.25,2.0,31.7,False,421.55,2025-10,5
2025-10-11,BKK_Ladprao,PassionFruit,22,1430.0,429.22,132,132.0,343.2,393.58000000000004,5.0,127.55,False,266.03000000000003,2025-10,5
2025-10-11,BKK_Ladprao,Pineapple,44,2156.0,427.24,264,220.0,646.8,597.96,5.0,78.55,False,519.4100000000001,2025-10,5
2025-10-11,BKK_Ladprao,Watermelon,80,3600.0,656.8000000000001,480,400.0,864.0,1199.2,2.0,28.42,False,1170.78,2025-10,5
2025-10-11,BKK_Sukhumvit,Guava,64,3136.0,630.4,384,352.0,752.64,1016.96,3.0,47.55,False,969.4100000000001,2025-10,5
2025-10-11,BKK_Sukhumvit,PassionFruit,48,3120.0,936.48,288,288.0,936.0,671.5199999999999,5.0,127.55,False,543.9699999999999,2025-10,5
2025-10-11,BKK_Sukhumvit,Pineapple,63,3087.0,611.73,378,315.0,740.88,1041.39,2.0,31.42,False,1009.9700000000001,2025-10,5
2025-10-11,BKK_Sukhumvit,Watermelon,125,5625.0,1026.2500000000002,750,625.0,1350.0,1873.75,4.0,56.84,False,1816.91,2025-10,5
2025-10-11,Pattaya_Beach,Guava,78,3822.0,768.3,468,429.0,1146.6,1010.1000000000001,3.0,47.55,False,962.5500000000002,2025-10,5
2025-10-11,Pattaya_Beach,PassionFruit,59,3835.0,1151.0900000000001,354,354.0,920.4,1055.5100000000002,6.0,153.06,False,902.4500000000003,2025-10,5
2025-10-11,Pattaya_Beach,Pineapple,104,5096.0,1009.84,624,520.0,1528.8,1413.3600000000001,5.0,78.55,False,1334.8100000000002,2025-10,5
2025-10-11,Pattaya_Beach,Watermelon,162,7290.0,1330.0200000000002,972,810.0,1749.6,2428.38,6.0,85.26,False,2343.12,2025-10,5
2025-10-11,Pattaya_Central,Guava,79,3871.0,778.15,474,434.5,1161.3,1023.0500000000001,4.0,63.4,False,959.6500000000001,2025-10,5
2025-10-11,Pattaya_Central,PassionFruit,66,4290.0,1287.66,396,396.0,1287.0,923.3399999999998,7.0,178.57,False,744.7699999999998,2025-10,5
2025-10-11,Pattaya_Central,Pineapple,145,7105.0,1407.95,870,725.0,2131.5,1970.55,6.0,94.26,False,1876.29,2025-10,5
2025-10-11,Pattaya_Central,Watermelon,209,9405.0,1715.89,1254,1045.0,2821.5,2568.61,2.0,28.42,False,2540.19,2025-10,5
2025-10-12,BKK_Ladprao,Guava,39,1911.0,384.15,234,214.5,458.64,619.71,3.0,47.55,False,572.1600000000001,2025-10,6
2025-10-12,BKK_Ladprao,PassionFruit,23,1495.0,448.73,138,138.0,448.5,321.7699999999999,4.0,102.04,False,219.7299999999999,2025-10,6
2025-10-12,BKK_Ladprao,Pineapple,66,3234.0,640.86,396,330.0,970.2,896.94,3.0,47.13,False,849.8100000000001,2025-10,6
2025-10-12,BKK_Ladprao,Watermelon,85,3825.0,697.85,510,425.0,1147.5,1044.6499999999999,4.0,56.84,False,987.8099999999998,2025-10,6
2025-10-12,BKK_Sukhumvit,Guava,54,2646.0,531.9,324,297.0,635.04,858.0600000000001,1.0,15.85,False,842.21,2025-10,6
2025-10-12,BKK_Sukhumvit,PassionFruit,42,2730.0,819.4200000000001,252,252.0,819.0,587.5799999999998,3.0,76.53,False,511.04999999999984,2025-10,6
2025-10-12,BKK_Sukhumvit,Pineapple,93,4557.0,903.0300000000001,558,465.0,1093.6799999999998,1537.29,0.0,0.0,False,1537.29,2025-10,6
2025-10-12,BKK_Sukhumvit,Watermelon,163,7335.0,1338.23,978,815.0,2200.5,2003.27,4.0,56.84,False,1946.43,2025-10,6
2025-10-12,Pattaya_Beach,Guava,70,3430.0,689.5,420,385.0,823.1999999999999,1112.3000000000002,4.0,63.4,False,1048.9,2025-10,6
2025-10-12,Pattaya_Beach,PassionFruit,50,3250.0,975.5000000000001,300,300.0,780.0,894.5,8.0,204.08,False,690.42,2025-10,6
2025-10-12,Pattaya_Beach,Pineapple,113,5537.0,1097.23,678,565.0,1328.8799999999999,1867.8899999999999,2.0,31.42,False,1836.4699999999998,2025-10,6
2025-10-12,Pattaya_Beach,Watermelon,162,7290.0,1330.0200000000002,972,810.0,2187.0,1990.98,6.0,85.26,False,1905.72,2025-10,6
2025-10-12,Pattaya_Central,Guava,90,4410.0,886.5,540,495.0,1058.3999999999999,1430.1000000000001,5.0,79.25,False,1350.8500000000001,2025-10,6
2025-10-12,Pattaya_Central,PassionFruit,64,4160.0,1248.64,384,384.0,1248.0,895.3599999999998,6.0,153.06,False,742.2999999999997,2025-10,6
2025-10-12,Pattaya_Central,Pineapple,145,7105.0,1407.9500000000003,870,725.0,2131.5,1970.55,5.0,78.55,False,1892.0,2025-10,6
2025-10-12,Pattaya_Central,Watermelon,201,9045.0,1650.21,1206,1005.0,2713.5,2470.29,7.0,99.47,False,2370.82,2025-10,6
2025-10-13,BKK_Ladprao,Guava,45,1874.25,402.29999999999995,270,247.5,562.275,392.1750000000001,4.0,59.76,False,332.41500000000013,2025-10,0
2025-10-13,BKK_Ladprao,PassionFruit,33,2145.0,568.26,198,198.0,514.8,665.9400000000002,7.0,162.54,False,503.4000000000002,2025-10,0
2025-10-13,BKK_Ladprao,Pineapple,62,3038.0,582.1800000000001,372,310.0,911.4,862.42,5.0,76.95,False,785.4699999999999,2025-10,0
2025-10-13,BKK_Ladprao,Watermelon,79,3555.0,649.3800000000001,474,395.0,853.1999999999999,1183.42,4.0,56.88,False,1126.54,2025-10,0
2025-10-13,BKK_Sukhumvit,Guava,63,2623.95,563.22,378,346.5,787.185,549.0450000000002,1.0,14.94,False,534.1050000000001,2025-10,0
2025-10-13,BKK_Sukhumvit,PassionFruit,41,2665.0,706.02,246,246.0,799.5,667.48,3.0,69.66,False,597.82,2025-10,0
2025-10-13,BKK_Sukhumvit,Pineapple,97,4753.0,910.83,582,485.0,1140.72,1634.45,3.0,46.17,False,1588.28,2025-10,0
2025-10-13,BKK_Sukhumvit,Watermelon,149,6705.0,1224.7800000000002,894,745.0,2011.5,1829.72,5.0,71.1,False,1758.6200000000001,2025-10,0
2025-10-13,Pattaya_Beach,Guava,70,2915.5,625.8,420,385.0,874.65,610.0500000000002,4.0,59.76,False,550.2900000000002,2025-10,0
2025-10-13,Pattaya_Beach,PassionFruit,42,2730.0,723.24,252,252.0,655.1999999999999,847.5600000000001,0.0,0.0,,847.5600000000001,2025-10,0
2025-10-13,Pattaya_Beach,Pineapple,103,5047.0,967.1700000000001,618,515.0,1211.28,1735.55,4.0,61.56,False,1673.99,2025-10,0
2025-10-13,Pattaya_Beach,Watermelon,135,6075.0,1109.7,810,675.0,1822.5,1657.8,4.0,56.88,False,1600.9199999999998,2025-10,0
2025-10-13,Pattaya_Central,Guava,73,3040.45,652.62,438,401.5,912.135,636.1950000000002,5.0,74.7,False,561.4950000000001,2025-10,0
2025-10-13,Pattaya_Central,PassionFruit,52,3380.0,895.4399999999999,312,312.0,1014.0,846.5600000000001,5.0,116.1,False,730.46,2025-10,0
2025-10-13,Pattaya_Central,Pineapple,106,5194.0,995.34,636,530.0,1558.1999999999998,1474.46,7.0,107.73,False,1366.73,2025-10,0
2025-10-13,Pattaya_Central,Watermelon,164,7380.0,1348.0800000000002,984,820.0,2214.0,2013.92,4.0,56.88,False,1957.04,2025-10,0
2025-10-14,BKK_Ladprao,Guava,39,1911.0,348.65999999999997,234,214.5,573.3,540.54,4.0,59.76,False,480.78,2025-10,1
2025-10-14,BKK_Ladprao,PassionFruit,19,1235.0,327.17999999999995,114,114.0,296.4,383.42,2.0,46.44,False,336.98,2025-10,1
2025-10-14,BKK_Ladprao,Pineapple,48,2352.0,450.72,288,240.0,564.48,808.8,4.0,61.56,False,747.24,2025-10,1
2025-10-14,BKK_Ladprao,Watermelon,56,2520.0,460.32000000000005,336,280.0,604.8,838.88,4.0,56.88,False,782.0,2025-10,1
2025-10-14,BKK_Sukhumvit,Guava,49,2401.0,438.06,294,269.5,576.24,823.2000000000002,2.0,29.88,False,793.3200000000002,2025-10,1
2025-10-14,BKK_Sukhumvit,PassionFruit,36,2340.0,619.92,216,216.0,702.0,586.08,3.0,69.66,False,516.4200000000001,2025-10,1
2025-10-14,BKK_Sukhumvit,Pineapple,92,4508.0,863.8800000000001,552,460.0,1352.4,1279.7199999999998,2.0,30.78,False,1248.9399999999998,2025-10,1
2025-10-14,BKK_Sukhumvit,Watermelon,121,5445.0,994.6200000000001,726,605.0,1306.8,1812.5800000000002,5.0,71.1,False,1741.4800000000002,2025-10,1
2025-10-14,Pattaya_Beach,Guava,56,2744.0,500.64,336,308.0,823.1999999999999,776.1600000000001,2.0,29.88,False,746.2800000000001,2025-10,1
2025-10-14,Pattaya_Beach,PassionFruit,51,3315.0,878.2199999999999,306,306.0,994.5,830.2800000000001,4.0,92.88,False,737.4000000000001,2025-10,1
2025-10-14,Pattaya_Beach,Pineapple,72,3528.0,676.08,432,360.0,846.72,1213.2,6.0,92.34,False,1120.8600000000001,2025-10,1
2025-10-14,Pattaya_Beach,Watermelon,112,5040.0,920.6400000000001,672,560.0,1512.0,1375.3600000000001,4.0,56.88,False,1318.48,2025-10,1
2025-10-14,Pattaya_Central,Guava,66,3234.0,590.04,396,363.0,970.2,914.76,4.0,59.76,False,855.0,2025-10,1
2025-10-14,Pattaya_Central,PassionFruit,40,2600.0,688.8,240,240.0,624.0,807.2000000000002,5.0,116.1,False,691.1000000000001,2025-10,1
2025-10-14,Pattaya_Central,Pineapple,100,4900.0,939.0,600,500.0,1470.0,1391.0,6.0,92.34,False,1298.66,2025-10,1
2025-10-14,Pattaya_Central,Watermelon,167,7515.0,1372.74,1002,835.0,2254.5,2050.7599999999998,7.0,99.54,False,1951.2199999999998,2025-10,1
2025-10-15,BKK_Ladprao,Guava,43,1790.95,384.41999999999996,258,236.5,429.8279999999999,482.20200000000017,2.0,29.88,False,452.3220000000002,2025-10,2
2025-10-15,BKK_Ladprao,PassionFruit,30,1950.0,516.5999999999999,180,180.0,468.0,605.4000000000001,4.0,92.88,False,512.5200000000001,2025-10,2
2025-10-15,BKK_Ladprao,Pineapple,53,2597.0,497.67,318,265.0,623.28,893.0500000000001,4.0,61.56,False,831.49,2025-10,2
2025-10-15,BKK_Ladprao,Watermelon,93,4185.0,764.46,558,465.0,1255.5,1142.04,7.0,99.54,False,1042.5,2025-10,2
2025-10-15,BKK_Sukhumvit,Guava,87,3623.55,777.78,522,478.5,869.6519999999999,975.6180000000003,6.0,89.64,False,885.9780000000003,2025-10,2
2025-10-15,BKK_Sukhumvit,PassionFruit,37,2405.0,637.14,222,222.0,577.2,746.66,2.0,46.44,False,700.22,2025-10,2
2025-10-15,BKK_Sukhumvit,Pineapple,98,4802.0,920.22,588,490.0,1440.6,1363.1799999999998,4.0,61.56,False,1301.62,2025-10,2
2025-10-15,BKK_Sukhumvit,Watermelon,133,5985.0,1093.26,798,665.0,1436.3999999999999,1992.34,5.0,71.1,False,1921.24,2025-10,2
2025-10-15,Pattaya_Beach,Guava,68,2832.2,607.92,408,374.0,849.66,592.6200000000002,2.0,29.88,False,562.7400000000002,2025-10,2
2025-10-15,Pattaya_Beach,PassionFruit,44,2860.0,757.68,264,264.0,858.0,716.32,3.0,69.66,False,646.6600000000001,2025-10,2
2025-10-15,Pattaya_Beach,Pineapple,94,4606.0,882.6600000000001,564,470.0,1381.8,1307.54,4.0,61.56,False,1245.98,2025-10,2
2025-10-15,Pattaya_Beach,Watermelon,147,6615.0,1208.3400000000001,882,735.0,1587.6,2202.06,5.0,71.1,False,2130.96,2025-10,2
2025-10-15,Pattaya_Central,Guava,102,4248.3,911.88,612,561.0,1274.49,888.9300000000003,9.0,134.46,False,754.4700000000003,2025-10,2
2025-10-15,Pattaya_Central,PassionFruit,63,4095.0,1084.86,378,378.0,982.8,1271.3400000000001,8.0,185.76,False,1085.5800000000002,2025-10,2
2025-10-15,Pattaya_Central,Pineapple,132,6468.0,1239.48,792,660.0,1940.3999999999999,1836.12,7.0,107.73,False,1728.3899999999999,2025-10,2
2025-10-15,Pattaya_Central,Watermelon,150,6750.0,1233.0,900,750.0,1620.0,2247.0,5.0,71.1,False,2175.9,2025-10,2
2025-10-16,BKK_Ladprao,Guava,37,1813.0,330.78,222,203.5,543.9,512.82,3.0,44.82,False,468.00000000000006,2025-10,3
2025-10-16,BKK_Ladprao,PassionFruit,28,1820.0,482.15999999999997,168,168.0,546.0,455.84000000000003,6.0,139.32,False,316.52000000000004,2025-10,3
2025-10-16,BKK_Ladprao,Pineapple,47,2303.0,441.33000000000004,282,235.0,552.72,791.95,3.0,46.17,False,745.7800000000001,2025-10,3
2025-10-16,BKK_Ladprao,Watermelon,69,3105.0,567.1800000000001,414,345.0,931.5,847.32,4.0,56.88,False,790.44,2025-10,3
2025-10-16,BKK_Sukhumvit,Guava,54,2646.0,482.76,324,297.0,635.04,907.2000000000002,3.0,44.82,False,862.3800000000001,2025-10,3
2025-10-16,BKK_Sukhumvit,PassionFruit,29,1885.0,499.38,174,174.0,565.5,472.12,2.0,46.44,False,425.68,2025-10,3
2025-10-16,BKK_Sukhumvit,Pineapple,102,4998.0,957.7800000000001,612,510.0,1499.3999999999999,1418.8199999999997,3.0,46.17,False,1372.6499999999996,2025-10,3
2025-10-16,BKK_Sukhumvit,Watermelon,147,6615.0,1208.3400000000001,882,735.0,1587.6,2202.06,3.0,42.66,False,2159.4,2025-10,3
2025-10-16,Pattaya_Beach,Guava,61,2989.0,545.34,366,335.5,717.36,1024.8000000000002,4.0,59.76,False,965.0400000000002,2025-10,3
2025-10-16,Pattaya_Beach,PassionFruit,59,3835.0,1015.9799999999999,354,354.0,920.4,1190.6200000000001,5.0,116.1,False,1074.5200000000002,2025-10,3
2025-10-16,Pattaya_Beach,Pineapple,80,3920.0,751.2,480,400.0,940.8,1348.0,4.0,61.56,False,1286.44,2025-10,3
2025-10-16,Pattaya_Beach,Watermelon,137,6165.0,1126.14,822,685.0,1849.5,1682.3600000000001,5.0,71.1,False,1611.2600000000002,2025-10,3
2025-10-16,Pattaya_Central,Guava,76,3724.0,679.4399999999999,456,418.0,1117.2,1053.3600000000001,4.0,59.76,False,993.6000000000001,2025-10,3
2025-10-16,Pattaya_Central,PassionFruit,45,2925.0,774.9,270,270.0,877.5,732.6,3.0,69.66,False,662.94,2025-10,3
2025-10-16,Pattaya_Central,Pineapple,106,5194.0,995.34,636,530.0,1558.2,1474.46,4.0,61.56,False,1412.9,2025-10,3
2025-10-16,Pattaya_Central,Watermelon,160,7200.0,1315.2,960,800.0,2160.0,1964.8,6.0,85.32,False,1879.48,2025-10,3
2025-10-17,BKK_Ladprao,Guava,38,1638.56,339.71999999999997,228,209.0,491.5679999999999,370.27200000000005,3.0,44.82,False,325.45200000000006,2025-10,4
2025-10-17,BKK_Ladprao,PassionFruit,27,1544.4,464.93999999999994,162,162.0,370.656,384.80400000000003,2.0,46.44,False,338.36400000000003,2025-10,4
2025-10-17,BKK_Ladprao,Pineapple,61,2630.32,572.7900000000001,366,305.0,789.0959999999999,597.434,3.0,46.17,False,551.264,2025-10,4
2025-10-17,BKK_Ladprao,Watermelon,93,3682.8,764.46,558,465.0,883.872,1011.4680000000001,3.0,42.66,False,968.8080000000001,2025-10,4
2025-10-17,BKK_Sukhumvit,Guava,45,1940.4,402.29999999999995,270,247.5,582.1199999999999,438.48,4.0,59.76,False,378.72,2025-10,4
2025-10-17,BKK_Sukhumvit,PassionFruit,52,2974.4,895.4399999999999,312,312.0,892.3199999999999,562.6400000000002,0.0,0.0,False,562.6400000000002,2025-10,4
2025-10-17,BKK_Sukhumvit,Pineapple,92,3967.04,863.8800000000001,552,460.0,952.0895999999999,1139.0703999999998,4.0,61.56,False,1077.5104,2025-10,4
2025-10-17,BKK_Sukhumvit,Watermelon,161,6375.6,1323.42,966,805.0,1530.1439999999998,1751.0360000000003,6.0,85.32,False,1665.7160000000003,2025-10,4
2025-10-17,Pattaya_Beach,Guava,72,3104.64,643.68,432,396.0,745.1136,887.8464000000001,3.0,44.82,False,843.0264000000001,2025-10,4
2025-10-17,Pattaya_Beach,PassionFruit,63,3603.6,1084.86,378,378.0,1081.08,681.6600000000003,6.0,139.32,False,542.3400000000004,2025-10,4
2025-10-17,Pattaya_Beach,Pineapple,97,4182.64,910.83,582,485.0,1254.792,950.0179999999999,1.0,15.39,False,934.6279999999999,2025-10,4
2025-10-17,Pattaya_Beach,Watermelon,160,6336.0,1315.2,960,800.0,1900.8,1359.9999999999998,2.0,28.44,False,1331.5599999999997,2025-10,4
2025-10-17,Pattaya_Central,Guava,70,3018.4,625.8,420,385.0,724.4159999999999,863.1840000000001,2.0,29.88,False,833.3040000000001,2025-10,4
2025-10-17,Pattaya_Central,PassionFruit,56,3203.2,964.3199999999999,336,336.0,960.9599999999999,605.9200000000002,7.0,162.54,False,443.3800000000002,2025-10,4
2025-10-17,Pattaya_Central,Pineapple,162,6985.4400000000005,1521.18,972,810.0,1676.5056,2005.7543999999998,7.0,107.73,False,1898.0243999999998,2025-10,4
2025-10-17,Pattaya_Central,Watermelon,162,6415.2,1331.64,972,810.0,1924.56,1376.9999999999998,6.0,85.32,False,1291.6799999999998,2025-10,4
2025-10-18,BKK_Ladprao,Guava,38,1862.0,339.71999999999997,228,209.0,558.6,526.6800000000001,3.0,44.82,False,481.86000000000007,2025-10,5
2025-10-18,BKK_Ladprao,PassionFruit,28,1820.0,482.15999999999997,168,168.0,546.0,455.84000000000003,3.0,69.66,False,386.18000000000006,2025-10,5
2025-10-18,BKK_Ladprao,Pineapple,39,1911.0,366.21000000000004,234,195.0,458.64,657.15,3.0,46.17,False,610.98,2025-10,5
2025-10-18,BKK_Ladprao,Watermelon,84,3780.0,690.48,504,420.0,907.1999999999999,1258.3200000000002,3.0,42.66,False,1215.66,2025-10,5
2025-10-18,BKK_Sukhumvit,Guava,49,2401.0,438.06,294,269.5,576.24,823.2000000000002,4.0,59.76,False,763.4400000000002,2025-10,5
2025-10-18,BKK_Sukhumvit,PassionFruit,41,2665.0,706.02,246,246.0,799.5,667.48,1.0,23.22,False,644.26,2025-10,5
2025-10-18,BKK_Sukhumvit,Pineapple,74,3626.0,694.86,444,370.0,1087.8,1029.34,3.0,46.17,False,983.17,2025-10,5
2025-10-18,BKK_Sukhumvit,Watermelon,140,6300.0,1150.8000000000002,840,700.0,1512.0,2097.2,5.0,71.1,False,2026.1,2025-10,5
2025-10-18,Pattaya_Beach,Guava,75,3675.0,670.5,450,412.5,1102.5,1039.5,3.0,44.82,False,994.68,2025-10,5
2025-10-18,Pattaya_Beach,PassionFruit,59,3835.0,1015.9799999999999,354,354.0,1150.5,960.5200000000002,6.0,139.32,False,821.2000000000003,2025-10,5
2025-10-18,Pattaya_Beach,Pineapple,117,5733.0,1098.63,702,585.0,1719.9,1627.47,7.0,107.73,False,1519.74,2025-10,5
2025-10-18,Pattaya_Beach,Watermelon,181,8145.0,1487.8200000000002,1086,905.0,2443.5,2222.68,5.0,71.1,False,2151.58,2025-10,5
2025-10-18,Pattaya_Central,Guava,94,4606.0,840.36,564,517.0,1105.44,1579.2000000000003,5.0,74.7,False,1504.5000000000002,2025-10,5
2025-10-18,Pattaya_Central,PassionFruit,53,3445.0,912.66,318,318.0,1033.5,862.84,3.0,69.66,False,793.1800000000001,2025-10,5
2025-10-18,Pattaya_Central,Pineapple,129,6321.0,1211.3100000000002,774,645.0,1896.3,1794.3899999999999,3.0,46.17,False,1748.2199999999998,2025-10,5
2025-10-18,Pattaya_Central,Watermelon,193,8685.0,1586.46,1158,965.0,2605.5,2370.04,10.0,142.2,False,2227.84,2025-10,5
2025-10-19,BKK_Ladprao,Guava,28,1207.36,250.32,168,154.0,362.20799999999997,272.832,2.0,29.88,False,242.952,2025-10,6
2025-10-19,BKK_Ladprao,PassionFruit,21,1201.2,361.62,126,126.0,360.36,227.2200000000001,1.0,23.22,False,204.0000000000001,2025-10,6
2025-10-19,BKK_Ladprao,Pineapple,52,2242.2400000000002,488.28000000000003,312,260.0,538.1376,643.8224,4.0,61.56,False,582.2624000000001,2025-10,6
2025-10-19,BKK_Ladprao,Watermelon,102,4039.2,838.44,612,510.0,1211.76,866.9999999999999,4.0,56.88,False,810.1199999999999,2025-10,6
2025-10-19,BKK_Sukhumvit,Guava,68,2932.16,607.92,408,374.0,879.6479999999999,662.5920000000001,2.0,29.88,False,632.7120000000001,2025-10,6
2025-10-19,BKK_Sukhumvit,PassionFruit,39,2230.8,671.5799999999999,234,234.0,669.24,421.98000000000025,3.0,69.66,False,352.3200000000003,2025-10,6
2025-10-19,BKK_Sukhumvit,Pineapple,102,4398.24,957.7800000000001,612,510.0,1055.5776,1262.8824,3.0,46.17,False,1216.7124,2025-10,6
2025-10-19,BKK_Sukhumvit,Watermelon,157,6217.2,1290.54,942,785.0,1492.128,1707.532,6.0,85.32,False,1622.212,2025-10,6
2025-10-19,Pattaya_Beach,Guava,83,3578.96,742.02,498,456.5,858.9504,1023.4896000000002,6.0,89.64,False,933.8496000000002,2025-10,6
2025-10-19,Pattaya_Beach,PassionFruit,54,3088.8,929.8799999999999,324,324.0,741.312,769.6080000000001,5.0,116.1,False,653.508,2025-10,6
2025-10-19,Pattaya_Beach,Pineapple,113,4872.5599999999995,1061.0700000000002,678,565.0,1169.4144,1399.0756,5.0,76.95,False,1322.1255999999998,2025-10,6
2025-10-19,Pattaya_Beach,Watermelon,195,7722.0,1602.9,1170,975.0,2316.6,1657.4999999999998,10.0,142.2,False,1515.2999999999997,2025-10,6
2025-10-19,Pattaya_Central,Guava,94,4053.2799999999997,840.36,564,517.0,1215.984,915.9360000000001,7.0,104.58,False,811.3560000000001,2025-10,6
2025-10-19,Pattaya_Central,PassionFruit,77,4404.4,1325.9399999999998,462,462.0,1057.056,1097.404,8.0,185.76,False,911.644,2025-10,6
2025-10-19,Pattaya_Central,Pineapple,155,6683.599999999999,1455.45,930,775.0,2005.08,1518.0699999999997,6.0,92.34,False,1425.7299999999998,2025-10,6
2025-10-19,Pattaya_Central,Watermelon,209,8276.4,1717.98,1254,1045.0,2482.92,1776.4999999999998,7.0,99.54,False,1676.9599999999998,2025-10,6
2025-10-20,BKK_Ladprao,Guava,29,1421.0,273.76,174,159.5,426.3,387.44,4.0,61.76,False,325.68,2025-10,0
2025-10-20,BKK_Ladprao,PassionFruit,19,1235.0,374.49,114,114.0,296.4,336.10999999999996,3.0,77.13,False,258.97999999999996,2025-10,0
2025-10-20,BKK_Ladprao,Pineapple,52,2548.0,539.24,312,260.0,764.4,672.3600000000001,5.0,81.85,False,590.5100000000001,2025-10,0
2025-10-20,BKK_Ladprao,Watermelon,86,3870.0,663.92,516,430.0,1161.0,1099.0800000000002,6.0,82.32,False,1016.7600000000002,2025-10,0
2025-10-20,BKK_Sukhumvit,Guava,51,2499.0,481.44,306,280.5,749.7,681.36,4.0,61.76,False,619.6,2025-10,0
2025-10-20,BKK_Sukhumvit,PassionFruit,42,2730.0,827.82,252,252.0,819.0,579.18,4.0,102.84,False,476.3399999999999,2025-10,0
2025-10-20,BKK_Sukhumvit,Pineapple,99,4851.0,1026.6299999999999,594,495.0,1164.24,1571.1300000000003,4.0,65.48,False,1505.6500000000003,2025-10,0
2025-10-20,BKK_Sukhumvit,Watermelon,134,6030.0,1034.48,804,670.0,1809.0,1712.52,4.0,54.88,False,1657.6399999999999,2025-10,0
2025-10-20,Pattaya_Beach,Guava,62,3038.0,585.28,372,341.0,729.12,1010.6000000000001,2.0,30.88,False,979.7200000000001,2025-10,0
2025-10-20,Pattaya_Beach,PassionFruit,47,3055.0,926.37,282,282.0,916.5,648.13,5.0,128.55,False,519.5799999999999,2025-10,0
2025-10-20,Pattaya_Beach,Pineapple,90,4410.0,933.3,540,450.0,1058.3999999999999,1428.3000000000004,4.0,65.48,False,1362.8200000000004,2025-10,0
2025-10-20,Pattaya_Beach,Watermelon,137,6165.0,1057.64,822,685.0,1479.6,2120.76,6.0,82.32,False,2038.4400000000003,2025-10,0
2025-10-20,Pattaya_Central,Guava,61,2989.0,575.8399999999999,366,335.5,896.7,814.96,4.0,61.76,False,753.2,2025-10,0
2025-10-20,Pattaya_Central,PassionFruit,57,3705.0,1123.47,342,342.0,1111.5,786.03,5.0,128.55,False,657.48,2025-10,0
2025-10-20,Pattaya_Central,Pineapple,118,5782.0,1223.6599999999999,708,590.0,1734.6,1525.7400000000002,7.0,114.59,False,1411.1500000000003,2025-10,0
2025-10-20,Pattaya_Central,Watermelon,133,5985.0,1026.76,798,665.0,1795.5,1699.74,5.0,68.6,False,1631.14,2025-10,0
2025-10-21,BKK_Ladprao,Guava,32,1568.0,302.08,192,176.0,376.32,521.6000000000001,4.0,61.76,False,459.84000000000015,2025-10,1
2025-10-21,BKK_Ladprao,PassionFruit,33,2145.0,650.4300000000001,198,198.0,514.8,583.77,3.0,77.13,False,506.64,2025-10,1
2025-10-21,BKK_Ladprao,Pineapple,43,2107.0,445.90999999999997,258,215.0,632.1,555.9900000000001,4.0,65.48,False,490.5100000000001,2025-10,1
2025-10-21,BKK_Ladprao,Watermelon,81,3645.0,625.3199999999999,486,405.0,1093.5,1035.18,2.0,27.44,False,1007.74,2025-10,1
2025-10-21,BKK_Sukhumvit,Guava,59,2891.0,556.9599999999999,354,324.5,867.3,788.24,4.0,61.76,False,726.48,2025-10,1
2025-10-21,BKK_Sukhumvit,PassionFruit,43,2795.0,847.5300000000001,258,258.0,838.5,592.97,4.0,102.84,False,490.13,2025-10,1
2025-10-21,BKK_Sukhumvit,Pineapple,94,4606.0,974.78,564,470.0,1105.44,1491.7800000000004,5.0,81.85,False,1409.9300000000005,2025-10,1
2025-10-21,BKK_Sukhumvit,Watermelon,140,6300.0,1080.8,840,700.0,1890.0,1789.2,4.0,54.88,False,1734.32,2025-10,1
2025-10-21,Pattaya_Beach,Guava,75,3675.0,708.0,450,412.5,882.0,1222.5000000000002,4.0,61.76,False,1160.7400000000002,2025-10,1
2025-10-21,Pattaya_Beach,PassionFruit,41,2665.0,808.11,246,246.0,639.6,725.29,5.0,128.55,False,596.74,2025-10,1
2025-10-21,Pattaya_Beach,Pineapple,86,4214.0,891.8199999999999,516,430.0,1011.3599999999999,1364.8200000000002,1.0,16.37,False,1348.4500000000003,2025-10,1
2025-10-21,Pattaya_Beach,Watermelon,144,6480.0,1111.68,864,720.0,1555.2,2229.1200000000003,3.0,41.16,False,2187.9600000000005,2025-10,1
2025-10-21,Pattaya_Central,Guava,76,3724.0,717.4399999999999,456,418.0,1117.2,1015.3600000000001,2.0,30.88,False,984.4800000000001,2025-10,1
2025-10-21,Pattaya_Central,PassionFruit,65,4225.0,1281.15,390,390.0,1014.0,1149.85,3.0,77.13,False,1072.7199999999998,2025-10,1
2025-10-21,Pattaya_Central,Pineapple,102,4998.0,1057.74,612,510.0,1199.52,1618.7400000000005,3.0,49.11,False,1569.6300000000006,2025-10,1
2025-10-21,Pattaya_Central,Watermelon,155,6975.0,1196.6,930,775.0,1674.0,2399.4,5.0,68.6,False,2330.8,2025-10,1
2025-10-22,BKK_Ladprao,Guava,26,1274.0,245.44,156,143.0,382.2,347.36,1.0,15.44,False,331.92,2025-10,2
2025-10-22,BKK_Ladprao,PassionFruit,25,1625.0,492.75,150,150.0,390.0,442.24999999999994,4.0,102.84,False,339.40999999999997,2025-10,2
2025-10-22,BKK_Ladprao,Pineapple,57,2793.0,591.0899999999999,342,285.0,837.9,737.0100000000001,2.0,32.74,False,704.2700000000001,2025-10,2
2025-10-22,BKK_Ladprao,Watermelon,73,3285.0,563.5600000000001,438,365.0,985.5,932.94,5.0,68.6,False,864.34,2025-10,2
2025-10-22,BKK_Sukhumvit,Guava,56,2744.0,528.64,336,308.0,658.56,912.8000000000002,4.0,61.76,False,851.0400000000002,2025-10,2
2025-10-22,BKK_Sukhumvit,PassionFruit,53,3445.0,1044.63,318,318.0,826.8,937.5699999999999,5.0,128.55,False,809.02,2025-10,2
2025-10-22,BKK_Sukhumvit,Pineapple,84,4116.0,871.0799999999999,504,420.0,1234.8,1086.1200000000001,3.0,49.11,False,1037.0100000000002,2025-10,2
2025-10-22,BKK_Sukhumvit,Watermelon,118,5310.0,910.96,708,590.0,1593.0,1508.0400000000002,4.0,54.88,False,1453.16,2025-10,2
2025-10-22,Pattaya_Beach,Guava,61,2989.0,575.84,366,335.5,717.36,994.3000000000002,2.0,30.88,False,963.4200000000002,2025-10,2
2025-10-22,Pattaya_Beach,PassionFruit,40,2600.0,788.4000000000001,240,240.0,624.0,707.5999999999999,5.0,128.55,False,579.05,2025-10,2
2025-10-22,Pattaya_Beach,Pineapple,86,4214.0,891.8199999999999,516,430.0,1264.2,1111.9800000000002,4.0,65.48,False,1046.5000000000002,2025-10,2
2025-10-22,Pattaya_Beach,Watermelon,126,5670.0,972.72,756,630.0,1701.0,1610.2800000000002,6.0,82.32,False,1527.9600000000003,2025-10,2
2025-10-22,Pattaya_Central,Guava,61,2989.0,575.84,366,335.5,896.7,814.96,5.0,77.2,False,737.76,2025-10,2
2025-10-22,Pattaya_Central,PassionFruit,56,3640.0,1103.76,336,336.0,1092.0,772.24,6.0,154.26,False,617.98,2025-10,2
2025-10-22,Pattaya_Central,Pineapple,99,4851.0,1026.6299999999999,594,495.0,1455.3,1280.0700000000004,6.0,98.22,False,1181.8500000000004,2025-10,2
2025-10-22,Pattaya_Central,Watermelon,154,6930.0,1188.88,924,770.0,2079.0,1968.12,4.0,54.88,False,1913.2399999999998,2025-10,2
2025-10-23,BKK_Ladprao,Guava,42,2058.0,396.47999999999996,252,231.0,617.4,561.12,3.0,46.32,False,514.8,2025-10,3
2025-10-23,BKK_Ladprao,PassionFruit,23,1495.0,453.33000000000004,138,138.0,358.8,406.86999999999995,2.0,51.42,False,355.44999999999993,2025-10,3
2025-10-23,BKK_Ladprao,Pineapple,61,2989.0,632.5699999999999,366,305.0,717.36,968.0700000000002,4.0,65.48,False,902.5900000000001,2025-10,3
2025-10-23,BKK_Ladprao,Watermelon,73,3285.0,563.56,438,365.0,788.3999999999999,1130.0400000000002,3.0,41.16,False,1088.88,2025-10,3
2025-10-23,BKK_Sukhumvit,Guava,52,2548.0,490.87999999999994,312,286.0,764.4,694.72,3.0,46.32,False,648.4,2025-10,3
2025-10-23,BKK_Sukhumvit,PassionFruit,40,2600.0,788.4000000000001,240,240.0,624.0,707.5999999999999,4.0,102.84,False,604.7599999999999,2025-10,3
2025-10-23,BKK_Sukhumvit,Pineapple,78,3822.0,808.8599999999999,468,390.0,917.28,1237.8600000000004,5.0,81.85,False,1156.0100000000004,2025-10,3
2025-10-23,BKK_Sukhumvit,Watermelon,128,5760.0,988.16,768,640.0,1728.0,1635.8400000000001,4.0,54.88,False,1580.96,2025-10,3
2025-10-23,Pattaya_Beach,Guava,70,3430.0,660.8,420,385.0,823.2,1141.0000000000002,1.0,15.44,False,1125.5600000000002,2025-10,3
2025-10-23,Pattaya_Beach,PassionFruit,48,3120.0,946.08,288,288.0,748.8,849.1199999999999,5.0,128.55,False,720.5699999999999,2025-10,3
2025-10-23,Pattaya_Beach,Pineapple,99,4851.0,1026.6299999999999,594,495.0,1455.3,1280.0700000000002,5.0,81.85,False,1198.2200000000003,2025-10,3
2025-10-23,Pattaya_Beach,Watermelon,126,5670.0,972.72,756,630.0,1701.0,1610.28,4.0,54.88,False,1555.3999999999999,2025-10,3
2025-10-23,Pattaya_Central,Guava,75,3675.0,708.0,450,412.5,1102.5,1002.0000000000001,3.0,46.32,False,955.6800000000001,2025-10,3
2025-10-23,Pattaya_Central,PassionFruit,47,3055.0,926.37,282,282.0,916.5,648.13,3.0,77.13,False,571.0,2025-10,3
2025-10-23,Pattaya_Central,Pineapple,106,5194.0,1099.22,636,530.0,1246.56,1682.2200000000003,6.0,98.22,False,1584.0000000000002,2025-10,3
2025-10-23,Pattaya_Central,Watermelon,175,7875.0,1351.0,1050,875.0,1890.0,2709.0,7.0,96.04,False,2612.96,2025-10,3
2025-10-24,BKK_Ladprao,Guava,38,1862.0,358.71999999999997,228,209.0,446.88,619.4000000000001,2.0,30.88,False,588.5200000000001,2025-10,4
2025-10-24,BKK_Ladprao,PassionFruit,25,1625.0,492.75000000000006,150,150.0,390.0,442.24999999999994,3.0,77.13,False,365.11999999999995,2025-10,4
2025-10-24,BKK_Ladprao,Pineapple,52,2548.0,539.2399999999999,312,260.0,764.4,672.3600000000001,2.0,32.74,False,639.6200000000001,2025-10,4
2025-10-24,BKK_Ladprao,Watermelon,78,3510.0,602.16,468,390.0,1053.0,996.84,3.0,41.16,False,955.6800000000001,2025-10,4
2025-10-24,BKK_Sukhumvit,Guava,59,2891.0,556.96,354,324.5,867.3,788.24,3.0,46.32,False,741.92,2025-10,4
2025-10-24,BKK_Sukhumvit,PassionFruit,51,3315.0,1005.21,306,306.0,994.5,703.29,6.0,154.26,False,549.03,2025-10,4
2025-10-24,BKK_Sukhumvit,Pineapple,73,3577.0,757.01,438,365.0,858.4799999999999,1158.5100000000002,3.0,49.11,False,1109.4000000000003,2025-10,4
2025-10-24,BKK_Sukhumvit,Watermelon,129,5805.0,995.88,774,645.0,1393.2,1996.92,3.0,41.16,False,1955.76,2025-10,4
2025-10-24,Pattaya_Beach,Guava,70,3430.0,660.8,420,385.0,1029.0,935.2,4.0,61.76,False,873.44,2025-10,4
2025-10-24,Pattaya_Beach,PassionFruit,35,2275.0,689.85,210,210.0,546.0,619.1499999999999,4.0,102.84,False,516.3099999999998,2025-10,4
2025-10-24,Pattaya_Beach,Pineapple,103,5047.0,1068.11,618,515.0,1514.1,1331.7900000000002,3.0,49.11,False,1282.6800000000003,2025-10,4
2025-10-24,Pattaya_Beach,Watermelon,136,6120.0,1049.92,816,680.0,1836.0,1738.0800000000002,5.0,68.6,False,1669.4800000000002,2025-10,4
2025-10-24,Pattaya_Central,Guava,63,3087.0,594.7199999999999,378,346.5,926.0999999999999,841.6800000000001,3.0,46.32,False,795.36,2025-10,4
2025-10-24,Pattaya_Central,PassionFruit,53,3445.0,1044.63,318,318.0,1033.5,730.8699999999999,4.0,102.84,False,628.0299999999999,2025-10,4
2025-10-24,Pattaya_Central,Pineapple,127,6223.0,1316.9899999999998,762,635.0,1493.52,2015.4900000000007,6.0,98.22,False,1917.2700000000007,2025-10,4
2025-10-24,Pattaya_Central,Watermelon,156,7020.0,1204.32,936,780.0,1684.8,2414.88,3.0,41.16,False,2373.7200000000003,2025-10,4
2025-10-25,BKK_Ladprao,Guava,39,1911.0,368.15999999999997,234,214.5,458.64,635.7000000000002,2.0,30.88,False,604.8200000000002,2025-10,5
2025-10-25,BKK_Ladprao,PassionFruit,28,1820.0,551.88,168,168.0,546.0,386.12,3.0,77.13,False,308.99,2025-10,5
2025-10-25,BKK_Ladprao,Pineapple,61,2989.0,632.5699999999999,366,305.0,896.6999999999999,788.7300000000002,4.0,65.48,False,723.2500000000002,2025-10,5
2025-10-25,BKK_Ladprao,Watermelon,76,3420.0,586.72,456,380.0,820.8,1176.48,5.0,68.6,False,1107.88,2025-10,5
2025-10-25,BKK_Sukhumvit,Guava,55,2695.0,519.1999999999999,330,302.5,646.8,896.5000000000001,3.0,46.32,False,850.1800000000001,2025-10,5
2025-10-25,BKK_Sukhumvit,PassionFruit,40,2600.0,788.4,240,240.0,780.0,551.6,4.0,102.84,False,448.76,2025-10,5
2025-10-25,BKK_Sukhumvit,Pineapple,104,5096.0,1078.48,624,520.0,1223.04,1650.4800000000002,3.0,49.11,False,1601.3700000000003,2025-10,5
2025-10-25,BKK_Sukhumvit,Watermelon,137,6165.0,1057.64,822,685.0,1479.6,2120.76,5.0,68.6,False,2052.1600000000003,2025-10,5
2025-10-25,Pattaya_Beach,Guava,73,3577.0,689.12,438,401.5,858.48,1189.9,2.0,30.88,False,1159.02,2025-10,5
2025-10-25,Pattaya_Beach,PassionFruit,41,2665.0,808.11,246,246.0,799.5,565.39,3.0,77.13,False,488.26,2025-10,5
2025-10-25,Pattaya_Beach,Pineapple,105,5145.0,1088.85,630,525.0,1234.8,1666.3500000000004,8.0,130.96,False,1535.3900000000003,2025-10,5
2025-10-25,Pattaya_Beach,Watermelon,159,7155.0,1227.48,954,795.0,2146.5,2032.02,4.0,54.88,False,1977.1399999999999,2025-10,5
2025-10-25,Pattaya_Central,Guava,74,3626.0,698.56,444,407.0,1087.8,988.64,5.0,77.2,False,911.4399999999999,2025-10,5
2025-10-25,Pattaya_Central,PassionFruit,76,4940.0,1497.96,456,456.0,1185.6,1344.4399999999998,9.0,231.39,False,1113.0499999999997,2025-10,5
2025-10-25,Pattaya_Central,Pineapple,155,7595.0,1607.35,930,775.0,1822.8,2459.8500000000004,2.0,32.74,False,2427.1100000000006,2025-10,5
2025-10-25,Pattaya_Central,Watermelon,195,8775.0,1505.4,1170,975.0,2106.0,3018.6000000000004,2.0,27.44,False,2991.1600000000003,2025-10,5
2025-10-26,BKK_Ladprao,Guava,33,1617.0,311.52,198,181.5,485.1,440.88,3.0,46.32,False,394.56,2025-10,6
2025-10-26,BKK_Ladprao,PassionFruit,25,1625.0,492.75,150,150.0,487.5,344.75,3.0,77.13,False,267.62,2025-10,6
2025-10-26,BKK_Ladprao,Pineapple,44,2156.0,456.28,264,220.0,517.44,698.2800000000001,5.0,81.85,False,616.4300000000001,2025-10,6
2025-10-26,BKK_Ladprao,Watermelon,64,2880.0,494.08,384,320.0,864.0,817.9200000000001,3.0,41.16,False,776.7600000000001,2025-10,6
2025-10-26,BKK_Sukhumvit,Guava,53,2597.0,500.31999999999994,318,291.5,779.1,708.0800000000002,4.0,61.76,False,646.3200000000002,2025-10,6
2025-10-26,BKK_Sukhumvit,PassionFruit,46,2990.0,906.6600000000001,276,276.0,897.0,634.3399999999999,5.0,128.55,False,505.7899999999999,2025-10,6
2025-10-26,BKK_Sukhumvit,Pineapple,93,4557.0,964.41,558,465.0,1093.68,1475.9100000000003,4.0,65.48,False,1410.4300000000003,2025-10,6
2025-10-26,BKK_Sukhumvit,Watermelon,125,5625.0,965.0,750,625.0,1687.5,1597.5,5.0,68.6,False,1528.9,2025-10,6
2025-10-26,Pattaya_Beach,Guava,56,2744.0,528.64,336,308.0,658.56,912.8000000000002,2.0,30.88,False,881.9200000000002,2025-10,6
2025-10-26,Pattaya_Beach,PassionFruit,54,3510.0,1064.3400000000001,324,324.0,1053.0,744.66,7.0,179.97,False,564.6899999999999,2025-10,6
2025-10-26,Pattaya_Beach,Pineapple,119,5831.0,1234.03,714,595.0,1399.44,1888.5300000000004,4.0,65.48,False,1823.0500000000004,2025-10,6
2025-10-26,Pattaya_Beach,Watermelon,158,7110.0,1219.76,948,790.0,2133.0,2019.24,5.0,68.6,False,1950.64,2025-10,6
2025-10-26,Pattaya_Central,Guava,75,3675.0,708.0,450,412.5,1102.5,1002.0,7.0,108.08,False,893.92,2025-10,6
2025-10-26,Pattaya_Central,PassionFruit,76,4940.0,1497.96,456,456.0,1482.0,1048.04,5.0,128.55,False,919.49,2025-10,6
2025-10-26,Pattaya_Central,Pineapple,137,6713.0,1420.6899999999998,822,685.0,1611.12,2174.1900000000005,7.0,114.59,False,2059.6000000000004,2025-10,6
2025-10-26,Pattaya_Central,Watermelon,202,9090.0,1559.44,1212,1010.0,2727.0,2581.56,5.0,68.6,False,2512.96,2025-10,6
2025-10-27,BKK_Ladprao,Guava,32,1568.0,286.4,192,176.0,376.32,537.28,2.0,29.9,False,507.38,2025-10,0
2025-10-27,BKK_Ladprao,PassionFruit,23,1495.0,405.03,138,138.0,448.5,365.47,2.0,47.22,False,318.25,2025-10,0
2025-10-27,BKK_Ladprao,Pineapple,52,2548.0,506.48,312,260.0,611.52,858.0,4.0,62.96,False,795.04,2025-10,0
2025-10-27,BKK_Ladprao,Watermelon,73,3285.0,573.78,438,365.0,788.4,1119.8200000000002,4.0,55.44,False,1064.38,2025-10,0
2025-10-27,BKK_Sukhumvit,Guava,54,2646.0,483.29999999999995,324,297.0,793.8,747.9000000000001,4.0,59.8,False,688.1000000000001,2025-10,0
2025-10-27,BKK_Sukhumvit,PassionFruit,46,2990.0,810.06,276,276.0,717.6,910.34,3.0,70.83,False,839.51,2025-10,0
2025-10-27,BKK_Sukhumvit,Pineapple,83,4067.0,808.4200000000001,498,415.0,1220.1,1125.48,5.0,78.7,False,1046.78,2025-10,0
2025-10-27,BKK_Sukhumvit,Watermelon,120,5400.0,943.2,720,600.0,1620.0,1516.8,5.0,69.3,False,1447.5,2025-10,0
2025-10-27,Pattaya_Beach,Guava,62,3038.0,554.9,372,341.0,729.12,1040.98,4.0,59.8,False,981.1800000000001,2025-10,0
2025-10-27,Pattaya_Beach,PassionFruit,46,2990.0,810.06,276,276.0,897.0,730.94,3.0,70.83,False,660.11,2025-10,0
2025-10-27,Pattaya_Beach,Pineapple,84,4116.0,818.1600000000001,504,420.0,1234.8,1139.0400000000002,5.0,78.7,False,1060.3400000000001,2025-10,0
2025-10-27,Pattaya_Beach,Watermelon,125,5625.0,982.5000000000001,750,625.0,1687.5,1580.0,4.0,55.44,False,1524.56,2025-10,0
2025-10-27,Pattaya_Central,Guava,67,3283.0,599.65,402,368.5,787.92,1124.93,4.0,59.8,False,1065.13,2025-10,0
2025-10-27,Pattaya_Central,PassionFruit,51,3315.0,898.11,306,306.0,795.6,1009.29,5.0,118.05,False,891.24,2025-10,0
2025-10-27,Pattaya_Central,Pineapple,101,4949.0,983.74,606,505.0,1484.7,1369.5600000000002,7.0,110.18,False,1259.38,2025-10,0
2025-10-27,Pattaya_Central,Watermelon,144,6480.0,1131.8400000000001,864,720.0,1944.0,1820.1599999999999,4.0,55.44,False,1764.7199999999998,2025-10,0
2025-10-28,BKK_Ladprao,Guava,33,1617.0,295.34999999999997,198,181.5,388.08,554.07,3.0,44.85,False,509.22,2025-10,1
2025-10-28,BKK_Ladprao,PassionFruit,37,2044.25,651.5699999999999,222,222.0,613.275,335.405,4.0,94.44,False,240.96499999999997,2025-10,1
2025-10-28,BKK_Ladprao,Pineapple,59,2891.0,574.66,354,295.0,867.3000000000001,800.0400000000002,3.0,47.22,False,752.8200000000002,2025-10,1
2025-10-28,BKK_Ladprao,Watermelon,59,2655.0,463.74,354,295.0,796.5,745.76,3.0,41.58,False,704.18,2025-10,1
2025-10-28,BKK_Sukhumvit,Guava,57,2793.0,510.15,342,313.5,837.9,789.4500000000002,4.0,59.8,False,729.6500000000002,2025-10,1
2025-10-28,BKK_Sukhumvit,PassionFruit,47,2596.75,827.67,282,282.0,779.025,426.0549999999999,5.0,118.05,False,308.0049999999999,2025-10,1
2025-10-28,BKK_Sukhumvit,Pineapple,101,4949.0,983.74,606,505.0,1187.76,1666.5,4.0,62.96,False,1603.54,2025-10,1
2025-10-28,BKK_Sukhumvit,Watermelon,122,5490.0,958.9200000000001,732,610.0,1647.0,1542.08,4.0,55.44,False,1486.6399999999999,2025-10,1
2025-10-28,Pattaya_Beach,Guava,57,2793.0,510.15,342,313.5,670.32,957.03,3.0,44.85,False,912.18,2025-10,1
2025-10-28,Pattaya_Beach,PassionFruit,64,3536.0,1127.04,384,384.0,1060.8,580.1599999999999,3.0,70.83,False,509.32999999999987,2025-10,1
2025-10-28,Pattaya_Beach,Pineapple,84,4116.0,818.16,504,420.0,987.8399999999999,1386.0,4.0,62.96,False,1323.04,2025-10,1
2025-10-28,Pattaya_Beach,Watermelon,128,5760.0,1006.08,768,640.0,1728.0,1617.9199999999998,4.0,55.44,False,1562.4799999999998,2025-10,1
2025-10-28,Pattaya_Central,Guava,66,3234.0,590.6999999999999,396,363.0,970.2,914.1000000000003,3.0,44.85,False,869.2500000000002,2025-10,1
2025-10-28,Pattaya_Central,PassionFruit,62,3425.5,1091.82,372,372.0,1027.65,562.0299999999999,6.0,141.66,False,420.3699999999999,2025-10,1
2025-10-28,Pattaya_Central,Pineapple,113,5537.0,1100.6200000000001,678,565.0,1328.8799999999999,1864.5,9.0,141.66,False,1722.84,2025-10,1
2025-10-28,Pattaya_Central,Watermelon,167,7515.0,1312.6200000000001,1002,835.0,1803.6,2561.78,7.0,97.02,False,2464.76,2025-10,1
2025-10-29,BKK_Ladprao,Guava,33,1617.0,295.34999999999997,198,181.5,485.09999999999997,457.05000000000007,3.0,44.85,False,412.20000000000005,2025-10,2
2025-10-29,BKK_Ladprao,PassionFruit,28,1820.0,493.08,168,168.0,546.0,444.9200000000001,4.0,94.44,False,350.4800000000001,2025-10,2
2025-10-29,BKK_Ladprao,Pineapple,38,1862.0,370.12,228,190.0,446.88,627.0,3.0,47.22,False,579.78,2025-10,2
2025-10-29,BKK_Ladprao,Watermelon,81,3645.0,636.6600000000001,486,405.0,1093.5,1023.8399999999999,2.0,27.72,False,996.1199999999999,2025-10,2
2025-10-29,BKK_Sukhumvit,Guava,51,2499.0,456.45,306,280.5,749.6999999999999,706.3500000000001,3.0,44.85,False,661.5000000000001,2025-10,2
2025-10-29,BKK_Sukhumvit,PassionFruit,52,3380.0,915.72,312,312.0,811.2,1029.08,4.0,94.44,False,934.6399999999999,2025-10,2
2025-10-29,BKK_Sukhumvit,Pineapple,94,4606.0,915.5600000000001,564,470.0,1105.44,1551.0,4.0,62.96,False,1488.04,2025-10,2
2025-10-29,BKK_Sukhumvit,Watermelon,118,5310.0,927.4800000000001,708,590.0,1274.3999999999999,1810.1200000000001,4.0,55.44,False,1754.68,2025-10,2
2025-10-29,Pattaya_Beach,Guava,53,2597.0,474.34999999999997,318,291.5,779.1,734.0500000000002,2.0,29.9,False,704.1500000000002,2025-10,2
2025-10-29,Pattaya_Beach,PassionFruit,51,3315.0,898.11,306,306.0,994.5,810.3900000000001,5.0,118.05,False,692.3400000000001,2025-10,2
2025-10-29,Pattaya_Beach,Pineapple,69,3381.0,672.0600000000001,414,345.0,811.4399999999999,1138.5,5.0,78.7,False,1059.8,2025-10,2
2025-10-29,Pattaya_Beach,Watermelon,153,6885.0,1202.5800000000002,918,765.0,1652.3999999999999,2347.02,5.0,69.3,False,2277.72,2025-10,2
2025-10-29,Pattaya_Central,Guava,62,3038.0,554.9,372,341.0,729.12,1040.98,3.0,44.85,False,996.13,2025-10,2
2025-10-29,Pattaya_Central,PassionFruit,59,3835.0,1038.99,354,354.0,1150.5,937.5100000000001,3.0,70.83,False,866.6800000000001,2025-10,2
2025-10-29,Pattaya_Central,Pineapple,110,5390.0,1071.4,660,550.0,1293.6,1815.0,5.0,78.7,False,1736.3,2025-10,2
2025-10-29,Pattaya_Central,Watermelon,163,7335.0,1281.18,978,815.0,1760.3999999999999,2500.42,7.0,97.02,False,2403.4,2025-10,2
2025-10-30,BKK_Ladprao,Guava,16,784.0,143.2,96,88.0,235.2,221.60000000000002,1.0,14.95,False,206.65000000000003,2025-10,3
2025-10-30,BKK_Ladprao,PassionFruit,25,1625.0,440.25,150,150.0,390.0,494.75,4.0,94.44,False,400.31,2025-10,3
2025-10-30,BKK_Ladprao,Pineapple,59,2891.0,574.66,354,295.0,693.8399999999999,973.5,4.0,62.96,False,910.54,2025-10,3
2025-10-30,BKK_Ladprao,Watermelon,82,3690.0,644.5200000000001,492,410.0,1107.0,1036.48,5.0,69.3,False,967.1800000000001,2025-10,3
2025-10-30,BKK_Sukhumvit,Guava,49,2401.0,438.54999999999995,294,269.5,720.3,678.6500000000001,2.0,29.9,False,648.7500000000001,2025-10,3
2025-10-30,BKK_Sukhumvit,PassionFruit,46,2990.0,810.06,276,276.0,897.0,730.94,4.0,94.44,False,636.5,2025-10,3
2025-10-30,BKK_Sukhumvit,Pineapple,90,4410.0,876.6,540,450.0,1323.0,1220.4,2.0,31.48,False,1188.92,2025-10,3
2025-10-30,BKK_Sukhumvit,Watermelon,130,5850.0,1021.8000000000001,780,650.0,1404.0,1994.2,6.0,83.16,False,1911.04,2025-10,3
2025-10-30,Pattaya_Beach,Guava,57,2793.0,510.15,342,313.5,837.9,789.4500000000002,2.0,29.9,False,759.5500000000002,2025-10,3
2025-10-30,Pattaya_Beach,PassionFruit,50,3250.0,880.5,300,300.0,975.0,794.5000000000001,5.0,118.05,False,676.4500000000002,2025-10,3
2025-10-30,Pattaya_Beach,Pineapple,89,4361.0,866.86,534,445.0,1046.6399999999999,1468.5,4.0,62.96,False,1405.54,2025-10,3
2025-10-30,Pattaya_Beach,Watermelon,133,5985.0,1045.38,798,665.0,1795.5,1681.12,3.0,41.58,False,1639.54,2025-10,3
2025-10-30,Pattaya_Central,Guava,75,3675.0,671.2499999999999,450,412.5,1102.5,1038.7500000000002,3.0,44.85,False,993.9000000000002,2025-10,3
2025-10-30,Pattaya_Central,PassionFruit,48,3120.0,845.28,288,288.0,936.0,762.7200000000001,7.0,165.27,False,597.4500000000002,2025-10,3
2025-10-30,Pattaya_Central,Pineapple,105,5145.0,1022.7,630,525.0,1234.8,1732.5,5.0,78.7,False,1653.8,2025-10,3
2025-10-30,Pattaya_Central,Watermelon,153,6885.0,1202.5800000000002,918,765.0,1652.3999999999999,2347.02,5.0,69.3,False,2277.72,2025-10,3
2025-10-31,BKK_Ladprao,Guava,32,1568.0,286.4,192,176.0,376.32,537.28,2.0,29.9,False,507.38,2025-10,4
2025-10-31,BKK_Ladprao,PassionFruit,26,1690.0,457.86,156,156.0,405.59999999999997,514.54,5.0,118.05,False,396.48999999999995,2025-10,4
2025-10-31,BKK_Ladprao,Pineapple,42,2058.0,409.08,252,210.0,617.4,569.5200000000001,4.0,62.96,False,506.5600000000001,2025-10,4
2025-10-31,BKK_Ladprao,Watermelon,66,2970.0,518.76,396,330.0,891.0,834.24,2.0,27.72,False,806.52,2025-10,4
2025-10-31,BKK_Sukhumvit,Guava,55,2695.0,492.24999999999994,330,302.5,808.5,761.7500000000002,4.0,59.8,False,701.9500000000003,2025-10,4
2025-10-31,BKK_Sukhumvit,PassionFruit,41,2665.0,722.01,246,246.0,639.6,811.39,3.0,70.83,False,740.56,2025-10,4
2025-10-31,BKK_Sukhumvit,Pineapple,68,3332.0,662.32,408,340.0,799.68,1122.0,3.0,47.22,False,1074.78,2025-10,4
2025-10-31,BKK_Sukhumvit,Watermelon,120,5400.0,943.2,720,600.0,1296.0,1840.8,3.0,41.58,False,1799.22,2025-10,4
2025-10-31,Pattaya_Beach,Guava,48,2352.0,429.59999999999997,288,264.0,705.6,664.8000000000002,2.0,29.9,False,634.9000000000002,2025-10,4
2025-10-31,Pattaya_Beach,PassionFruit,56,3640.0,986.16,336,336.0,1092.0,889.84,2.0,47.22,False,842.62,2025-10,4
2025-10-31,Pattaya_Beach,Pineapple,91,4459.0,886.34,546,455.0,1070.16,1501.5,4.0,62.96,False,1438.54,2025-10,4
2025-10-31,Pattaya_Beach,Watermelon,136,6120.0,1068.96,816,680.0,1836.0,1719.04,4.0,55.44,False,1663.6,2025-10,4
2025-10-31,Pattaya_Central,Guava,71,3479.0,635.4499999999999,426,390.5,1043.7,983.3500000000001,4.0,59.8,False,923.5500000000002,2025-10,4
2025-10-31,Pattaya_Central,PassionFruit,64,4160.0,1127.04,384,384.0,998.4,1266.56,6.0,141.66,False,1124.8999999999999,2025-10,4
2025-10-31,Pattaya_Central,Pineapple,103,5047.0,1003.22,618,515.0,1514.1,1396.6800000000003,5.0,78.7,False,1317.9800000000002,2025-10,4
2025-10-31,Pattaya_Central,Watermelon,133,5985.0,1045.38,798,665.0,1795.5,1681.12,4.0,55.44,False,1625.6799999999998,2025-10,4
2025-11-01,BKK_Ladprao,Guava,35,1715.0,313.25,210,192.5,411.6,587.65,3.0,44.85,False,542.8,2025-11,5
2025-11-01,BKK_Ladprao,PassionFruit,37,2405.0,651.5699999999999,222,222.0,721.5,587.9300000000001,8.0,188.88,False,399.05000000000007,2025-11,5
2025-11-01,BKK_Ladprao,Pineapple,58,2842.0,564.9200000000001,348,290.0,852.6,786.4800000000001,5.0,78.7,False,707.7800000000001,2025-11,5
2025-11-01,BKK_Ladprao,Watermelon,103,4635.0,809.58,618,515.0,1390.5,1301.9199999999998,1.0,13.86,False,1288.06,2025-11,5
2025-11-01,BKK_Sukhumvit,Guava,57,2793.0,510.15,342,313.5,670.3199999999999,957.03,3.0,44.85,False,912.18,2025-11,5
2025-11-01,BKK_Sukhumvit,PassionFruit,60,3900.0,1056.6,360,360.0,1170.0,953.4000000000001,5.0,118.05,False,835.3500000000001,2025-11,5
2025-11-01,BKK_Sukhumvit,Pineapple,93,4557.0,905.82,558,465.0,1093.68,1534.5,3.0,47.22,False,1487.28,2025-11,5
2025-11-01,BKK_Sukhumvit,Watermelon,156,7020.0,1226.16,936,780.0,2106.0,1971.84,4.0,55.44,False,1916.3999999999999,2025-11,5
2025-11-01,Pattaya_Beach,Guava,73,3577.0,653.3499999999999,438,401.5,858.48,1225.67,4.0,59.8,False,1165.8700000000001,2025-11,5
2025-11-01,Pattaya_Beach,PassionFruit,67,4355.0,1179.87,402,402.0,1306.5,1064.63,6.0,141.66,False,922.9700000000001,2025-11,5
2025-11-01,Pattaya_Beach,Pineapple,132,6468.0,1285.68,792,660.0,1940.3999999999999,1789.92,3.0,47.22,False,1742.7,2025-11,5
2025-11-01,Pattaya_Beach,Watermelon,180,8100.0,1414.8000000000002,1080,900.0,2430.0,2275.2,7.0,97.02,False,2178.18,2025-11,5
2025-11-01,Pattaya_Central,Guava,102,4998.0,912.9,612,561.0,1199.52,1712.58,9.0,134.55,False,1578.03,2025-11,5
2025-11-01,Pattaya_Central,PassionFruit,73,4745.0,1285.53,438,438.0,1423.5,1159.97,3.0,70.83,False,1089.14,2025-11,5
2025-11-01,Pattaya_Central,Pineapple,140,6860.0,1363.6000000000001,840,700.0,1646.3999999999999,2310.0,7.0,110.18,False,2199.82,2025-11,5
2025-11-01,Pattaya_Central,Watermelon,245,11025.0,1925.7,1470,1225.0,2646.0,3758.3,6.0,83.16,False,3675.1400000000003,2025-11,5
2025-11-02,BKK_Ladprao,Guava,24,1176.0,214.79999999999998,144,132.0,352.8,332.40000000000003,2.0,29.9,False,302.50000000000006,2025-11,6
2025-11-02,BKK_Ladprao,PassionFruit,31,2015.0,545.91,186,186.0,604.5,492.59000000000003,3.0,70.83,False,421.76000000000005,2025-11,6
2025-11-02,BKK_Ladprao,Pineapple,57,2793.0,555.1800000000001,342,285.0,670.3199999999999,940.5,6.0,94.44,False,846.06,2025-11,6
2025-11-02,BKK_Ladprao,Watermelon,83,3735.0,652.38,498,415.0,896.4,1273.22,4.0,55.44,False,1217.78,2025-11,6
2025-11-02,BKK_Sukhumvit,Guava,68,3332.0,608.5999999999999,408,374.0,999.6,941.8000000000002,3.0,44.85,False,896.9500000000002,2025-11,6
2025-11-02,BKK_Sukhumvit,PassionFruit,50,3250.0,880.5,300,300.0,780.0,989.5,4.0,94.44,False,895.06,2025-11,6
2025-11-02,BKK_Sukhumvit,Pineapple,102,4998.0,993.48,612,510.0,1199.52,1683.0,4.0,62.96,False,1620.04,2025-11,6
2025-11-02,BKK_Sukhumvit,Watermelon,163,7335.0,1281.18,978,815.0,2200.5,2060.3199999999997,7.0,97.02,False,1963.2999999999997,2025-11,6
2025-11-02,Pattaya_Beach,Guava,94,4606.0,841.3,564,517.0,1381.8,1301.9,7.0,104.65,False,1197.25,2025-11,6
2025-11-02,Pattaya_Beach,PassionFruit,77,5005.0,1355.97,462,462.0,1501.5,1223.53,4.0,94.44,False,1129.09,2025-11,6
2025-11-02,Pattaya_Beach,Pineapple,127,6223.0,1236.98,762,635.0,1493.52,2095.5,3.0,47.22,False,2048.28,2025-11,6
2025-11-02,Pattaya_Beach,Watermelon,206,9270.0,1619.16,1236,1030.0,2781.0,2603.84,5.0,69.3,False,2534.54,2025-11,6
2025-11-02,Pattaya_Central,Guava,95,4655.0,850.25,570,522.5,1396.5,1315.7500000000002,5.0,74.75,False,1241.0000000000002,2025-11,6
2025-11-02,Pattaya_Central,PassionFruit,71,4615.0,1250.31,426,426.0,1107.6,1405.0900000000001,6.0,141.66,False,1263.43,2025-11,6
2025-11-02,Pattaya_Central,Pineapple,163,7987.0,1587.62,978,815.0,2396.1,2210.28,8.0,125.92,False,2084.36,2025-11,6
2025-11-02,Pattaya_Central,Watermelon,243,10935.0,1909.98,1458,1215.0,3280.5,3071.52,8.0,110.88,False,2960.64,2025-11,6
2025-11-03,BKK_Ladprao,Guava,40,1960.0,340.4,240,220.0,470.4,689.2,4.0,58.04,False,631.1600000000001,2025-11,0
2025-11-03,BKK_Ladprao,PassionFruit,33,2145.0,624.03,198,198.0,643.5,481.47,2.0,49.82,False,431.65000000000003,2025-11,0
2025-11-03,BKK_Ladprao,Pineapple,68,3332.0,676.5999999999999,408,340.0,999.6,907.8000000000002,8.0,127.6,False,780.2000000000002,2025-11,0
2025-11-03,BKK_Ladprao,Watermelon,87,3915.0,669.9,522,435.0,939.5999999999999,1348.5,6.0,82.2,False,1266.3,2025-11,0
2025-11-03,BKK_Sukhumvit,Guava,60,2940.0,510.6,360,330.0,882.0,857.4000000000001,4.0,58.04,False,799.3600000000001,2025-11,0
2025-11-03,BKK_Sukhumvit,PassionFruit,38,2470.0,718.58,228,228.0,741.0,554.42,2.0,49.82,False,504.59999999999997,2025-11,0
2025-11-03,BKK_Sukhumvit,Pineapple,133,6517.0,1323.35,798,665.0,1564.08,2166.57,8.0,127.6,False,2038.9700000000003,2025-11,0
2025-11-03,BKK_Sukhumvit,Watermelon,154,6930.0,1185.8,924,770.0,1663.2,2387.0,6.0,82.2,False,2304.8,2025-11,0
2025-11-03,Pattaya_Beach,Guava,56,2744.0,476.56,336,308.0,823.1999999999999,800.2400000000002,4.0,58.04,False,742.2000000000003,2025-11,0
2025-11-03,Pattaya_Beach,PassionFruit,53,3445.0,1002.23,318,318.0,1033.5,773.2700000000001,8.0,199.28,False,573.9900000000001,2025-11,0
2025-11-03,Pattaya_Beach,Pineapple,108,5292.0,1074.6,648,540.0,1587.6,1441.8000000000002,5.0,79.75,False,1362.0500000000002,2025-11,0
2025-11-03,Pattaya_Beach,Watermelon,149,6705.0,1147.3,894,745.0,2011.5,1907.1999999999998,5.0,68.5,False,1838.6999999999998,2025-11,0
2025-11-03,Pattaya_Central,Guava,80,3920.0,680.8,480,440.0,1176.0,1143.2000000000003,6.0,87.06,False,1056.1400000000003,2025-11,0
2025-11-03,Pattaya_Central,PassionFruit,66,4290.0,1248.06,396,396.0,1029.6,1220.34,6.0,149.46,False,1070.8799999999999,2025-11,0
2025-11-03,Pattaya_Central,Pineapple,137,6713.0,1363.1499999999999,822,685.0,2013.8999999999999,1828.9500000000003,5.0,79.75,False,1749.2000000000003,2025-11,0
2025-11-03,Pattaya_Central,Watermelon,191,8595.0,1470.7,1146,955.0,2578.5,2444.7999999999997,8.0,109.6,False,2335.2,2025-11,0
2025-11-04,BKK_Ladprao,Guava,40,1960.0,340.4,240,220.0,470.4,689.2,4.0,58.04,False,631.1600000000001,2025-11,1
2025-11-04,BKK_Ladprao,PassionFruit,39,2535.0,737.49,234,234.0,608.4,721.11,4.0,99.64,False,621.47,2025-11,1
2025-11-04,BKK_Ladprao,Pineapple,48,2352.0,477.59999999999997,288,240.0,564.48,781.92,4.0,63.8,False,718.12,2025-11,1
2025-11-04,BKK_Ladprao,Watermelon,99,4455.0,762.3,594,495.0,1069.1999999999998,1534.5,4.0,54.8,False,1479.7,2025-11,1
2025-11-04,BKK_Sukhumvit,Guava,65,3185.0,553.15,390,357.5,764.4,1119.95,3.0,43.53,False,1076.42,2025-11,1
2025-11-04,BKK_Sukhumvit,PassionFruit,45,2925.0,850.95,270,270.0,702.0,832.0500000000001,4.0,99.64,False,732.4100000000001,2025-11,1
2025-11-04,BKK_Sukhumvit,Pineapple,97,4753.0,965.15,582,485.0,1425.9,1294.95,3.0,47.85,False,1247.1000000000001,2025-11,1
2025-11-04,BKK_Sukhumvit,Watermelon,143,6435.0,1101.1000000000001,858,715.0,1930.5,1830.3999999999999,3.0,41.1,False,1789.3,2025-11,1
2025-11-04,Pattaya_Beach,Guava,76,3724.0,646.76,456,418.0,893.76,1309.48,7.0,101.57,False,1207.91,2025-11,1
2025-11-04,Pattaya_Beach,PassionFruit,58,3770.0,1096.78,348,348.0,1131.0,846.22,7.0,174.37,False,671.85,2025-11,1
2025-11-04,Pattaya_Beach,Pineapple,101,4949.0,1004.9499999999999,606,505.0,1187.76,1645.29,7.0,111.65,False,1533.6399999999999,2025-11,1
2025-11-04,Pattaya_Beach,Watermelon,165,7425.0,1270.5,990,825.0,2227.5,2112.0,4.0,54.8,False,2057.2,2025-11,1
2025-11-04,Pattaya_Central,Guava,87,4263.0,740.37,522,478.5,1023.12,1499.01,6.0,87.06,False,1411.95,2025-11,1
2025-11-04,Pattaya_Central,PassionFruit,65,4225.0,1229.15,390,390.0,1267.5,948.3499999999999,2.0,49.82,False,898.5299999999999,2025-11,1
2025-11-04,Pattaya_Central,Pineapple,149,7301.0,1482.55,894,745.0,1752.2399999999998,2427.21,6.0,95.7,False,2331.51,2025-11,1
2025-11-04,Pattaya_Central,Watermelon,209,9405.0,1609.3,1254,1045.0,2257.2,3239.5,4.0,54.8,False,3184.7,2025-11,1
2025-11-05,BKK_Ladprao,Guava,36,1764.0,306.36,216,198.0,529.2,514.44,3.0,43.53,False,470.9100000000001,2025-11,2
2025-11-05,BKK_Ladprao,PassionFruit,30,1950.0,567.3,180,180.0,468.0,554.7,5.0,124.55,False,430.15000000000003,2025-11,2
2025-11-05,BKK_Ladprao,Pineapple,54,2646.0,537.3,324,270.0,793.8,720.9000000000001,4.0,63.8,False,657.1000000000001,2025-11,2
2025-11-05,BKK_Ladprao,Watermelon,93,4185.0,716.1,558,465.0,1255.5,1190.4,3.0,41.1,False,1149.3000000000002,2025-11,2
2025-11-05,BKK_Sukhumvit,Guava,72,3528.0,612.72,432,396.0,1058.3999999999999,1028.8800000000003,7.0,101.57,False,927.3100000000004,2025-11,2
2025-11-05,BKK_Sukhumvit,PassionFruit,55,3575.0,1040.05,330,330.0,1072.5,802.45,4.0,99.64,False,702.8100000000001,2025-11,2
2025-11-05,BKK_Sukhumvit,Pineapple,114,5586.0,1134.3,684,570.0,1340.6399999999999,1857.06,6.0,95.7,False,1761.36,2025-11,2
2025-11-05,BKK_Sukhumvit,Watermelon,152,6840.0,1170.4,912,760.0,1641.6,2356.0,3.0,41.1,False,2314.9,2025-11,2
2025-11-05,Pattaya_Beach,Guava,70,3430.0,595.7,420,385.0,1029.0,1000.3000000000003,4.0,58.04,False,942.2600000000003,2025-11,2
2025-11-05,Pattaya_Beach,PassionFruit,61,3965.0,1153.51,366,366.0,1189.5,889.99,6.0,149.46,False,740.53,2025-11,2
2025-11-05,Pattaya_Beach,Pineapple,115,5635.0,1144.25,690,575.0,1352.4,1873.3500000000001,2.0,31.9,False,1841.45,2025-11,2
2025-11-05,Pattaya_Beach,Watermelon,174,7830.0,1339.8000000000002,1044,870.0,2349.0,2227.2,8.0,109.6,False,2117.6,2025-11,2
2025-11-05,Pattaya_Central,Guava,84,4116.0,714.84,504,462.0,987.84,1447.3200000000002,4.0,58.04,False,1389.2800000000002,2025-11,2
2025-11-05,Pattaya_Central,PassionFruit,65,4225.0,1229.15,390,390.0,1267.5,948.3499999999999,6.0,149.46,False,798.8899999999999,2025-11,2
2025-11-05,Pattaya_Central,Pineapple,135,6615.0,1343.25,810,675.0,1587.6,2199.15,4.0,63.8,False,2135.35,2025-11,2
2025-11-05,Pattaya_Central,Watermelon,177,7965.0,1362.9,1062,885.0,2389.5,2265.6,5.0,68.5,False,2197.1,2025-11,2
2025-11-06,BKK_Ladprao,Guava,35,1715.0,297.85,210,192.5,411.6,603.0500000000001,4.0,58.04,False,545.0100000000001,2025-11,3
2025-11-06,BKK_Ladprao,PassionFruit,32,2080.0,605.12,192,192.0,499.2,591.6800000000001,4.0,99.64,False,492.0400000000001,2025-11,3
2025-11-06,BKK_Ladprao,Pineapple,72,3528.0,716.4,432,360.0,846.72,1172.88,6.0,95.7,False,1077.18,2025-11,3
2025-11-06,BKK_Ladprao,Watermelon,128,4896.0,985.6,768,640.0,1175.04,1327.36,6.0,82.2,False,1245.1599999999999,2025-11,3
2025-11-06,BKK_Sukhumvit,Guava,71,3479.0,604.21,426,390.5,1043.7,1014.5900000000001,3.0,43.53,False,971.0600000000002,2025-11,3
2025-11-06,BKK_Sukhumvit,PassionFruit,53,3445.0,1002.23,318,318.0,826.8,979.97,6.0,149.46,False,830.51,2025-11,3
2025-11-06,BKK_Sukhumvit,Pineapple,103,5047.0,1024.85,618,515.0,1514.1,1375.0500000000004,3.0,47.85,False,1327.2000000000005,2025-11,3
2025-11-06,BKK_Sukhumvit,Watermelon,218,8338.5,1678.6000000000001,1308,1090.0,2001.2399999999998,2260.6600000000003,7.0,95.9,False,2164.76,2025-11,3
2025-11-06,Pattaya_Beach,Guava,65,3185.0,553.15,390,357.5,955.5,928.8500000000003,2.0,29.02,False,899.8300000000003,2025-11,3
2025-11-06,Pattaya_Beach,PassionFruit,54,3510.0,1021.14,324,324.0,842.4,998.46,5.0,124.55,False,873.9100000000001,2025-11,3
2025-11-06,Pattaya_Beach,Pineapple,97,4753.0,965.15,582,485.0,1140.72,1580.1299999999999,4.0,63.8,False,1516.33,2025-11,3
2025-11-06,Pattaya_Beach,Watermelon,214,8185.5,1647.8,1284,1070.0,2455.65,1728.0500000000002,8.0,109.6,False,1618.4500000000003,2025-11,3
2025-11-06,Pattaya_Central,Guava,66,3234.0,561.66,396,363.0,970.1999999999999,943.1400000000002,2.0,29.02,False,914.1200000000002,2025-11,3
2025-11-06,Pattaya_Central,PassionFruit,66,4290.0,1248.06,396,396.0,1287.0,962.9399999999998,8.0,199.28,False,763.6599999999999,2025-11,3
2025-11-06,Pattaya_Central,Pineapple,142,6958.0,1412.8999999999999,852,710.0,1669.9199999999998,2313.1800000000003,3.0,47.85,False,2265.3300000000004,2025-11,3
2025-11-06,Pattaya_Central,Watermelon,269,10289.25,2071.3,1614,1345.0,3086.7749999999996,2172.175,6.0,82.2,False,2089.9750000000004,2025-11,3
2025-11-07,BKK_Ladprao,Guava,28,1372.0,238.28,168,154.0,329.28,482.44000000000005,3.0,43.53,False,438.9100000000001,2025-11,4
2025-11-07,BKK_Ladprao,PassionFruit,31,2015.0,586.21,186,186.0,604.5,452.28999999999996,4.0,99.64,False,352.65,2025-11,4
2025-11-07,BKK_Ladprao,Pineapple,61,2989.0,606.9499999999999,366,305.0,717.36,993.69,5.0,79.75,False,913.94,2025-11,4
2025-11-07,BKK_Ladprao,Watermelon,86,3870.0,662.2,516,430.0,928.8,1333.0,4.0,54.8,False,1278.2,2025-11,4
2025-11-07,BKK_Sukhumvit,Guava,74,3626.0,629.74,444,407.0,1087.8,1057.46,4.0,58.04,False,999.4200000000001,2025-11,4
2025-11-07,BKK_Sukhumvit,PassionFruit,44,2860.0,832.04,264,264.0,858.0,641.96,4.0,99.64,False,542.32,2025-11,4
2025-11-07,BKK_Sukhumvit,Pineapple,84,4116.0,835.8,504,420.0,1234.8,1121.4,2.0,31.9,False,1089.5,2025-11,4
2025-11-07,BKK_Sukhumvit,Watermelon,171,7695.0,1316.7,1026,855.0,2308.5,2188.8,7.0,95.9,False,2092.9,2025-11,4
2025-11-07,Pattaya_Beach,Guava,65,3185.0,553.15,390,357.5,764.4,1119.95,1.0,14.51,False,1105.44,2025-11,4
2025-11-07,Pattaya_Beach,PassionFruit,58,3770.0,1096.78,348,348.0,1131.0,846.2199999999999,4.0,99.64,False,746.5799999999999,2025-11,4
2025-11-07,Pattaya_Beach,Pineapple,106,5194.0,1054.6999999999998,636,530.0,1558.2,1415.1000000000004,3.0,47.85,False,1367.2500000000005,2025-11,4
2025-11-07,Pattaya_Beach,Watermelon,166,7470.0,1278.2,996,830.0,1792.8,2573.0,8.0,109.6,False,2463.4,2025-11,4
2025-11-07,Pattaya_Central,Guava,78,3822.0,663.78,468,429.0,1146.6,1114.6200000000003,1.0,14.51,False,1100.1100000000004,2025-11,4
2025-11-07,Pattaya_Central,PassionFruit,72,4680.0,1361.52,432,432.0,1123.2,1331.28,5.0,124.55,False,1206.73,2025-11,4
2025-11-07,Pattaya_Central,Pineapple,97,4753.0,965.15,582,485.0,1425.9,1294.9500000000003,6.0,95.7,False,1199.2500000000002,2025-11,4
2025-11-07,Pattaya_Central,Watermelon,193,8685.0,1486.1,1158,965.0,2084.4,2991.5,7.0,95.9,False,2895.6,2025-11,4
2025-11-08,BKK_Ladprao,Guava,33,1617.0,280.83,198,181.5,388.08,568.59,2.0,29.02,False,539.57,2025-11,5
2025-11-08,BKK_Ladprao,PassionFruit,27,1755.0,510.57,162,162.0,526.5,393.93000000000006,6.0,149.46,False,244.47000000000006,2025-11,5
2025-11-08,BKK_Ladprao,Pineapple,53,2597.0,527.3499999999999,318,265.0,779.1,707.5500000000001,1.0,15.95,False,691.6,2025-11,5
2025-11-08,BKK_Ladprao,Watermelon,91,4095.0,700.7,546,455.0,982.8,1410.5,6.0,82.2,False,1328.3,2025-11,5
2025-11-08,BKK_Sukhumvit,Guava,63,3087.0,536.13,378,346.5,926.1,900.2700000000002,3.0,43.53,False,856.7400000000002,2025-11,5
2025-11-08,BKK_Sukhumvit,PassionFruit,54,3510.0,1021.14,324,324.0,842.4,998.46,7.0,174.37,False,824.09,2025-11,5
2025-11-08,BKK_Sukhumvit,Pineapple,100,4900.0,995.0,600,500.0,1176.0,1628.9999999999998,7.0,111.65,False,1517.3499999999997,2025-11,5
2025-11-08,BKK_Sukhumvit,Watermelon,150,6750.0,1155.0,900,750.0,2025.0,1920.0,7.0,95.9,False,1824.1,2025-11,5
2025-11-08,Pattaya_Beach,Guava,95,4655.0,808.45,570,522.5,1117.2,1636.8500000000001,5.0,72.55,False,1564.3000000000002,2025-11,5
2025-11-08,Pattaya_Beach,PassionFruit,63,4095.0,1191.33,378,378.0,1228.5,919.17,4.0,99.64,False,819.53,2025-11,5
2025-11-08,Pattaya_Beach,Pineapple,133,6517.0,1323.35,798,665.0,1564.08,2166.57,5.0,79.75,False,2086.82,2025-11,5
2025-11-08,Pattaya_Beach,Watermelon,209,9405.0,1609.3,1254,1045.0,2821.5,2675.2,7.0,95.9,False,2579.2999999999997,2025-11,5
2025-11-08,Pattaya_Central,Guava,77,3773.0,655.27,462,423.5,1131.9,1100.3300000000002,5.0,72.55,False,1027.7800000000002,2025-11,5
2025-11-08,Pattaya_Central,PassionFruit,75,4875.0,1418.25,450,450.0,1462.5,1094.25,7.0,174.37,False,919.88,2025-11,5
2025-11-08,Pattaya_Central,Pineapple,170,8330.0,1691.4999999999998,1020,850.0,1999.1999999999998,2769.3,8.0,127.6,False,2641.7000000000003,2025-11,5
2025-11-08,Pattaya_Central,Watermelon,240,10800.0,1848.0,1440,1200.0,2592.0,3720.0,10.0,137.0,False,3583.0,2025-11,5
2025-11-09,BKK_Ladprao,Guava,35,1715.0,297.84999999999997,210,192.5,514.5,500.1500000000001,4.0,58.04,False,442.11000000000007,2025-11,6
2025-11-09,BKK_Ladprao,PassionFruit,23,1495.0,434.93,138,138.0,358.79999999999995,425.27000000000004,4.0,99.64,False,325.63000000000005,2025-11,6
2025-11-09,BKK_Ladprao,Pineapple,58,2842.0,577.1,348,290.0,852.6,774.3000000000001,3.0,47.85,False,726.45,2025-11,6
2025-11-09,BKK_Ladprao,Watermelon,114,5130.0,877.8000000000001,684,570.0,1231.2,1767.0,5.0,68.5,False,1698.5,2025-11,6
2025-11-09,BKK_Sukhumvit,Guava,67,3283.0,570.17,402,368.5,787.92,1154.41,6.0,87.06,False,1067.3500000000001,2025-11,6
2025-11-09,BKK_Sukhumvit,PassionFruit,55,3575.0,1040.05,330,330.0,858.0,1016.9499999999999,4.0,99.64,False,917.31,2025-11,6
2025-11-09,BKK_Sukhumvit,Pineapple,94,4606.0,935.3,564,470.0,1105.44,1531.26,4.0,63.8,False,1467.46,2025-11,6
2025-11-09,BKK_Sukhumvit,Watermelon,154,6930.0,1185.8,924,770.0,2079.0,1971.1999999999998,4.0,54.8,False,1916.3999999999999,2025-11,6
2025-11-09,Pattaya_Beach,Guava,69,3381.0,587.19,414,379.5,811.4399999999999,1188.8700000000001,4.0,58.04,False,1130.8300000000002,2025-11,6
2025-11-09,Pattaya_Beach,PassionFruit,73,4745.0,1380.43,438,438.0,1423.5,1065.07,9.0,224.19,False,840.8799999999999,2025-11,6
2025-11-09,Pattaya_Beach,Pineapple,126,6174.0,1253.6999999999998,756,630.0,1481.76,2052.54,5.0,79.75,False,1972.79,2025-11,6
2025-11-09,Pattaya_Beach,Watermelon,188,8460.0,1447.6,1128,940.0,2538.0,2406.4,7.0,95.9,False,2310.5,2025-11,6
2025-11-09,Pattaya_Central,Guava,87,4263.0,740.37,522,478.5,1278.9,1243.2300000000002,4.0,58.04,False,1185.1900000000003,2025-11,6
2025-11-09,Pattaya_Central,PassionFruit,81,5265.0,1531.71,486,486.0,1263.6,1497.69,8.0,199.28,False,1298.41,2025-11,6
2025-11-09,Pattaya_Central,Pineapple,137,6713.0,1363.1499999999999,822,685.0,2013.8999999999999,1828.9500000000003,6.0,95.7,False,1733.2500000000002,2025-11,6
2025-11-09,Pattaya_Central,Watermelon,234,10530.0,1801.8000000000002,1404,1170.0,3159.0,2995.2,8.0,109.6,False,2885.6,2025-11,6
2025-11-10,BKK_Ladprao,Guava,30,1470.0,280.79999999999995,180,165.0,441.0,403.19999999999993,3.0,46.08,False,357.11999999999995,2025-11,0
2025-11-10,BKK_Ladprao,PassionFruit,32,2080.0,574.08,192,192.0,624.0,497.9200000000001,6.0,143.64,False,354.2800000000001,2025-11,0
2025-11-10,BKK_Ladprao,Pineapple,56,2744.0,597.52,336,280.0,823.2,707.2800000000001,4.0,66.68,False,640.6000000000001,2025-11,0
2025-11-10,BKK_Ladprao,Watermelon,83,3735.0,659.85,498,415.0,1120.5,1041.6499999999999,4.0,55.8,False,985.8499999999999,2025-11,0
2025-11-10,BKK_Sukhumvit,Guava,71,3479.0,664.56,426,390.5,1043.7,954.24,4.0,61.44,False,892.8,2025-11,0
2025-11-10,BKK_Sukhumvit,PassionFruit,51,3315.0,914.94,306,306.0,994.5,793.5600000000001,3.0,71.82,False,721.74,2025-11,0
2025-11-10,BKK_Sukhumvit,Pineapple,102,4998.0,1088.34,612,510.0,1199.52,1588.1400000000003,6.0,100.02,False,1488.1200000000003,2025-11,0
2025-11-10,BKK_Sukhumvit,Watermelon,134,6030.0,1065.3,804,670.0,1809.0,1681.7,4.0,55.8,False,1625.9,2025-11,0
2025-11-10,Pattaya_Beach,Guava,58,2842.0,542.88,348,319.0,682.08,950.0400000000001,3.0,46.08,False,903.96,2025-11,0
2025-11-10,Pattaya_Beach,PassionFruit,56,3640.0,1004.6400000000001,336,336.0,1092.0,871.3600000000001,5.0,119.7,False,751.6600000000001,2025-11,0
2025-11-10,Pattaya_Beach,Pineapple,116,5684.0,1237.72,696,580.0,1705.1999999999998,1465.08,6.0,100.02,False,1365.06,2025-11,0
2025-11-10,Pattaya_Beach,Watermelon,158,7110.0,1256.1000000000001,948,790.0,2133.0,1982.8999999999999,3.0,41.85,False,1941.05,2025-11,0
2025-11-10,Pattaya_Central,Guava,70,3430.0,655.1999999999999,420,385.0,823.1999999999999,1146.6000000000001,3.0,46.08,False,1100.5200000000002,2025-11,0
2025-11-10,Pattaya_Central,PassionFruit,77,5005.0,1381.38,462,462.0,1201.2,1498.42,9.0,215.46,False,1282.96,2025-11,0
2025-11-10,Pattaya_Central,Pineapple,122,5978.0,1301.74,732,610.0,1434.72,1899.5400000000002,6.0,100.02,False,1799.5200000000002,2025-11,0
2025-11-10,Pattaya_Central,Watermelon,214,9630.0,1701.3000000000002,1284,1070.0,2889.0,2685.7,5.0,69.75,False,2615.95,2025-11,0
2025-11-11,BKK_Ladprao,Guava,63,2469.6,589.68,378,346.5,592.704,562.716,5.0,76.8,False,485.916,2025-11,1
2025-11-11,BKK_Ladprao,PassionFruit,62,3224.0,1112.2800000000002,372,372.0,967.1999999999999,400.52,12.0,287.28,False,113.24000000000001,2025-11,1
2025-11-11,BKK_Ladprao,Pineapple,82,3214.4,874.9399999999999,492,410.0,964.3199999999999,473.14000000000016,5.0,83.35,False,389.7900000000002,2025-11,1
2025-11-11,BKK_Ladprao,Watermelon,157,5652.0,1248.15,942,785.0,1695.6,981.25,8.0,111.6,False,869.65,2025-11,1
2025-11-11,BKK_Sukhumvit,Guava,96,3763.2,898.56,576,528.0,903.1679999999999,857.472,5.0,76.8,False,780.672,2025-11,1
2025-11-11,BKK_Sukhumvit,PassionFruit,102,5304.0,1829.88,612,612.0,1591.2,658.9199999999998,7.0,167.58,False,491.3399999999998,2025-11,1
2025-11-11,BKK_Sukhumvit,Pineapple,178,6977.6,1899.26,1068,890.0,1674.624,1445.7160000000001,8.0,133.36,False,1312.3560000000002,2025-11,1
2025-11-11,BKK_Sukhumvit,Watermelon,271,9756.0,2154.45,1626,1355.0,2341.44,2279.11,13.0,181.35,False,2097.76,2025-11,1
2025-11-11,Pattaya_Beach,Guava,95,3724.0,889.1999999999999,570,522.5,1117.1999999999998,625.1000000000003,5.0,76.8,False,548.3000000000003,2025-11,1
2025-11-11,Pattaya_Beach,PassionFruit,118,6136.0,2116.92,708,708.0,1840.8,762.2799999999997,10.0,239.4,False,522.8799999999998,2025-11,1
2025-11-11,Pattaya_Beach,Pineapple,204,7996.8,2176.68,1224,1020.0,2399.04,1177.0800000000004,9.0,150.03,False,1027.0500000000004,2025-11,1
2025-11-11,Pattaya_Beach,Watermelon,305,10980.0,2424.75,1830,1525.0,3294.0,1906.25,11.0,153.45,False,1752.8,2025-11,1
2025-11-11,Pattaya_Central,Guava,98,3841.6000000000004,917.28,588,539.0,1152.48,644.8400000000004,5.0,76.8,False,568.0400000000004,2025-11,1
2025-11-11,Pattaya_Central,PassionFruit,117,6084.0,2098.98,702,702.0,1825.2,755.8199999999999,16.0,383.04,False,372.7799999999999,2025-11,1
2025-11-11,Pattaya_Central,Pineapple,203,7957.6,2166.01,1218,1015.0,2387.2799999999997,1171.3100000000002,10.0,166.7,False,1004.6100000000001,2025-11,1
2025-11-11,Pattaya_Central,Watermelon,290,10440.0,2305.5,1740,1450.0,2505.6,2438.8999999999996,11.0,153.45,False,2285.45,2025-11,1
2025-11-12,BKK_Ladprao,Guava,37,1813.0,346.32,222,203.5,435.12,606.0600000000001,4.0,61.44,False,544.6200000000001,2025-11,2
2025-11-12,BKK_Ladprao,PassionFruit,29,1885.0,520.26,174,174.0,565.5,451.24000000000007,3.0,71.82,False,379.4200000000001,2025-11,2
2025-11-12,BKK_Ladprao,Pineapple,65,3185.0,693.55,390,325.0,955.5,820.9499999999999,2.0,33.34,False,787.6099999999999,2025-11,2
2025-11-12,BKK_Ladprao,Watermelon,87,3915.0,691.65,522,435.0,939.5999999999999,1326.75,6.0,83.7,False,1243.05,2025-11,2
2025-11-12,BKK_Sukhumvit,Guava,58,2842.0,542.88,348,319.0,852.6,779.52,3.0,46.08,False,733.4399999999999,2025-11,2
2025-11-12,BKK_Sukhumvit,PassionFruit,40,2600.0,717.6,240,240.0,780.0,622.4000000000001,1.0,23.94,False,598.46,2025-11,2
2025-11-12,BKK_Sukhumvit,Pineapple,118,5782.0,1259.06,708,590.0,1734.6,1490.3400000000001,5.0,83.35,False,1406.9900000000002,2025-11,2
2025-11-12,BKK_Sukhumvit,Watermelon,150,6750.0,1192.5,900,750.0,1620.0,2287.5,6.0,83.7,False,2203.8,2025-11,2
2025-11-12,Pattaya_Beach,Guava,63,3087.0,589.68,378,346.5,926.1,846.7199999999998,2.0,30.72,False,815.9999999999998,2025-11,2
2025-11-12,Pattaya_Beach,PassionFruit,54,3510.0,968.7600000000001,324,324.0,1053.0,840.2400000000001,5.0,119.7,False,720.5400000000001,2025-11,2
2025-11-12,Pattaya_Beach,Pineapple,112,5488.0,1195.04,672,560.0,1317.12,1743.8400000000001,6.0,100.02,False,1643.8200000000002,2025-11,2
2025-11-12,Pattaya_Beach,Watermelon,177,7965.0,1407.15,1062,885.0,2389.5,2221.35,6.0,83.7,False,2137.65,2025-11,2
2025-11-12,Pattaya_Central,Guava,88,4312.0,823.68,528,484.0,1293.6,1182.7199999999998,4.0,61.44,False,1121.2799999999997,2025-11,2
2025-11-12,Pattaya_Central,PassionFruit,65,4225.0,1166.1000000000001,390,390.0,1014.0,1264.9,4.0,95.76,False,1169.14,2025-11,2
2025-11-12,Pattaya_Central,Pineapple,145,7105.0,1547.1499999999999,870,725.0,1705.2,2257.65,5.0,83.35,False,2174.3,2025-11,2
2025-11-12,Pattaya_Central,Watermelon,186,8370.0,1478.7,1116,930.0,2008.8,2836.5,6.0,83.7,False,2752.8,2025-11,2
2025-11-13,BKK_Ladprao,Guava,32,1568.0,299.52,192,176.0,470.4,430.0799999999999,4.0,61.44,False,368.63999999999993,2025-11,3
2025-11-13,BKK_Ladprao,PassionFruit,32,2080.0,574.08,192,192.0,499.2,622.72,3.0,71.82,False,550.9000000000001,2025-11,3
2025-11-13,BKK_Ladprao,Pineapple,62,3038.0,661.54,372,310.0,911.4,783.06,5.0,83.35,False,699.7099999999999,2025-11,3
2025-11-13,BKK_Ladprao,Watermelon,81,3645.0,643.95,486,405.0,1093.5,1016.55,7.0,97.65,False,918.9,2025-11,3
2025-11-13,BKK_Sukhumvit,Guava,77,3773.0,720.7199999999999,462,423.5,1131.9,1034.8799999999999,3.0,46.08,False,988.7999999999998,2025-11,3
2025-11-13,BKK_Sukhumvit,PassionFruit,60,3900.0,1076.4,360,360.0,1170.0,933.5999999999999,3.0,71.82,False,861.78,2025-11,3
2025-11-13,BKK_Sukhumvit,Pineapple,107,5243.0,1141.69,642,535.0,1572.9,1351.41,4.0,66.68,False,1284.73,2025-11,3
2025-11-13,BKK_Sukhumvit,Watermelon,144,6480.0,1144.8,864,720.0,1944.0,1807.2,4.0,55.8,False,1751.4,2025-11,3
2025-11-13,Pattaya_Beach,Guava,55,2695.0,514.8,330,302.5,808.5,739.1999999999999,2.0,30.72,False,708.4799999999999,2025-11,3
2025-11-13,Pattaya_Beach,PassionFruit,62,4030.0,1112.2800000000002,372,372.0,967.1999999999999,1206.52,4.0,95.76,False,1110.76,2025-11,3
2025-11-13,Pattaya_Beach,Pineapple,101,4949.0,1077.67,606,505.0,1187.76,1572.5700000000002,6.0,100.02,False,1472.5500000000002,2025-11,3
2025-11-13,Pattaya_Beach,Watermelon,152,6840.0,1208.4,912,760.0,2052.0,1907.6,2.0,27.9,False,1879.6999999999998,2025-11,3
2025-11-13,Pattaya_Central,Guava,85,4165.0,795.5999999999999,510,467.5,999.5999999999999,1392.3000000000002,6.0,92.16,False,1300.14,2025-11,3
2025-11-13,Pattaya_Central,PassionFruit,65,4225.0,1166.1000000000001,390,390.0,1014.0,1264.9,8.0,191.52,False,1073.38,2025-11,3
2025-11-13,Pattaya_Central,Pineapple,128,6272.0,1365.76,768,640.0,1505.28,1992.9600000000003,8.0,133.36,False,1859.6000000000004,2025-11,3
2025-11-13,Pattaya_Central,Watermelon,205,9225.0,1629.75,1230,1025.0,2214.0,3126.25,6.0,83.7,False,3042.55,2025-11,3
2025-11-14,BKK_Ladprao,Guava,24,1176.0,224.64,144,132.0,282.24,393.12000000000006,2.0,30.72,False,362.4000000000001,2025-11,4
2025-11-14,BKK_Ladprao,PassionFruit,35,2275.0,627.9000000000001,210,210.0,546.0,681.1,4.0,95.76,False,585.34,2025-11,4
2025-11-14,BKK_Ladprao,Pineapple,49,2401.0,522.83,294,245.0,576.24,762.9300000000001,3.0,50.01,False,712.9200000000001,2025-11,4
2025-11-14,BKK_Ladprao,Watermelon,89,4005.0,707.55,534,445.0,1201.5,1116.9499999999998,1.0,13.95,False,1102.9999999999998,2025-11,4
2025-11-14,BKK_Sukhumvit,Guava,59,2891.0,552.24,354,324.5,867.3,792.9599999999999,3.0,46.08,False,746.8799999999999,2025-11,4
2025-11-14,BKK_Sukhumvit,PassionFruit,45,2925.0,807.3000000000001,270,270.0,877.5,700.2,5.0,119.7,False,580.5,2025-11,4
2025-11-14,BKK_Sukhumvit,Pineapple,99,4851.0,1056.33,594,495.0,1455.3,1250.37,1.0,16.67,False,1233.6999999999998,2025-11,4
2025-11-14,BKK_Sukhumvit,Watermelon,144,6480.0,1144.8,864,720.0,1944.0,1807.2,2.0,27.9,False,1779.3,2025-11,4
2025-11-14,Pattaya_Beach,Guava,77,3773.0,720.7199999999999,462,423.5,1131.9,1034.88,7.0,107.52,False,927.3600000000001,2025-11,4
2025-11-14,Pattaya_Beach,PassionFruit,50,3250.0,897.0000000000001,300,300.0,975.0,778.0000000000001,4.0,95.76,False,682.2400000000001,2025-11,4
2025-11-14,Pattaya_Beach,Pineapple,99,4851.0,1056.33,594,495.0,1455.3,1250.3700000000001,3.0,50.01,False,1200.3600000000001,2025-11,4
2025-11-14,Pattaya_Beach,Watermelon,152,6840.0,1208.4,912,760.0,1641.6,2318.0,2.0,27.9,False,2290.1,2025-11,4
2025-11-14,Pattaya_Central,Guava,80,3920.0,748.8,480,440.0,940.8,1310.4,3.0,46.08,False,1264.3200000000002,2025-11,4
2025-11-14,Pattaya_Central,PassionFruit,62,4030.0,1112.2800000000002,372,372.0,1209.0,964.7200000000001,5.0,119.7,False,845.0200000000001,2025-11,4
2025-11-14,Pattaya_Central,Pineapple,136,6664.0,1451.1200000000001,816,680.0,1599.36,2117.52,7.0,116.69,False,2000.83,2025-11,4
2025-11-14,Pattaya_Central,Watermelon,203,9135.0,1613.85,1218,1015.0,2740.5,2547.65,6.0,83.7,False,2463.9500000000003,2025-11,4
2025-11-15,BKK_Ladprao,Guava,37,1813.0,346.32,222,203.5,543.9,497.2799999999999,3.0,46.08,False,451.19999999999993,2025-11,5
2025-11-15,BKK_Ladprao,PassionFruit,37,2405.0,663.7800000000001,222,222.0,577.1999999999999,720.02,6.0,143.64,False,576.38,2025-11,5
2025-11-15,BKK_Ladprao,Pineapple,62,3038.0,661.54,372,310.0,729.12,965.34,4.0,66.68,False,898.6600000000001,2025-11,5
2025-11-15,BKK_Ladprao,Watermelon,88,3960.0,699.6,528,440.0,1188.0,1104.3999999999999,4.0,55.8,False,1048.6,2025-11,5
2025-11-15,BKK_Sukhumvit,Guava,61,2989.0,570.9599999999999,366,335.5,896.6999999999999,819.8399999999999,5.0,76.8,False,743.04,2025-11,5
2025-11-15,BKK_Sukhumvit,PassionFruit,44,2860.0,789.36,264,264.0,686.4,856.24,6.0,143.64,False,712.6,2025-11,5
2025-11-15,BKK_Sukhumvit,Pineapple,93,4557.0,992.31,558,465.0,1093.68,1448.0100000000002,1.0,16.67,False,1431.3400000000001,2025-11,5
2025-11-15,BKK_Sukhumvit,Watermelon,187,8415.0,1486.65,1122,935.0,2524.5,2346.85,7.0,97.65,False,2249.2,2025-11,5
2025-11-15,Pattaya_Beach,Guava,85,4165.0,795.5999999999999,510,467.5,999.5999999999999,1392.3000000000002,3.0,46.08,False,1346.2200000000003,2025-11,5
2025-11-15,Pattaya_Beach,PassionFruit,77,5005.0,1381.38,462,462.0,1201.2,1498.42,9.0,215.46,False,1282.96,2025-11,5
2025-11-15,Pattaya_Beach,Pineapple,144,7056.0,1536.48,864,720.0,1693.4399999999998,2242.0800000000004,5.0,83.35,False,2158.7300000000005,2025-11,5
2025-11-15,Pattaya_Beach,Watermelon,172,7740.0,1367.4,1032,860.0,2322.0,2158.6,5.0,69.75,False,2088.85,2025-11,5
2025-11-15,Pattaya_Central,Guava,102,4998.0,954.7199999999999,612,561.0,1499.3999999999999,1370.88,3.0,46.08,False,1324.8000000000002,2025-11,5
2025-11-15,Pattaya_Central,PassionFruit,74,4810.0,1327.5600000000002,444,444.0,1443.0,1151.44,4.0,95.76,False,1055.68,2025-11,5
2025-11-15,Pattaya_Central,Pineapple,161,7889.0,1717.8700000000001,966,805.0,2366.7,2033.43,8.0,133.36,False,1900.0700000000002,2025-11,5
2025-11-15,Pattaya_Central,Watermelon,237,10665.0,1884.15,1422,1185.0,3199.5,2974.35,8.0,111.6,False,2862.75,2025-11,5
2025-11-16,BKK_Ladprao,Guava,37,1813.0,346.32,222,203.5,543.9,497.2799999999999,3.0,46.08,False,451.19999999999993,2025-11,6
2025-11-16,BKK_Ladprao,PassionFruit,29,1885.0,520.26,174,174.0,452.4,564.34,3.0,71.82,False,492.52000000000004,2025-11,6
2025-11-16,BKK_Ladprao,Pineapple,55,2695.0,586.85,330,275.0,646.8,856.3500000000001,4.0,66.68,False,789.6700000000001,2025-11,6
2025-11-16,BKK_Ladprao,Watermelon,79,3555.0,628.05,474,395.0,1066.5,991.4499999999999,4.0,55.8,False,935.65,2025-11,6
2025-11-16,BKK_Sukhumvit,Guava,56,2744.0,524.16,336,308.0,658.56,917.2800000000001,4.0,61.44,False,855.8400000000001,2025-11,6
2025-11-16,BKK_Sukhumvit,PassionFruit,45,2925.0,807.3000000000001,270,270.0,877.5,700.2,6.0,143.64,False,556.5600000000001,2025-11,6
2025-11-16,BKK_Sukhumvit,Pineapple,110,5390.0,1173.7,660,550.0,1293.6,1712.7,3.0,50.01,False,1662.69,2025-11,6
2025-11-16,BKK_Sukhumvit,Watermelon,162,7290.0,1287.9,972,810.0,1749.6,2470.5,5.0,69.75,False,2400.75,2025-11,6
2025-11-16,Pattaya_Beach,Guava,93,4557.0,870.4799999999999,558,511.5,1367.1,1249.9199999999998,7.0,107.52,False,1142.3999999999999,2025-11,6
2025-11-16,Pattaya_Beach,PassionFruit,57,3705.0,1022.58,342,342.0,1111.5,886.9200000000001,5.0,119.7,False,767.22,2025-11,6
2025-11-16,Pattaya_Beach,Pineapple,126,6174.0,1344.42,756,630.0,1852.1999999999998,1591.38,3.0,50.01,False,1541.3700000000001,2025-11,6
2025-11-16,Pattaya_Beach,Watermelon,208,9360.0,1653.6000000000001,1248,1040.0,2246.4,3172.0,3.0,41.85,False,3130.15,2025-11,6
2025-11-16,Pattaya_Central,Guava,82,4018.0,767.52,492,451.0,964.3199999999999,1343.16,5.0,76.8,False,1266.3600000000001,2025-11,6
2025-11-16,Pattaya_Central,PassionFruit,65,4225.0,1166.1000000000001,390,390.0,1267.5,1011.4000000000001,4.0,95.76,False,915.6400000000001,2025-11,6
2025-11-16,Pattaya_Central,Pineapple,165,8085.0,1760.55,990,825.0,2425.5,2083.9500000000003,4.0,66.68,False,2017.2700000000002,2025-11,6
2025-11-16,Pattaya_Central,Watermelon,233,10485.0,1852.35,1398,1165.0,3145.5,2924.15,11.0,153.45,False,2770.7000000000003,2025-11,6
2025-11-17,BKK_Ladprao,Guava,36,1764.0,316.8,216,198.0,529.2,504.0,2.0,29.6,False,474.4,2025-11,0
2025-11-17,BKK_Ladprao,PassionFruit,28,1820.0,500.64,168,168.0,436.8,546.5600000000001,5.0,119.4,False,427.1600000000001,2025-11,0
2025-11-17,BKK_Ladprao,Pineapple,60,2940.0,636.5999999999999,360,300.0,882.0,761.3999999999999,3.0,49.83,False,711.5699999999998,2025-11,0
2025-11-17,BKK_Ladprao,Watermelon,66,2970.0,545.8199999999999,396,330.0,891.0,807.1800000000002,3.0,42.81,False,764.3700000000001,2025-11,0
2025-11-17,BKK_Sukhumvit,Guava,71,3479.0,624.8000000000001,426,390.5,834.9599999999999,1202.7399999999998,6.0,88.8,False,1113.9399999999998,2025-11,0
2025-11-17,BKK_Sukhumvit,PassionFruit,44,2860.0,786.7199999999999,264,264.0,858.0,687.2800000000002,2.0,47.76,False,639.5200000000002,2025-11,0
2025-11-17,BKK_Sukhumvit,Pineapple,103,5047.0,1092.83,618,515.0,1514.1,1307.0700000000002,5.0,83.05,False,1224.0200000000002,2025-11,0
2025-11-17,BKK_Sukhumvit,Watermelon,167,7515.0,1381.09,1002,835.0,1803.6,2493.31,6.0,85.62,False,2407.69,2025-11,0
2025-11-17,Pattaya_Beach,Guava,59,2891.0,519.2,354,324.5,867.3,826.0,3.0,44.4,False,781.6,2025-11,0
2025-11-17,Pattaya_Beach,PassionFruit,57,3705.0,1019.16,342,342.0,889.2,1112.64,3.0,71.64,False,1041.0,2025-11,0
2025-11-17,Pattaya_Beach,Pineapple,112,5488.0,1188.32,672,560.0,1317.12,1750.5600000000002,7.0,116.27,False,1634.2900000000002,2025-11,0
2025-11-17,Pattaya_Beach,Watermelon,177,7965.0,1463.79,1062,885.0,2389.5,2164.71,4.0,57.08,False,2107.63,2025-11,0
2025-11-17,Pattaya_Central,Guava,66,3234.0,580.8000000000001,396,363.0,970.2,924.0,3.0,44.4,False,879.6,2025-11,0
2025-11-17,Pattaya_Central,PassionFruit,56,3640.0,1001.28,336,336.0,873.6,1093.1200000000001,3.0,71.64,False,1021.4800000000001,2025-11,0
2025-11-17,Pattaya_Central,Pineapple,130,6370.0,1379.3,780,650.0,1528.8,2031.9,5.0,83.05,False,1948.8500000000001,2025-11,0
2025-11-17,Pattaya_Central,Watermelon,198,8910.0,1637.46,1188,990.0,2138.4,2956.1400000000003,4.0,57.08,False,2899.0600000000004,2025-11,0
2025-11-18,BKK_Ladprao,Guava,46,2254.0,404.8,276,253.0,540.96,779.2399999999999,4.0,59.2,False,720.0399999999998,2025-11,1
2025-11-18,BKK_Ladprao,PassionFruit,19,1235.0,339.71999999999997,114,114.0,296.4,370.88000000000005,3.0,71.64,False,299.24000000000007,2025-11,1
2025-11-18,BKK_Ladprao,Pineapple,50,2450.0,530.5,300,250.0,588.0,781.5000000000001,2.0,33.22,False,748.2800000000001,2025-11,1
2025-11-18,BKK_Ladprao,Watermelon,104,4680.0,860.0799999999999,624,520.0,1123.2,1552.72,6.0,85.62,False,1467.1,2025-11,1
2025-11-18,BKK_Sukhumvit,Guava,59,2891.0,519.2,354,324.5,867.3,826.0,2.0,29.6,False,796.4,2025-11,1
2025-11-18,BKK_Sukhumvit,PassionFruit,53,3445.0,947.64,318,318.0,1033.5,827.8600000000002,4.0,95.52,False,732.3400000000003,2025-11,1
2025-11-18,BKK_Sukhumvit,Pineapple,86,4214.0,912.4599999999999,516,430.0,1264.2,1091.3400000000001,3.0,49.83,False,1041.5100000000002,2025-11,1
2025-11-18,BKK_Sukhumvit,Watermelon,156,7020.0,1290.12,936,780.0,2106.0,1907.88,5.0,71.35,False,1836.5300000000002,2025-11,1
2025-11-18,Pattaya_Beach,Guava,69,3381.0,607.2,414,379.5,811.4399999999999,1168.86,6.0,88.8,False,1080.06,2025-11,1
2025-11-18,Pattaya_Beach,PassionFruit,56,3640.0,1001.28,336,336.0,1092.0,874.7200000000003,6.0,143.28,False,731.4400000000003,2025-11,1
2025-11-18,Pattaya_Beach,Pineapple,116,5684.0,1230.76,696,580.0,1364.16,1813.0800000000002,7.0,116.27,False,1696.8100000000002,2025-11,1
2025-11-18,Pattaya_Beach,Watermelon,156,7020.0,1290.12,936,780.0,2106.0,1907.8799999999999,5.0,71.35,False,1836.53,2025-11,1
2025-11-18,Pattaya_Central,Guava,91,4459.0,800.8000000000001,546,500.5,1070.1599999999999,1541.54,4.0,59.2,False,1482.34,2025-11,1
2025-11-18,Pattaya_Central,PassionFruit,79,5135.0,1412.52,474,474.0,1540.5,1233.9800000000005,9.0,214.92,False,1019.0600000000005,2025-11,1
2025-11-18,Pattaya_Central,Pineapple,121,5929.0,1283.81,726,605.0,1778.6999999999998,1535.4900000000002,5.0,83.05,False,1452.4400000000003,2025-11,1
2025-11-18,Pattaya_Central,Watermelon,191,8595.0,1579.57,1146,955.0,2578.5,2335.9300000000003,5.0,71.35,False,2264.5800000000004,2025-11,1
2025-11-19,BKK_Ladprao,Guava,37,1813.0,325.6,222,203.5,543.9,518.0,4.0,59.2,False,458.8,2025-11,2
2025-11-19,BKK_Ladprao,PassionFruit,27,1755.0,482.76,162,162.0,526.5,421.7400000000001,3.0,71.64,False,350.10000000000014,2025-11,2
2025-11-19,BKK_Ladprao,Pineapple,77,3773.0,816.9699999999999,462,385.0,905.52,1203.5100000000002,6.0,99.66,False,1103.8500000000001,2025-11,2
2025-11-19,BKK_Ladprao,Watermelon,105,4725.0,868.3499999999999,630,525.0,1417.5,1284.15,5.0,71.35,False,1212.8000000000002,2025-11,2
2025-11-19,BKK_Sukhumvit,Guava,77,3773.0,677.6,462,423.5,905.52,1304.3799999999999,4.0,59.2,False,1245.1799999999998,2025-11,2
2025-11-19,BKK_Sukhumvit,PassionFruit,40,2600.0,715.1999999999999,240,240.0,780.0,624.8000000000002,3.0,71.64,False,553.1600000000002,2025-11,2
2025-11-19,BKK_Sukhumvit,Pineapple,112,5488.0,1188.32,672,560.0,1646.4,1421.28,6.0,99.66,False,1321.62,2025-11,2
2025-11-19,BKK_Sukhumvit,Watermelon,146,6570.0,1207.4199999999998,876,730.0,1971.0,1785.5800000000002,2.0,28.54,False,1757.0400000000002,2025-11,2
2025-11-19,Pattaya_Beach,Guava,71,3479.0,624.8000000000001,426,390.5,1043.7,994.0,4.0,59.2,False,934.8,2025-11,2
2025-11-19,Pattaya_Beach,PassionFruit,49,3185.0,876.12,294,294.0,764.4,956.4800000000001,2.0,47.76,False,908.7200000000001,2025-11,2
2025-11-19,Pattaya_Beach,Pineapple,124,6076.0,1315.6399999999999,744,620.0,1822.8,1573.56,4.0,66.44,False,1507.12,2025-11,2
2025-11-19,Pattaya_Beach,Watermelon,147,6615.0,1215.6899999999998,882,735.0,1984.5,1797.8100000000002,7.0,99.89,False,1697.92,2025-11,2
2025-11-19,Pattaya_Central,Guava,86,4214.0,756.8000000000001,516,473.0,1264.2,1204.0,6.0,88.8,False,1115.2,2025-11,2
2025-11-19,Pattaya_Central,PassionFruit,58,3770.0,1037.04,348,348.0,904.8,1132.16,6.0,143.28,False,988.8800000000001,2025-11,2
2025-11-19,Pattaya_Central,Pineapple,119,5831.0,1262.59,714,595.0,1749.3,1510.11,6.0,99.66,False,1410.4499999999998,2025-11,2
2025-11-19,Pattaya_Central,Watermelon,209,9405.0,1728.4299999999998,1254,1045.0,2257.2,3120.37,8.0,114.16,False,3006.21,2025-11,2
2025-11-20,BKK_Ladprao,Guava,35,1715.0,308.0,210,192.5,514.5,490.0,3.0,44.4,False,445.6,2025-11,3
2025-11-20,BKK_Ladprao,PassionFruit,28,1820.0,500.64,168,168.0,436.8,546.5600000000001,5.0,119.4,False,427.1600000000001,2025-11,3
2025-11-20,BKK_Ladprao,Pineapple,57,2793.0,604.77,342,285.0,670.32,890.9100000000001,4.0,66.44,False,824.47,2025-11,3
2025-11-20,BKK_Ladprao,Watermelon,89,4005.0,736.03,534,445.0,1201.5,1088.47,2.0,28.54,False,1059.93,2025-11,3
2025-11-20,BKK_Sukhumvit,Guava,62,3038.0,545.6,372,341.0,729.12,1050.2799999999997,4.0,59.2,False,991.0799999999997,2025-11,3
2025-11-20,BKK_Sukhumvit,PassionFruit,42,2730.0,750.9599999999999,252,252.0,655.2,819.8400000000001,3.0,71.64,False,748.2000000000002,2025-11,3
2025-11-20,BKK_Sukhumvit,Pineapple,102,4998.0,1082.22,612,510.0,1499.3999999999999,1294.3799999999999,4.0,66.44,False,1227.9399999999998,2025-11,3
2025-11-20,BKK_Sukhumvit,Watermelon,149,6705.0,1232.23,894,745.0,2011.5,1822.27,5.0,71.35,False,1750.92,2025-11,3
2025-11-20,Pattaya_Beach,Guava,67,3283.0,589.6,402,368.5,787.92,1134.9799999999998,3.0,44.4,False,1090.5799999999997,2025-11,3
2025-11-20,Pattaya_Beach,PassionFruit,54,3510.0,965.52,324,324.0,1053.0,843.4800000000002,3.0,71.64,False,771.8400000000003,2025-11,3
2025-11-20,Pattaya_Beach,Pineapple,127,6223.0,1347.47,762,635.0,1493.52,1985.0100000000002,7.0,116.27,False,1868.7400000000002,2025-11,3
2025-11-20,Pattaya_Beach,Watermelon,153,6885.0,1265.31,918,765.0,1652.3999999999999,2284.29,7.0,99.89,False,2184.4,2025-11,3
2025-11-20,Pattaya_Central,Guava,84,4116.0,739.2,504,462.0,1234.8,1176.0,3.0,44.4,False,1131.6,2025-11,3
2025-11-20,Pattaya_Central,PassionFruit,66,4290.0,1180.08,396,396.0,1287.0,1030.9200000000003,4.0,95.52,False,935.4000000000003,2025-11,3
2025-11-20,Pattaya_Central,Pineapple,119,5831.0,1262.59,714,595.0,1749.3,1510.1100000000001,7.0,116.27,False,1393.8400000000001,2025-11,3
2025-11-20,Pattaya_Central,Watermelon,179,8055.0,1480.33,1074,895.0,1933.2,2672.47,5.0,71.35,False,2601.12,2025-11,3
2025-11-21,BKK_Ladprao,Guava,54,2646.0,475.20000000000005,324,297.0,635.04,914.7599999999999,5.0,74.0,False,840.7599999999999,2025-11,4
2025-11-21,BKK_Ladprao,PassionFruit,26,1690.0,464.88,156,156.0,405.59999999999997,507.5200000000001,4.0,95.52,False,412.0000000000001,2025-11,4
2025-11-21,BKK_Ladprao,Pineapple,61,2989.0,647.2099999999999,366,305.0,717.36,953.4300000000002,6.0,99.66,False,853.7700000000002,2025-11,4
2025-11-21,BKK_Ladprao,Watermelon,96,4320.0,793.92,576,480.0,1036.8,1433.28,3.0,42.81,False,1390.47,2025-11,4
2025-11-21,BKK_Sukhumvit,Guava,56,2744.0,492.8,336,308.0,823.1999999999999,784.0,4.0,59.2,False,724.8,2025-11,4
2025-11-21,BKK_Sukhumvit,PassionFruit,58,3770.0,1037.04,348,348.0,1131.0,905.9600000000003,6.0,143.28,False,762.6800000000003,2025-11,4
2025-11-21,BKK_Sukhumvit,Pineapple,100,4900.0,1061.0,600,500.0,1176.0,1563.0000000000002,3.0,49.83,False,1513.1700000000003,2025-11,4
2025-11-21,BKK_Sukhumvit,Watermelon,145,6525.0,1199.1499999999999,870,725.0,1957.5,1773.3500000000001,5.0,71.35,False,1702.0000000000002,2025-11,4
2025-11-21,Pattaya_Beach,Guava,68,3332.0,598.4000000000001,408,374.0,999.6,952.0,5.0,74.0,False,878.0,2025-11,4
2025-11-21,Pattaya_Beach,PassionFruit,45,2925.0,804.6,270,270.0,702.0,878.4000000000001,6.0,143.28,False,735.1200000000001,2025-11,4
2025-11-21,Pattaya_Beach,Pineapple,87,4263.0,923.0699999999999,522,435.0,1278.9,1104.0299999999997,4.0,66.44,False,1037.5899999999997,2025-11,4
2025-11-21,Pattaya_Beach,Watermelon,153,6885.0,1265.31,918,765.0,1652.3999999999999,2284.29,5.0,71.35,False,2212.94,2025-11,4
2025-11-21,Pattaya_Central,Guava,75,3675.0,660.0,450,412.5,882.0,1270.5,6.0,88.8,False,1181.7,2025-11,4
2025-11-21,Pattaya_Central,PassionFruit,65,4225.0,1162.2,390,390.0,1267.5,1015.3000000000003,6.0,143.28,False,872.0200000000003,2025-11,4
2025-11-21,Pattaya_Central,Pineapple,128,6272.0,1358.08,768,640.0,1505.28,2000.6400000000003,7.0,116.27,False,1884.3700000000003,2025-11,4
2025-11-21,Pattaya_Central,Watermelon,172,7740.0,1422.4399999999998,1032,860.0,1857.6,2567.96,7.0,99.89,False,2468.07,2025-11,4
2025-11-22,BKK_Ladprao,Guava,43,2107.0,378.40000000000003,258,236.5,632.1,602.0,4.0,59.2,False,542.8,2025-11,5
2025-11-22,BKK_Ladprao,PassionFruit,24,1560.0,429.12,144,144.0,374.4,468.4800000000001,2.0,47.76,False,420.7200000000001,2025-11,5
2025-11-22,BKK_Ladprao,Pineapple,65,3185.0,689.65,390,325.0,764.4,1015.9500000000002,4.0,66.44,False,949.5100000000002,2025-11,5
2025-11-22,BKK_Ladprao,Watermelon,86,3870.0,711.2199999999999,516,430.0,1161.0,1051.7800000000002,4.0,57.08,False,994.7000000000002,2025-11,5
2025-11-22,BKK_Sukhumvit,Guava,55,2695.0,484.0,330,302.5,646.8,931.6999999999998,4.0,59.2,False,872.4999999999998,2025-11,5
2025-11-22,BKK_Sukhumvit,PassionFruit,44,2860.0,786.7199999999999,264,264.0,858.0,687.2800000000002,4.0,95.52,False,591.7600000000002,2025-11,5
2025-11-22,BKK_Sukhumvit,Pineapple,100,4900.0,1061.0,600,500.0,1470.0,1269.0,5.0,83.05,False,1185.95,2025-11,5
2025-11-22,BKK_Sukhumvit,Watermelon,159,7155.0,1314.9299999999998,954,795.0,1717.2,2373.87,6.0,85.62,False,2288.25,2025-11,5
2025-11-22,Pattaya_Beach,Guava,59,2891.0,519.2,354,324.5,867.3,826.0,3.0,44.4,False,781.6,2025-11,5
2025-11-22,Pattaya_Beach,PassionFruit,76,4940.0,1358.8799999999999,456,456.0,1185.6,1483.5200000000002,6.0,143.28,False,1340.2400000000002,2025-11,5
2025-11-22,Pattaya_Beach,Pineapple,116,5684.0,1230.76,696,580.0,1364.1599999999999,1813.0800000000002,4.0,66.44,False,1746.64,2025-11,5
2025-11-22,Pattaya_Beach,Watermelon,183,8235.0,1513.4099999999999,1098,915.0,1976.4,2732.19,7.0,99.89,False,2632.3,2025-11,5
2025-11-22,Pattaya_Central,Guava,95,4655.0,836.0000000000001,570,522.5,1396.5,1330.0,3.0,44.4,False,1285.6,2025-11,5
2025-11-22,Pattaya_Central,PassionFruit,90,5850.0,1609.1999999999998,540,540.0,1755.0,1405.8000000000004,4.0,95.52,False,1310.2800000000004,2025-11,5
2025-11-22,Pattaya_Central,Pineapple,157,7693.0,1665.77,942,785.0,2307.8999999999996,1992.3300000000002,7.0,116.27,False,1876.0600000000002,2025-11,5
2025-11-22,Pattaya_Central,Watermelon,206,9270.0,1703.62,1236,1030.0,2781.0,2519.38,5.0,71.35,False,2448.03,2025-11,5
2025-11-23,BKK_Ladprao,Guava,33,1617.0,290.40000000000003,198,181.5,485.09999999999997,462.0,3.0,44.4,False,417.6,2025-11,6
2025-11-23,BKK_Ladprao,PassionFruit,39,2535.0,697.3199999999999,234,234.0,608.4,761.2800000000001,5.0,119.4,False,641.8800000000001,2025-11,6
2025-11-23,BKK_Ladprao,Pineapple,52,2548.0,551.72,312,260.0,611.52,812.7600000000001,4.0,66.44,False,746.3200000000002,2025-11,6
2025-11-23,BKK_Ladprao,Watermelon,86,3870.0,711.2199999999999,516,430.0,928.8,1283.98,4.0,57.08,False,1226.9,2025-11,6
2025-11-23,BKK_Sukhumvit,Guava,53,2597.0,466.40000000000003,318,291.5,623.28,897.8199999999999,1.0,14.8,False,883.02,2025-11,6
2025-11-23,BKK_Sukhumvit,PassionFruit,57,3705.0,1019.16,342,342.0,1111.5,890.3400000000003,7.0,167.16,False,723.1800000000003,2025-11,6
2025-11-23,BKK_Sukhumvit,Pineapple,96,4704.0,1018.56,576,480.0,1128.96,1500.4800000000002,3.0,49.83,False,1450.6500000000003,2025-11,6
2025-11-23,BKK_Sukhumvit,Watermelon,148,6660.0,1223.96,888,740.0,1998.0,1810.04,5.0,71.35,False,1738.69,2025-11,6
2025-11-23,Pattaya_Beach,Guava,80,3920.0,704.0,480,440.0,940.8,1355.1999999999998,4.0,59.2,False,1295.9999999999998,2025-11,6
2025-11-23,Pattaya_Beach,PassionFruit,63,4095.0,1126.4399999999998,378,378.0,982.8,1229.7600000000002,7.0,167.16,False,1062.6000000000001,2025-11,6
2025-11-23,Pattaya_Beach,Pineapple,112,5488.0,1188.32,672,560.0,1646.3999999999999,1421.2799999999997,7.0,116.27,False,1305.0099999999998,2025-11,6
2025-11-23,Pattaya_Beach,Watermelon,173,7785.0,1430.71,1038,865.0,1868.4,2582.8900000000003,6.0,85.62,False,2497.2700000000004,2025-11,6
2025-11-23,Pattaya_Central,Guava,89,4361.0,783.2,534,489.5,1046.6399999999999,1507.6599999999999,6.0,88.8,False,1418.86,2025-11,6
2025-11-23,Pattaya_Central,PassionFruit,77,5005.0,1376.76,462,462.0,1501.5,1202.7400000000002,7.0,167.16,False,1035.5800000000002,2025-11,6
2025-11-23,Pattaya_Central,Pineapple,147,7203.0,1559.6699999999998,882,735.0,2160.9,1865.43,6.0,99.66,False,1765.77,2025-11,6
2025-11-23,Pattaya_Central,Watermelon,233,10485.0,1926.9099999999999,1398,1165.0,2516.4,3478.69,10.0,142.7,False,3335.9900000000002,2025-11,6
2025-11-24,BKK_Ladprao,Guava,42,2058.0,355.32000000000005,252,231.0,493.92,725.76,2.0,28.92,False,696.84,2025-11,0
2025-11-24,BKK_Ladprao,PassionFruit,33,2145.0,564.96,198,198.0,643.5,540.5399999999998,5.0,115.6,False,424.9399999999998,2025-11,0
2025-11-24,BKK_Ladprao,Pineapple,44,2156.0,408.32,264,220.0,517.4399999999999,746.24,3.0,45.84,False,700.4,2025-11,0
2025-11-24,BKK_Ladprao,Watermelon,90,4050.0,733.5,540,450.0,971.9999999999999,1354.5000000000002,5.0,70.75,False,1283.7500000000002,2025-11,0
2025-11-24,BKK_Sukhumvit,Guava,66,3234.0,558.36,396,363.0,776.16,1140.48,4.0,57.84,False,1082.64,2025-11,0
2025-11-24,BKK_Sukhumvit,PassionFruit,48,3120.0,821.76,288,288.0,748.8,973.4399999999999,4.0,92.48,False,880.9599999999999,2025-11,0
2025-11-24,BKK_Sukhumvit,Pineapple,117,5733.0,1085.76,702,585.0,1719.8999999999999,1640.34,7.0,106.96,False,1533.3799999999999,2025-11,0
2025-11-24,BKK_Sukhumvit,Watermelon,147,6615.0,1198.0500000000002,882,735.0,1984.5,1815.45,3.0,42.45,False,1773.0,2025-11,0
2025-11-24,Pattaya_Beach,Guava,68,3332.0,575.2800000000001,408,374.0,999.6,975.1200000000001,4.0,57.84,False,917.2800000000001,2025-11,0
2025-11-24,Pattaya_Beach,PassionFruit,51,3315.0,873.12,306,306.0,994.5,835.3799999999998,4.0,92.48,False,742.8999999999997,2025-11,0
2025-11-24,Pattaya_Beach,Pineapple,117,5733.0,1085.76,702,585.0,1719.8999999999999,1640.3400000000001,6.0,91.68,False,1548.66,2025-11,0
2025-11-24,Pattaya_Beach,Watermelon,173,7785.0,1409.95,1038,865.0,1868.4,2603.65,6.0,84.9,False,2518.75,2025-11,0
2025-11-24,Pattaya_Central,Guava,71,3479.0,600.6600000000001,426,390.5,834.96,1226.88,2.0,28.92,False,1197.96,2025-11,0
2025-11-24,Pattaya_Central,PassionFruit,64,4160.0,1095.68,384,384.0,998.4,1297.92,5.0,115.6,False,1182.3200000000002,2025-11,0
2025-11-24,Pattaya_Central,Pineapple,135,6615.0,1252.8,810,675.0,1587.6,2289.6000000000004,5.0,76.4,False,2213.2000000000003,2025-11,0
2025-11-24,Pattaya_Central,Watermelon,188,8460.0,1532.2,1128,940.0,2538.0,2321.7999999999997,7.0,99.05,False,2222.7499999999995,2025-11,0
2025-11-25,BKK_Ladprao,Guava,35,1715.0,296.1,210,192.5,514.5,501.90000000000003,2.0,28.92,False,472.98,2025-11,1
2025-11-25,BKK_Ladprao,PassionFruit,32,2080.0,547.84,192,192.0,624.0,524.1599999999999,7.0,161.84,False,362.3199999999998,2025-11,1
2025-11-25,BKK_Ladprao,Pineapple,63,3087.0,584.64,378,315.0,926.1,883.26,8.0,122.24,False,761.02,2025-11,1
2025-11-25,BKK_Ladprao,Watermelon,86,3870.0,700.9000000000001,516,430.0,928.8,1294.3000000000002,2.0,28.3,False,1266.0000000000002,2025-11,1
2025-11-25,BKK_Sukhumvit,Guava,57,2793.0,482.22,342,313.5,670.3199999999999,984.96,3.0,43.38,False,941.58,2025-11,1
2025-11-25,BKK_Sukhumvit,PassionFruit,67,4355.0,1147.04,402,402.0,1306.5,1097.4599999999996,7.0,161.84,False,935.6199999999995,2025-11,1
2025-11-25,BKK_Sukhumvit,Pineapple,110,5390.0,1020.8,660,550.0,1293.6,1865.6000000000001,3.0,45.84,False,1819.7600000000002,2025-11,1
2025-11-25,BKK_Sukhumvit,Watermelon,139,6255.0,1132.8500000000001,834,695.0,1876.5,1716.65,5.0,70.75,False,1645.9,2025-11,1
2025-11-25,Pattaya_Beach,Guava,70,3430.0,592.2,420,385.0,1029.0,1003.8,5.0,72.3,False,931.5,2025-11,1
2025-11-25,Pattaya_Beach,PassionFruit,56,3640.0,958.72,336,336.0,1092.0,917.2799999999997,4.0,92.48,False,824.7999999999997,2025-11,1
2025-11-25,Pattaya_Beach,Pineapple,91,4459.0,844.4799999999999,546,455.0,1070.1599999999999,1543.3600000000001,3.0,45.84,False,1497.5200000000002,2025-11,1
2025-11-25,Pattaya_Beach,Watermelon,157,7065.0,1279.5500000000002,942,785.0,1695.6,2362.8500000000004,7.0,99.05,False,2263.8,2025-11,1
2025-11-25,Pattaya_Central,Guava,92,4508.0,778.32,552,506.0,1352.4,1319.28,6.0,86.76,False,1232.52,2025-11,1
2025-11-25,Pattaya_Central,PassionFruit,73,4745.0,1249.76,438,438.0,1138.8,1480.4399999999998,6.0,138.72,False,1341.7199999999998,2025-11,1
2025-11-25,Pattaya_Central,Pineapple,132,6468.0,1224.9599999999998,792,660.0,1940.3999999999999,1850.6399999999999,5.0,76.4,False,1774.2399999999998,2025-11,1
2025-11-25,Pattaya_Central,Watermelon,189,8505.0,1540.3500000000001,1134,945.0,2551.5,2334.15,6.0,84.9,False,2249.25,2025-11,1
2025-11-26,BKK_Ladprao,Guava,34,1666.0,287.64000000000004,204,187.0,499.8,487.56000000000006,2.0,28.92,False,458.64000000000004,2025-11,2
2025-11-26,BKK_Ladprao,PassionFruit,30,1950.0,513.6,180,180.0,468.0,608.4000000000001,3.0,69.36,False,539.0400000000001,2025-11,2
2025-11-26,BKK_Ladprao,Pineapple,52,2548.0,482.55999999999995,312,260.0,764.4,729.04,4.0,61.12,False,667.92,2025-11,2
2025-11-26,BKK_Ladprao,Watermelon,104,4680.0,847.6,624,520.0,1123.2,1565.2,3.0,42.45,False,1522.75,2025-11,2
2025-11-26,BKK_Sukhumvit,Guava,55,2695.0,465.30000000000007,330,302.5,646.8,950.4,0.0,0.0,,950.4,2025-11,2
2025-11-26,BKK_Sukhumvit,PassionFruit,49,3185.0,838.88,294,294.0,764.4,993.72,5.0,115.6,False,878.12,2025-11,2
2025-11-26,BKK_Sukhumvit,Pineapple,102,4998.0,946.56,612,510.0,1199.52,1729.92,6.0,91.68,False,1638.24,2025-11,2
2025-11-26,BKK_Sukhumvit,Watermelon,151,6795.0,1230.65,906,755.0,1630.8,2272.55,5.0,70.75,False,2201.8,2025-11,2
2025-11-26,Pattaya_Beach,Guava,69,3381.0,583.74,414,379.5,811.4399999999999,1192.32,3.0,43.38,False,1148.9399999999998,2025-11,2
2025-11-26,Pattaya_Beach,PassionFruit,57,3705.0,975.84,342,342.0,889.1999999999999,1155.96,3.0,69.36,False,1086.6000000000001,2025-11,2
2025-11-26,Pattaya_Beach,Pineapple,107,5243.0,992.9599999999999,642,535.0,1572.8999999999999,1500.1399999999999,5.0,76.4,False,1423.7399999999998,2025-11,2
2025-11-26,Pattaya_Beach,Watermelon,163,7335.0,1328.45,978,815.0,2200.5,2013.05,5.0,70.75,False,1942.3,2025-11,2
2025-11-26,Pattaya_Central,Guava,75,3675.0,634.5000000000001,450,412.5,1102.5,1075.5,6.0,86.76,False,988.74,2025-11,2
2025-11-26,Pattaya_Central,PassionFruit,64,4160.0,1095.68,384,384.0,998.4,1297.9199999999998,5.0,115.6,False,1182.32,2025-11,2
2025-11-26,Pattaya_Central,Pineapple,128,6272.0,1187.84,768,640.0,1881.6,1794.56,6.0,91.68,False,1702.8799999999999,2025-11,2
2025-11-26,Pattaya_Central,Watermelon,195,8775.0,1589.25,1170,975.0,2632.5,2408.25,3.0,42.45,False,2365.8,2025-11,2
2025-11-27,BKK_Ladprao,Guava,30,1470.0,253.8,180,165.0,441.0,430.20000000000005,2.0,28.92,False,401.28000000000003,2025-11,3
2025-11-27,BKK_Ladprao,PassionFruit,35,2275.0,599.2,210,210.0,682.5,573.2999999999998,4.0,92.48,False,480.8199999999998,2025-11,3
2025-11-27,BKK_Ladprao,Pineapple,56,2744.0,519.68,336,280.0,658.56,949.76,3.0,45.84,False,903.92,2025-11,3
2025-11-27,BKK_Ladprao,Watermelon,87,3915.0,709.0500000000001,522,435.0,1174.5,1074.45,4.0,56.6,False,1017.85,2025-11,3
2025-11-27,BKK_Sukhumvit,Guava,47,2303.0,397.62000000000006,282,258.5,690.9,673.98,3.0,43.38,False,630.6,2025-11,3
2025-11-27,BKK_Sukhumvit,PassionFruit,48,3120.0,821.76,288,288.0,748.8,973.4399999999999,5.0,115.6,False,857.8399999999999,2025-11,3
2025-11-27,BKK_Sukhumvit,Pineapple,103,5047.0,955.8399999999999,618,515.0,1211.28,1746.88,4.0,61.12,False,1685.7600000000002,2025-11,3
2025-11-27,BKK_Sukhumvit,Watermelon,172,7740.0,1401.8,1032,860.0,1857.6,2588.6000000000004,8.0,113.2,False,2475.4000000000005,2025-11,3
2025-11-27,Pattaya_Beach,Guava,87,4263.0,736.0200000000001,522,478.5,1278.9,1247.58,5.0,72.3,False,1175.28,2025-11,3
2025-11-27,Pattaya_Beach,PassionFruit,47,3055.0,804.64,282,282.0,916.5,769.8599999999998,4.0,92.48,False,677.3799999999998,2025-11,3
2025-11-27,Pattaya_Beach,Pineapple,101,4949.0,937.28,606,505.0,1187.76,1712.9600000000003,4.0,61.12,False,1651.8400000000004,2025-11,3
2025-11-27,Pattaya_Beach,Watermelon,157,7065.0,1279.5500000000002,942,785.0,1695.6,2362.85,5.0,70.75,False,2292.1,2025-11,3
2025-11-27,Pattaya_Central,Guava,69,3381.0,583.74,414,379.5,811.44,1192.32,3.0,43.38,False,1148.9399999999998,2025-11,3
2025-11-27,Pattaya_Central,PassionFruit,73,4745.0,1249.76,438,438.0,1138.8,1480.44,5.0,115.6,False,1364.8400000000001,2025-11,3
2025-11-27,Pattaya_Central,Pineapple,111,5439.0,1030.08,666,555.0,1305.36,1882.5600000000002,7.0,106.96,False,1775.6000000000001,2025-11,3
2025-11-27,Pattaya_Central,Watermelon,190,8550.0,1548.5,1140,950.0,2565.0,2346.5,7.0,99.05,False,2247.45,2025-11,3
2025-11-28,BKK_Ladprao,Guava,34,1666.0,287.64000000000004,204,187.0,499.8,487.56,3.0,43.38,False,444.18,2025-11,4
2025-11-28,BKK_Ladprao,PassionFruit,29,1885.0,496.48,174,174.0,452.4,588.12,6.0,138.72,False,449.4,2025-11,4
2025-11-28,BKK_Ladprao,Pineapple,55,2695.0,510.4,330,275.0,808.5,771.0999999999999,5.0,76.4,False,694.6999999999999,2025-11,4
2025-11-28,BKK_Ladprao,Watermelon,92,4140.0,749.8000000000001,552,460.0,1242.0,1136.2,5.0,70.75,False,1065.45,2025-11,4
2025-11-28,BKK_Sukhumvit,Guava,58,2842.0,490.68000000000006,348,319.0,852.6,831.72,4.0,57.84,False,773.88,2025-11,4
2025-11-28,BKK_Sukhumvit,PassionFruit,60,3900.0,1027.2,360,360.0,1170.0,982.7999999999997,9.0,208.08,False,774.7199999999997,2025-11,4
2025-11-28,BKK_Sukhumvit,Pineapple,89,4361.0,825.92,534,445.0,1046.6399999999999,1509.44,2.0,30.56,False,1478.88,2025-11,4
2025-11-28,BKK_Sukhumvit,Watermelon,174,7830.0,1418.1000000000001,1044,870.0,2349.0,2148.9,7.0,99.05,False,2049.85,2025-11,4
2025-11-28,Pattaya_Beach,Guava,59,2891.0,499.14000000000004,354,324.5,693.84,1019.52,2.0,28.92,False,990.6,2025-11,4
2025-11-28,Pattaya_Beach,PassionFruit,59,3835.0,1010.08,354,354.0,1150.5,966.4199999999997,7.0,161.84,False,804.5799999999997,2025-11,4
2025-11-28,Pattaya_Beach,Pineapple,97,4753.0,900.16,582,485.0,1425.8999999999999,1359.9400000000003,3.0,45.84,False,1314.1000000000004,2025-11,4
2025-11-28,Pattaya_Beach,Watermelon,166,7470.0,1352.9,996,830.0,1792.8,2498.3,6.0,84.9,False,2413.4,2025-11,4
2025-11-28,Pattaya_Central,Guava,84,4116.0,710.6400000000001,504,462.0,987.8399999999999,1451.52,4.0,57.84,False,1393.68,2025-11,4
2025-11-28,Pattaya_Central,PassionFruit,59,3835.0,1010.08,354,354.0,1150.5,966.4199999999997,6.0,138.72,False,827.6999999999997,2025-11,4
2025-11-28,Pattaya_Central,Pineapple,120,5880.0,1113.6,720,600.0,1411.1999999999998,2035.2000000000003,5.0,76.4,False,1958.8000000000002,2025-11,4
2025-11-28,Pattaya_Central,Watermelon,187,8415.0,1524.0500000000002,1122,935.0,2524.5,2309.45,3.0,42.45,False,2267.0,2025-11,4
2025-11-29,BKK_Ladprao,Guava,37,1813.0,313.02000000000004,222,203.5,543.9,530.58,4.0,57.84,False,472.74,2025-11,5
2025-11-29,BKK_Ladprao,PassionFruit,32,2080.0,547.84,192,192.0,499.2,648.96,5.0,115.6,False,533.36,2025-11,5
2025-11-29,BKK_Ladprao,Pineapple,51,2499.0,473.28,306,255.0,599.76,864.96,2.0,30.56,False,834.4000000000001,2025-11,5
2025-11-29,BKK_Ladprao,Watermelon,81,3645.0,660.15,486,405.0,1093.5,1000.35,3.0,42.45,False,957.9,2025-11,5
2025-11-29,BKK_Sukhumvit,Guava,52,2548.0,439.9200000000001,312,286.0,611.52,898.5600000000001,2.0,28.92,False,869.6400000000001,2025-11,5
2025-11-29,BKK_Sukhumvit,PassionFruit,55,3575.0,941.6,330,330.0,1072.5,900.8999999999997,3.0,69.36,False,831.5399999999997,2025-11,5
2025-11-29,BKK_Sukhumvit,Pineapple,98,4802.0,909.4399999999999,588,490.0,1152.48,1662.0800000000004,3.0,45.84,False,1616.2400000000005,2025-11,5
2025-11-29,BKK_Sukhumvit,Watermelon,170,7650.0,1385.5,1020,850.0,2295.0,2099.5,8.0,113.2,False,1986.3,2025-11,5
2025-11-29,Pattaya_Beach,Guava,63,3087.0,532.98,378,346.5,926.1,903.4200000000001,3.0,43.38,False,860.0400000000001,2025-11,5
2025-11-29,Pattaya_Beach,PassionFruit,71,4615.0,1215.52,426,426.0,1384.5,1162.9799999999998,10.0,231.2,False,931.7799999999997,2025-11,5
2025-11-29,Pattaya_Beach,Pineapple,137,6713.0,1271.36,822,685.0,2013.8999999999999,1920.7400000000002,5.0,76.4,False,1844.3400000000001,2025-11,5
2025-11-29,Pattaya_Beach,Watermelon,185,8325.0,1507.75,1110,925.0,1998.0,2784.25,9.0,127.35,False,2656.9,2025-11,5
2025-11-29,Pattaya_Central,Guava,80,3920.0,676.8000000000001,480,440.0,940.8,1382.4,2.0,28.92,False,1353.48,2025-11,5
2025-11-29,Pattaya_Central,PassionFruit,82,5330.0,1403.8400000000001,492,492.0,1599.0,1343.1599999999996,6.0,138.72,False,1204.4399999999996,2025-11,5
2025-11-29,Pattaya_Central,Pineapple,147,7203.0,1364.1599999999999,882,735.0,1728.72,2493.12,10.0,152.8,False,2340.3199999999997,2025-11,5
2025-11-29,Pattaya_Central,Watermelon,224,10080.0,1825.6000000000001,1344,1120.0,2419.2,3371.2000000000003,7.0,99.05,False,3272.15,2025-11,5
2025-11-30,BKK_Ladprao,Guava,51,2499.0,431.46000000000004,306,280.5,749.7,731.34,4.0,57.84,False,673.5,2025-11,6
2025-11-30,BKK_Ladprao,PassionFruit,33,2145.0,564.96,198,198.0,643.5,540.5399999999998,2.0,46.24,False,494.29999999999984,2025-11,6
2025-11-30,BKK_Ladprao,Pineapple,68,3332.0,631.04,408,340.0,799.68,1153.2800000000002,3.0,45.84,False,1107.4400000000003,2025-11,6
2025-11-30,BKK_Ladprao,Watermelon,77,3465.0,627.5500000000001,462,385.0,1039.5,950.95,4.0,56.6,False,894.35,2025-11,6
2025-11-30,BKK_Sukhumvit,Guava,68,3332.0,575.2800000000001,408,374.0,999.6,975.12,3.0,43.38,False,931.74,2025-11,6
2025-11-30,BKK_Sukhumvit,PassionFruit,49,3185.0,838.88,294,294.0,764.4,993.72,5.0,115.6,False,878.12,2025-11,6
2025-11-30,BKK_Sukhumvit,Pineapple,100,4900.0,927.9999999999999,600,500.0,1470.0,1402.0,5.0,76.4,False,1325.6,2025-11,6
2025-11-30,BKK_Sukhumvit,Watermelon,162,7290.0,1320.3000000000002,972,810.0,1749.6,2438.1000000000004,7.0,99.05,False,2339.05,2025-11,6
2025-11-30,Pattaya_Beach,Guava,83,4067.0,702.1800000000001,498,456.5,1220.1,1190.22,4.0,57.84,False,1132.38,2025-11,6
2025-11-30,Pattaya_Beach,PassionFruit,73,4745.0,1249.76,438,438.0,1423.5,1195.7399999999998,4.0,92.48,False,1103.2599999999998,2025-11,6
2025-11-30,Pattaya_Beach,Pineapple,134,6566.0,1243.52,804,670.0,1575.84,2272.6400000000003,3.0,45.84,False,2226.8,2025-11,6
2025-11-30,Pattaya_Beach,Watermelon,170,7650.0,1385.5,1020,850.0,1836.0,2558.5000000000005,7.0,99.05,False,2459.4500000000003,2025-11,6
2025-11-30,Pattaya_Central,Guava,87,4263.0,736.0200000000001,522,478.5,1278.9,1247.58,4.0,57.84,False,1189.74,2025-11,6
2025-11-30,Pattaya_Central,PassionFruit,88,5720.0,1506.5600000000002,528,528.0,1372.8,1784.6399999999999,13.0,300.56,False,1484.08,2025-11,6
2025-11-30,Pattaya_Central,Pineapple,138,6762.0,1280.6399999999999,828,690.0,1622.8799999999999,2340.4800000000005,6.0,91.68,False,2248.8000000000006,2025-11,6
2025-11-30,Pattaya_Central,Watermelon,212,9540.0,1727.8,1272,1060.0,2862.0,2618.2,8.0,113.2,False,2505.0,2025-11,6
2025-12-01,BKK_Ladprao,Guava,38,1862.0,356.05999999999995,228,209.0,558.6,510.3400000000002,1.0,15.37,False,494.9700000000002,2025-12,0
2025-12-01,BKK_Ladprao,PassionFruit,28,1820.0,537.88,168,168.0,546.0,400.12,4.0,100.84,False,299.28,2025-12,0
2025-12-01,BKK_Ladprao,Pineapple,51,2499.0,526.83,306,255.0,599.76,811.41,4.0,65.32,False,746.0899999999999,2025-12,0
2025-12-01,BKK_Ladprao,Watermelon,114,5130.0,938.22,684,570.0,1539.0,1398.7799999999997,6.0,85.38,False,1313.3999999999996,2025-12,0
2025-12-01,BKK_Sukhumvit,Guava,64,3136.0,599.68,384,352.0,752.64,1047.6800000000003,3.0,46.11,False,1001.5700000000003,2025-12,0
2025-12-01,BKK_Sukhumvit,PassionFruit,57,3705.0,1094.97,342,342.0,1111.5,814.53,3.0,75.63,False,738.9,2025-12,0
2025-12-01,BKK_Sukhumvit,Pineapple,112,5488.0,1156.96,672,560.0,1646.3999999999999,1452.6399999999999,6.0,97.98,False,1354.6599999999999,2025-12,0
2025-12-01,BKK_Sukhumvit,Watermelon,162,7290.0,1333.26,972,810.0,1749.6,2425.14,6.0,85.38,False,2339.7599999999998,2025-12,0
2025-12-01,Pattaya_Beach,Guava,64,3136.0,599.68,384,352.0,940.8,859.5200000000002,3.0,46.11,False,813.4100000000002,2025-12,0
2025-12-01,Pattaya_Beach,PassionFruit,46,2990.0,883.6600000000001,276,276.0,897.0,657.3399999999999,5.0,126.05,False,531.29,2025-12,0
2025-12-01,Pattaya_Beach,Pineapple,98,4802.0,1012.34,588,490.0,1152.48,1559.18,4.0,65.32,False,1493.8600000000001,2025-12,0
2025-12-01,Pattaya_Beach,Watermelon,166,7470.0,1366.18,996,830.0,1792.8,2485.02,7.0,99.61,False,2385.41,2025-12,0
2025-12-01,Pattaya_Central,Guava,75,3675.0,702.75,450,412.5,882.0,1227.7500000000002,4.0,61.48,False,1166.2700000000002,2025-12,0
2025-12-01,Pattaya_Central,PassionFruit,79,5135.0,1517.5900000000001,474,474.0,1540.5,1128.91,10.0,252.1,False,876.8100000000001,2025-12,0
2025-12-01,Pattaya_Central,Pineapple,140,6860.0,1446.2,840,700.0,1646.4,2227.4,3.0,48.99,False,2178.4100000000003,2025-12,0
2025-12-01,Pattaya_Central,Watermelon,203,9135.0,1670.69,1218,1015.0,2740.5,2490.81,7.0,99.61,False,2391.2,2025-12,0
2025-12-02,BKK_Ladprao,Guava,35,1715.0,327.94999999999993,210,192.5,514.5,470.0500000000002,1.0,15.37,False,454.6800000000002,2025-12,1
2025-12-02,BKK_Ladprao,PassionFruit,20,1300.0,384.20000000000005,120,120.0,312.0,363.79999999999995,4.0,100.84,False,262.9599999999999,2025-12,1
2025-12-02,BKK_Ladprao,Pineapple,63,3087.0,650.79,378,315.0,740.88,1002.33,3.0,48.99,False,953.34,2025-12,1
2025-12-02,BKK_Ladprao,Watermelon,99,4455.0,814.7700000000001,594,495.0,1336.5,1214.7299999999998,5.0,71.15,False,1143.5799999999997,2025-12,1
2025-12-02,BKK_Sukhumvit,Guava,56,2744.0,524.7199999999999,336,308.0,823.1999999999999,752.0800000000002,1.0,15.37,False,736.7100000000002,2025-12,1
2025-12-02,BKK_Sukhumvit,PassionFruit,54,3510.0,1037.3400000000001,324,324.0,842.4,982.2599999999999,5.0,126.05,False,856.2099999999999,2025-12,1
2025-12-02,BKK_Sukhumvit,Pineapple,112,5488.0,1156.96,672,560.0,1646.3999999999999,1452.6399999999999,5.0,81.65,False,1370.9899999999998,2025-12,1
2025-12-02,BKK_Sukhumvit,Watermelon,155,6975.0,1275.65,930,775.0,1674.0,2320.35,6.0,85.38,False,2234.97,2025-12,1
2025-12-02,Pattaya_Beach,Guava,68,3332.0,637.16,408,374.0,999.6,913.2400000000001,4.0,61.48,False,851.7600000000001,2025-12,1
2025-12-02,Pattaya_Beach,PassionFruit,45,2925.0,864.45,270,270.0,877.5,643.0500000000001,2.0,50.42,False,592.6300000000001,2025-12,1
2025-12-02,Pattaya_Beach,Pineapple,129,6321.0,1332.57,774,645.0,1896.3,1673.13,6.0,97.98,False,1575.15,2025-12,1
2025-12-02,Pattaya_Beach,Watermelon,195,8775.0,1604.8500000000001,1170,975.0,2106.0,2919.15,6.0,85.38,False,2833.77,2025-12,1
2025-12-02,Pattaya_Central,Guava,80,3920.0,749.5999999999999,480,440.0,940.8,1309.6000000000004,3.0,46.11,False,1263.4900000000005,2025-12,1
2025-12-02,Pattaya_Central,PassionFruit,66,4290.0,1267.8600000000001,396,396.0,1029.6,1200.54,9.0,226.89,False,973.65,2025-12,1
2025-12-02,Pattaya_Central,Pineapple,141,6909.0,1456.53,846,705.0,1658.1599999999999,2243.31,7.0,114.31,False,2129.0,2025-12,1
2025-12-02,Pattaya_Central,Watermelon,201,9045.0,1654.23,1206,1005.0,2170.8,3008.9700000000003,3.0,42.69,False,2966.28,2025-12,1
2025-12-03,BKK_Ladprao,Guava,42,2058.0,393.53999999999996,252,231.0,493.91999999999996,687.5400000000002,5.0,76.85,False,610.6900000000002,2025-12,2
2025-12-03,BKK_Ladprao,PassionFruit,39,2535.0,749.19,234,234.0,760.5,557.31,10.0,252.1,False,305.2099999999999,2025-12,2
2025-12-03,BKK_Ladprao,Pineapple,66,3234.0,681.78,396,330.0,970.2,856.02,4.0,65.32,False,790.7,2025-12,2
2025-12-03,BKK_Ladprao,Watermelon,113,5085.0,929.99,678,565.0,1525.5,1386.5099999999998,5.0,71.15,False,1315.3599999999997,2025-12,2
2025-12-03,BKK_Sukhumvit,Guava,74,3626.0,693.3799999999999,444,407.0,1087.8,993.8200000000002,5.0,76.85,False,916.9700000000001,2025-12,2
2025-12-03,BKK_Sukhumvit,PassionFruit,52,3380.0,998.9200000000001,312,312.0,1014.0,743.08,4.0,100.84,False,642.24,2025-12,2
2025-12-03,BKK_Sukhumvit,Pineapple,112,5488.0,1156.96,672,560.0,1646.4,1452.6399999999999,5.0,81.65,False,1370.9899999999998,2025-12,2
2025-12-03,BKK_Sukhumvit,Watermelon,160,7200.0,1316.8,960,800.0,2160.0,1963.1999999999998,6.0,85.38,False,1877.8199999999997,2025-12,2
2025-12-03,Pattaya_Beach,Guava,69,3381.0,646.53,414,379.5,811.4399999999999,1129.5300000000002,3.0,46.11,False,1083.4200000000003,2025-12,2
2025-12-03,Pattaya_Beach,PassionFruit,48,3120.0,922.08,288,288.0,936.0,685.92,4.0,100.84,False,585.0799999999999,2025-12,2
2025-12-03,Pattaya_Beach,Pineapple,120,5880.0,1239.6000000000001,720,600.0,1764.0,1556.4,8.0,130.64,False,1425.7600000000002,2025-12,2
2025-12-03,Pattaya_Beach,Watermelon,148,6660.0,1218.0400000000002,888,740.0,1998.0,1815.9599999999998,6.0,85.38,False,1730.58,2025-12,2
2025-12-03,Pattaya_Central,Guava,87,4263.0,815.1899999999999,522,478.5,1278.8999999999999,1168.4100000000003,5.0,76.85,False,1091.5600000000004,2025-12,2
2025-12-03,Pattaya_Central,PassionFruit,62,4030.0,1191.02,372,372.0,967.1999999999999,1127.7799999999997,3.0,75.63,False,1052.1499999999996,2025-12,2
2025-12-03,Pattaya_Central,Pineapple,112,5488.0,1156.96,672,560.0,1317.12,1781.92,4.0,65.32,False,1716.6000000000001,2025-12,2
2025-12-03,Pattaya_Central,Watermelon,183,8235.0,1506.0900000000001,1098,915.0,1976.3999999999999,2739.5099999999998,5.0,71.15,False,2668.3599999999997,2025-12,2
2025-12-04,BKK_Ladprao,Guava,33,1617.0,309.21,198,181.5,485.09999999999997,443.19000000000005,3.0,46.11,False,397.08000000000004,2025-12,3
2025-12-04,BKK_Ladprao,PassionFruit,32,2080.0,614.72,192,192.0,624.0,457.28,8.0,201.68,False,255.59999999999997,2025-12,3
2025-12-04,BKK_Ladprao,Pineapple,77,3773.0,795.41,462,385.0,1131.8999999999999,998.69,7.0,114.31,False,884.3800000000001,2025-12,3
2025-12-04,BKK_Ladprao,Watermelon,95,4275.0,781.85,570,475.0,1026.0,1422.1499999999999,2.0,28.46,False,1393.6899999999998,2025-12,3
2025-12-04,BKK_Sukhumvit,Guava,75,3675.0,702.7499999999999,450,412.5,1102.5,1007.2500000000002,4.0,61.48,False,945.7700000000002,2025-12,3
2025-12-04,BKK_Sukhumvit,PassionFruit,55,3575.0,1056.5500000000002,330,330.0,858.0,1000.4499999999998,3.0,75.63,False,924.8199999999998,2025-12,3
2025-12-04,BKK_Sukhumvit,Pineapple,107,5243.0,1105.31,642,535.0,1258.32,1702.3700000000001,6.0,97.98,False,1604.39,2025-12,3
2025-12-04,BKK_Sukhumvit,Watermelon,157,7065.0,1292.1100000000001,942,785.0,2119.5,1926.3899999999999,3.0,42.69,False,1883.6999999999998,2025-12,3
2025-12-04,Pattaya_Beach,Guava,54,2646.0,505.97999999999996,324,297.0,793.8,725.2200000000003,4.0,61.48,False,663.7400000000002,2025-12,3
2025-12-04,Pattaya_Beach,PassionFruit,61,3965.0,1171.8100000000002,366,366.0,1189.5,871.6899999999999,7.0,176.47,False,695.2199999999999,2025-12,3
2025-12-04,Pattaya_Beach,Pineapple,109,5341.0,1125.97,654,545.0,1602.3,1413.73,4.0,65.32,False,1348.41,2025-12,3
2025-12-04,Pattaya_Beach,Watermelon,169,7605.0,1390.8700000000001,1014,845.0,2281.5,2073.63,6.0,85.38,False,1988.25,2025-12,3
2025-12-04,Pattaya_Central,Guava,90,4410.0,843.3,540,495.0,1058.3999999999999,1473.3000000000002,7.0,107.59,False,1365.7100000000003,2025-12,3
2025-12-04,Pattaya_Central,PassionFruit,67,4355.0,1287.0700000000002,402,402.0,1306.5,957.43,7.0,176.47,False,780.9599999999999,2025-12,3
2025-12-04,Pattaya_Central,Pineapple,139,6811.0,1435.8700000000001,834,695.0,1634.6399999999999,2211.49,6.0,97.98,False,2113.5099999999998,2025-12,3
2025-12-04,Pattaya_Central,Watermelon,189,8505.0,1555.47,1134,945.0,2551.5,2319.0299999999997,6.0,85.38,False,2233.6499999999996,2025-12,3
2025-12-05,BKK_Ladprao,Guava,38,1862.0,356.05999999999995,228,209.0,558.6,510.34000000000003,2.0,30.74,False,479.6,2025-12,4
2025-12-05,BKK_Ladprao,PassionFruit,31,2015.0,595.51,186,186.0,604.5,442.99,1.0,25.21,False,417.78000000000003,2025-12,4
2025-12-05,BKK_Ladprao,Pineapple,62,3038.0,640.46,372,310.0,729.12,986.4200000000001,3.0,48.99,False,937.4300000000001,2025-12,4
2025-12-05,BKK_Ladprao,Watermelon,90,4050.0,740.7,540,450.0,972.0,1347.3,8.0,113.84,False,1233.46,2025-12,4
2025-12-05,BKK_Sukhumvit,Guava,56,2744.0,524.72,336,308.0,823.1999999999999,752.0800000000002,1.0,15.37,False,736.7100000000002,2025-12,4
2025-12-05,BKK_Sukhumvit,PassionFruit,68,4420.0,1306.28,408,408.0,1326.0,971.72,7.0,176.47,False,795.25,2025-12,4
2025-12-05,BKK_Sukhumvit,Pineapple,113,5537.0,1167.29,678,565.0,1328.8799999999999,1797.83,4.0,65.32,False,1732.51,2025-12,4
2025-12-05,BKK_Sukhumvit,Watermelon,176,7920.0,1448.48,1056,880.0,2376.0,2159.52,4.0,56.92,False,2102.6,2025-12,4
2025-12-05,Pattaya_Beach,Guava,75,3675.0,702.75,450,412.5,1102.5,1007.2500000000001,2.0,30.74,False,976.5100000000001,2025-12,4
2025-12-05,Pattaya_Beach,PassionFruit,52,3380.0,998.9200000000001,312,312.0,1014.0,743.08,4.0,100.84,False,642.24,2025-12,4
2025-12-05,Pattaya_Beach,Pineapple,95,4655.0,981.35,570,475.0,1117.2,1511.45,5.0,81.65,False,1429.8,2025-12,4
2025-12-05,Pattaya_Beach,Watermelon,175,7875.0,1440.25,1050,875.0,1890.0,2619.75,6.0,85.38,False,2534.37,2025-12,4
2025-12-05,Pattaya_Central,Guava,85,4165.0,796.4499999999999,510,467.5,999.5999999999999,1391.4500000000003,5.0,76.85,False,1314.6000000000004,2025-12,4
2025-12-05,Pattaya_Central,PassionFruit,89,5785.0,1709.69,534,534.0,1735.5,1271.81,7.0,176.47,False,1095.34,2025-12,4
2025-12-05,Pattaya_Central,Pineapple,147,7203.0,1518.51,882,735.0,2160.9,1906.5900000000001,7.0,114.31,False,1792.2800000000002,2025-12,4
2025-12-05,Pattaya_Central,Watermelon,192,8640.0,1580.16,1152,960.0,2592.0,2355.84,4.0,56.92,False,2298.92,2025-12,4
2025-12-06,BKK_Ladprao,Guava,40,1960.0,374.79999999999995,240,220.0,588.0,537.2,5.0,76.85,False,460.35,2025-12,5
2025-12-06,BKK_Ladprao,PassionFruit,45,2925.0,864.45,270,270.0,877.5,643.05,7.0,176.47,False,466.5799999999999,2025-12,5
2025-12-06,BKK_Ladprao,Pineapple,59,2891.0,609.47,354,295.0,693.84,938.69,4.0,65.32,False,873.3700000000001,2025-12,5
2025-12-06,BKK_Ladprao,Watermelon,86,3870.0,707.7800000000001,516,430.0,928.8,1287.4199999999998,5.0,71.15,False,1216.2699999999998,2025-12,5
2025-12-06,BKK_Sukhumvit,Guava,64,3136.0,599.68,384,352.0,940.8,859.5200000000002,3.0,46.11,False,813.4100000000002,2025-12,5
2025-12-06,BKK_Sukhumvit,PassionFruit,48,3120.0,922.08,288,288.0,748.8,873.1199999999999,1.0,25.21,False,847.9099999999999,2025-12,5
2025-12-06,BKK_Sukhumvit,Pineapple,102,4998.0,1053.66,612,510.0,1499.4,1322.94,4.0,65.32,False,1257.6200000000001,2025-12,5
2025-12-06,BKK_Sukhumvit,Watermelon,135,6075.0,1111.0500000000002,810,675.0,1458.0,2020.95,4.0,56.92,False,1964.03,2025-12,5
2025-12-06,Pattaya_Beach,Guava,77,3773.0,721.4899999999999,462,423.5,905.52,1260.4900000000002,4.0,61.48,False,1199.0100000000002,2025-12,5
2025-12-06,Pattaya_Beach,PassionFruit,62,4030.0,1191.02,372,372.0,967.2,1127.7799999999997,4.0,100.84,False,1026.9399999999998,2025-12,5
2025-12-06,Pattaya_Beach,Pineapple,132,6468.0,1363.56,792,660.0,1940.3999999999999,1712.04,8.0,130.64,False,1581.4,2025-12,5
2025-12-06,Pattaya_Beach,Watermelon,201,9045.0,1654.23,1206,1005.0,2170.7999999999997,3008.97,7.0,99.61,False,2909.3599999999997,2025-12,5
2025-12-06,Pattaya_Central,Guava,109,5341.0,1021.3299999999999,654,599.5,1602.3,1463.8700000000003,9.0,138.33,False,1325.5400000000004,2025-12,5
2025-12-06,Pattaya_Central,PassionFruit,81,5265.0,1556.01,486,486.0,1579.5,1157.49,6.0,151.26,False,1006.23,2025-12,5
2025-12-06,Pattaya_Central,Pineapple,139,6811.0,1435.8700000000001,834,695.0,2043.3,1802.8300000000002,8.0,130.64,False,1672.19,2025-12,5
2025-12-06,Pattaya_Central,Watermelon,253,11385.0,2082.19,1518,1265.0,3415.5,3104.31,7.0,99.61,False,3004.7,2025-12,5
2025-12-07,BKK_Ladprao,Guava,38,1862.0,356.05999999999995,228,209.0,558.6,510.34000000000015,4.0,61.48,False,448.8600000000001,2025-12,6
2025-12-07,BKK_Ladprao,PassionFruit,22,1430.0,422.62,132,132.0,343.2,400.17999999999995,2.0,50.42,False,349.75999999999993,2025-12,6
2025-12-07,BKK_Ladprao,Pineapple,78,3822.0,805.74,468,390.0,1146.6,1011.66,5.0,81.65,False,930.01,2025-12,6
2025-12-07,BKK_Ladprao,Watermelon,94,4230.0,773.6200000000001,564,470.0,1269.0,1153.3799999999999,4.0,56.92,False,1096.4599999999998,2025-12,6
2025-12-07,BKK_Sukhumvit,Guava,68,3332.0,637.16,408,374.0,799.68,1113.1600000000003,3.0,46.11,False,1067.0500000000004,2025-12,6
2025-12-07,BKK_Sukhumvit,PassionFruit,62,4030.0,1191.02,372,372.0,967.1999999999999,1127.7799999999997,2.0,50.42,False,1077.3599999999997,2025-12,6
2025-12-07,BKK_Sukhumvit,Pineapple,90,4410.0,929.7,540,450.0,1323.0,1167.3,6.0,97.98,False,1069.32,2025-12,6
2025-12-07,BKK_Sukhumvit,Watermelon,165,7425.0,1357.95,990,825.0,1782.0,2470.05,5.0,71.15,False,2398.9,2025-12,6
2025-12-07,Pattaya_Beach,Guava,76,3724.0,712.12,456,418.0,893.76,1244.1200000000003,4.0,61.48,False,1182.6400000000003,2025-12,6
2025-12-07,Pattaya_Beach,PassionFruit,83,5395.0,1594.43,498,498.0,1294.8,1509.77,10.0,252.1,False,1257.67,2025-12,6
2025-12-07,Pattaya_Beach,Pineapple,137,6713.0,1415.21,822,685.0,2013.8999999999999,1776.89,6.0,97.98,False,1678.91,2025-12,6
2025-12-07,Pattaya_Beach,Watermelon,216,9720.0,1777.68,1296,1080.0,2332.7999999999997,3233.52,9.0,128.07,False,3105.45,2025-12,6
2025-12-07,Pattaya_Central,Guava,111,5439.0,1040.07,666,610.5,1305.36,1817.0700000000004,7.0,107.59,False,1709.4800000000005,2025-12,6
2025-12-07,Pattaya_Central,PassionFruit,79,5135.0,1517.5900000000001,474,474.0,1232.3999999999999,1437.0099999999998,10.0,252.1,False,1184.9099999999999,2025-12,6
2025-12-07,Pattaya_Central,Pineapple,159,7791.0,1642.47,954,795.0,2337.3,2062.23,6.0,97.98,False,1964.25,2025-12,6
2025-12-07,Pattaya_Central,Watermelon,258,11610.0,2123.34,1548,1290.0,2786.4,3862.2599999999998,13.0,184.99,False,3677.2699999999995,2025-12,6
2025-12-08,BKK_Ladprao,Guava,39,1911.0,325.65,234,214.5,573.3,563.5500000000001,1.0,14.35,False,549.2,2025-12,0
2025-12-08,BKK_Ladprao,PassionFruit,35,2275.0,609.35,210,210.0,682.5,563.15,4.0,93.64,False,469.51,2025-12,0
2025-12-08,BKK_Ladprao,Pineapple,66,3234.0,669.24,396,330.0,970.2,868.56,4.0,64.56,False,804.0,2025-12,0
2025-12-08,BKK_Ladprao,Watermelon,93,4185.0,741.21,558,465.0,1255.5,1165.29,6.0,83.82,False,1081.47,2025-12,0
2025-12-08,BKK_Sukhumvit,Guava,70,3430.0,584.5,420,385.0,823.2,1217.3,5.0,71.75,False,1145.55,2025-12,0
2025-12-08,BKK_Sukhumvit,PassionFruit,57,3705.0,992.37,342,342.0,1111.5,917.1299999999999,4.0,93.64,False,823.4899999999999,2025-12,0
2025-12-08,BKK_Sukhumvit,Pineapple,110,5390.0,1115.4,660,550.0,1617.0,1447.6,4.0,64.56,False,1383.04,2025-12,0
2025-12-08,BKK_Sukhumvit,Watermelon,141,6345.0,1123.77,846,705.0,1903.5,1766.73,6.0,83.82,False,1682.91,2025-12,0
2025-12-08,Pattaya_Beach,Guava,83,4067.0,693.05,498,456.5,976.0799999999999,1443.3700000000001,4.0,57.4,False,1385.97,2025-12,0
2025-12-08,Pattaya_Beach,PassionFruit,50,3250.0,870.5,300,300.0,975.0,804.4999999999999,6.0,140.46,False,664.0399999999998,2025-12,0
2025-12-08,Pattaya_Beach,Pineapple,128,6272.0,1297.92,768,640.0,1505.28,2060.8,6.0,96.84,False,1963.9600000000003,2025-12,0
2025-12-08,Pattaya_Beach,Watermelon,168,7560.0,1338.96,1008,840.0,1814.4,2558.6400000000003,7.0,97.79,False,2460.8500000000004,2025-12,0
2025-12-08,Pattaya_Central,Guava,87,4263.0,726.4499999999999,522,478.5,1278.8999999999999,1257.15,2.0,28.7,False,1228.45,2025-12,0
2025-12-08,Pattaya_Central,PassionFruit,76,4940.0,1323.16,456,456.0,1185.6,1519.24,7.0,163.87,False,1355.37,2025-12,0
2025-12-08,Pattaya_Central,Pineapple,148,7252.0,1500.72,888,740.0,1740.48,2382.8,7.0,112.98,False,2269.82,2025-12,0
2025-12-08,Pattaya_Central,Watermelon,190,8550.0,1514.3,1140,950.0,2052.0,2893.7000000000003,7.0,97.79,False,2795.9100000000003,2025-12,0
2025-12-09,BKK_Ladprao,Guava,54,2646.0,450.9,324,297.0,635.04,939.0600000000001,5.0,71.75,False,867.3100000000001,2025-12,1
2025-12-09,BKK_Ladprao,PassionFruit,32,2080.0,557.12,192,192.0,624.0,514.88,6.0,140.46,False,374.41999999999996,2025-12,1
2025-12-09,BKK_Ladprao,Pineapple,61,2989.0,618.5400000000001,366,305.0,717.36,982.1,2.0,32.28,False,949.82,2025-12,1
2025-12-09,BKK_Ladprao,Watermelon,105,4725.0,836.85,630,525.0,1417.5,1315.65,8.0,111.76,False,1203.89,2025-12,1
2025-12-09,BKK_Sukhumvit,Guava,63,3087.0,526.05,378,346.5,926.1,910.3500000000001,4.0,57.4,False,852.9500000000002,2025-12,1
2025-12-09,BKK_Sukhumvit,PassionFruit,71,4615.0,1236.1100000000001,426,426.0,1107.6,1419.29,4.0,93.64,False,1325.6499999999999,2025-12,1
2025-12-09,BKK_Sukhumvit,Pineapple,102,4998.0,1034.28,612,510.0,1199.52,1642.2,5.0,80.7,False,1561.5,2025-12,1
2025-12-09,BKK_Sukhumvit,Watermelon,150,6750.0,1195.5,900,750.0,2025.0,1879.5,7.0,97.79,False,1781.71,2025-12,1
2025-12-09,Pattaya_Beach,Guava,78,3822.0,651.3,468,429.0,1146.6,1127.1000000000001,4.0,57.4,False,1069.7,2025-12,1
2025-12-09,Pattaya_Beach,PassionFruit,68,4420.0,1183.88,408,408.0,1326.0,1094.12,2.0,46.82,False,1047.3,2025-12,1
2025-12-09,Pattaya_Beach,Pineapple,114,5586.0,1155.96,684,570.0,1675.8,1500.24,5.0,80.7,False,1419.54,2025-12,1
2025-12-09,Pattaya_Beach,Watermelon,150,6750.0,1195.5,900,750.0,1620.0,2284.5,4.0,55.88,False,2228.62,2025-12,1
2025-12-09,Pattaya_Central,Guava,97,4753.0,809.9499999999999,582,533.5,1425.8999999999999,1401.6500000000003,4.0,57.4,False,1344.2500000000002,2025-12,1
2025-12-09,Pattaya_Central,PassionFruit,47,3055.0,818.27,282,282.0,916.5,756.2300000000001,4.0,93.64,False,662.5900000000001,2025-12,1
2025-12-09,Pattaya_Central,Pineapple,131,6419.0,1328.3400000000001,786,655.0,1925.6999999999998,1723.96,4.0,64.56,False,1659.4,2025-12,1
2025-12-09,Pattaya_Central,Watermelon,214,9630.0,1705.58,1284,1070.0,2311.2,3259.2200000000003,6.0,83.82,False,3175.4,2025-12,1
2025-12-10,BKK_Ladprao,Guava,35,1715.0,292.25,210,192.5,411.59999999999997,608.65,4.0,57.4,False,551.25,2025-12,2
2025-12-10,BKK_Ladprao,PassionFruit,21,1365.0,365.61,126,126.0,327.59999999999997,419.79,2.0,46.82,False,372.97,2025-12,2
2025-12-10,BKK_Ladprao,Pineapple,71,3479.0,719.94,426,355.0,834.96,1143.1,5.0,80.7,False,1062.3999999999999,2025-12,2
2025-12-10,BKK_Ladprao,Watermelon,90,4050.0,717.3,540,450.0,1215.0,1127.7,7.0,97.79,False,1029.91,2025-12,2
2025-12-10,BKK_Sukhumvit,Guava,80,3920.0,668.0,480,440.0,940.8,1391.2,4.0,57.4,False,1333.8,2025-12,2
2025-12-10,BKK_Sukhumvit,PassionFruit,57,3705.0,992.37,342,342.0,889.2,1139.43,2.0,46.82,False,1092.6100000000001,2025-12,2
2025-12-10,BKK_Sukhumvit,Pineapple,126,6174.0,1277.64,756,630.0,1852.2,1658.1599999999999,5.0,80.7,False,1577.4599999999998,2025-12,2
2025-12-10,BKK_Sukhumvit,Watermelon,175,7875.0,1394.75,1050,875.0,2362.5,2192.75,7.0,97.79,False,2094.96,2025-12,2
2025-12-10,Pattaya_Beach,Guava,63,3087.0,526.05,378,346.5,740.88,1095.5700000000002,5.0,71.75,False,1023.8200000000002,2025-12,2
2025-12-10,Pattaya_Beach,PassionFruit,54,3510.0,940.14,324,324.0,1053.0,868.8599999999999,2.0,46.82,False,822.0399999999998,2025-12,2
2025-12-10,Pattaya_Beach,Pineapple,112,5488.0,1135.68,672,560.0,1646.3999999999999,1473.9199999999998,5.0,80.7,False,1393.2199999999998,2025-12,2
2025-12-10,Pattaya_Beach,Watermelon,169,7605.0,1346.93,1014,845.0,2281.5,2117.5699999999997,4.0,55.88,False,2061.6899999999996,2025-12,2
2025-12-10,Pattaya_Central,Guava,79,3871.0,659.65,474,434.5,929.04,1373.81,5.0,71.75,False,1302.06,2025-12,2
2025-12-10,Pattaya_Central,PassionFruit,75,4875.0,1305.75,450,450.0,1170.0,1499.25,4.0,93.64,False,1405.61,2025-12,2
2025-12-10,Pattaya_Central,Pineapple,149,7301.0,1510.8600000000001,894,745.0,1752.24,2398.9,6.0,96.84,False,2302.06,2025-12,2
2025-12-10,Pattaya_Central,Watermelon,192,8640.0,1530.24,1152,960.0,2592.0,2405.76,12.0,167.64,False,2238.1200000000003,2025-12,2
2025-12-11,BKK_Ladprao,Guava,48,2352.0,400.79999999999995,288,264.0,564.48,834.72,4.0,57.4,False,777.32,2025-12,3
2025-12-11,BKK_Ladprao,PassionFruit,36,2340.0,626.76,216,216.0,561.6,719.6400000000001,4.0,93.64,False,626.0000000000001,2025-12,3
2025-12-11,BKK_Ladprao,Pineapple,62,3038.0,628.6800000000001,372,310.0,911.4,815.9199999999998,2.0,32.28,False,783.6399999999999,2025-12,3
2025-12-11,BKK_Ladprao,Watermelon,105,4725.0,836.85,630,525.0,1417.5,1315.65,3.0,41.91,False,1273.74,2025-12,3
2025-12-11,BKK_Sukhumvit,Guava,58,2842.0,484.29999999999995,348,319.0,682.0799999999999,1008.62,5.0,71.75,False,936.87,2025-12,3
2025-12-11,BKK_Sukhumvit,PassionFruit,47,3055.0,818.27,282,282.0,733.2,939.53,2.0,46.82,False,892.7099999999999,2025-12,3
2025-12-11,BKK_Sukhumvit,Pineapple,98,4802.0,993.72,588,490.0,1440.6,1289.6799999999998,5.0,80.7,False,1208.9799999999998,2025-12,3
2025-12-11,BKK_Sukhumvit,Watermelon,151,6795.0,1203.47,906,755.0,1630.8,2299.73,6.0,83.82,False,2215.91,2025-12,3
2025-12-11,Pattaya_Beach,Guava,70,3430.0,584.5,420,385.0,1029.0,1011.5,4.0,57.4,False,954.1,2025-12,3
2025-12-11,Pattaya_Beach,PassionFruit,52,3380.0,905.3199999999999,312,312.0,1014.0,836.6800000000001,4.0,93.64,False,743.0400000000001,2025-12,3
2025-12-11,Pattaya_Beach,Pineapple,130,6370.0,1318.2,780,650.0,1911.0,1710.7999999999997,7.0,112.98,False,1597.8199999999997,2025-12,3
2025-12-11,Pattaya_Beach,Watermelon,192,8640.0,1530.24,1152,960.0,2592.0,2405.76,8.0,111.76,False,2294.0,2025-12,3
2025-12-11,Pattaya_Central,Guava,91,4459.0,759.85,546,500.5,1070.1599999999999,1582.49,4.0,57.4,False,1525.09,2025-12,3
2025-12-11,Pattaya_Central,PassionFruit,63,4095.0,1096.83,378,378.0,982.8,1259.3700000000001,7.0,163.87,False,1095.5,2025-12,3
2025-12-11,Pattaya_Central,Pineapple,134,6566.0,1358.7600000000002,804,670.0,1969.8,1763.4399999999998,7.0,112.98,False,1650.4599999999998,2025-12,3
2025-12-11,Pattaya_Central,Watermelon,200,9000.0,1594.0,1200,1000.0,2160.0,3046.0,4.0,55.88,False,2990.12,2025-12,3
2025-12-12,BKK_Ladprao,Guava,66,2587.2000000000003,551.0999999999999,396,363.0,620.928,656.172,10.0,143.5,False,512.672,2025-12,4
2025-12-12,BKK_Ladprao,PassionFruit,60,3120.0,1044.6,360,360.0,748.8,606.5999999999999,7.0,163.87,False,442.7299999999999,2025-12,4
2025-12-12,BKK_Ladprao,Pineapple,99,3880.8,1003.86,594,495.0,1164.2399999999998,623.7,6.0,96.84,False,526.86,2025-12,4
2025-12-12,BKK_Ladprao,Watermelon,130,4680.0,1036.1,780,650.0,1123.2,1090.7,9.0,125.73,False,964.97,2025-12,4
2025-12-12,BKK_Sukhumvit,Guava,105,4116.0,876.75,630,577.5,987.8399999999999,1043.91,6.0,86.1,False,957.8100000000001,2025-12,4
2025-12-12,BKK_Sukhumvit,PassionFruit,111,5772.0,1932.51,666,666.0,1731.6,775.89,7.0,163.87,False,612.02,2025-12,4
2025-12-12,BKK_Sukhumvit,Pineapple,177,6938.4,1794.7800000000002,1062,885.0,2081.52,1115.1000000000004,9.0,145.26,False,969.8400000000004,2025-12,4
2025-12-12,BKK_Sukhumvit,Watermelon,318,11448.0,2534.46,1908,1590.0,2747.52,2668.02,8.0,111.76,False,2556.2599999999998,2025-12,4
2025-12-12,Pattaya_Beach,Guava,114,4468.8,951.9,684,627.0,1340.6399999999999,865.26,7.0,100.45,False,764.81,2025-12,4
2025-12-12,Pattaya_Beach,PassionFruit,99,5148.0,1723.5900000000001,594,594.0,1235.52,1000.8899999999999,6.0,140.46,False,860.4299999999998,2025-12,4
2025-12-12,Pattaya_Beach,Pineapple,171,6703.2,1733.94,1026,855.0,2010.9599999999998,1077.3000000000002,9.0,145.26,False,932.0400000000002,2025-12,4
2025-12-12,Pattaya_Beach,Watermelon,326,11736.0,2598.22,1956,1630.0,3520.7999999999997,2030.9800000000002,8.0,111.76,False,1919.2200000000003,2025-12,4
2025-12-12,Pattaya_Central,Guava,150,5880.0,1252.5,900,825.0,1411.1999999999998,1491.3,6.0,86.1,False,1405.2,2025-12,4
2025-12-12,Pattaya_Central,PassionFruit,117,6084.0,2036.97,702,702.0,1825.2,817.83,11.0,257.51,False,560.32,2025-12,4
2025-12-12,Pattaya_Central,Pineapple,230,9016.0,2332.2000000000003,1380,1150.0,2704.7999999999997,1449.0,9.0,145.26,False,1303.74,2025-12,4
2025-12-12,Pattaya_Central,Watermelon,340,12240.0,2709.8,2040,1700.0,3672.0,2118.2000000000003,10.0,139.7,False,1978.5000000000002,2025-12,4
2025-12-13,BKK_Ladprao,Guava,33,1617.0,275.54999999999995,198,181.5,485.09999999999997,476.85,2.0,28.7,False,448.15000000000003,2025-12,5
2025-12-13,BKK_Ladprao,PassionFruit,33,2145.0,574.53,198,198.0,514.8,659.6700000000001,6.0,140.46,False,519.21,2025-12,5
2025-12-13,BKK_Ladprao,Pineapple,63,3087.0,638.82,378,315.0,740.88,1014.3,3.0,48.42,False,965.88,2025-12,5
2025-12-13,BKK_Ladprao,Watermelon,99,4455.0,789.03,594,495.0,1336.5,1240.47,4.0,55.88,False,1184.59,2025-12,5
2025-12-13,BKK_Sukhumvit,Guava,80,3920.0,668.0,480,440.0,940.8,1391.2,5.0,71.75,False,1319.45,2025-12,5
2025-12-13,BKK_Sukhumvit,PassionFruit,59,3835.0,1027.19,354,354.0,920.4,1179.41,4.0,93.64,False,1085.77,2025-12,5
2025-12-13,BKK_Sukhumvit,Pineapple,109,5341.0,1105.26,654,545.0,1602.3,1434.44,4.0,64.56,False,1369.88,2025-12,5
2025-12-13,BKK_Sukhumvit,Watermelon,160,7200.0,1275.2,960,800.0,2160.0,2004.8000000000002,5.0,69.85,False,1934.9500000000003,2025-12,5
2025-12-13,Pattaya_Beach,Guava,101,4949.0,843.3499999999999,606,555.5,1484.7,1459.4500000000003,6.0,86.1,False,1373.3500000000004,2025-12,5
2025-12-13,Pattaya_Beach,PassionFruit,77,5005.0,1340.57,462,462.0,1201.2,1539.23,9.0,210.69,False,1328.54,2025-12,5
2025-12-13,Pattaya_Beach,Pineapple,133,6517.0,1348.6200000000001,798,665.0,1955.1,1750.2799999999997,4.0,64.56,False,1685.7199999999998,2025-12,5
2025-12-13,Pattaya_Beach,Watermelon,198,8910.0,1578.06,1188,990.0,2673.0,2480.9399999999996,5.0,69.85,False,2411.0899999999997,2025-12,5
2025-12-13,Pattaya_Central,Guava,103,5047.0,860.05,618,566.5,1514.1,1488.3500000000001,4.0,57.4,False,1430.95,2025-12,5
2025-12-13,Pattaya_Central,PassionFruit,85,5525.0,1479.85,510,510.0,1657.5,1367.65,5.0,117.05,False,1250.6000000000001,2025-12,5
2025-12-13,Pattaya_Central,Pineapple,163,7987.0,1652.8200000000002,978,815.0,2396.1,2145.08,6.0,96.84,False,2048.24,2025-12,5
2025-12-13,Pattaya_Central,Watermelon,234,10530.0,1864.98,1404,1170.0,3159.0,2932.02,9.0,125.73,False,2806.29,2025-12,5
2025-12-14,BKK_Ladprao,Guava,39,1911.0,325.65,234,214.5,573.3,563.5500000000001,3.0,43.05,False,520.5000000000001,2025-12,6
2025-12-14,BKK_Ladprao,PassionFruit,45,2925.0,783.45,270,270.0,877.5,724.05,4.0,93.64,False,630.41,2025-12,6
2025-12-14,BKK_Ladprao,Pineapple,67,3283.0,679.38,402,335.0,787.92,1078.7,5.0,80.7,False,998.0,2025-12,6
2025-12-14,BKK_Ladprao,Watermelon,105,4725.0,836.85,630,525.0,1417.5,1315.65,7.0,97.79,False,1217.8600000000001,2025-12,6
2025-12-14,BKK_Sukhumvit,Guava,81,3969.0,676.3499999999999,486,445.5,952.56,1408.5900000000001,2.0,28.7,False,1379.89,2025-12,6
2025-12-14,BKK_Sukhumvit,PassionFruit,52,3380.0,905.32,312,312.0,1014.0,836.68,5.0,117.05,False,719.63,2025-12,6
2025-12-14,BKK_Sukhumvit,Pineapple,109,5341.0,1105.26,654,545.0,1602.3,1434.44,4.0,64.56,False,1369.88,2025-12,6
2025-12-14,BKK_Sukhumvit,Watermelon,151,6795.0,1203.47,906,755.0,1630.8,2299.73,5.0,69.85,False,2229.88,2025-12,6
2025-12-14,Pattaya_Beach,Guava,82,4018.0,684.6999999999999,492,451.0,1205.3999999999999,1184.9,3.0,43.05,False,1141.8500000000001,2025-12,6
2025-12-14,Pattaya_Beach,PassionFruit,67,4355.0,1166.47,402,402.0,1306.5,1078.03,6.0,140.46,False,937.5699999999999,2025-12,6
2025-12-14,Pattaya_Beach,Pineapple,139,6811.0,1409.46,834,695.0,2043.3,1829.2399999999998,3.0,48.42,False,1780.8199999999997,2025-12,6
2025-12-14,Pattaya_Beach,Watermelon,203,9135.0,1617.9099999999999,1218,1015.0,2192.4,3091.69,5.0,69.85,False,3021.84,2025-12,6
2025-12-14,Pattaya_Central,Guava,94,4606.0,784.9,564,517.0,1105.44,1634.66,2.0,28.7,False,1605.96,2025-12,6
2025-12-14,Pattaya_Central,PassionFruit,71,4615.0,1236.1100000000001,426,426.0,1107.6,1419.29,6.0,140.46,False,1278.83,2025-12,6
2025-12-14,Pattaya_Central,Pineapple,152,7448.0,1541.2800000000002,912,760.0,2234.4,2000.32,6.0,96.84,False,1903.48,2025-12,6
2025-12-14,Pattaya_Central,Watermelon,251,11295.0,2000.47,1506,1255.0,2710.7999999999997,3822.73,10.0,139.7,False,3683.03,2025-12,6
2025-12-15,BKK_Ladprao,Guava,20,980.0,182.39999999999998,120,110.0,294.0,273.60000000000014,2.0,30.24,False,243.36000000000013,2025-12,0
2025-12-15,BKK_Ladprao,PassionFruit,24,1560.0,460.08000000000004,144,144.0,374.4,437.5199999999999,3.0,75.51,False,362.00999999999993,2025-12,0
2025-12-15,BKK_Ladprao,Pineapple,66,3234.0,656.04,396,330.0,970.2,881.76,5.0,79.7,False,802.06,2025-12,0
2025-12-15,BKK_Ladprao,Watermelon,82,3690.0,666.6600000000001,492,410.0,1107.0,1014.3399999999999,6.0,84.78,False,929.56,2025-12,0
2025-12-15,BKK_Sukhumvit,Guava,73,3577.0,665.76,438,401.5,858.48,1213.2600000000002,5.0,75.6,False,1137.6600000000003,2025-12,0
2025-12-15,BKK_Sukhumvit,PassionFruit,58,3770.0,1111.8600000000001,348,348.0,1131.0,831.1399999999999,6.0,151.02,False,680.1199999999999,2025-12,0
2025-12-15,BKK_Sukhumvit,Pineapple,111,5439.0,1103.34,666,555.0,1631.7,1482.9600000000003,6.0,95.64,False,1387.3200000000002,2025-12,0
2025-12-15,BKK_Sukhumvit,Watermelon,156,7020.0,1268.2800000000002,936,780.0,2106.0,1929.7199999999998,9.0,127.17,False,1802.5499999999997,2025-12,0
2025-12-15,Pattaya_Beach,Guava,88,4312.0,802.56,528,484.0,1034.8799999999999,1462.5600000000004,7.0,105.84,False,1356.7200000000005,2025-12,0
2025-12-15,Pattaya_Beach,PassionFruit,61,3965.0,1169.3700000000001,366,366.0,951.6,1112.03,4.0,100.68,False,1011.3499999999999,2025-12,0
2025-12-15,Pattaya_Beach,Pineapple,114,5586.0,1133.1599999999999,684,570.0,1675.8,1523.04,4.0,63.76,False,1459.28,2025-12,0
2025-12-15,Pattaya_Beach,Watermelon,154,6930.0,1252.02,924,770.0,2079.0,1904.98,6.0,84.78,False,1820.2,2025-12,0
2025-12-15,Pattaya_Central,Guava,79,3871.0,720.4799999999999,474,434.5,1161.3,1080.72,5.0,75.6,False,1005.12,2025-12,0
2025-12-15,Pattaya_Central,PassionFruit,67,4355.0,1284.39,402,402.0,1045.2,1221.4099999999999,12.0,302.04,False,919.3699999999999,2025-12,0
2025-12-15,Pattaya_Central,Pineapple,121,5929.0,1202.74,726,605.0,1778.6999999999998,1616.5600000000002,6.0,95.64,False,1520.92,2025-12,0
2025-12-15,Pattaya_Central,Watermelon,173,7785.0,1406.49,1038,865.0,2335.5,2140.0099999999998,7.0,98.91,False,2041.0999999999997,2025-12,0
2025-12-16,BKK_Ladprao,Guava,42,2058.0,383.03999999999996,252,231.0,617.4,574.5600000000002,1.0,15.12,False,559.4400000000002,2025-12,1
2025-12-16,BKK_Ladprao,PassionFruit,32,2080.0,613.44,192,192.0,499.2,583.3599999999999,4.0,100.68,False,482.6799999999999,2025-12,1
2025-12-16,BKK_Ladprao,Pineapple,63,3087.0,626.22,378,315.0,740.88,1026.9,7.0,111.58,False,915.32,2025-12,1
2025-12-16,BKK_Ladprao,Watermelon,96,4320.0,780.48,576,480.0,1036.8,1446.72,5.0,70.65,False,1376.07,2025-12,1
2025-12-16,BKK_Sukhumvit,Guava,62,3038.0,565.4399999999999,372,341.0,911.4,848.1600000000002,3.0,45.36,False,802.8000000000002,2025-12,1
2025-12-16,BKK_Sukhumvit,PassionFruit,45,2925.0,862.6500000000001,270,270.0,702.0,820.3499999999999,5.0,125.85,False,694.4999999999999,2025-12,1
2025-12-16,BKK_Sukhumvit,Pineapple,94,4606.0,934.3599999999999,564,470.0,1105.44,1532.2000000000003,4.0,63.76,False,1468.4400000000003,2025-12,1
2025-12-16,BKK_Sukhumvit,Watermelon,166,7470.0,1349.5800000000002,996,830.0,1792.8,2501.62,6.0,84.78,False,2416.8399999999997,2025-12,1
2025-12-16,Pattaya_Beach,Guava,75,3675.0,684.0,450,412.5,1102.5,1026.0,4.0,60.48,False,965.52,2025-12,1
2025-12-16,Pattaya_Beach,PassionFruit,51,3315.0,977.6700000000001,306,306.0,795.6,929.7299999999999,4.0,100.68,False,829.05,2025-12,1
2025-12-16,Pattaya_Beach,Pineapple,106,5194.0,1053.6399999999999,636,530.0,1558.2,1416.16,5.0,79.7,False,1336.46,2025-12,1
2025-12-16,Pattaya_Beach,Watermelon,158,7110.0,1284.54,948,790.0,1706.3999999999999,2381.06,5.0,70.65,False,2310.41,2025-12,1
2025-12-16,Pattaya_Central,Guava,88,4312.0,802.56,528,484.0,1293.6,1203.8400000000004,5.0,75.6,False,1128.2400000000005,2025-12,1
2025-12-16,Pattaya_Central,PassionFruit,50,3250.0,958.5000000000001,300,300.0,975.0,716.4999999999999,5.0,125.85,False,590.6499999999999,2025-12,1
2025-12-16,Pattaya_Central,Pineapple,153,7497.0,1520.82,918,765.0,1799.28,2493.9000000000005,7.0,111.58,False,2382.3200000000006,2025-12,1
2025-12-16,Pattaya_Central,Watermelon,213,9585.0,1731.69,1278,1065.0,2300.4,3209.91,8.0,113.04,False,3096.87,2025-12,1
2025-12-17,BKK_Ladprao,Guava,50,2450.0,455.99999999999994,300,275.0,735.0,684.0000000000001,3.0,45.36,False,638.6400000000001,2025-12,2
2025-12-17,BKK_Ladprao,PassionFruit,31,2015.0,594.2700000000001,186,186.0,604.5,444.22999999999996,7.0,176.19,False,268.03999999999996,2025-12,2
2025-12-17,BKK_Ladprao,Pineapple,78,3822.0,775.3199999999999,468,390.0,1146.6,1042.08,5.0,79.7,False,962.3799999999999,2025-12,2
2025-12-17,BKK_Ladprao,Watermelon,93,4185.0,756.09,558,465.0,1255.5,1150.4099999999999,7.0,98.91,False,1051.4999999999998,2025-12,2
2025-12-17,BKK_Sukhumvit,Guava,59,2891.0,538.0799999999999,354,324.5,693.84,980.5800000000002,2.0,30.24,False,950.3400000000001,2025-12,2
2025-12-17,BKK_Sukhumvit,PassionFruit,52,3380.0,996.84,312,312.0,1014.0,745.16,5.0,125.85,False,619.31,2025-12,2
2025-12-17,BKK_Sukhumvit,Pineapple,105,5145.0,1043.7,630,525.0,1234.8,1711.5000000000002,5.0,79.7,False,1631.8000000000002,2025-12,2
2025-12-17,BKK_Sukhumvit,Watermelon,152,6840.0,1235.7600000000002,912,760.0,2052.0,1880.2399999999998,7.0,98.91,False,1781.3299999999997,2025-12,2
2025-12-17,Pattaya_Beach,Guava,64,3136.0,583.68,384,352.0,752.64,1063.68,3.0,45.36,False,1018.32,2025-12,2
2025-12-17,Pattaya_Beach,PassionFruit,62,4030.0,1188.5400000000002,372,372.0,967.1999999999999,1130.2599999999998,9.0,226.53,False,903.7299999999998,2025-12,2
2025-12-17,Pattaya_Beach,Pineapple,99,4851.0,984.06,594,495.0,1164.24,1613.7000000000003,3.0,47.82,False,1565.8800000000003,2025-12,2
2025-12-17,Pattaya_Beach,Watermelon,161,7245.0,1308.93,966,805.0,1738.8,2426.27,3.0,42.39,False,2383.88,2025-12,2
2025-12-17,Pattaya_Central,Guava,84,4116.0,766.0799999999999,504,462.0,987.84,1396.0800000000002,6.0,90.72,False,1305.3600000000001,2025-12,2
2025-12-17,Pattaya_Central,PassionFruit,73,4745.0,1399.41,438,438.0,1138.8,1330.79,10.0,251.7,False,1079.09,2025-12,2
2025-12-17,Pattaya_Central,Pineapple,138,6762.0,1371.72,828,690.0,1622.8799999999999,2249.4000000000005,7.0,111.58,False,2137.8200000000006,2025-12,2
2025-12-17,Pattaya_Central,Watermelon,218,9810.0,1772.3400000000001,1308,1090.0,2943.0,2696.66,5.0,70.65,False,2626.0099999999998,2025-12,2
2025-12-18,BKK_Ladprao,Guava,43,2107.0,392.15999999999997,258,236.5,632.1,588.2400000000002,4.0,60.48,False,527.7600000000002,2025-12,3
2025-12-18,BKK_Ladprao,PassionFruit,34,2210.0,651.7800000000001,204,204.0,663.0,487.21999999999997,1.0,25.17,False,462.04999999999995,2025-12,3
2025-12-18,BKK_Ladprao,Pineapple,84,4116.0,834.9599999999999,504,420.0,987.84,1369.2000000000003,3.0,47.82,False,1321.3800000000003,2025-12,3
2025-12-18,BKK_Ladprao,Watermelon,86,3870.0,699.1800000000001,516,430.0,1161.0,1063.82,5.0,70.65,False,993.17,2025-12,3
2025-12-18,BKK_Sukhumvit,Guava,79,3871.0,720.4799999999999,474,434.5,1161.3,1080.7200000000003,4.0,60.48,False,1020.2400000000002,2025-12,3
2025-12-18,BKK_Sukhumvit,PassionFruit,60,3900.0,1150.2,360,360.0,936.0,1093.8,3.0,75.51,False,1018.29,2025-12,3
2025-12-18,BKK_Sukhumvit,Pineapple,107,5243.0,1063.58,642,535.0,1258.32,1744.1000000000004,2.0,31.88,False,1712.2200000000003,2025-12,3
2025-12-18,BKK_Sukhumvit,Watermelon,158,7110.0,1284.5400000000002,948,790.0,2133.0,1954.4599999999998,5.0,70.65,False,1883.8099999999997,2025-12,3
2025-12-18,Pattaya_Beach,Guava,69,3381.0,629.28,414,379.5,1014.3,943.9200000000001,2.0,30.24,False,913.6800000000001,2025-12,3
2025-12-18,Pattaya_Beach,PassionFruit,51,3315.0,977.6700000000001,306,306.0,795.6,929.7299999999998,4.0,100.68,False,829.0499999999997,2025-12,3
2025-12-18,Pattaya_Beach,Pineapple,116,5684.0,1153.04,696,580.0,1705.1999999999998,1549.7600000000002,6.0,95.64,False,1454.1200000000001,2025-12,3
2025-12-18,Pattaya_Beach,Watermelon,163,7335.0,1325.19,978,815.0,2200.5,2016.3099999999997,3.0,42.39,False,1973.9199999999996,2025-12,3
2025-12-18,Pattaya_Central,Guava,85,4165.0,775.1999999999999,510,467.5,999.6,1412.7,3.0,45.36,False,1367.3400000000001,2025-12,3
2025-12-18,Pattaya_Central,PassionFruit,69,4485.0,1322.73,414,414.0,1076.4,1257.87,7.0,176.19,False,1081.6799999999998,2025-12,3
2025-12-18,Pattaya_Central,Pineapple,135,6615.0,1341.8999999999999,810,675.0,1984.5,1803.6000000000001,4.0,63.76,False,1739.8400000000001,2025-12,3
2025-12-18,Pattaya_Central,Watermelon,190,8550.0,1544.7,1140,950.0,2565.0,2350.2999999999997,3.0,42.39,False,2307.91,2025-12,3
2025-12-19,BKK_Ladprao,Guava,37,1813.0,337.44,222,203.5,435.12,614.94,3.0,45.36,False,569.58,2025-12,4
2025-12-19,BKK_Ladprao,PassionFruit,36,2340.0,690.1200000000001,216,216.0,561.6,656.2799999999999,3.0,75.51,False,580.7699999999999,2025-12,4
2025-12-19,BKK_Ladprao,Pineapple,64,3136.0,636.16,384,320.0,940.8,855.0400000000001,5.0,79.7,False,775.34,2025-12,4
2025-12-19,BKK_Ladprao,Watermelon,129,4934.25,1048.77,774,645.0,1480.275,986.2049999999998,9.0,127.17,False,859.0349999999999,2025-12,4
2025-12-19,BKK_Sukhumvit,Guava,62,3038.0,565.4399999999999,372,341.0,729.12,1030.4400000000003,4.0,60.48,False,969.9600000000003,2025-12,4
2025-12-19,BKK_Sukhumvit,PassionFruit,63,4095.0,1207.71,378,378.0,982.8,1148.4899999999998,5.0,125.85,False,1022.6399999999998,2025-12,4
2025-12-19,BKK_Sukhumvit,Pineapple,121,5929.0,1202.74,726,605.0,1778.7,1616.56,5.0,79.7,False,1536.86,2025-12,4
2025-12-19,BKK_Sukhumvit,Watermelon,197,7535.25,1601.6100000000001,1182,985.0,2260.575,1506.0649999999996,8.0,113.04,False,1393.0249999999996,2025-12,4
2025-12-19,Pattaya_Beach,Guava,73,3577.0,665.76,438,401.5,1073.1,998.6400000000001,3.0,45.36,False,953.2800000000001,2025-12,4
2025-12-19,Pattaya_Beach,PassionFruit,52,3380.0,996.84,312,312.0,1014.0,745.16,5.0,125.85,False,619.31,2025-12,4
2025-12-19,Pattaya_Beach,Pineapple,119,5831.0,1182.86,714,595.0,1749.3,1589.8400000000001,3.0,47.82,False,1542.0200000000002,2025-12,4
2025-12-19,Pattaya_Beach,Watermelon,208,7956.0,1691.0400000000002,1248,1040.0,2386.7999999999997,1590.1599999999999,8.0,113.04,False,1477.12,2025-12,4
2025-12-19,Pattaya_Central,Guava,90,4410.0,820.8,540,495.0,1323.0,1231.2000000000003,6.0,90.72,False,1140.4800000000002,2025-12,4
2025-12-19,Pattaya_Central,PassionFruit,60,3900.0,1150.2,360,360.0,1170.0,859.8,2.0,50.34,False,809.4599999999999,2025-12,4
2025-12-19,Pattaya_Central,Pineapple,162,7938.0,1610.28,972,810.0,2381.3999999999996,2164.32,6.0,95.64,False,2068.6800000000003,2025-12,4
2025-12-19,Pattaya_Central,Watermelon,286,10939.5,2325.1800000000003,1716,1430.0,3281.85,2186.47,8.0,113.04,False,2073.43,2025-12,4
2025-12-20,BKK_Ladprao,Guava,41,2009.0,373.91999999999996,246,225.5,602.7,560.88,3.0,45.36,False,515.52,2025-12,5
2025-12-20,BKK_Ladprao,PassionFruit,46,2990.0,881.82,276,276.0,897.0,659.18,6.0,151.02,False,508.15999999999997,2025-12,5
2025-12-20,BKK_Ladprao,Pineapple,49,2401.0,487.05999999999995,294,245.0,576.24,798.7000000000002,3.0,47.82,False,750.8800000000001,2025-12,5
2025-12-20,BKK_Ladprao,Watermelon,73,3285.0,593.49,438,365.0,985.5,903.0099999999999,4.0,56.52,False,846.4899999999999,2025-12,5
2025-12-20,BKK_Sukhumvit,Guava,68,3332.0,620.16,408,374.0,799.68,1130.16,5.0,75.6,False,1054.5600000000002,2025-12,5
2025-12-20,BKK_Sukhumvit,PassionFruit,60,3900.0,1150.2,360,360.0,1170.0,859.8,4.0,100.68,False,759.1199999999999,2025-12,5
2025-12-20,BKK_Sukhumvit,Pineapple,92,4508.0,914.48,552,460.0,1352.3999999999999,1229.1200000000001,4.0,63.76,False,1165.3600000000001,2025-12,5
2025-12-20,BKK_Sukhumvit,Watermelon,173,7785.0,1406.4900000000002,1038,865.0,2335.5,2140.0099999999998,4.0,56.52,False,2083.49,2025-12,5
2025-12-20,Pattaya_Beach,Guava,66,3234.0,601.92,396,363.0,970.1999999999999,902.8800000000001,3.0,45.36,False,857.5200000000001,2025-12,5
2025-12-20,Pattaya_Beach,PassionFruit,69,4485.0,1322.73,414,414.0,1345.5,988.7699999999999,11.0,276.87,False,711.8999999999999,2025-12,5
2025-12-20,Pattaya_Beach,Pineapple,142,6958.0,1411.4799999999998,852,710.0,2087.4,1897.12,7.0,111.58,False,1785.54,2025-12,5
2025-12-20,Pattaya_Beach,Watermelon,212,9540.0,1723.5600000000002,1272,1060.0,2289.6,3194.84,9.0,127.17,False,3067.67,2025-12,5
2025-12-20,Pattaya_Central,Guava,103,5047.0,939.3599999999999,618,566.5,1514.1,1409.0400000000002,5.0,75.6,False,1333.4400000000003,2025-12,5
2025-12-20,Pattaya_Central,PassionFruit,77,5005.0,1476.0900000000001,462,462.0,1501.5,1103.4099999999999,11.0,276.87,False,826.5399999999998,2025-12,5
2025-12-20,Pattaya_Central,Pineapple,162,7938.0,1610.28,972,810.0,2381.3999999999996,2164.32,8.0,127.52,False,2036.8000000000002,2025-12,5
2025-12-20,Pattaya_Central,Watermelon,259,11655.0,2105.67,1554,1295.0,2797.2,3903.13,9.0,127.17,False,3775.96,2025-12,5
2025-12-21,BKK_Ladprao,Guava,45,2205.0,410.4,270,247.5,661.5,615.6000000000001,5.0,75.6,False,540.0000000000001,2025-12,6
2025-12-21,BKK_Ladprao,PassionFruit,33,2145.0,632.61,198,198.0,514.8,601.5899999999999,6.0,151.02,False,450.56999999999994,2025-12,6
2025-12-21,BKK_Ladprao,Pineapple,63,3087.0,626.22,378,315.0,926.1,841.6800000000001,1.0,15.94,False,825.74,2025-12,6
2025-12-21,BKK_Ladprao,Watermelon,102,4590.0,829.2600000000001,612,510.0,1101.6,1537.1399999999999,6.0,84.78,False,1452.36,2025-12,6
2025-12-21,BKK_Sukhumvit,Guava,65,3185.0,592.8,390,357.5,955.5,889.2,5.0,75.6,False,813.6,2025-12,6
2025-12-21,BKK_Sukhumvit,PassionFruit,60,3900.0,1150.2,360,360.0,936.0,1093.7999999999997,7.0,176.19,False,917.6099999999997,2025-12,6
2025-12-21,BKK_Sukhumvit,Pineapple,95,4655.0,944.3,570,475.0,1117.2,1548.5000000000002,3.0,47.82,False,1500.6800000000003,2025-12,6
2025-12-21,BKK_Sukhumvit,Watermelon,144,6480.0,1170.72,864,720.0,1555.1999999999998,2170.08,6.0,84.78,False,2085.2999999999997,2025-12,6
2025-12-21,Pattaya_Beach,Guava,94,4606.0,857.28,564,517.0,1381.8,1285.92,6.0,90.72,False,1195.2,2025-12,6
2025-12-21,Pattaya_Beach,PassionFruit,51,3315.0,977.6700000000001,306,306.0,994.5,730.83,6.0,151.02,False,579.8100000000001,2025-12,6
2025-12-21,Pattaya_Beach,Pineapple,123,6027.0,1222.62,738,615.0,1808.1,1643.2800000000002,5.0,79.7,False,1563.5800000000002,2025-12,6
2025-12-21,Pattaya_Beach,Watermelon,197,8865.0,1601.6100000000001,1182,985.0,2127.6,2968.79,7.0,98.91,False,2869.88,2025-12,6
2025-12-21,Pattaya_Central,Guava,104,5096.0,948.4799999999999,624,572.0,1528.8,1422.7200000000003,8.0,120.96,False,1301.7600000000002,2025-12,6
2025-12-21,Pattaya_Central,PassionFruit,92,5980.0,1763.64,552,552.0,1435.2,1677.1599999999996,7.0,176.19,False,1500.9699999999996,2025-12,6
2025-12-21,Pattaya_Central,Pineapple,163,7987.0,1620.2199999999998,978,815.0,1916.8799999999999,2656.9,8.0,127.52,False,2529.38,2025-12,6
2025-12-21,Pattaya_Central,Watermelon,214,9630.0,1739.8200000000002,1284,1070.0,2311.2,3224.98,5.0,70.65,False,3154.33,2025-12,6
2025-12-22,BKK_Ladprao,Guava,38,1862.0,346.17999999999995,228,209.0,558.6,520.2199999999999,5.0,75.55,False,444.6699999999999,2025-12,0
2025-12-22,BKK_Ladprao,PassionFruit,38,2470.0,680.96,228,228.0,741.0,592.04,4.0,95.68,False,496.35999999999996,2025-12,0
2025-12-22,BKK_Ladprao,Pineapple,60,2940.0,606.5999999999999,360,300.0,882.0,791.3999999999999,3.0,48.33,False,743.0699999999998,2025-12,0
2025-12-22,BKK_Ladprao,Watermelon,97,4365.0,786.67,582,485.0,1309.5,1201.83,4.0,56.44,False,1145.3899999999999,2025-12,0
2025-12-22,BKK_Sukhumvit,Guava,55,2695.0,501.04999999999995,330,302.5,646.8,914.6500000000001,3.0,45.33,False,869.32,2025-12,0
2025-12-22,BKK_Sukhumvit,PassionFruit,49,3185.0,878.08,294,294.0,764.4,954.5199999999999,4.0,95.68,False,858.8399999999999,2025-12,0
2025-12-22,BKK_Sukhumvit,Pineapple,108,5292.0,1091.8799999999999,648,540.0,1270.08,1742.0400000000002,4.0,64.44,False,1677.6000000000001,2025-12,0
2025-12-22,BKK_Sukhumvit,Watermelon,151,6795.0,1224.61,906,755.0,2038.5,1870.8900000000003,5.0,70.55,False,1800.3400000000004,2025-12,0
2025-12-22,Pattaya_Beach,Guava,79,3871.0,719.6899999999999,474,434.5,1161.3,1081.5099999999998,4.0,60.44,False,1021.0699999999997,2025-12,0
2025-12-22,Pattaya_Beach,PassionFruit,55,3575.0,985.6000000000001,330,330.0,1072.5,856.9,5.0,119.6,False,737.3,2025-12,0
2025-12-22,Pattaya_Beach,Pineapple,108,5292.0,1091.8799999999999,648,540.0,1587.6,1424.52,5.0,80.55,False,1343.97,2025-12,0
2025-12-22,Pattaya_Beach,Watermelon,167,7515.0,1354.37,1002,835.0,2254.5,2069.13,6.0,84.66,False,1984.47,2025-12,0
2025-12-22,Pattaya_Central,Guava,91,4459.0,829.01,546,500.5,1337.6999999999998,1245.79,5.0,75.55,False,1170.24,2025-12,0
2025-12-22,Pattaya_Central,PassionFruit,62,4030.0,1111.0400000000002,372,372.0,967.1999999999999,1207.7599999999998,7.0,167.44,False,1040.3199999999997,2025-12,0
2025-12-22,Pattaya_Central,Pineapple,137,6713.0,1385.07,822,685.0,1611.12,2209.8100000000004,6.0,96.66,False,2113.1500000000005,2025-12,0
2025-12-22,Pattaya_Central,Watermelon,195,8775.0,1581.4499999999998,1170,975.0,2106.0,2942.55,4.0,56.44,False,2886.11,2025-12,0
2025-12-23,BKK_Ladprao,Guava,37,1813.0,337.07,222,203.5,543.9,506.5299999999999,4.0,60.44,False,446.0899999999999,2025-12,1
2025-12-23,BKK_Ladprao,PassionFruit,23,1495.0,412.16,138,138.0,448.5,358.34,3.0,71.76,False,286.58,2025-12,1
2025-12-23,BKK_Ladprao,Pineapple,58,2842.0,586.38,348,290.0,852.6,765.02,4.0,64.44,False,700.5799999999999,2025-12,1
2025-12-23,BKK_Ladprao,Watermelon,99,4455.0,802.89,594,495.0,1336.5,1226.6100000000001,4.0,56.44,False,1170.17,2025-12,1
2025-12-23,BKK_Sukhumvit,Guava,60,2940.0,546.5999999999999,360,330.0,882.0,821.3999999999999,4.0,60.44,False,760.9599999999998,2025-12,1
2025-12-23,BKK_Sukhumvit,PassionFruit,48,3120.0,860.1600000000001,288,288.0,748.8,935.04,1.0,23.92,False,911.12,2025-12,1
2025-12-23,BKK_Sukhumvit,Pineapple,94,4606.0,950.3399999999999,564,470.0,1105.44,1516.2200000000003,6.0,96.66,False,1419.5600000000002,2025-12,1
2025-12-23,BKK_Sukhumvit,Watermelon,158,7110.0,1281.3799999999999,948,790.0,1706.3999999999999,2384.2200000000003,5.0,70.55,False,2313.67,2025-12,1
2025-12-23,Pattaya_Beach,Guava,76,3724.0,692.3599999999999,456,418.0,1117.2,1040.44,4.0,60.44,False,980.0,2025-12,1
2025-12-23,Pattaya_Beach,PassionFruit,54,3510.0,967.6800000000001,324,324.0,842.4,1051.9199999999998,4.0,95.68,False,956.2399999999998,2025-12,1
2025-12-23,Pattaya_Beach,Pineapple,115,5635.0,1162.6499999999999,690,575.0,1352.4,1854.9500000000003,5.0,80.55,False,1774.4000000000003,2025-12,1
2025-12-23,Pattaya_Beach,Watermelon,147,6615.0,1192.1699999999998,882,735.0,1984.5,1821.33,0.0,0.0,False,1821.33,2025-12,1
2025-12-23,Pattaya_Central,Guava,81,3969.0,737.91,486,445.5,952.56,1347.0300000000002,8.0,120.88,False,1226.15,2025-12,1
2025-12-23,Pattaya_Central,PassionFruit,66,4290.0,1182.7200000000003,396,396.0,1029.6,1285.6799999999998,2.0,47.84,False,1237.84,2025-12,1
2025-12-23,Pattaya_Central,Pineapple,123,6027.0,1243.53,738,615.0,1808.1,1622.3700000000001,3.0,48.33,False,1574.0400000000002,2025-12,1
2025-12-23,Pattaya_Central,Watermelon,194,8730.0,1573.34,1164,970.0,2095.2,2927.4600000000005,7.0,98.77,False,2828.6900000000005,2025-12,1
2025-12-24,BKK_Ladprao,Guava,56,2332.4,510.15999999999997,336,308.0,699.7199999999999,478.5200000000001,7.0,105.77,False,372.7500000000001,2025-12,2
2025-12-24,BKK_Ladprao,PassionFruit,38,2470.0,680.96,228,228.0,592.8,740.2399999999999,4.0,95.68,False,644.56,2025-12,2
2025-12-24,BKK_Ladprao,Pineapple,63,3087.0,636.93,378,315.0,926.0999999999999,830.97,5.0,80.55,False,750.4200000000001,2025-12,2
2025-12-24,BKK_Ladprao,Watermelon,98,4410.0,794.78,588,490.0,1323.0,1214.22,4.0,56.44,False,1157.78,2025-12,2
2025-12-24,BKK_Sukhumvit,Guava,111,4623.15,1011.2099999999999,666,610.5,1109.556,1225.8840000000002,3.0,45.33,False,1180.5540000000003,2025-12,2
2025-12-24,BKK_Sukhumvit,PassionFruit,44,2860.0,788.48,264,264.0,858.0,685.52,4.0,95.68,False,589.8399999999999,2025-12,2
2025-12-24,BKK_Sukhumvit,Pineapple,95,4655.0,960.4499999999999,570,475.0,1396.5,1253.05,4.0,64.44,False,1188.61,2025-12,2
2025-12-24,BKK_Sukhumvit,Watermelon,148,6660.0,1200.28,888,740.0,1998.0,1833.72,3.0,42.33,False,1791.39,2025-12,2
2025-12-24,Pattaya_Beach,Guava,105,4373.25,956.55,630,577.5,1049.58,1159.6200000000001,3.0,45.33,False,1114.2900000000002,2025-12,2
2025-12-24,Pattaya_Beach,PassionFruit,72,4680.0,1290.2400000000002,432,432.0,1404.0,1121.76,5.0,119.6,False,1002.16,2025-12,2
2025-12-24,Pattaya_Beach,Pineapple,116,5684.0,1172.76,696,580.0,1705.1999999999998,1530.04,3.0,48.33,False,1481.71,2025-12,2
2025-12-24,Pattaya_Beach,Watermelon,162,7290.0,1313.82,972,810.0,2187.0,2007.18,6.0,84.66,False,1922.52,2025-12,2
2025-12-24,Pattaya_Central,Guava,109,4539.85,992.9899999999999,654,599.5,1361.955,931.4050000000002,5.0,75.55,False,855.8550000000002,2025-12,2
2025-12-24,Pattaya_Central,PassionFruit,72,4680.0,1290.2400000000002,432,432.0,1404.0,1121.76,6.0,143.52,False,978.24,2025-12,2
2025-12-24,Pattaya_Central,Pineapple,130,6370.0,1314.3,780,650.0,1911.0,1714.6999999999998,4.0,64.44,False,1650.2599999999998,2025-12,2
2025-12-24,Pattaya_Central,Watermelon,188,8460.0,1524.6799999999998,1128,940.0,2538.0,2329.32,9.0,126.99,False,2202.3300000000004,2025-12,2
2025-12-25,BKK_Ladprao,Guava,37,1813.0,337.07,222,203.5,543.9,506.5299999999999,1.0,15.11,False,491.4199999999999,2025-12,3
2025-12-25,BKK_Ladprao,PassionFruit,47,3055.0,842.2400000000001,282,282.0,733.2,915.56,2.0,47.84,False,867.7199999999999,2025-12,3
2025-12-25,BKK_Ladprao,Pineapple,42,2058.0,424.62,252,210.0,617.4,553.9799999999999,4.0,64.44,False,489.5399999999999,2025-12,3
2025-12-25,BKK_Ladprao,Watermelon,99,4455.0,802.89,594,495.0,1069.2,1493.91,7.0,98.77,False,1395.14,2025-12,3
2025-12-25,BKK_Sukhumvit,Guava,64,3136.0,583.04,384,352.0,940.8,876.1599999999999,4.0,60.44,False,815.7199999999998,2025-12,3
2025-12-25,BKK_Sukhumvit,PassionFruit,67,4355.0,1200.64,402,402.0,1306.5,1043.86,7.0,167.44,False,876.4199999999998,2025-12,3
2025-12-25,BKK_Sukhumvit,Pineapple,114,5586.0,1152.54,684,570.0,1675.8,1503.66,6.0,96.66,False,1407.0,2025-12,3
2025-12-25,BKK_Sukhumvit,Watermelon,165,7425.0,1338.1499999999999,990,825.0,2227.5,2044.3500000000001,7.0,98.77,False,1945.5800000000002,2025-12,3
2025-12-25,Pattaya_Beach,Guava,83,4067.0,756.13,498,456.5,976.0799999999999,1380.2900000000002,6.0,90.66,False,1289.63,2025-12,3
2025-12-25,Pattaya_Beach,PassionFruit,40,2600.0,716.8000000000001,240,240.0,624.0,779.1999999999999,4.0,95.68,False,683.52,2025-12,3
2025-12-25,Pattaya_Beach,Pineapple,127,6223.0,1283.9699999999998,762,635.0,1493.52,2048.51,6.0,96.66,False,1951.8500000000001,2025-12,3
2025-12-25,Pattaya_Beach,Watermelon,173,7785.0,1403.03,1038,865.0,2335.5,2143.4700000000003,5.0,70.55,False,2072.92,2025-12,3
2025-12-25,Pattaya_Central,Guava,88,4312.0,801.68,528,484.0,1293.6,1204.72,5.0,75.55,False,1129.17,2025-12,3
2025-12-25,Pattaya_Central,PassionFruit,47,3055.0,842.2400000000001,282,282.0,916.5,732.26,3.0,71.76,False,660.5,2025-12,3
2025-12-25,Pattaya_Central,Pineapple,127,6223.0,1283.97,762,635.0,1493.52,2048.51,5.0,80.55,False,1967.9600000000003,2025-12,3
2025-12-25,Pattaya_Central,Watermelon,206,9270.0,1670.6599999999999,1236,1030.0,2781.0,2552.34,3.0,42.33,False,2510.01,2025-12,3
2025-12-26,BKK_Ladprao,Guava,34,1666.0,309.74,204,187.0,499.8,465.4599999999999,3.0,45.33,False,420.12999999999994,2025-12,4
2025-12-26,BKK_Ladprao,PassionFruit,47,3055.0,842.2400000000001,282,282.0,916.5,732.26,5.0,119.6,False,612.66,2025-12,4
2025-12-26,BKK_Ladprao,Pineapple,67,3283.0,677.37,402,335.0,787.92,1080.71,4.0,64.44,False,1016.27,2025-12,4
2025-12-26,BKK_Ladprao,Watermelon,77,3465.0,624.4699999999999,462,385.0,1039.5,954.03,5.0,70.55,False,883.48,2025-12,4
2025-12-26,BKK_Sukhumvit,Guava,72,3528.0,655.92,432,396.0,846.72,1197.3600000000001,7.0,105.77,False,1091.5900000000001,2025-12,4
2025-12-26,BKK_Sukhumvit,PassionFruit,59,3835.0,1057.2800000000002,354,354.0,920.4,1149.32,5.0,119.6,False,1029.72,2025-12,4
2025-12-26,BKK_Sukhumvit,Pineapple,114,5586.0,1152.54,684,570.0,1675.8,1503.6599999999999,7.0,112.77,False,1390.8899999999999,2025-12,4
2025-12-26,BKK_Sukhumvit,Watermelon,150,6750.0,1216.5,900,750.0,1620.0,2263.5000000000005,3.0,42.33,False,2221.1700000000005,2025-12,4
2025-12-26,Pattaya_Beach,Guava,59,2891.0,537.49,354,324.5,867.3,807.7099999999998,2.0,30.22,False,777.4899999999998,2025-12,4
2025-12-26,Pattaya_Beach,PassionFruit,52,3380.0,931.8400000000001,312,312.0,1014.0,810.16,3.0,71.76,False,738.4,2025-12,4
2025-12-26,Pattaya_Beach,Pineapple,105,5145.0,1061.55,630,525.0,1543.5,1384.95,6.0,96.66,False,1288.29,2025-12,4
2025-12-26,Pattaya_Beach,Watermelon,197,8865.0,1597.6699999999998,1182,985.0,2659.5,2440.83,6.0,84.66,False,2356.17,2025-12,4
2025-12-26,Pattaya_Central,Guava,84,4116.0,765.24,504,462.0,1234.8,1149.9599999999998,5.0,75.55,False,1074.4099999999999,2025-12,4
2025-12-26,Pattaya_Central,PassionFruit,70,4550.0,1254.4,420,420.0,1365.0,1090.6,4.0,95.68,False,994.9199999999998,2025-12,4
2025-12-26,Pattaya_Central,Pineapple,113,5537.0,1142.4299999999998,678,565.0,1328.8799999999999,1822.6900000000003,5.0,80.55,False,1742.1400000000003,2025-12,4
2025-12-26,Pattaya_Central,Watermelon,172,7740.0,1394.9199999999998,1032,860.0,2322.0,2131.08,5.0,70.55,False,2060.5299999999997,2025-12,4
2025-12-27,BKK_Ladprao,Guava,43,2107.0,391.72999999999996,258,236.5,505.67999999999995,715.09,3.0,45.33,False,669.76,2025-12,5
2025-12-27,BKK_Ladprao,PassionFruit,39,2535.0,698.8800000000001,234,234.0,608.4,759.7199999999999,8.0,191.36,False,568.3599999999999,2025-12,5
2025-12-27,BKK_Ladprao,Pineapple,75,3675.0,758.25,450,375.0,1102.5,989.2499999999999,3.0,48.33,False,940.9199999999998,2025-12,5
2025-12-27,BKK_Ladprao,Watermelon,101,4545.0,819.1099999999999,606,505.0,1363.5,1251.39,4.0,56.44,False,1194.95,2025-12,5
2025-12-27,BKK_Sukhumvit,Guava,71,3479.0,646.81,426,390.5,1043.7,971.9899999999999,3.0,45.33,False,926.6599999999999,2025-12,5
2025-12-27,BKK_Sukhumvit,PassionFruit,53,3445.0,949.7600000000001,318,318.0,1033.5,825.74,4.0,95.68,False,730.06,2025-12,5
2025-12-27,BKK_Sukhumvit,Pineapple,112,5488.0,1132.32,672,560.0,1317.12,1806.5600000000002,4.0,64.44,False,1742.1200000000001,2025-12,5
2025-12-27,BKK_Sukhumvit,Watermelon,166,7470.0,1346.26,996,830.0,2241.0,2056.74,8.0,112.88,False,1943.8599999999997,2025-12,5
2025-12-27,Pattaya_Beach,Guava,77,3773.0,701.4699999999999,462,423.5,905.52,1280.5100000000002,4.0,60.44,False,1220.0700000000002,2025-12,5
2025-12-27,Pattaya_Beach,PassionFruit,60,3900.0,1075.2,360,360.0,936.0,1168.8,3.0,71.76,False,1097.04,2025-12,5
2025-12-27,Pattaya_Beach,Pineapple,145,7105.0,1465.95,870,725.0,2131.5,1912.55,8.0,128.88,False,1783.67,2025-12,5
2025-12-27,Pattaya_Beach,Watermelon,207,9315.0,1678.77,1242,1035.0,2794.5,2564.7300000000005,10.0,141.1,False,2423.6300000000006,2025-12,5
2025-12-27,Pattaya_Central,Guava,110,5390.0,1002.0999999999999,660,605.0,1293.6,1829.3000000000002,4.0,60.44,False,1768.8600000000001,2025-12,5
2025-12-27,Pattaya_Central,PassionFruit,81,5265.0,1451.5200000000002,486,486.0,1263.6,1577.8799999999997,9.0,215.28,False,1362.5999999999997,2025-12,5
2025-12-27,Pattaya_Central,Pineapple,167,8183.0,1688.37,1002,835.0,1963.9199999999998,2693.7100000000005,9.0,144.99,False,2548.7200000000003,2025-12,5
2025-12-27,Pattaya_Central,Watermelon,222,9990.0,1800.4199999999998,1332,1110.0,2397.6,3349.98,5.0,70.55,False,3279.43,2025-12,5
2025-12-28,BKK_Ladprao,Guava,36,1764.0,327.96,216,198.0,529.1999999999999,492.84,4.0,60.44,False,432.4,2025-12,6
2025-12-28,BKK_Ladprao,PassionFruit,31,2015.0,555.5200000000001,186,186.0,483.59999999999997,603.88,3.0,71.76,False,532.12,2025-12,6
2025-12-28,BKK_Ladprao,Pineapple,55,2695.0,556.05,330,275.0,808.5,725.4499999999998,5.0,80.55,False,644.8999999999999,2025-12,6
2025-12-28,BKK_Ladprao,Watermelon,82,3690.0,665.02,492,410.0,885.6,1237.38,2.0,28.22,False,1209.16,2025-12,6
2025-12-28,BKK_Sukhumvit,Guava,71,3479.0,646.81,426,390.5,834.96,1180.73,3.0,45.33,False,1135.4,2025-12,6
2025-12-28,BKK_Sukhumvit,PassionFruit,51,3315.0,913.9200000000001,306,306.0,994.5,794.58,4.0,95.68,False,698.9000000000001,2025-12,6
2025-12-28,BKK_Sukhumvit,Pineapple,107,5243.0,1081.77,642,535.0,1258.32,1725.9100000000003,4.0,64.44,False,1661.4700000000003,2025-12,6
2025-12-28,BKK_Sukhumvit,Watermelon,175,7875.0,1419.25,1050,875.0,2362.5,2168.25,4.0,56.44,False,2111.81,2025-12,6
2025-12-28,Pattaya_Beach,Guava,90,4410.0,819.9,540,495.0,1058.4,1496.7,5.0,75.55,False,1421.15,2025-12,6
2025-12-28,Pattaya_Beach,PassionFruit,62,4030.0,1111.0400000000002,372,372.0,967.1999999999999,1207.76,6.0,143.52,False,1064.24,2025-12,6
2025-12-28,Pattaya_Beach,Pineapple,109,5341.0,1101.99,654,545.0,1602.3,1437.71,4.0,64.44,False,1373.27,2025-12,6
2025-12-28,Pattaya_Beach,Watermelon,218,9810.0,1767.9799999999998,1308,1090.0,2943.0,2701.02,9.0,126.99,False,2574.03,2025-12,6
2025-12-28,Pattaya_Central,Guava,85,4165.0,774.3499999999999,510,467.5,999.6,1413.5500000000002,3.0,45.33,False,1368.2200000000003,2025-12,6
2025-12-28,Pattaya_Central,PassionFruit,87,5655.0,1559.0400000000002,522,522.0,1696.5,1355.4599999999998,9.0,215.28,False,1140.1799999999998,2025-12,6
2025-12-28,Pattaya_Central,Pineapple,171,8379.0,1728.81,1026,855.0,2513.7,2255.4900000000002,13.0,209.43,False,2046.0600000000002,2025-12,6
2025-12-28,Pattaya_Central,Watermelon,269,12105.0,2181.5899999999997,1614,1345.0,2905.2,4059.21,11.0,155.21,False,3904.0,2025-12,6
2025-12-29,BKK_Ladprao,Guava,32,1568.0,271.68,192,176.0,470.4,457.9200000000001,2.0,28.98,False,428.94000000000005,2025-12,0
2025-12-29,BKK_Ladprao,PassionFruit,40,2600.0,728.0,240,240.0,624.0,768.0000000000001,5.0,121.0,False,647.0000000000001,2025-12,0
2025-12-29,BKK_Ladprao,Pineapple,60,2940.0,592.1999999999999,360,300.0,882.0,805.8000000000002,5.0,79.35,False,726.4500000000002,2025-12,0
2025-12-29,BKK_Ladprao,Watermelon,85,3825.0,647.7,510,425.0,1147.5,1094.8,4.0,54.48,False,1040.32,2025-12,0
2025-12-29,BKK_Sukhumvit,Guava,62,3038.0,526.38,372,341.0,911.4,887.2200000000001,4.0,57.96,False,829.2600000000001,2025-12,0
2025-12-29,BKK_Sukhumvit,PassionFruit,40,2600.0,728.0,240,240.0,624.0,768.0000000000002,3.0,72.6,False,695.4000000000002,2025-12,0
2025-12-29,BKK_Sukhumvit,Pineapple,112,5488.0,1105.44,672,560.0,1646.4,1504.16,4.0,63.48,False,1440.68,2025-12,0
2025-12-29,BKK_Sukhumvit,Watermelon,170,7650.0,1295.4,1020,850.0,1836.0,2648.6,4.0,54.48,False,2594.12,2025-12,0
2025-12-29,Pattaya_Beach,Guava,74,3626.0,628.26,444,407.0,1087.8,1058.94,3.0,43.47,False,1015.47,2025-12,0
2025-12-29,Pattaya_Beach,PassionFruit,46,2990.0,837.1999999999999,276,276.0,717.6,883.2000000000003,3.0,72.6,False,810.6000000000003,2025-12,0
2025-12-29,Pattaya_Beach,Pineapple,93,4557.0,917.91,558,465.0,1093.6799999999998,1522.4100000000003,4.0,63.48,False,1458.9300000000003,2025-12,0
2025-12-29,Pattaya_Beach,Watermelon,179,8055.0,1363.98,1074,895.0,2416.5,2305.52,6.0,81.72,False,2223.8,2025-12,0
2025-12-29,Pattaya_Central,Guava,87,4263.0,738.63,522,478.5,1023.12,1500.75,6.0,86.94,False,1413.81,2025-12,0
2025-12-29,Pattaya_Central,PassionFruit,64,4160.0,1164.8,384,384.0,1248.0,979.1999999999999,7.0,169.4,False,809.8,2025-12,0
2025-12-29,Pattaya_Central,Pineapple,148,7252.0,1460.7599999999998,888,740.0,2175.6,1987.6400000000008,7.0,111.09,False,1876.5500000000009,2025-12,0
2025-12-29,Pattaya_Central,Watermelon,188,8460.0,1432.56,1128,940.0,2030.3999999999999,2929.04,5.0,68.1,False,2860.94,2025-12,0
2025-12-30,BKK_Ladprao,Guava,37,1813.0,314.13,222,203.5,435.12,638.25,4.0,57.96,False,580.29,2025-12,1
2025-12-30,BKK_Ladprao,PassionFruit,30,1950.0,546.0,180,180.0,468.0,576.0000000000001,3.0,72.6,False,503.4000000000001,2025-12,1
2025-12-30,BKK_Ladprao,Pineapple,52,2548.0,513.24,312,260.0,764.4,698.3600000000001,3.0,47.61,False,650.7500000000001,2025-12,1
2025-12-30,BKK_Ladprao,Watermelon,90,4050.0,685.8,540,450.0,1215.0,1159.1999999999998,2.0,27.24,False,1131.9599999999998,2025-12,1
2025-12-30,BKK_Sukhumvit,Guava,61,2989.0,517.89,366,335.5,896.6999999999999,872.9100000000001,3.0,43.47,False,829.44,2025-12,1
2025-12-30,BKK_Sukhumvit,PassionFruit,32,2080.0,582.4,192,192.0,624.0,489.59999999999997,2.0,48.4,False,441.2,2025-12,1
2025-12-30,BKK_Sukhumvit,Pineapple,113,5537.0,1115.31,678,565.0,1661.1,1517.5900000000004,4.0,63.48,False,1454.1100000000004,2025-12,1
2025-12-30,BKK_Sukhumvit,Watermelon,161,7245.0,1226.82,966,805.0,1738.8,2508.38,5.0,68.1,False,2440.28,2025-12,1
2025-12-30,Pattaya_Beach,Guava,67,3283.0,568.83,402,368.5,787.92,1155.75,1.0,14.49,False,1141.26,2025-12,1
2025-12-30,Pattaya_Beach,PassionFruit,56,3640.0,1019.1999999999999,336,336.0,1092.0,856.8,4.0,96.8,False,760.0,2025-12,1
2025-12-30,Pattaya_Beach,Pineapple,99,4851.0,977.1299999999999,594,495.0,1164.24,1620.6300000000003,1.0,15.87,False,1604.7600000000004,2025-12,1
2025-12-30,Pattaya_Beach,Watermelon,158,7110.0,1203.96,948,790.0,2133.0,2035.04,2.0,27.24,False,2007.8,2025-12,1
2025-12-30,Pattaya_Central,Guava,99,4851.0,840.51,594,544.5,1164.24,1707.75,3.0,43.47,False,1664.28,2025-12,1
2025-12-30,Pattaya_Central,PassionFruit,65,4225.0,1183.0,390,390.0,1267.5,994.5000000000001,5.0,121.0,False,873.5000000000001,2025-12,1
2025-12-30,Pattaya_Central,Pineapple,131,6419.0,1292.9699999999998,786,655.0,1540.56,2144.4700000000007,6.0,95.22,False,2049.250000000001,2025-12,1
2025-12-30,Pattaya_Central,Watermelon,231,10395.0,1760.22,1386,1155.0,2494.7999999999997,3598.98,6.0,81.72,False,3517.26,2025-12,1
2025-12-31,BKK_Ladprao,Guava,46,2254.0,390.54,276,253.0,676.1999999999999,658.2600000000001,4.0,57.96,False,600.3000000000001,2025-12,2
2025-12-31,BKK_Ladprao,PassionFruit,32,2080.0,582.4,192,192.0,624.0,489.59999999999997,6.0,145.2,False,344.4,2025-12,2
2025-12-31,BKK_Ladprao,Pineapple,61,2989.0,602.0699999999999,366,305.0,896.6999999999999,819.2300000000001,3.0,47.61,False,771.6200000000001,2025-12,2
2025-12-31,BKK_Ladprao,Watermelon,94,4230.0,716.28,564,470.0,1015.2,1464.5200000000002,5.0,68.1,False,1396.4200000000003,2025-12,2
2025-12-31,BKK_Sukhumvit,Guava,53,2597.0,449.97,318,291.5,779.1,758.4300000000001,2.0,28.98,False,729.45,2025-12,2
2025-12-31,BKK_Sukhumvit,PassionFruit,50,3250.0,910.0,300,300.0,975.0,765.0,3.0,72.6,False,692.4,2025-12,2
2025-12-31,BKK_Sukhumvit,Pineapple,116,5684.0,1144.9199999999998,696,580.0,1705.2,1557.8800000000003,4.0,63.48,False,1494.4000000000003,2025-12,2
2025-12-31,BKK_Sukhumvit,Watermelon,136,6120.0,1036.32,816,680.0,1468.8,2118.88,6.0,81.72,False,2037.16,2025-12,2
2025-12-31,Pattaya_Beach,Guava,77,3773.0,653.73,462,423.5,905.52,1328.25,4.0,57.96,False,1270.29,2025-12,2
2025-12-31,Pattaya_Beach,PassionFruit,56,3640.0,1019.1999999999999,336,336.0,1092.0,856.8,5.0,121.0,False,735.8,2025-12,2
2025-12-31,Pattaya_Beach,Pineapple,118,5782.0,1164.6599999999999,708,590.0,1387.6799999999998,1931.6600000000005,5.0,79.35,False,1852.3100000000006,2025-12,2
2025-12-31,Pattaya_Beach,Watermelon,178,8010.0,1356.3600000000001,1068,890.0,1922.3999999999999,2773.2400000000002,6.0,81.72,False,2691.5200000000004,2025-12,2
2025-12-31,Pattaya_Central,Guava,73,3577.0,619.77,438,401.5,1073.1,1044.63,2.0,28.98,False,1015.6500000000001,2025-12,2
2025-12-31,Pattaya_Central,PassionFruit,65,4225.0,1183.0,390,390.0,1267.5,994.5,3.0,72.6,False,921.9,2025-12,2
2025-12-31,Pattaya_Central,Pineapple,141,6909.0,1391.6699999999998,846,705.0,2072.7,1893.6300000000003,7.0,111.09,False,1782.5400000000004,2025-12,2
2025-12-31,Pattaya_Central,Watermelon,189,8505.0,1440.18,1134,945.0,2551.5,2434.32,5.0,68.1,False,2366.2200000000003,2025-12,2
2026-01-01,BKK_Ladprao,Guava,71,2783.2,602.79,426,390.5,834.9599999999999,528.95,4.0,57.96,False,470.99000000000007,2026-01,3
2026-01-01,BKK_Ladprao,PassionFruit,55,2860.0,1001.0,330,330.0,686.4,512.6,11.0,266.2,False,246.40000000000003,2026-01,3
2026-01-01,BKK_Ladprao,Pineapple,91,3567.2000000000003,898.17,546,455.0,1070.1599999999999,597.8700000000003,7.0,111.09,False,486.7800000000003,2026-01,3
2026-01-01,BKK_Ladprao,Watermelon,160,5760.0,1219.2,960,800.0,1382.3999999999999,1398.4,4.0,54.48,False,1343.92,2026-01,3
2026-01-01,BKK_Sukhumvit,Guava,99,3880.8,840.51,594,544.5,1164.24,737.5500000000001,9.0,130.41,False,607.1400000000001,2026-01,3
2026-01-01,BKK_Sukhumvit,PassionFruit,79,4108.0,1437.8,474,474.0,985.92,736.2800000000001,9.0,217.8,False,518.48,2026-01,3
2026-01-01,BKK_Sukhumvit,Pineapple,162,6350.4,1598.9399999999998,972,810.0,1905.12,1064.3400000000006,3.0,47.61,False,1016.7300000000006,2026-01,3
2026-01-01,BKK_Sukhumvit,Watermelon,271,9756.0,2065.02,1626,1355.0,2926.7999999999997,1783.1800000000003,13.0,177.06,False,1606.1200000000003,2026-01,3
2026-01-01,Pattaya_Beach,Guava,147,5762.4,1248.03,882,808.5,1728.7199999999998,1095.15,8.0,115.92,False,979.2300000000001,2026-01,3
2026-01-01,Pattaya_Beach,PassionFruit,112,5824.0,2038.3999999999999,672,672.0,1747.2,694.4000000000003,10.0,242.0,False,452.4000000000003,2026-01,3
2026-01-01,Pattaya_Beach,Pineapple,190,7448.0,1875.3,1140,950.0,2234.4,1248.3000000000009,6.0,95.22,False,1153.0800000000008,2026-01,3
2026-01-01,Pattaya_Beach,Watermelon,310,11160.0,2362.2,1860,1550.0,2678.3999999999996,2709.4,11.0,149.82,False,2559.58,2026-01,3
2026-01-01,Pattaya_Central,Guava,134,5252.8,1137.66,804,737.0,1575.84,998.3,9.0,130.41,False,867.89,2026-01,3
2026-01-01,Pattaya_Central,PassionFruit,124,6448.0,2256.7999999999997,744,744.0,1547.52,1155.68,14.0,338.8,False,816.8800000000001,2026-01,3
2026-01-01,Pattaya_Central,Pineapple,243,9525.6,2398.41,1458,1215.0,2286.144,2168.0460000000003,12.0,190.44,False,1977.6060000000002,2026-01,3
2026-01-01,Pattaya_Central,Watermelon,428,15408.0,3261.36,2568,2140.0,3697.92,3740.7200000000003,21.0,286.02,False,3454.7000000000003,2026-01,3
2026-01-02,BKK_Ladprao,Guava,51,2499.0,432.99,306,280.5,749.7,729.8100000000002,4.0,57.96,False,671.8500000000001,2026-01,4
2026-01-02,BKK_Ladprao,PassionFruit,29,1885.0,527.8,174,174.0,565.5,443.69999999999993,5.0,121.0,False,322.69999999999993,2026-01,4
2026-01-02,BKK_Ladprao,Pineapple,49,2401.0,483.63,294,245.0,720.3,658.07,4.0,63.48,False,594.59,2026-01,4
2026-01-02,BKK_Ladprao,Watermelon,107,4815.0,815.34,642,535.0,1155.6,1667.06,5.0,68.1,False,1598.96,2026-01,4
2026-01-02,BKK_Sukhumvit,Guava,77,3773.0,653.73,462,423.5,1131.8999999999999,1101.8700000000001,3.0,43.47,False,1058.4,2026-01,4
2026-01-02,BKK_Sukhumvit,PassionFruit,50,3250.0,910.0,300,300.0,780.0,960.0000000000002,5.0,121.0,False,839.0000000000002,2026-01,4
2026-01-02,BKK_Sukhumvit,Pineapple,121,5929.0,1194.27,726,605.0,1778.6999999999998,1625.0300000000004,2.0,31.74,False,1593.2900000000004,2026-01,4
2026-01-02,BKK_Sukhumvit,Watermelon,158,7110.0,1203.96,948,790.0,1706.3999999999999,2461.64,5.0,68.1,False,2393.54,2026-01,4
2026-01-02,Pattaya_Beach,Guava,69,3381.0,585.8100000000001,414,379.5,1014.3,987.3900000000001,6.0,86.94,False,900.45,2026-01,4
2026-01-02,Pattaya_Beach,PassionFruit,50,3250.0,910.0,300,300.0,780.0,960.0000000000002,7.0,169.4,False,790.6000000000003,2026-01,4
2026-01-02,Pattaya_Beach,Pineapple,113,5537.0,1115.31,678,565.0,1661.1,1517.5900000000001,7.0,111.09,False,1406.5000000000002,2026-01,4
2026-01-02,Pattaya_Beach,Watermelon,172,7740.0,1310.64,1032,860.0,2322.0,2215.36,4.0,54.48,False,2160.88,2026-01,4
2026-01-02,Pattaya_Central,Guava,68,3332.0,577.32,408,374.0,799.68,1173.0,5.0,72.45,False,1100.55,2026-01,4
2026-01-02,Pattaya_Central,PassionFruit,65,4225.0,1183.0,390,390.0,1267.5,994.5,5.0,121.0,False,873.5,2026-01,4
2026-01-02,Pattaya_Central,Pineapple,137,6713.0,1352.1899999999998,822,685.0,1611.12,2242.6900000000005,9.0,142.83,False,2099.8600000000006,2026-01,4
2026-01-02,Pattaya_Central,Watermelon,195,8775.0,1485.9,1170,975.0,2106.0,3038.1000000000004,7.0,95.34,False,2942.76,2026-01,4
2026-01-03,BKK_Ladprao,Guava,45,2205.0,382.05,270,247.5,529.1999999999999,776.25,6.0,86.94,False,689.31,2026-01,5
2026-01-03,BKK_Ladprao,PassionFruit,43,2795.0,782.5999999999999,258,258.0,838.5,657.9,7.0,169.4,False,488.5,2026-01,5
2026-01-03,BKK_Ladprao,Pineapple,64,3136.0,631.68,384,320.0,940.8,859.5200000000002,4.0,63.48,False,796.0400000000002,2026-01,5
2026-01-03,BKK_Ladprao,Watermelon,85,3825.0,647.7,510,425.0,918.0,1324.3000000000002,4.0,54.48,False,1269.8200000000002,2026-01,5
2026-01-03,BKK_Sukhumvit,Guava,70,3430.0,594.3,420,385.0,1029.0,1001.7000000000002,2.0,28.98,False,972.7200000000001,2026-01,5
2026-01-03,BKK_Sukhumvit,PassionFruit,55,3575.0,1000.9999999999999,330,330.0,1072.5,841.5,4.0,96.8,False,744.7,2026-01,5
2026-01-03,BKK_Sukhumvit,Pineapple,118,5782.0,1164.6599999999999,708,590.0,1734.6,1584.7400000000002,2.0,31.74,False,1553.0000000000002,2026-01,5
2026-01-03,BKK_Sukhumvit,Watermelon,147,6615.0,1120.14,882,735.0,1984.5,1893.3600000000001,5.0,68.1,False,1825.2600000000002,2026-01,5
2026-01-03,Pattaya_Beach,Guava,82,4018.0,696.18,492,451.0,964.3199999999999,1414.5,4.0,57.96,False,1356.54,2026-01,5
2026-01-03,Pattaya_Beach,PassionFruit,60,3900.0,1092.0,360,360.0,1170.0,917.9999999999999,5.0,121.0,False,796.9999999999999,2026-01,5
2026-01-03,Pattaya_Beach,Pineapple,165,8085.0,1628.5499999999997,990,825.0,2425.5,2215.9500000000007,9.0,142.83,False,2073.120000000001,2026-01,5
2026-01-03,Pattaya_Beach,Watermelon,208,9360.0,1584.96,1248,1040.0,2808.0,2679.04,7.0,95.34,False,2583.7,2026-01,5
2026-01-03,Pattaya_Central,Guava,93,4557.0,789.57,558,511.5,1367.1,1330.8300000000002,2.0,28.98,False,1301.8500000000001,2026-01,5
2026-01-03,Pattaya_Central,PassionFruit,83,5395.0,1510.6,498,498.0,1294.8,1593.6000000000004,14.0,338.8,False,1254.8000000000004,2026-01,5
2026-01-03,Pattaya_Central,Pineapple,172,8428.0,1697.6399999999999,1032,860.0,2528.4,2309.9600000000005,6.0,95.22,False,2214.7400000000007,2026-01,5
2026-01-03,Pattaya_Central,Watermelon,213,9585.0,1623.06,1278,1065.0,2300.4,3318.54,7.0,95.34,False,3223.2,2026-01,5
2026-01-04,BKK_Ladprao,Guava,40,1960.0,339.6,240,220.0,470.4,690.0,4.0,57.96,False,632.04,2026-01,6
2026-01-04,BKK_Ladprao,PassionFruit,35,2275.0,637.0,210,210.0,682.5,535.4999999999999,6.0,145.2,False,390.2999999999999,2026-01,6
2026-01-04,BKK_Ladprao,Pineapple,68,3332.0,671.16,408,340.0,999.5999999999999,913.2400000000002,5.0,79.35,False,833.8900000000002,2026-01,6
2026-01-04,BKK_Ladprao,Watermelon,96,4320.0,731.52,576,480.0,1296.0,1236.4799999999998,3.0,40.86,False,1195.62,2026-01,6
2026-01-04,BKK_Sukhumvit,Guava,59,2891.0,500.91,354,324.5,867.3,844.2900000000002,3.0,43.47,False,800.8200000000002,2026-01,6
2026-01-04,BKK_Sukhumvit,PassionFruit,53,3445.0,964.5999999999999,318,318.0,1033.5,810.9,5.0,121.0,False,689.9,2026-01,6
2026-01-04,BKK_Sukhumvit,Pineapple,107,5243.0,1056.09,642,535.0,1258.32,1751.5900000000004,5.0,79.35,False,1672.2400000000005,2026-01,6
2026-01-04,BKK_Sukhumvit,Watermelon,160,7200.0,1219.2,960,800.0,2160.0,2060.8,5.0,68.1,False,1992.7000000000003,2026-01,6
2026-01-04,Pattaya_Beach,Guava,76,3724.0,645.24,456,418.0,893.76,1311.0,4.0,57.96,False,1253.04,2026-01,6
2026-01-04,Pattaya_Beach,PassionFruit,67,4355.0,1219.3999999999999,402,402.0,1045.2,1286.4,4.0,96.8,False,1189.6000000000001,2026-01,6
2026-01-04,Pattaya_Beach,Pineapple,130,6370.0,1283.1,780,650.0,1911.0,1745.9000000000003,5.0,79.35,False,1666.5500000000004,2026-01,6
2026-01-04,Pattaya_Beach,Watermelon,192,8640.0,1463.04,1152,960.0,2073.6,2991.36,5.0,68.1,False,2923.26,2026-01,6
2026-01-04,Pattaya_Central,Guava,129,6321.0,1095.21,774,709.5,1896.3,1845.9900000000002,5.0,72.45,False,1773.5400000000002,2026-01,6
2026-01-04,Pattaya_Central,PassionFruit,93,6045.0,1692.6,558,558.0,1450.8,1785.6000000000004,11.0,266.2,False,1519.4000000000003,2026-01,6
2026-01-04,Pattaya_Central,Pineapple,158,7742.0,1559.4599999999998,948,790.0,2322.6,2121.9400000000005,5.0,79.35,False,2042.5900000000006,2026-01,6
2026-01-04,Pattaya_Central,Watermelon,255,11475.0,1943.1,1530,1275.0,3442.5,3284.4,5.0,68.1,False,3216.3,2026-01,6
2026-01-05,BKK_Ladprao,Guava,34,1666.0,278.79999999999995,204,187.0,499.8,496.40000000000003,2.0,28.4,False,468.00000000000006,2026-01,0
2026-01-05,BKK_Ladprao,PassionFruit,22,1430.0,392.91999999999996,132,132.0,429.0,344.08000000000004,3.0,71.58,False,272.50000000000006,2026-01,0
2026-01-05,BKK_Ladprao,Pineapple,48,2352.0,454.56000000000006,288,240.0,564.48,804.9600000000002,4.0,61.88,False,743.0800000000002,2026-01,0
2026-01-05,BKK_Ladprao,Watermelon,86,3870.0,712.0799999999999,516,430.0,1161.0,1050.92,4.0,57.12,False,993.8000000000001,2026-01,0
2026-01-05,BKK_Sukhumvit,Guava,55,2695.0,451.0,330,302.5,646.8,964.6999999999999,3.0,42.6,False,922.0999999999999,2026-01,0
2026-01-05,BKK_Sukhumvit,PassionFruit,50,3250.0,893.0,300,300.0,975.0,782.0000000000001,6.0,143.16,False,638.8400000000001,2026-01,0
2026-01-05,BKK_Sukhumvit,Pineapple,113,5537.0,1070.1100000000001,678,565.0,1661.1,1562.79,4.0,61.88,False,1500.9099999999999,2026-01,0
2026-01-05,BKK_Sukhumvit,Watermelon,170,7650.0,1407.6,1020,850.0,1836.0,2536.4000000000005,5.0,71.4,False,2465.0000000000005,2026-01,0
2026-01-05,Pattaya_Beach,Guava,61,2989.0,500.2,366,335.5,896.7,890.6,3.0,42.6,False,848.0,2026-01,0
2026-01-05,Pattaya_Beach,PassionFruit,68,4420.0,1214.48,408,408.0,1326.0,1063.5200000000002,8.0,190.88,False,872.6400000000002,2026-01,0
2026-01-05,Pattaya_Beach,Pineapple,131,6419.0,1240.5700000000002,786,655.0,1925.7,1811.7299999999998,7.0,108.29,False,1703.4399999999998,2026-01,0
2026-01-05,Pattaya_Beach,Watermelon,175,7875.0,1448.9999999999998,1050,875.0,1890.0,2611.0000000000005,6.0,85.68,False,2525.3200000000006,2026-01,0
2026-01-05,Pattaya_Central,Guava,104,5096.0,852.8,624,572.0,1528.8,1518.4,4.0,56.8,False,1461.6000000000001,2026-01,0
2026-01-05,Pattaya_Central,PassionFruit,67,4355.0,1196.62,402,402.0,1306.5,1047.88,5.0,119.3,False,928.5800000000002,2026-01,0
2026-01-05,Pattaya_Central,Pineapple,126,6174.0,1193.22,756,630.0,1852.1999999999998,1742.58,5.0,77.35,False,1665.23,2026-01,0
2026-01-05,Pattaya_Central,Watermelon,189,8505.0,1564.9199999999998,1134,945.0,2041.2,2819.88,3.0,42.84,False,2777.04,2026-01,0
2026-01-06,BKK_Ladprao,Guava,49,2401.0,401.79999999999995,294,269.5,576.24,859.46,1.0,14.2,False,845.26,2026-01,1
2026-01-06,BKK_Ladprao,PassionFruit,26,1690.0,464.36,156,156.0,507.0,406.64000000000004,5.0,119.3,False,287.34000000000003,2026-01,1
2026-01-06,BKK_Ladprao,Pineapple,76,3724.0,719.72,456,380.0,1117.2,1051.08,6.0,92.82,False,958.26,2026-01,1
2026-01-06,BKK_Ladprao,Watermelon,110,4950.0,910.8,660,550.0,1188.0,1641.2,6.0,85.68,False,1555.52,2026-01,1
2026-01-06,BKK_Sukhumvit,Guava,61,2989.0,500.2,366,335.5,896.7,890.6000000000001,3.0,42.6,False,848.0000000000001,2026-01,1
2026-01-06,BKK_Sukhumvit,PassionFruit,60,3900.0,1071.6,360,360.0,1170.0,938.4000000000001,2.0,47.72,False,890.6800000000001,2026-01,1
2026-01-06,BKK_Sukhumvit,Pineapple,100,4900.0,947.0,600,500.0,1470.0,1383.0,4.0,61.88,False,1321.12,2026-01,1
2026-01-06,BKK_Sukhumvit,Watermelon,158,7110.0,1308.2399999999998,948,790.0,2133.0,1930.76,7.0,99.96,False,1830.8,2026-01,1
2026-01-06,Pattaya_Beach,Guava,65,3185.0,533.0,390,357.5,764.4,1140.1000000000001,4.0,56.8,False,1083.3000000000002,2026-01,1
2026-01-06,Pattaya_Beach,PassionFruit,55,3575.0,982.3,330,330.0,1072.5,860.2000000000002,4.0,95.44,False,764.7600000000002,2026-01,1
2026-01-06,Pattaya_Beach,Pineapple,124,6076.0,1174.2800000000002,744,620.0,1822.8,1714.92,6.0,92.82,False,1622.1000000000001,2026-01,1
2026-01-06,Pattaya_Beach,Watermelon,163,7335.0,1349.6399999999999,978,815.0,1760.4,2431.96,4.0,57.12,False,2374.84,2026-01,1
2026-01-06,Pattaya_Central,Guava,94,4606.0,770.8,564,517.0,1105.44,1648.76,6.0,85.2,False,1563.56,2026-01,1
2026-01-06,Pattaya_Central,PassionFruit,66,4290.0,1178.76,396,396.0,1029.6,1289.64,4.0,95.44,False,1194.2,2026-01,1
2026-01-06,Pattaya_Central,Pineapple,142,6958.0,1344.74,852,710.0,1669.9199999999998,2381.34,7.0,108.29,False,2273.05,2026-01,1
2026-01-06,Pattaya_Central,Watermelon,205,9225.0,1697.3999999999999,1230,1025.0,2214.0,3058.6000000000004,3.0,42.84,False,3015.76,2026-01,1
2026-01-07,BKK_Ladprao,Guava,49,2401.0,401.79999999999995,294,269.5,576.24,859.46,5.0,71.0,False,788.46,2026-01,2
2026-01-07,BKK_Ladprao,PassionFruit,33,2145.0,589.38,198,198.0,514.8,644.82,3.0,71.58,False,573.24,2026-01,2
2026-01-07,BKK_Ladprao,Pineapple,49,2401.0,464.03000000000003,294,245.0,720.3,677.67,3.0,46.41,False,631.26,2026-01,2
2026-01-07,BKK_Ladprao,Watermelon,103,4635.0,852.8399999999999,618,515.0,1390.5,1258.6599999999999,6.0,85.68,False,1172.9799999999998,2026-01,2
2026-01-07,BKK_Sukhumvit,Guava,69,3381.0,565.8,414,379.5,1014.3,1007.4000000000001,1.0,14.2,False,993.2,2026-01,2
2026-01-07,BKK_Sukhumvit,PassionFruit,41,2665.0,732.26,246,246.0,799.5,641.2400000000001,4.0,95.44,False,545.8000000000002,2026-01,2
2026-01-07,BKK_Sukhumvit,Pineapple,93,4557.0,880.71,558,465.0,1367.1,1286.19,4.0,61.88,False,1224.31,2026-01,2
2026-01-07,BKK_Sukhumvit,Watermelon,154,6930.0,1275.12,924,770.0,1663.2,2297.6800000000003,1.0,14.28,False,2283.4,2026-01,2
2026-01-07,Pattaya_Beach,Guava,79,3871.0,647.8,474,434.5,929.04,1385.66,6.0,85.2,False,1300.46,2026-01,2
2026-01-07,Pattaya_Beach,PassionFruit,49,3185.0,875.14,294,294.0,955.5,766.3600000000001,6.0,143.16,False,623.2000000000002,2026-01,2
2026-01-07,Pattaya_Beach,Pineapple,116,5684.0,1098.52,696,580.0,1705.2,1604.28,4.0,61.88,False,1542.3999999999999,2026-01,2
2026-01-07,Pattaya_Beach,Watermelon,186,8370.0,1540.08,1116,930.0,2008.8,2775.1200000000003,7.0,99.96,False,2675.1600000000003,2026-01,2
2026-01-07,Pattaya_Central,Guava,106,5194.0,869.1999999999999,636,583.0,1246.56,1859.24,3.0,42.6,False,1816.64,2026-01,2
2026-01-07,Pattaya_Central,PassionFruit,76,4940.0,1357.36,456,456.0,1185.6,1485.04,8.0,190.88,False,1294.1599999999999,2026-01,2
2026-01-07,Pattaya_Central,Pineapple,129,6321.0,1221.63,774,645.0,1517.04,2163.3300000000004,5.0,77.35,False,2085.9800000000005,2026-01,2
2026-01-07,Pattaya_Central,Watermelon,200,9000.0,1655.9999999999998,1200,1000.0,2700.0,2444.0,2.0,28.56,False,2415.44,2026-01,2
2026-01-08,BKK_Ladprao,Guava,45,2205.0,369.0,270,247.5,661.5,657.0000000000001,5.0,71.0,False,586.0000000000001,2026-01,3
2026-01-08,BKK_Ladprao,PassionFruit,27,1755.0,482.21999999999997,162,162.0,526.5,422.2800000000001,5.0,119.3,False,302.9800000000001,2026-01,3
2026-01-08,BKK_Ladprao,Pineapple,64,3136.0,606.08,384,320.0,752.64,1073.2800000000002,6.0,92.82,False,980.4600000000003,2026-01,3
2026-01-08,BKK_Ladprao,Watermelon,83,3735.0,687.2399999999999,498,415.0,1120.5,1014.26,4.0,57.12,False,957.14,2026-01,3
2026-01-08,BKK_Sukhumvit,Guava,79,3871.0,647.8,474,434.5,1161.3,1153.4,3.0,42.6,False,1110.8000000000002,2026-01,3
2026-01-08,BKK_Sukhumvit,PassionFruit,55,3575.0,982.3,330,330.0,858.0,1074.7,4.0,95.44,False,979.26,2026-01,3
2026-01-08,BKK_Sukhumvit,Pineapple,120,5880.0,1136.4,720,600.0,1764.0,1659.6,4.0,61.88,False,1597.7199999999998,2026-01,3
2026-01-08,BKK_Sukhumvit,Watermelon,175,7875.0,1448.9999999999998,1050,875.0,2362.5,2138.5,5.0,71.4,False,2067.1,2026-01,3
2026-01-08,Pattaya_Beach,Guava,70,3430.0,574.0,420,385.0,1029.0,1022.0000000000001,4.0,56.8,False,965.2000000000002,2026-01,3
2026-01-08,Pattaya_Beach,PassionFruit,65,4225.0,1160.8999999999999,390,390.0,1267.5,1016.6000000000001,8.0,190.88,False,825.7200000000001,2026-01,3
2026-01-08,Pattaya_Beach,Pineapple,114,5586.0,1079.5800000000002,684,570.0,1675.8,1576.62,5.0,77.35,False,1499.27,2026-01,3
2026-01-08,Pattaya_Beach,Watermelon,157,7065.0,1299.9599999999998,942,785.0,1695.6,2342.4400000000005,5.0,71.4,False,2271.0400000000004,2026-01,3
2026-01-08,Pattaya_Central,Guava,78,3822.0,639.5999999999999,468,429.0,1146.6,1138.8000000000002,5.0,71.0,False,1067.8000000000002,2026-01,3
2026-01-08,Pattaya_Central,PassionFruit,77,5005.0,1375.22,462,462.0,1501.5,1204.2800000000002,7.0,167.02,False,1037.2600000000002,2026-01,3
2026-01-08,Pattaya_Central,Pineapple,123,6027.0,1164.8100000000002,738,615.0,1808.1,1701.09,5.0,77.35,False,1623.74,2026-01,3
2026-01-08,Pattaya_Central,Watermelon,170,7650.0,1407.6,1020,850.0,1836.0,2536.4,8.0,114.24,False,2422.1600000000003,2026-01,3
2026-01-09,BKK_Ladprao,Guava,39,1911.0,319.79999999999995,234,214.5,573.3,569.4000000000001,3.0,42.6,False,526.8000000000001,2026-01,4
2026-01-09,BKK_Ladprao,PassionFruit,27,1755.0,482.21999999999997,162,162.0,421.2,527.58,3.0,71.58,False,456.00000000000006,2026-01,4
2026-01-09,BKK_Ladprao,Pineapple,58,2842.0,549.2600000000001,348,290.0,852.5999999999999,802.14,6.0,92.82,False,709.3199999999999,2026-01,4
2026-01-09,BKK_Ladprao,Watermelon,100,4500.0,827.9999999999999,600,500.0,1350.0,1222.0,5.0,71.4,False,1150.6,2026-01,4
2026-01-09,BKK_Sukhumvit,Guava,64,3136.0,524.8,384,352.0,940.8,934.4000000000001,2.0,28.4,False,906.0000000000001,2026-01,4
2026-01-09,BKK_Sukhumvit,PassionFruit,49,3185.0,875.14,294,294.0,955.5,766.3600000000001,4.0,95.44,False,670.9200000000001,2026-01,4
2026-01-09,BKK_Sukhumvit,Pineapple,105,5145.0,994.3500000000001,630,525.0,1234.8,1760.8500000000001,3.0,46.41,False,1714.44,2026-01,4
2026-01-09,BKK_Sukhumvit,Watermelon,175,7875.0,1448.9999999999998,1050,875.0,1890.0,2611.0000000000005,3.0,42.84,False,2568.1600000000003,2026-01,4
2026-01-09,Pattaya_Beach,Guava,71,3479.0,582.1999999999999,426,390.5,1043.6999999999998,1036.6000000000001,6.0,85.2,False,951.4000000000001,2026-01,4
2026-01-09,Pattaya_Beach,PassionFruit,56,3640.0,1000.16,336,336.0,1092.0,875.8400000000001,4.0,95.44,False,780.4000000000001,2026-01,4
2026-01-09,Pattaya_Beach,Pineapple,119,5831.0,1126.93,714,595.0,1399.4399999999998,1995.63,6.0,92.82,False,1902.8100000000002,2026-01,4
2026-01-09,Pattaya_Beach,Watermelon,154,6930.0,1275.12,924,770.0,1663.1999999999998,2297.6800000000003,4.0,57.12,False,2240.5600000000004,2026-01,4
2026-01-09,Pattaya_Central,Guava,71,3479.0,582.1999999999999,426,390.5,834.9599999999999,1245.34,4.0,56.8,False,1188.54,2026-01,4
2026-01-09,Pattaya_Central,PassionFruit,67,4355.0,1196.62,402,402.0,1045.2,1309.18,10.0,238.6,False,1070.5800000000002,2026-01,4
2026-01-09,Pattaya_Central,Pineapple,145,7105.0,1373.15,870,725.0,2131.5,2005.35,7.0,108.29,False,1897.06,2026-01,4
2026-01-09,Pattaya_Central,Watermelon,195,8775.0,1614.6,1170,975.0,2632.5,2382.9,3.0,42.84,False,2340.06,2026-01,4
2026-01-10,BKK_Ladprao,Guava,40,1960.0,327.99999999999994,240,220.0,588.0,584.0000000000001,4.0,56.8,False,527.2000000000002,2026-01,5
2026-01-10,BKK_Ladprao,PassionFruit,41,2665.0,732.26,246,246.0,639.6,801.14,4.0,95.44,False,705.7,2026-01,5
2026-01-10,BKK_Ladprao,Pineapple,65,3185.0,615.5500000000001,390,325.0,764.4,1090.0500000000002,4.0,61.88,False,1028.17,2026-01,5
2026-01-10,BKK_Ladprao,Watermelon,81,3645.0,670.68,486,405.0,1093.5,989.8199999999999,3.0,42.84,False,946.9799999999999,2026-01,5
2026-01-10,BKK_Sukhumvit,Guava,81,3969.0,664.1999999999999,486,445.5,1190.7,1182.6000000000001,2.0,28.4,False,1154.2,2026-01,5
2026-01-10,BKK_Sukhumvit,PassionFruit,43,2795.0,767.98,258,258.0,838.5,672.5200000000002,4.0,95.44,False,577.0800000000002,2026-01,5
2026-01-10,BKK_Sukhumvit,Pineapple,100,4900.0,947.0000000000001,600,500.0,1470.0,1383.0,4.0,61.88,False,1321.12,2026-01,5
2026-01-10,BKK_Sukhumvit,Watermelon,166,7470.0,1374.48,996,830.0,1792.8,2476.7200000000003,6.0,85.68,False,2391.0400000000004,2026-01,5
2026-01-10,Pattaya_Beach,Guava,87,4263.0,713.4,522,478.5,1023.12,1525.98,8.0,113.6,False,1412.38,2026-01,5
2026-01-10,Pattaya_Beach,PassionFruit,74,4810.0,1321.6399999999999,444,444.0,1443.0,1157.3600000000001,9.0,214.74,False,942.6200000000001,2026-01,5
2026-01-10,Pattaya_Beach,Pineapple,144,7056.0,1363.68,864,720.0,2116.8,1991.52,5.0,77.35,False,1914.17,2026-01,5
2026-01-10,Pattaya_Beach,Watermelon,210,9450.0,1738.8,1260,1050.0,2268.0,3133.2000000000003,7.0,99.96,False,3033.2400000000002,2026-01,5
2026-01-10,Pattaya_Central,Guava,111,5439.0,910.1999999999999,666,610.5,1631.6999999999998,1620.6000000000001,7.0,99.4,False,1521.2,2026-01,5
2026-01-10,Pattaya_Central,PassionFruit,72,4680.0,1285.9199999999998,432,432.0,1404.0,1126.08,7.0,167.02,False,959.06,2026-01,5
2026-01-10,Pattaya_Central,Pineapple,178,8722.0,1685.66,1068,890.0,2616.6,2461.7400000000002,8.0,123.76,False,2337.98,2026-01,5
2026-01-10,Pattaya_Central,Watermelon,252,11340.0,2086.56,1512,1260.0,2721.6,3759.84,10.0,142.8,False,3617.04,2026-01,5
2026-01-11,BKK_Ladprao,Guava,42,2058.0,344.4,252,231.0,617.4,613.2000000000002,4.0,56.8,False,556.4000000000002,2026-01,6
2026-01-11,BKK_Ladprao,PassionFruit,26,1690.0,464.36,156,156.0,405.59999999999997,508.03999999999996,6.0,143.16,False,364.88,2026-01,6
2026-01-11,BKK_Ladprao,Pineapple,66,3234.0,625.02,396,330.0,970.2,912.78,5.0,77.35,False,835.43,2026-01,6
2026-01-11,BKK_Ladprao,Watermelon,97,4365.0,803.1599999999999,582,485.0,1047.6,1447.2400000000002,3.0,42.84,False,1404.4000000000003,2026-01,6
2026-01-11,BKK_Sukhumvit,Guava,77,3773.0,631.4,462,423.5,1131.8999999999999,1124.2000000000003,4.0,56.8,False,1067.4000000000003,2026-01,6
2026-01-11,BKK_Sukhumvit,PassionFruit,68,4420.0,1214.48,408,408.0,1326.0,1063.52,7.0,167.02,False,896.5,2026-01,6
2026-01-11,BKK_Sukhumvit,Pineapple,102,4998.0,965.94,612,510.0,1499.3999999999999,1410.66,2.0,30.94,False,1379.72,2026-01,6
2026-01-11,BKK_Sukhumvit,Watermelon,154,6930.0,1275.12,924,770.0,2079.0,1881.88,6.0,85.68,False,1796.2,2026-01,6
2026-01-11,Pattaya_Beach,Guava,82,4018.0,672.4,492,451.0,964.3199999999999,1438.2800000000002,8.0,113.6,False,1324.6800000000003,2026-01,6
2026-01-11,Pattaya_Beach,PassionFruit,63,4095.0,1125.1799999999998,378,378.0,982.8,1231.02,5.0,119.3,False,1111.72,2026-01,6
2026-01-11,Pattaya_Beach,Pineapple,138,6762.0,1306.8600000000001,828,690.0,2028.6,1908.54,7.0,108.29,False,1800.25,2026-01,6
2026-01-11,Pattaya_Beach,Watermelon,202,9090.0,1672.56,1212,1010.0,2727.0,2468.44,5.0,71.4,False,2397.04,2026-01,6
2026-01-11,Pattaya_Central,Guava,105,5145.0,860.9999999999999,630,577.5,1234.8,1841.7,6.0,85.2,False,1756.5,2026-01,6
2026-01-11,Pattaya_Central,PassionFruit,84,5460.0,1500.24,504,504.0,1638.0,1313.76,12.0,286.32,False,1027.44,2026-01,6
2026-01-11,Pattaya_Central,Pineapple,137,6713.0,1297.39,822,685.0,2013.8999999999999,1894.71,6.0,92.82,False,1801.89,2026-01,6
2026-01-11,Pattaya_Central,Watermelon,267,12015.0,2210.7599999999998,1602,1335.0,2883.6,3983.6400000000003,10.0,142.8,False,3840.84,2026-01,6
2026-01-12,BKK_Ladprao,Guava,41,2009.0,373.09999999999997,246,225.5,482.15999999999997,682.24,3.0,45.3,False,636.94,2026-01,0
2026-01-12,BKK_Ladprao,PassionFruit,32,2080.0,615.04,192,192.0,499.2,581.76,4.0,100.88,False,480.88,2026-01,0
2026-01-12,BKK_Ladprao,Pineapple,64,3136.0,660.48,384,320.0,940.8,830.7200000000001,4.0,65.28,False,765.4400000000002,2026-01,0
2026-01-12,BKK_Ladprao,Watermelon,97,4365.0,759.51,582,485.0,1047.6,1490.89,6.0,82.98,False,1407.91,2026-01,0
2026-01-12,BKK_Sukhumvit,Guava,68,3332.0,618.8,408,374.0,799.68,1131.52,6.0,90.6,False,1040.92,2026-01,0
2026-01-12,BKK_Sukhumvit,PassionFruit,50,3250.0,961.0,300,300.0,780.0,909.0000000000001,2.0,50.44,False,858.5600000000002,2026-01,0
2026-01-12,BKK_Sukhumvit,Pineapple,101,4949.0,1042.32,606,505.0,1187.76,1607.92,6.0,97.92,False,1510.0,2026-01,0
2026-01-12,BKK_Sukhumvit,Watermelon,160,7200.0,1252.8,960,800.0,1728.0,2459.2,6.0,82.98,False,2376.22,2026-01,0
2026-01-12,Pattaya_Beach,Guava,89,4361.0,809.9,534,489.5,1046.6399999999999,1480.96,4.0,60.4,False,1420.56,2026-01,0
2026-01-12,Pattaya_Beach,PassionFruit,51,3315.0,980.2199999999999,306,306.0,994.5,728.2800000000001,4.0,100.88,False,627.4000000000001,2026-01,0
2026-01-12,Pattaya_Beach,Pineapple,118,5782.0,1217.76,708,590.0,1734.6,1531.6400000000003,7.0,114.24,False,1417.4000000000003,2026-01,0
2026-01-12,Pattaya_Beach,Watermelon,173,7785.0,1354.59,1038,865.0,1868.3999999999999,2659.01,8.0,110.64,False,2548.3700000000003,2026-01,0
2026-01-12,Pattaya_Central,Guava,87,4263.0,791.6999999999999,522,478.5,1278.9,1191.9,5.0,75.5,False,1116.4,2026-01,0
2026-01-12,Pattaya_Central,PassionFruit,75,4875.0,1441.5,450,450.0,1462.5,1071.0000000000002,7.0,176.54,False,894.4600000000003,2026-01,0
2026-01-12,Pattaya_Central,Pineapple,139,6811.0,1434.48,834,695.0,2043.3,1804.22,7.0,114.24,False,1689.98,2026-01,0
2026-01-12,Pattaya_Central,Watermelon,215,9675.0,1683.45,1290,1075.0,2902.5,2724.0499999999997,11.0,152.13,False,2571.9199999999996,2026-01,0
2026-01-13,BKK_Ladprao,Guava,32,1568.0,291.2,192,176.0,376.32,532.48,3.0,45.3,False,487.18,2026-01,1
2026-01-13,BKK_Ladprao,PassionFruit,42,2730.0,807.24,252,252.0,819.0,599.76,4.0,100.88,False,498.88,2026-01,1
2026-01-13,BKK_Ladprao,Pineapple,64,3136.0,660.48,384,320.0,940.8,830.7200000000001,3.0,48.96,False,781.7600000000001,2026-01,1
2026-01-13,BKK_Ladprao,Watermelon,95,4275.0,743.85,570,475.0,1282.5,1203.6499999999999,3.0,41.49,False,1162.1599999999999,2026-01,1
2026-01-13,BKK_Sukhumvit,Guava,67,3283.0,609.6999999999999,402,368.5,984.9,917.9000000000001,6.0,90.6,False,827.3000000000001,2026-01,1
2026-01-13,BKK_Sukhumvit,PassionFruit,51,3315.0,980.2199999999999,306,306.0,795.6,927.1800000000001,6.0,151.32,False,775.8600000000001,2026-01,1
2026-01-13,BKK_Sukhumvit,Pineapple,107,5243.0,1104.24,642,535.0,1258.32,1703.44,7.0,114.24,False,1589.2,2026-01,1
2026-01-13,BKK_Sukhumvit,Watermelon,144,6480.0,1127.52,864,720.0,1555.2,2213.2799999999997,3.0,41.49,False,2171.79,2026-01,1
2026-01-13,Pattaya_Beach,Guava,71,3479.0,646.0999999999999,426,390.5,1043.7,972.7,5.0,75.5,False,897.2,2026-01,1
2026-01-13,Pattaya_Beach,PassionFruit,69,4485.0,1326.1799999999998,414,414.0,1076.4,1254.42,8.0,201.76,False,1052.66,2026-01,1
2026-01-13,Pattaya_Beach,Pineapple,121,5929.0,1248.72,726,605.0,1422.96,1926.3200000000002,5.0,81.6,False,1844.7200000000003,2026-01,1
2026-01-13,Pattaya_Beach,Watermelon,164,7380.0,1284.1200000000001,984,820.0,2214.0,2077.88,6.0,82.98,False,1994.9,2026-01,1
2026-01-13,Pattaya_Central,Guava,80,3920.0,728.0,480,440.0,940.8,1331.2,4.0,60.4,False,1270.8,2026-01,1
2026-01-13,Pattaya_Central,PassionFruit,70,4550.0,1345.3999999999999,420,420.0,1092.0,1272.6000000000001,1.0,25.22,False,1247.38,2026-01,1
2026-01-13,Pattaya_Central,Pineapple,133,6517.0,1372.56,798,665.0,1564.08,2117.36,5.0,81.6,False,2035.7600000000002,2026-01,1
2026-01-13,Pattaya_Central,Watermelon,224,10080.0,1753.92,1344,1120.0,3024.0,2838.08,6.0,82.98,False,2755.1,2026-01,1
2026-01-14,BKK_Ladprao,Guava,58,2842.0,527.8,348,319.0,682.08,965.12,9.0,135.9,False,829.22,2026-01,2
2026-01-14,BKK_Ladprao,PassionFruit,29,1885.0,557.38,174,174.0,452.4,527.22,3.0,75.66,False,451.56000000000006,2026-01,2
2026-01-14,BKK_Ladprao,Pineapple,53,2597.0,546.96,318,265.0,623.28,843.76,4.0,65.28,False,778.48,2026-01,2
2026-01-14,BKK_Ladprao,Watermelon,111,4995.0,869.13,666,555.0,1498.5,1406.37,6.0,82.98,False,1323.3899999999999,2026-01,2
2026-01-14,BKK_Sukhumvit,Guava,62,3038.0,564.1999999999999,372,341.0,729.12,1031.68,4.0,60.4,False,971.2800000000001,2026-01,2
2026-01-14,BKK_Sukhumvit,PassionFruit,66,4290.0,1268.52,396,396.0,1287.0,942.48,3.0,75.66,False,866.82,2026-01,2
2026-01-14,BKK_Sukhumvit,Pineapple,100,4900.0,1032.0,600,500.0,1470.0,1298.0000000000002,2.0,32.64,False,1265.3600000000001,2026-01,2
2026-01-14,BKK_Sukhumvit,Watermelon,164,7380.0,1284.1200000000001,984,820.0,1771.1999999999998,2520.6800000000003,4.0,55.32,False,2465.36,2026-01,2
2026-01-14,Pattaya_Beach,Guava,64,3136.0,582.4,384,352.0,940.8,876.8000000000002,5.0,75.5,False,801.3000000000002,2026-01,2
2026-01-14,Pattaya_Beach,PassionFruit,58,3770.0,1114.76,348,348.0,1131.0,828.2400000000001,5.0,126.1,False,702.1400000000001,2026-01,2
2026-01-14,Pattaya_Beach,Pineapple,119,5831.0,1228.0800000000002,714,595.0,1749.3,1544.6200000000001,6.0,97.92,False,1446.7,2026-01,2
2026-01-14,Pattaya_Beach,Watermelon,190,8550.0,1487.7,1140,950.0,2565.0,2407.2999999999997,8.0,110.64,False,2296.66,2026-01,2
2026-01-14,Pattaya_Central,Guava,95,4655.0,864.5,570,522.5,1396.5,1301.5000000000002,4.0,60.4,False,1241.1000000000001,2026-01,2
2026-01-14,Pattaya_Central,PassionFruit,67,4355.0,1287.74,402,402.0,1306.5,956.7600000000001,7.0,176.54,False,780.2200000000001,2026-01,2
2026-01-14,Pattaya_Central,Pineapple,141,6909.0,1455.1200000000001,846,705.0,2072.7,1830.18,6.0,97.92,False,1732.26,2026-01,2
2026-01-14,Pattaya_Central,Watermelon,215,9675.0,1683.45,1290,1075.0,2902.5,2724.0499999999997,5.0,69.15,False,2654.8999999999996,2026-01,2
2026-01-15,BKK_Ladprao,Guava,32,1568.0,291.2,192,176.0,470.4,438.40000000000003,3.0,45.3,False,393.1,2026-01,3
2026-01-15,BKK_Ladprao,PassionFruit,35,2275.0,672.6999999999999,210,210.0,682.5,499.80000000000007,5.0,126.1,False,373.70000000000005,2026-01,3
2026-01-15,BKK_Ladprao,Pineapple,59,2891.0,608.88,354,295.0,867.3,765.8200000000002,7.0,114.24,False,651.5800000000002,2026-01,3
2026-01-15,BKK_Ladprao,Watermelon,124,5580.0,970.9200000000001,744,620.0,1674.0,1571.08,3.0,41.49,False,1529.59,2026-01,3
2026-01-15,BKK_Sukhumvit,Guava,64,3136.0,582.4,384,352.0,940.8,876.8000000000001,4.0,60.4,False,816.4000000000001,2026-01,3
2026-01-15,BKK_Sukhumvit,PassionFruit,58,3770.0,1114.76,348,348.0,1131.0,828.24,5.0,126.1,False,702.14,2026-01,3
2026-01-15,BKK_Sukhumvit,Pineapple,109,5341.0,1124.88,654,545.0,1281.84,1735.28,4.0,65.28,False,1670.0,2026-01,3
2026-01-15,BKK_Sukhumvit,Watermelon,149,6705.0,1166.67,894,745.0,1609.2,2290.13,5.0,69.15,False,2220.98,2026-01,3
2026-01-15,Pattaya_Beach,Guava,67,3283.0,609.6999999999999,402,368.5,787.92,1114.88,3.0,45.3,False,1069.5800000000002,2026-01,3
2026-01-15,Pattaya_Beach,PassionFruit,60,3900.0,1153.1999999999998,360,360.0,1170.0,856.8000000000001,4.0,100.88,False,755.9200000000001,2026-01,3
2026-01-15,Pattaya_Beach,Pineapple,110,5390.0,1135.2,660,550.0,1617.0,1427.8000000000002,2.0,32.64,False,1395.16,2026-01,3
2026-01-15,Pattaya_Beach,Watermelon,165,7425.0,1291.95,990,825.0,2227.5,2090.5499999999997,5.0,69.15,False,2021.3999999999996,2026-01,3
2026-01-15,Pattaya_Central,Guava,84,4116.0,764.4,504,462.0,987.8399999999999,1397.76,3.0,45.3,False,1352.46,2026-01,3
2026-01-15,Pattaya_Central,PassionFruit,69,4485.0,1326.1799999999998,414,414.0,1345.5,985.32,4.0,100.88,False,884.44,2026-01,3
2026-01-15,Pattaya_Central,Pineapple,127,6223.0,1310.64,762,635.0,1866.8999999999999,1648.4600000000003,4.0,65.28,False,1583.1800000000003,2026-01,3
2026-01-15,Pattaya_Central,Watermelon,173,7785.0,1354.59,1038,865.0,2335.5,2191.91,5.0,69.15,False,2122.7599999999998,2026-01,3
2026-01-16,BKK_Ladprao,Guava,53,2597.0,482.29999999999995,318,291.5,779.1,726.1,4.0,60.4,False,665.7,2026-01,4
2026-01-16,BKK_Ladprao,PassionFruit,33,2145.0,634.26,198,198.0,514.8,599.94,4.0,100.88,False,499.06000000000006,2026-01,4
2026-01-16,BKK_Ladprao,Pineapple,77,3773.0,794.6400000000001,462,385.0,1131.9,999.4600000000002,2.0,32.64,False,966.8200000000002,2026-01,4
2026-01-16,BKK_Ladprao,Watermelon,100,4500.0,783.0,600,500.0,1080.0,1537.0,5.0,69.15,False,1467.85,2026-01,4
2026-01-16,BKK_Sukhumvit,Guava,68,3332.0,618.8,408,374.0,799.68,1131.52,5.0,75.5,False,1056.02,2026-01,4
2026-01-16,BKK_Sukhumvit,PassionFruit,56,3640.0,1076.32,336,336.0,1092.0,799.6800000000001,3.0,75.66,False,724.0200000000001,2026-01,4
2026-01-16,BKK_Sukhumvit,Pineapple,99,4851.0,1021.6800000000001,594,495.0,1455.3,1285.0200000000002,3.0,48.96,False,1236.0600000000002,2026-01,4
2026-01-16,BKK_Sukhumvit,Watermelon,171,7695.0,1338.93,1026,855.0,2308.5,2166.5699999999997,2.0,27.66,False,2138.91,2026-01,4
2026-01-16,Pattaya_Beach,Guava,67,3283.0,609.6999999999999,402,368.5,787.92,1114.88,4.0,60.4,False,1054.48,2026-01,4
2026-01-16,Pattaya_Beach,PassionFruit,54,3510.0,1037.8799999999999,324,324.0,1053.0,771.1200000000001,6.0,151.32,False,619.8000000000002,2026-01,4
2026-01-16,Pattaya_Beach,Pineapple,96,4704.0,990.72,576,480.0,1128.96,1528.3200000000002,5.0,81.6,False,1446.7200000000003,2026-01,4
2026-01-16,Pattaya_Beach,Watermelon,162,7290.0,1268.46,972,810.0,1749.6,2489.94,4.0,55.32,False,2434.62,2026-01,4
2026-01-16,Pattaya_Central,Guava,90,4410.0,819.0,540,495.0,1323.0,1233.0000000000002,4.0,60.4,False,1172.6000000000001,2026-01,4
2026-01-16,Pattaya_Central,PassionFruit,89,5785.0,1710.58,534,534.0,1388.4,1618.0200000000002,9.0,226.98,False,1391.0400000000002,2026-01,4
2026-01-16,Pattaya_Central,Pineapple,128,6272.0,1320.96,768,640.0,1505.28,2037.76,8.0,130.56,False,1907.2,2026-01,4
2026-01-16,Pattaya_Central,Watermelon,191,8595.0,1495.53,1146,955.0,2062.8,2935.67,5.0,69.15,False,2866.52,2026-01,4
2026-01-17,BKK_Ladprao,Guava,58,2842.0,527.8,348,319.0,852.6,794.6,2.0,30.2,False,764.4,2026-01,5
2026-01-17,BKK_Ladprao,PassionFruit,33,2145.0,634.26,198,198.0,643.5,471.24,3.0,75.66,False,395.58000000000004,2026-01,5
2026-01-17,BKK_Ladprao,Pineapple,74,3626.0,763.6800000000001,444,370.0,1087.8,960.5200000000001,4.0,65.28,False,895.2400000000001,2026-01,5
2026-01-17,BKK_Ladprao,Watermelon,90,4050.0,704.7,540,450.0,1215.0,1140.3,4.0,55.32,False,1084.98,2026-01,5
2026-01-17,BKK_Sukhumvit,Guava,63,3087.0,573.3,378,346.5,740.88,1048.32,3.0,45.3,False,1003.02,2026-01,5
2026-01-17,BKK_Sukhumvit,PassionFruit,57,3705.0,1095.54,342,342.0,889.1999999999999,1036.2600000000002,8.0,201.76,False,834.5000000000002,2026-01,5
2026-01-17,BKK_Sukhumvit,Pineapple,109,5341.0,1124.88,654,545.0,1602.3,1414.8200000000002,5.0,81.6,False,1333.2200000000003,2026-01,5
2026-01-17,BKK_Sukhumvit,Watermelon,172,7740.0,1346.76,1032,860.0,2322.0,2179.24,5.0,69.15,False,2110.0899999999997,2026-01,5
2026-01-17,Pattaya_Beach,Guava,85,4165.0,773.5,510,467.5,1249.5,1164.5000000000002,5.0,75.5,False,1089.0000000000002,2026-01,5
2026-01-17,Pattaya_Beach,PassionFruit,77,5005.0,1479.9399999999998,462,462.0,1501.5,1099.5600000000002,7.0,176.54,False,923.0200000000002,2026-01,5
2026-01-17,Pattaya_Beach,Pineapple,151,7399.0,1558.3200000000002,906,755.0,2219.7,1959.98,9.0,146.88,False,1813.1,2026-01,5
2026-01-17,Pattaya_Beach,Watermelon,196,8820.0,1534.68,1176,980.0,2646.0,2483.32,6.0,82.98,False,2400.34,2026-01,5
2026-01-17,Pattaya_Central,Guava,96,4704.0,873.5999999999999,576,528.0,1411.2,1315.2000000000003,2.0,30.2,False,1285.0000000000002,2026-01,5
2026-01-17,Pattaya_Central,PassionFruit,77,5005.0,1479.9399999999998,462,462.0,1501.5,1099.5600000000002,8.0,201.76,False,897.8000000000002,2026-01,5
2026-01-17,Pattaya_Central,Pineapple,148,7252.0,1527.3600000000001,888,740.0,1740.48,2356.1600000000003,3.0,48.96,False,2307.2000000000003,2026-01,5
2026-01-17,Pattaya_Central,Watermelon,206,9270.0,1612.98,1236,1030.0,2224.8,3166.2200000000003,9.0,124.47,False,3041.7500000000005,2026-01,5
2026-01-18,BKK_Ladprao,Guava,51,2124.15,464.09999999999997,306,280.5,637.245,436.30500000000006,5.0,75.5,False,360.80500000000006,2026-01,6
2026-01-18,BKK_Ladprao,PassionFruit,45,2925.0,864.9,270,270.0,702.0,818.1000000000001,6.0,151.32,False,666.7800000000002,2026-01,6
2026-01-18,BKK_Ladprao,Pineapple,75,3675.0,774.0,450,375.0,882.0,1194.0,4.0,65.28,False,1128.72,2026-01,6
2026-01-18,BKK_Ladprao,Watermelon,101,4545.0,790.83,606,505.0,1090.8,1552.37,5.0,69.15,False,1483.2199999999998,2026-01,6
2026-01-18,BKK_Sukhumvit,Guava,91,3790.15,828.0999999999999,546,500.5,909.636,1005.9140000000002,7.0,105.7,False,900.2140000000002,2026-01,6
2026-01-18,BKK_Sukhumvit,PassionFruit,55,3575.0,1057.1,330,330.0,1072.5,785.4000000000001,5.0,126.1,False,659.3000000000001,2026-01,6
2026-01-18,BKK_Sukhumvit,Pineapple,113,5537.0,1166.16,678,565.0,1328.8799999999999,1798.96,6.0,97.92,False,1701.04,2026-01,6
2026-01-18,BKK_Sukhumvit,Watermelon,145,6525.0,1135.35,870,725.0,1566.0,2228.65,3.0,41.49,False,2187.1600000000003,2026-01,6
2026-01-18,Pattaya_Beach,Guava,132,5497.8,1201.1999999999998,792,726.0,1649.34,1129.26,9.0,135.9,False,993.36,2026-01,6
2026-01-18,Pattaya_Beach,PassionFruit,83,5395.0,1595.26,498,498.0,1294.8,1508.9400000000003,11.0,277.42,False,1231.5200000000002,2026-01,6
2026-01-18,Pattaya_Beach,Pineapple,132,6468.0,1362.24,792,660.0,1552.32,2101.44,6.0,97.92,False,2003.52,2026-01,6
2026-01-18,Pattaya_Beach,Watermelon,194,8730.0,1519.02,1164,970.0,2095.2,2981.78,3.0,41.49,False,2940.2900000000004,2026-01,6
2026-01-18,Pattaya_Central,Guava,129,5372.85,1173.8999999999999,774,709.5,1289.484,1425.9660000000003,7.0,105.7,False,1320.2660000000003,2026-01,6
2026-01-18,Pattaya_Central,PassionFruit,79,5135.0,1518.3799999999999,474,474.0,1540.5,1128.1200000000001,7.0,176.54,False,951.5800000000002,2026-01,6
2026-01-18,Pattaya_Central,Pineapple,177,8673.0,1826.64,1062,885.0,2601.9,2297.4600000000005,9.0,146.88,False,2150.5800000000004,2026-01,6
2026-01-18,Pattaya_Central,Watermelon,209,9405.0,1636.47,1254,1045.0,2257.2,3212.33,6.0,82.98,False,3129.35,2026-01,6
2026-01-19,BKK_Ladprao,Guava,38,1862.0,363.66,228,209.0,558.6,502.74000000000007,4.0,62.28,False,440.46000000000004,2026-01,0
2026-01-19,BKK_Ladprao,PassionFruit,26,1690.0,456.3,156,156.0,405.59999999999997,516.1,4.0,94.2,False,421.90000000000003,2026-01,0
2026-01-19,BKK_Ladprao,Pineapple,52,2548.0,510.12,312,260.0,611.52,854.3599999999999,5.0,79.05,False,775.31,2026-01,0
2026-01-19,BKK_Ladprao,Watermelon,101,4545.0,821.1300000000001,606,505.0,1363.5,1249.37,5.0,70.65,False,1178.7199999999998,2026-01,0
2026-01-19,BKK_Sukhumvit,Guava,83,4067.0,794.3100000000001,498,456.5,976.0799999999999,1342.1100000000001,8.0,124.56,False,1217.5500000000002,2026-01,0
2026-01-19,BKK_Sukhumvit,PassionFruit,53,3445.0,930.1500000000001,318,318.0,1033.5,845.35,3.0,70.65,False,774.7,2026-01,0
2026-01-19,BKK_Sukhumvit,Pineapple,107,5243.0,1049.67,642,535.0,1572.8999999999999,1443.4299999999998,3.0,47.43,False,1395.9999999999998,2026-01,0
2026-01-19,BKK_Sukhumvit,Watermelon,151,6795.0,1227.63,906,755.0,2038.5,1867.87,4.0,56.52,False,1811.35,2026-01,0
2026-01-19,Pattaya_Beach,Guava,73,3577.0,698.61,438,401.5,858.48,1180.41,3.0,46.71,False,1133.7,2026-01,0
2026-01-19,Pattaya_Beach,PassionFruit,67,4355.0,1175.8500000000001,402,402.0,1306.5,1068.65,7.0,164.85,False,903.8000000000001,2026-01,0
2026-01-19,Pattaya_Beach,Pineapple,113,5537.0,1108.53,678,565.0,1661.1,1524.3699999999997,5.0,79.05,False,1445.3199999999997,2026-01,0
2026-01-19,Pattaya_Beach,Watermelon,169,7605.0,1373.9700000000003,1014,845.0,2281.5,2090.5299999999997,9.0,127.17,False,1963.3599999999997,2026-01,0
2026-01-19,Pattaya_Central,Guava,76,3724.0,727.3199999999999,456,418.0,893.76,1228.92,5.0,77.85,False,1151.0700000000002,2026-01,0
2026-01-19,Pattaya_Central,PassionFruit,64,4160.0,1123.2,384,384.0,1248.0,1020.8,7.0,164.85,False,855.9499999999999,2026-01,0
2026-01-19,Pattaya_Central,Pineapple,141,6909.0,1383.21,846,705.0,1658.1599999999999,2316.6299999999997,7.0,110.67,False,2205.9599999999996,2026-01,0
2026-01-19,Pattaya_Central,Watermelon,190,8550.0,1544.7,1140,950.0,2052.0,2863.3,4.0,56.52,False,2806.78,2026-01,0
2026-01-20,BKK_Ladprao,Guava,39,1911.0,373.23,234,214.5,573.3,515.97,2.0,31.14,False,484.83000000000004,2026-01,1
2026-01-20,BKK_Ladprao,PassionFruit,43,2795.0,754.6500000000001,258,258.0,838.5,685.85,8.0,188.4,False,497.45000000000005,2026-01,1
2026-01-20,BKK_Ladprao,Pineapple,53,2597.0,519.9300000000001,318,265.0,623.28,870.79,2.0,31.62,False,839.17,2026-01,1
2026-01-20,BKK_Ladprao,Watermelon,96,4320.0,780.48,576,480.0,1036.8,1446.72,4.0,56.52,False,1390.2,2026-01,1
2026-01-20,BKK_Sukhumvit,Guava,82,4018.0,784.74,492,451.0,964.3199999999999,1325.94,5.0,77.85,False,1248.0900000000001,2026-01,1
2026-01-20,BKK_Sukhumvit,PassionFruit,57,3705.0,1000.35,342,342.0,889.1999999999999,1131.45,4.0,94.2,False,1037.25,2026-01,1
2026-01-20,BKK_Sukhumvit,Pineapple,108,5292.0,1059.48,648,540.0,1587.6,1456.9199999999998,7.0,110.67,False,1346.2499999999998,2026-01,1
2026-01-20,BKK_Sukhumvit,Watermelon,134,6030.0,1089.42,804,670.0,1809.0,1657.5799999999997,4.0,56.52,False,1601.0599999999997,2026-01,1
2026-01-20,Pattaya_Beach,Guava,59,2891.0,564.63,354,324.5,867.3,780.5700000000002,4.0,62.28,False,718.2900000000002,2026-01,1
2026-01-20,Pattaya_Beach,PassionFruit,71,4615.0,1246.0500000000002,426,426.0,1107.6,1409.3500000000001,8.0,188.4,False,1220.95,2026-01,1
2026-01-20,Pattaya_Beach,Pineapple,100,4900.0,981.0,600,500.0,1470.0,1348.9999999999998,2.0,31.62,False,1317.3799999999999,2026-01,1
2026-01-20,Pattaya_Beach,Watermelon,158,7110.0,1284.5400000000002,948,790.0,2133.0,1954.4599999999998,5.0,70.65,False,1883.8099999999997,2026-01,1
2026-01-20,Pattaya_Central,Guava,102,4998.0,976.1400000000001,612,561.0,1499.3999999999999,1349.46,6.0,93.42,False,1256.04,2026-01,1
2026-01-20,Pattaya_Central,PassionFruit,64,4160.0,1123.2,384,384.0,1248.0,1020.8,2.0,47.1,False,973.6999999999999,2026-01,1
2026-01-20,Pattaya_Central,Pineapple,143,7007.0,1402.8300000000002,858,715.0,1681.6799999999998,2349.49,7.0,110.67,False,2238.8199999999997,2026-01,1
2026-01-20,Pattaya_Central,Watermelon,208,9360.0,1691.0400000000002,1248,1040.0,2246.4,3134.56,6.0,84.78,False,3049.7799999999997,2026-01,1
2026-01-21,BKK_Ladprao,Guava,55,2695.0,526.35,330,302.5,808.5,727.6500000000001,3.0,46.71,False,680.94,2026-01,2
2026-01-21,BKK_Ladprao,PassionFruit,43,2795.0,754.6500000000001,258,258.0,838.5,685.85,6.0,141.3,False,544.55,2026-01,2
2026-01-21,BKK_Ladprao,Pineapple,75,3675.0,735.75,450,375.0,1102.5,1011.7499999999998,4.0,63.24,False,948.5099999999998,2026-01,2
2026-01-21,BKK_Ladprao,Watermelon,109,4905.0,886.1700000000001,654,545.0,1471.5,1348.33,3.0,42.39,False,1305.9399999999998,2026-01,2
2026-01-21,BKK_Sukhumvit,Guava,70,3430.0,669.9,420,385.0,1029.0,926.1000000000001,4.0,62.28,False,863.8200000000002,2026-01,2
2026-01-21,BKK_Sukhumvit,PassionFruit,55,3575.0,965.25,330,330.0,858.0,1091.75,3.0,70.65,False,1021.1,2026-01,2
2026-01-21,BKK_Sukhumvit,Pineapple,101,4949.0,990.8100000000001,606,505.0,1187.76,1659.4299999999998,5.0,79.05,False,1580.3799999999999,2026-01,2
2026-01-21,BKK_Sukhumvit,Watermelon,166,7470.0,1349.5800000000002,996,830.0,2241.0,2053.42,6.0,84.78,False,1968.64,2026-01,2
2026-01-21,Pattaya_Beach,Guava,72,3528.0,689.04,432,396.0,1058.3999999999999,952.5600000000002,4.0,62.28,False,890.2800000000002,2026-01,2
2026-01-21,Pattaya_Beach,PassionFruit,58,3770.0,1017.9000000000001,348,348.0,904.8,1151.3,7.0,164.85,False,986.4499999999999,2026-01,2
2026-01-21,Pattaya_Beach,Pineapple,100,4900.0,981.0000000000001,600,500.0,1470.0,1348.9999999999998,5.0,79.05,False,1269.9499999999998,2026-01,2
2026-01-21,Pattaya_Beach,Watermelon,180,8100.0,1463.4,1080,900.0,1944.0,2712.6,3.0,42.39,False,2670.21,2026-01,2
2026-01-21,Pattaya_Central,Guava,89,4361.0,851.73,534,489.5,1308.3,1177.4700000000003,6.0,93.42,False,1084.0500000000002,2026-01,2
2026-01-21,Pattaya_Central,PassionFruit,61,3965.0,1070.55,366,366.0,1189.5,972.95,9.0,211.95,False,761.0,2026-01,2
2026-01-21,Pattaya_Central,Pineapple,146,7154.0,1432.26,876,730.0,2146.2,1969.5399999999997,5.0,79.05,False,1890.4899999999998,2026-01,2
2026-01-21,Pattaya_Central,Watermelon,190,8550.0,1544.7,1140,950.0,2565.0,2350.2999999999997,3.0,42.39,False,2307.91,2026-01,2
2026-01-22,BKK_Ladprao,Guava,50,2450.0,478.5,300,275.0,588.0,808.5,4.0,62.28,False,746.22,2026-01,3
2026-01-22,BKK_Ladprao,PassionFruit,49,3185.0,859.95,294,294.0,764.4,972.6500000000001,9.0,211.95,False,760.7,2026-01,3
2026-01-22,BKK_Ladprao,Pineapple,61,2989.0,598.4100000000001,366,305.0,896.7,822.8899999999999,5.0,79.05,False,743.8399999999999,2026-01,3
2026-01-22,BKK_Ladprao,Watermelon,84,3780.0,682.9200000000001,504,420.0,907.1999999999999,1265.88,4.0,56.52,False,1209.3600000000001,2026-01,3
2026-01-22,BKK_Sukhumvit,Guava,79,3871.0,756.03,474,434.5,1161.3,1045.17,4.0,62.28,False,982.8900000000001,2026-01,3
2026-01-22,BKK_Sukhumvit,PassionFruit,49,3185.0,859.95,294,294.0,955.5,781.5500000000001,6.0,141.3,False,640.25,2026-01,3
2026-01-22,BKK_Sukhumvit,Pineapple,96,4704.0,941.76,576,480.0,1411.2,1295.04,5.0,79.05,False,1215.99,2026-01,3
2026-01-22,BKK_Sukhumvit,Watermelon,147,6615.0,1195.1100000000001,882,735.0,1587.6,2215.29,3.0,42.39,False,2172.9,2026-01,3
2026-01-22,Pattaya_Beach,Guava,68,3332.0,650.76,408,374.0,799.68,1099.56,4.0,62.28,False,1037.28,2026-01,3
2026-01-22,Pattaya_Beach,PassionFruit,68,4420.0,1193.4,408,408.0,1326.0,1084.6,2.0,47.1,False,1037.5,2026-01,3
2026-01-22,Pattaya_Beach,Pineapple,110,5390.0,1079.1000000000001,660,550.0,1617.0,1483.8999999999999,4.0,63.24,False,1420.6599999999999,2026-01,3
2026-01-22,Pattaya_Beach,Watermelon,186,8370.0,1512.18,1116,930.0,2008.7999999999997,2803.02,3.0,42.39,False,2760.63,2026-01,3
2026-01-22,Pattaya_Central,Guava,86,4214.0,823.0200000000001,516,473.0,1011.3599999999999,1390.6200000000001,4.0,62.28,False,1328.3400000000001,2026-01,3
2026-01-22,Pattaya_Central,PassionFruit,63,4095.0,1105.65,378,378.0,1228.5,1004.85,8.0,188.4,False,816.45,2026-01,3
2026-01-22,Pattaya_Central,Pineapple,126,6174.0,1236.0600000000002,756,630.0,1852.1999999999998,1699.7399999999998,4.0,63.24,False,1636.4999999999998,2026-01,3
2026-01-22,Pattaya_Central,Watermelon,194,8730.0,1577.22,1164,970.0,2619.0,2399.7799999999997,8.0,113.04,False,2286.74,2026-01,3
2026-01-23,BKK_Ladprao,Guava,41,2009.0,392.37,246,225.5,482.15999999999997,662.97,3.0,46.71,False,616.26,2026-01,4
2026-01-23,BKK_Ladprao,PassionFruit,30,1950.0,526.5,180,180.0,468.0,595.5000000000001,4.0,94.2,False,501.3000000000001,2026-01,4
2026-01-23,BKK_Ladprao,Pineapple,62,3038.0,608.22,372,310.0,729.12,1018.6599999999999,6.0,94.86,False,923.7999999999998,2026-01,4
2026-01-23,BKK_Ladprao,Watermelon,102,4590.0,829.26,612,510.0,1101.6,1537.14,5.0,70.65,False,1466.49,2026-01,4
2026-01-23,BKK_Sukhumvit,Guava,54,2646.0,516.78,324,297.0,793.8,714.4200000000002,3.0,46.71,False,667.7100000000002,2026-01,4
2026-01-23,BKK_Sukhumvit,PassionFruit,48,3120.0,842.4000000000001,288,288.0,936.0,765.6,4.0,94.2,False,671.4,2026-01,4
2026-01-23,BKK_Sukhumvit,Pineapple,115,5635.0,1128.15,690,575.0,1690.5,1551.3499999999997,6.0,94.86,False,1456.4899999999998,2026-01,4
2026-01-23,BKK_Sukhumvit,Watermelon,156,7020.0,1268.2800000000002,936,780.0,1684.8,2350.92,6.0,84.78,False,2266.14,2026-01,4
2026-01-23,Pattaya_Beach,Guava,61,2989.0,583.77,366,335.5,717.36,986.37,2.0,31.14,False,955.23,2026-01,4
2026-01-23,Pattaya_Beach,PassionFruit,63,4095.0,1105.65,378,378.0,1228.5,1004.8499999999999,7.0,164.85,False,839.9999999999999,2026-01,4
2026-01-23,Pattaya_Beach,Pineapple,119,5831.0,1167.39,714,595.0,1399.4399999999998,1955.1699999999998,3.0,47.43,False,1907.7399999999998,2026-01,4
2026-01-23,Pattaya_Beach,Watermelon,174,7830.0,1414.6200000000001,1044,870.0,2349.0,2152.3799999999997,6.0,84.78,False,2067.5999999999995,2026-01,4
2026-01-23,Pattaya_Central,Guava,85,4165.0,813.45,510,467.5,1249.5,1124.5500000000002,4.0,62.28,False,1062.2700000000002,2026-01,4
2026-01-23,Pattaya_Central,PassionFruit,59,3835.0,1035.45,354,354.0,920.4,1171.15,7.0,164.85,False,1006.3000000000001,2026-01,4
2026-01-23,Pattaya_Central,Pineapple,138,6762.0,1353.78,828,690.0,1622.8799999999999,2267.3399999999997,6.0,94.86,False,2172.4799999999996,2026-01,4
2026-01-23,Pattaya_Central,Watermelon,203,9135.0,1650.39,1218,1015.0,2740.5,2511.1099999999997,4.0,56.52,False,2454.5899999999997,2026-01,4
2026-01-24,BKK_Ladprao,Guava,44,2156.0,421.08000000000004,264,242.0,646.8,582.1200000000001,4.0,62.28,False,519.8400000000001,2026-01,5
2026-01-24,BKK_Ladprao,PassionFruit,29,1885.0,508.95000000000005,174,174.0,565.5,462.55000000000007,2.0,47.1,False,415.45000000000005,2026-01,5
2026-01-24,BKK_Ladprao,Pineapple,49,2401.0,480.69,294,245.0,720.3,661.0099999999999,4.0,63.24,False,597.7699999999999,2026-01,5
2026-01-24,BKK_Ladprao,Watermelon,82,3690.0,666.6600000000001,492,410.0,1107.0,1014.3399999999999,4.0,56.52,False,957.8199999999999,2026-01,5
2026-01-24,BKK_Sukhumvit,Guava,53,2597.0,507.21000000000004,318,291.5,623.28,857.01,3.0,46.71,False,810.3,2026-01,5
2026-01-24,BKK_Sukhumvit,PassionFruit,65,4225.0,1140.75,390,390.0,1014.0,1290.25,4.0,94.2,False,1196.05,2026-01,5
2026-01-24,BKK_Sukhumvit,Pineapple,93,4557.0,912.33,558,465.0,1367.1,1254.57,4.0,63.24,False,1191.33,2026-01,5
2026-01-24,BKK_Sukhumvit,Watermelon,167,7515.0,1357.71,1002,835.0,2254.5,2065.79,6.0,84.78,False,1981.01,2026-01,5
2026-01-24,Pattaya_Beach,Guava,73,3577.0,698.61,438,401.5,1073.1,965.7900000000002,4.0,62.28,False,903.5100000000002,2026-01,5
2026-01-24,Pattaya_Beach,PassionFruit,62,4030.0,1088.1000000000001,372,372.0,967.1999999999999,1230.7,3.0,70.65,False,1160.05,2026-01,5
2026-01-24,Pattaya_Beach,Pineapple,141,6909.0,1383.21,846,705.0,2072.7,1902.0899999999997,6.0,94.86,False,1807.2299999999998,2026-01,5
2026-01-24,Pattaya_Beach,Watermelon,226,10170.0,1837.38,1356,1130.0,2440.7999999999997,3405.82,1.0,14.13,False,3391.69,2026-01,5
2026-01-24,Pattaya_Central,Guava,112,5488.0,1071.8400000000001,672,616.0,1317.12,1811.04,5.0,77.85,False,1733.19,2026-01,5
2026-01-24,Pattaya_Central,PassionFruit,103,6695.0,1807.65,618,618.0,2008.5,1642.8500000000001,6.0,141.3,False,1501.5500000000002,2026-01,5
2026-01-24,Pattaya_Central,Pineapple,169,8281.0,1657.89,1014,845.0,2484.3,2279.8099999999995,9.0,142.29,False,2137.5199999999995,2026-01,5
2026-01-24,Pattaya_Central,Watermelon,223,10035.0,1812.9900000000002,1338,1115.0,2408.4,3360.61,8.0,113.04,False,3247.57,2026-01,5
2026-01-25,BKK_Ladprao,Guava,32,1568.0,306.24,192,176.0,470.4,423.36000000000007,4.0,62.28,False,361.08000000000004,2026-01,6
2026-01-25,BKK_Ladprao,PassionFruit,40,2600.0,702.0,240,240.0,780.0,638.0,6.0,141.3,False,496.7,2026-01,6
2026-01-25,BKK_Ladprao,Pineapple,82,4018.0,804.4200000000001,492,410.0,1205.4,1106.1799999999998,9.0,142.29,False,963.8899999999999,2026-01,6
2026-01-25,BKK_Ladprao,Watermelon,85,3825.0,691.0500000000001,510,425.0,918.0,1280.95,6.0,84.78,False,1196.17,2026-01,6
2026-01-25,BKK_Sukhumvit,Guava,76,3724.0,727.32,456,418.0,1117.2,1005.4800000000001,3.0,46.71,False,958.7700000000001,2026-01,6
2026-01-25,BKK_Sukhumvit,PassionFruit,64,4160.0,1123.2,384,384.0,1248.0,1020.8000000000001,8.0,188.4,False,832.4000000000001,2026-01,6
2026-01-25,BKK_Sukhumvit,Pineapple,100,4900.0,981.0,600,500.0,1176.0,1642.9999999999998,4.0,63.24,False,1579.7599999999998,2026-01,6
2026-01-25,BKK_Sukhumvit,Watermelon,166,7470.0,1349.5800000000002,996,830.0,2241.0,2053.42,6.0,84.78,False,1968.64,2026-01,6
2026-01-25,Pattaya_Beach,Guava,78,3822.0,746.46,468,429.0,917.28,1261.2600000000002,6.0,93.42,False,1167.8400000000001,2026-01,6
2026-01-25,Pattaya_Beach,PassionFruit,58,3770.0,1017.9000000000001,348,348.0,904.8,1151.3000000000002,5.0,117.75,False,1033.5500000000002,2026-01,6
2026-01-25,Pattaya_Beach,Pineapple,127,6223.0,1245.8700000000001,762,635.0,1866.8999999999999,1713.2299999999998,8.0,126.48,False,1586.7499999999998,2026-01,6
2026-01-25,Pattaya_Beach,Watermelon,173,7785.0,1406.49,1038,865.0,1868.3999999999999,2607.1099999999997,4.0,56.52,False,2550.5899999999997,2026-01,6
2026-01-25,Pattaya_Central,Guava,110,5390.0,1052.7,660,605.0,1293.6,1778.7,6.0,93.42,False,1685.28,2026-01,6
2026-01-25,Pattaya_Central,PassionFruit,83,5395.0,1456.65,498,498.0,1618.5,1323.85,9.0,211.95,False,1111.8999999999999,2026-01,6
2026-01-25,Pattaya_Central,Pineapple,165,8085.0,1618.65,990,825.0,2425.5,2225.8499999999995,8.0,126.48,False,2099.3699999999994,2026-01,6
2026-01-25,Pattaya_Central,Watermelon,219,9855.0,1780.47,1314,1095.0,2365.2,3300.33,9.0,127.17,False,3173.16,2026-01,6
2026-01-26,BKK_Ladprao,Guava,53,2597.0,498.2,318,291.5,779.1,710.2,2.0,30.8,False,679.4000000000001,2026-01,0
2026-01-26,BKK_Ladprao,PassionFruit,32,2080.0,587.2,192,192.0,499.2,609.5999999999998,5.0,121.75,False,487.8499999999998,2026-01,0
2026-01-26,BKK_Ladprao,Pineapple,56,2744.0,514.0799999999999,336,280.0,823.1999999999999,790.7200000000001,4.0,60.72,False,730.0000000000001,2026-01,0
2026-01-26,BKK_Ladprao,Watermelon,89,4005.0,678.1800000000001,534,445.0,961.1999999999999,1386.6200000000001,2.0,27.24,False,1359.38,2026-01,0
2026-01-26,BKK_Sukhumvit,Guava,76,3724.0,714.4,456,418.0,1117.2,1018.4000000000001,8.0,123.2,False,895.2,2026-01,0
2026-01-26,BKK_Sukhumvit,PassionFruit,51,3315.0,935.85,306,306.0,994.5,772.6499999999999,4.0,97.4,False,675.2499999999999,2026-01,0
2026-01-26,BKK_Sukhumvit,Pineapple,105,5145.0,963.9,630,525.0,1234.8,1791.3000000000002,7.0,106.26,False,1685.0400000000002,2026-01,0
2026-01-26,BKK_Sukhumvit,Watermelon,163,7335.0,1242.06,978,815.0,2200.5,2099.44,6.0,81.72,False,2017.72,2026-01,0
2026-01-26,Pattaya_Beach,Guava,67,3283.0,629.8000000000001,402,368.5,787.92,1094.7800000000002,4.0,61.6,False,1033.1800000000003,2026-01,0
2026-01-26,Pattaya_Beach,PassionFruit,58,3770.0,1064.3,348,348.0,1131.0,878.6999999999999,6.0,146.1,False,732.5999999999999,2026-01,0
2026-01-26,Pattaya_Beach,Pineapple,100,4900.0,918.0,600,500.0,1176.0,1706.0000000000002,5.0,75.9,False,1630.1000000000001,2026-01,0
2026-01-26,Pattaya_Beach,Watermelon,179,8055.0,1363.98,1074,895.0,2416.5,2305.52,6.0,81.72,False,2223.8,2026-01,0
2026-01-26,Pattaya_Central,Guava,71,3479.0,667.4,426,390.5,1043.7,951.4,4.0,61.6,False,889.8,2026-01,0
2026-01-26,Pattaya_Central,PassionFruit,73,4745.0,1339.5500000000002,438,438.0,1423.5,1105.9499999999998,5.0,121.75,False,984.1999999999998,2026-01,0
2026-01-26,Pattaya_Central,Pineapple,147,7203.0,1349.46,882,735.0,2160.9,2075.6400000000003,5.0,75.9,False,1999.7400000000002,2026-01,0
2026-01-26,Pattaya_Central,Watermelon,207,9315.0,1577.34,1242,1035.0,2794.5,2666.16,9.0,122.58,False,2543.58,2026-01,0
2026-01-27,BKK_Ladprao,Guava,35,1715.0,329.0,210,192.5,514.5,469.0000000000001,2.0,30.8,False,438.2000000000001,2026-01,1
2026-01-27,BKK_Ladprao,PassionFruit,33,2145.0,605.5500000000001,198,198.0,514.8,628.6499999999999,2.0,48.7,False,579.9499999999998,2026-01,1
2026-01-27,BKK_Ladprao,Pineapple,68,3332.0,624.24,408,340.0,799.68,1160.0800000000002,5.0,75.9,False,1084.18,2026-01,1
2026-01-27,BKK_Ladprao,Watermelon,118,5310.0,899.1600000000001,708,590.0,1593.0,1519.84,4.0,54.48,False,1465.36,2026-01,1
2026-01-27,BKK_Sukhumvit,Guava,68,3332.0,639.2,408,374.0,999.6,911.2000000000002,5.0,77.0,False,834.2000000000002,2026-01,1
2026-01-27,BKK_Sukhumvit,PassionFruit,37,2405.0,678.95,222,222.0,721.5,560.55,3.0,73.05,False,487.49999999999994,2026-01,1
2026-01-27,BKK_Sukhumvit,Pineapple,104,5096.0,954.7199999999999,624,520.0,1528.8,1468.4800000000002,5.0,75.9,False,1392.5800000000002,2026-01,1
2026-01-27,BKK_Sukhumvit,Watermelon,161,7245.0,1226.82,966,805.0,2173.5,2073.68,6.0,81.72,False,1991.9599999999998,2026-01,1
2026-01-27,Pattaya_Beach,Guava,74,3626.0,695.6,444,407.0,870.24,1209.16,4.0,61.6,False,1147.5600000000002,2026-01,1
2026-01-27,Pattaya_Beach,PassionFruit,56,3640.0,1027.6000000000001,336,336.0,873.6,1066.8,6.0,146.1,False,920.6999999999999,2026-01,1
2026-01-27,Pattaya_Beach,Pineapple,138,6762.0,1266.84,828,690.0,2028.6,1948.5600000000004,3.0,45.54,False,1903.0200000000004,2026-01,1
2026-01-27,Pattaya_Beach,Watermelon,170,7650.0,1295.4,1020,850.0,2295.0,2189.6,6.0,81.72,False,2107.88,2026-01,1
2026-01-27,Pattaya_Central,Guava,78,3822.0,733.2,468,429.0,1146.6,1045.2,4.0,61.6,False,983.6,2026-01,1
2026-01-27,Pattaya_Central,PassionFruit,51,3315.0,935.85,306,306.0,795.6,971.5499999999998,4.0,97.4,False,874.1499999999999,2026-01,1
2026-01-27,Pattaya_Central,Pineapple,117,5733.0,1074.06,702,585.0,1375.9199999999998,1996.0200000000002,7.0,106.26,False,1889.7600000000002,2026-01,1
2026-01-27,Pattaya_Central,Watermelon,216,9720.0,1645.92,1296,1080.0,2916.0,2782.08,8.0,108.96,False,2673.12,2026-01,1
2026-01-28,BKK_Ladprao,Guava,45,2205.0,423.0,270,247.5,529.2,735.3000000000001,4.0,61.6,False,673.7,2026-01,2
2026-01-28,BKK_Ladprao,PassionFruit,25,1625.0,458.75,150,150.0,487.5,378.74999999999994,3.0,73.05,False,305.69999999999993,2026-01,2
2026-01-28,BKK_Ladprao,Pineapple,62,3038.0,569.16,372,310.0,911.4,875.4400000000002,7.0,106.26,False,769.1800000000002,2026-01,2
2026-01-28,BKK_Ladprao,Watermelon,90,4050.0,685.8000000000001,540,450.0,972.0,1402.2,4.0,54.48,False,1347.72,2026-01,2
2026-01-28,BKK_Sukhumvit,Guava,65,3185.0,611.0,390,357.5,955.5,871.0000000000001,5.0,77.0,False,794.0000000000001,2026-01,2
2026-01-28,BKK_Sukhumvit,PassionFruit,43,2795.0,789.0500000000001,258,258.0,838.5,651.4499999999999,4.0,97.4,False,554.05,2026-01,2
2026-01-28,BKK_Sukhumvit,Pineapple,101,4949.0,927.18,606,505.0,1187.76,1723.0600000000002,4.0,60.72,False,1662.3400000000001,2026-01,2
2026-01-28,BKK_Sukhumvit,Watermelon,154,6930.0,1173.48,924,770.0,1663.2,2399.32,4.0,54.48,False,2344.84,2026-01,2
2026-01-28,Pattaya_Beach,Guava,56,2744.0,526.4,336,308.0,823.2,750.4,4.0,61.6,False,688.8,2026-01,2
2026-01-28,Pattaya_Beach,PassionFruit,50,3250.0,917.5,300,300.0,780.0,952.4999999999999,4.0,97.4,False,855.0999999999999,2026-01,2
2026-01-28,Pattaya_Beach,Pineapple,124,6076.0,1138.32,744,620.0,1822.8,1750.8800000000003,5.0,75.9,False,1674.9800000000002,2026-01,2
2026-01-28,Pattaya_Beach,Watermelon,182,8190.0,1386.8400000000001,1092,910.0,1965.6,2835.56,6.0,81.72,False,2753.84,2026-01,2
2026-01-28,Pattaya_Central,Guava,80,3920.0,752.0,480,440.0,1176.0,1072.0000000000002,4.0,61.6,False,1010.4000000000002,2026-01,2
2026-01-28,Pattaya_Central,PassionFruit,69,4485.0,1266.15,414,414.0,1345.5,1045.35,10.0,243.5,False,801.8499999999999,2026-01,2
2026-01-28,Pattaya_Central,Pineapple,119,5831.0,1092.42,714,595.0,1399.44,2030.1400000000003,4.0,60.72,False,1969.4200000000003,2026-01,2
2026-01-28,Pattaya_Central,Watermelon,207,9315.0,1577.3400000000001,1242,1035.0,2794.5,2666.1600000000003,7.0,95.34,False,2570.82,2026-01,2
2026-01-29,BKK_Ladprao,Guava,43,2107.0,404.20000000000005,258,236.5,632.1,576.2,3.0,46.2,False,530.0,2026-01,3
2026-01-29,BKK_Ladprao,PassionFruit,38,2470.0,697.3000000000001,228,228.0,741.0,575.6999999999999,4.0,97.4,False,478.29999999999995,2026-01,3
2026-01-29,BKK_Ladprao,Pineapple,61,2989.0,559.98,366,305.0,717.36,1040.66,4.0,60.72,False,979.94,2026-01,3
2026-01-29,BKK_Ladprao,Watermelon,91,4095.0,693.42,546,455.0,982.8,1417.7800000000002,5.0,68.1,False,1349.6800000000003,2026-01,3
2026-01-29,BKK_Sukhumvit,Guava,78,3822.0,733.2,468,429.0,1146.6,1045.2000000000003,6.0,92.4,False,952.8000000000003,2026-01,3
2026-01-29,BKK_Sukhumvit,PassionFruit,64,4160.0,1174.4,384,384.0,998.4,1219.1999999999998,4.0,97.4,False,1121.7999999999997,2026-01,3
2026-01-29,BKK_Sukhumvit,Pineapple,114,5586.0,1046.52,684,570.0,1675.8,1609.68,3.0,45.54,False,1564.14,2026-01,3
2026-01-29,BKK_Sukhumvit,Watermelon,163,7335.0,1242.06,978,815.0,1760.3999999999999,2539.54,5.0,68.1,False,2471.44,2026-01,3
2026-01-29,Pattaya_Beach,Guava,56,2744.0,526.4,336,308.0,823.1999999999999,750.4000000000001,3.0,46.2,False,704.2,2026-01,3
2026-01-29,Pattaya_Beach,PassionFruit,61,3965.0,1119.3500000000001,366,366.0,1189.5,924.1499999999999,5.0,121.75,False,802.3999999999999,2026-01,3
2026-01-29,Pattaya_Beach,Pineapple,126,6174.0,1156.68,756,630.0,1481.76,2149.5600000000004,5.0,75.9,False,2073.6600000000003,2026-01,3
2026-01-29,Pattaya_Beach,Watermelon,162,7290.0,1234.44,972,810.0,1749.6,2523.96,5.0,68.1,False,2455.86,2026-01,3
2026-01-29,Pattaya_Central,Guava,80,3920.0,752.0,480,440.0,1176.0,1072.0,6.0,92.4,False,979.6,2026-01,3
2026-01-29,Pattaya_Central,PassionFruit,60,3900.0,1101.0,360,360.0,1170.0,908.9999999999999,4.0,97.4,False,811.5999999999999,2026-01,3
2026-01-29,Pattaya_Central,Pineapple,136,6664.0,1248.48,816,680.0,1599.36,2320.1600000000003,7.0,106.26,False,2213.9,2026-01,3
2026-01-29,Pattaya_Central,Watermelon,199,8955.0,1516.3799999999999,1194,995.0,2149.2,3100.42,8.0,108.96,False,2991.46,2026-01,3
2026-01-30,BKK_Ladprao,Guava,39,1911.0,366.6,234,214.5,458.64,637.2600000000001,5.0,77.0,False,560.2600000000001,2026-01,4
2026-01-30,BKK_Ladprao,PassionFruit,33,2145.0,605.5500000000001,198,198.0,514.8,628.6499999999999,3.0,73.05,False,555.5999999999999,2026-01,4
2026-01-30,BKK_Ladprao,Pineapple,60,2940.0,550.8,360,300.0,882.0,847.2000000000002,2.0,30.36,False,816.8400000000001,2026-01,4
2026-01-30,BKK_Ladprao,Watermelon,103,4635.0,784.86,618,515.0,1112.3999999999999,1604.74,7.0,95.34,False,1509.4,2026-01,4
2026-01-30,BKK_Sukhumvit,Guava,67,3283.0,629.8000000000001,402,368.5,787.92,1094.78,3.0,46.2,False,1048.58,2026-01,4
2026-01-30,BKK_Sukhumvit,PassionFruit,50,3250.0,917.5,300,300.0,780.0,952.4999999999999,1.0,24.35,False,928.1499999999999,2026-01,4
2026-01-30,BKK_Sukhumvit,Pineapple,101,4949.0,927.18,606,505.0,1187.76,1723.0600000000002,5.0,75.9,False,1647.16,2026-01,4
2026-01-30,BKK_Sukhumvit,Watermelon,156,7020.0,1188.72,936,780.0,2106.0,2009.2799999999997,4.0,54.48,False,1954.7999999999997,2026-01,4
2026-01-30,Pattaya_Beach,Guava,54,2646.0,507.6,324,297.0,635.04,882.36,3.0,46.2,False,836.16,2026-01,4
2026-01-30,Pattaya_Beach,PassionFruit,63,4095.0,1156.0500000000002,378,378.0,982.8,1200.1499999999996,7.0,170.45,False,1029.6999999999996,2026-01,4
2026-01-30,Pattaya_Beach,Pineapple,100,4900.0,918.0,600,500.0,1470.0,1412.0000000000002,3.0,45.54,False,1366.4600000000003,2026-01,4
2026-01-30,Pattaya_Beach,Watermelon,184,8280.0,1402.08,1104,920.0,2484.0,2369.92,7.0,95.34,False,2274.58,2026-01,4
2026-01-30,Pattaya_Central,Guava,84,4116.0,789.6,504,462.0,987.84,1372.56,5.0,77.0,False,1295.56,2026-01,4
2026-01-30,Pattaya_Central,PassionFruit,70,4550.0,1284.5,420,420.0,1365.0,1060.5,2.0,48.7,False,1011.8,2026-01,4
2026-01-30,Pattaya_Central,Pineapple,125,6125.0,1147.5,750,625.0,1470.0,2132.5000000000005,6.0,91.08,False,2041.4200000000005,2026-01,4
2026-01-30,Pattaya_Central,Watermelon,207,9315.0,1577.34,1242,1035.0,2794.5,2666.16,6.0,81.72,False,2584.44,2026-01,4
2026-01-31,BKK_Ladprao,Guava,40,1960.0,376.0,240,220.0,470.4,653.6,1.0,15.4,False,638.2,2026-01,5
2026-01-31,BKK_Ladprao,PassionFruit,33,2145.0,605.5500000000001,198,198.0,643.5,499.94999999999993,8.0,194.8,False,305.1499999999999,2026-01,5
2026-01-31,BKK_Ladprao,Pineapple,78,3822.0,716.04,468,390.0,1146.6,1101.3600000000001,6.0,91.08,False,1010.2800000000001,2026-01,5
2026-01-31,BKK_Ladprao,Watermelon,93,4185.0,708.66,558,465.0,1004.4,1448.94,4.0,54.48,False,1394.46,2026-01,5
2026-01-31,BKK_Sukhumvit,Guava,52,2548.0,488.8,312,286.0,764.4,696.8000000000002,3.0,46.2,False,650.6000000000001,2026-01,5
2026-01-31,BKK_Sukhumvit,PassionFruit,46,2990.0,844.1,276,276.0,897.0,696.8999999999999,3.0,73.05,False,623.8499999999999,2026-01,5
2026-01-31,BKK_Sukhumvit,Pineapple,123,6027.0,1129.1399999999999,738,615.0,1808.1,1736.7600000000004,7.0,106.26,False,1630.5000000000005,2026-01,5
2026-01-31,BKK_Sukhumvit,Watermelon,160,7200.0,1219.2,960,800.0,2160.0,2060.8,3.0,40.86,False,2019.9400000000003,2026-01,5
2026-01-31,Pattaya_Beach,Guava,84,4116.0,789.6,504,462.0,1234.8,1125.6000000000001,6.0,92.4,False,1033.2,2026-01,5
2026-01-31,Pattaya_Beach,PassionFruit,70,4550.0,1284.5,420,420.0,1092.0,1333.4999999999998,5.0,121.75,False,1211.7499999999998,2026-01,5
2026-01-31,Pattaya_Beach,Pineapple,160,7840.0,1468.8,960,800.0,2352.0,2259.2000000000003,9.0,136.62,False,2122.5800000000004,2026-01,5
2026-01-31,Pattaya_Beach,Watermelon,221,9945.0,1684.02,1326,1105.0,2386.7999999999997,3443.1800000000003,9.0,122.58,False,3320.6000000000004,2026-01,5
2026-01-31,Pattaya_Central,Guava,97,4753.0,911.8000000000001,582,533.5,1425.8999999999999,1299.8000000000002,4.0,61.6,False,1238.2000000000003,2026-01,5
2026-01-31,Pattaya_Central,PassionFruit,87,5655.0,1596.45,522,522.0,1696.5,1318.0499999999997,8.0,194.8,False,1123.2499999999998,2026-01,5
2026-01-31,Pattaya_Central,Pineapple,177,8673.0,1624.86,1062,885.0,2601.8999999999996,2499.2400000000002,7.0,106.26,False,2392.98,2026-01,5
2026-01-31,Pattaya_Central,Watermelon,259,11655.0,1973.58,1554,1295.0,2797.2,4035.2200000000003,6.0,81.72,False,3953.5000000000005,2026-01,5
2026-02-01,BKK_Ladprao,Guava,32,1568.0,300.8,192,176.0,470.4,428.80000000000007,2.0,30.8,False,398.00000000000006,2026-02,6
2026-02-01,BKK_Ladprao,PassionFruit,40,2600.0,734.0000000000001,240,240.0,780.0,605.9999999999999,6.0,146.1,False,459.89999999999986,2026-02,6
2026-02-01,BKK_Ladprao,Pineapple,73,3577.0,670.14,438,365.0,858.48,1245.38,6.0,91.08,False,1154.3000000000002,2026-02,6
2026-02-01,BKK_Ladprao,Watermelon,92,4140.0,701.04,552,460.0,1242.0,1184.96,4.0,54.48,False,1130.48,2026-02,6
2026-02-01,BKK_Sukhumvit,Guava,76,3724.0,714.4,456,418.0,1117.2,1018.4000000000001,3.0,46.2,False,972.2,2026-02,6
2026-02-01,BKK_Sukhumvit,PassionFruit,69,4485.0,1266.15,414,414.0,1076.3999999999999,1314.4499999999998,4.0,97.4,False,1217.0499999999997,2026-02,6
2026-02-01,BKK_Sukhumvit,Pineapple,110,5390.0,1009.8,660,550.0,1617.0,1553.2,5.0,75.9,False,1477.3,2026-02,6
2026-02-01,BKK_Sukhumvit,Watermelon,153,6885.0,1165.8600000000001,918,765.0,2065.5,1970.6399999999999,5.0,68.1,False,1902.54,2026-02,6
2026-02-01,Pattaya_Beach,Guava,81,3969.0,761.4,486,445.5,1190.7,1085.4,4.0,61.6,False,1023.8000000000001,2026-02,6
2026-02-01,Pattaya_Beach,PassionFruit,86,5590.0,1578.1000000000001,516,516.0,1677.0,1302.8999999999999,10.0,243.5,False,1059.3999999999999,2026-02,6
2026-02-01,Pattaya_Beach,Pineapple,158,7742.0,1450.4399999999998,948,790.0,2322.6,2230.96,6.0,91.08,False,2139.88,2026-02,6
2026-02-01,Pattaya_Beach,Watermelon,216,9720.0,1645.92,1296,1080.0,2332.8,3365.28,6.0,81.72,False,3283.5600000000004,2026-02,6
2026-02-01,Pattaya_Central,Guava,112,5488.0,1052.8,672,616.0,1317.12,1830.08,4.0,61.6,False,1768.48,2026-02,6
2026-02-01,Pattaya_Central,PassionFruit,80,5200.0,1468.0,480,480.0,1248.0,1523.9999999999998,7.0,170.45,False,1353.5499999999997,2026-02,6
2026-02-01,Pattaya_Central,Pineapple,163,7987.0,1496.34,978,815.0,2396.1,2301.5600000000004,10.0,151.8,False,2149.76,2026-02,6
2026-02-01,Pattaya_Central,Watermelon,259,11655.0,1973.58,1554,1295.0,2797.2,4035.2200000000003,7.0,95.34,False,3939.88,2026-02,6
2026-02-02,BKK_Ladprao,Guava,77,3018.4,644.4899999999999,462,423.5,905.52,582.8900000000004,5.0,71.85,False,511.0400000000004,2026-02,0
2026-02-02,BKK_Ladprao,PassionFruit,54,2808.0,1024.92,324,324.0,842.4,292.68,9.0,224.82,False,67.86000000000001,2026-02,0
2026-02-02,BKK_Ladprao,Pineapple,83,3253.6,830.0,498,415.0,976.0799999999999,534.52,7.0,112.0,False,422.52,2026-02,0
2026-02-02,BKK_Ladprao,Watermelon,169,6084.0,1306.3700000000001,1014,845.0,1460.1599999999999,1458.47,6.0,82.38,False,1376.0900000000001,2026-02,0
2026-02-02,BKK_Sukhumvit,Guava,93,3645.6,778.41,558,511.5,1093.68,704.0100000000004,3.0,43.11,False,660.9000000000004,2026-02,0
2026-02-02,BKK_Sukhumvit,PassionFruit,83,4316.0,1575.3400000000001,498,498.0,1035.84,708.8199999999999,11.0,274.78,False,434.03999999999996,2026-02,0
2026-02-02,BKK_Sukhumvit,Pineapple,214,8388.8,2140.0,1284,1070.0,2013.312,1881.488,10.0,160.0,False,1721.488,2026-02,0
2026-02-02,BKK_Sukhumvit,Watermelon,278,10008.0,2148.94,1668,1390.0,3002.3999999999996,1798.66,10.0,137.3,False,1661.3600000000001,2026-02,0
2026-02-02,Pattaya_Beach,Guava,120,4704.0,1004.3999999999999,720,660.0,1128.96,1190.6400000000003,9.0,129.33,False,1061.3100000000004,2026-02,0
2026-02-02,Pattaya_Beach,PassionFruit,121,6292.0,2296.58,726,726.0,1510.08,1033.3400000000001,13.0,324.74,False,708.6000000000001,2026-02,0
2026-02-02,Pattaya_Beach,Pineapple,205,8036.0,2050.0,1230,1025.0,1928.6399999999999,1802.3600000000001,11.0,176.0,False,1626.3600000000001,2026-02,0
2026-02-02,Pattaya_Beach,Watermelon,289,10404.0,2233.9700000000003,1734,1445.0,3121.2,1869.83,8.0,109.84,False,1759.99,2026-02,0
2026-02-02,Pattaya_Central,Guava,157,6154.4,1314.09,942,863.5,1846.32,1188.4900000000007,12.0,172.44,False,1016.0500000000006,2026-02,0
2026-02-02,Pattaya_Central,PassionFruit,135,7020.0,2562.3,810,810.0,2106.0,731.6999999999999,3.0,74.94,False,656.76,2026-02,0
2026-02-02,Pattaya_Central,Pineapple,263,10309.6,2630.0,1578,1315.0,3092.88,1693.7200000000003,14.0,224.0,False,1469.7200000000003,2026-02,0
2026-02-02,Pattaya_Central,Watermelon,396,14256.0,3061.08,2376,1980.0,3421.4399999999996,3417.48,13.0,178.49,False,3238.99,2026-02,0
2026-02-03,BKK_Ladprao,Guava,48,2352.0,401.76,288,264.0,564.48,833.7600000000001,3.0,43.11,False,790.6500000000001,2026-02,1
2026-02-03,BKK_Ladprao,PassionFruit,30,1950.0,569.4,180,180.0,468.0,552.6,6.0,149.88,False,402.72,2026-02,1
2026-02-03,BKK_Ladprao,Pineapple,52,2548.0,520.0,312,260.0,764.4,691.5999999999999,2.0,32.0,False,659.5999999999999,2026-02,1
2026-02-03,BKK_Ladprao,Watermelon,111,4995.0,858.0300000000001,666,555.0,1498.5,1417.4699999999998,5.0,68.65,False,1348.8199999999997,2026-02,1
2026-02-03,BKK_Sukhumvit,Guava,76,3724.0,636.1199999999999,456,418.0,893.76,1320.1200000000003,5.0,71.85,False,1248.2700000000004,2026-02,1
2026-02-03,BKK_Sukhumvit,PassionFruit,51,3315.0,967.98,306,306.0,994.5,740.5199999999999,6.0,149.88,False,590.6399999999999,2026-02,1
2026-02-03,BKK_Sukhumvit,Pineapple,110,5390.0,1100.0,660,550.0,1617.0,1463.0,3.0,48.0,False,1415.0,2026-02,1
2026-02-03,BKK_Sukhumvit,Watermelon,193,8685.0,1491.89,1158,965.0,2605.5,2464.6099999999997,3.0,41.19,False,2423.4199999999996,2026-02,1
2026-02-03,Pattaya_Beach,Guava,79,3871.0,661.2299999999999,474,434.5,929.04,1372.2300000000002,5.0,71.85,False,1300.3800000000003,2026-02,1
2026-02-03,Pattaya_Beach,PassionFruit,52,3380.0,986.96,312,312.0,811.1999999999999,957.84,4.0,99.92,False,857.9200000000001,2026-02,1
2026-02-03,Pattaya_Beach,Pineapple,124,6076.0,1240.0,744,620.0,1458.24,2013.76,5.0,80.0,False,1933.76,2026-02,1
2026-02-03,Pattaya_Beach,Watermelon,162,7290.0,1252.26,972,810.0,2187.0,2068.74,9.0,123.57,False,1945.1699999999998,2026-02,1
2026-02-03,Pattaya_Central,Guava,97,4753.0,811.89,582,533.5,1425.8999999999999,1399.7100000000003,1.0,14.37,False,1385.3400000000004,2026-02,1
2026-02-03,Pattaya_Central,PassionFruit,83,5395.0,1575.34,498,498.0,1294.8,1528.86,4.0,99.92,False,1428.9399999999998,2026-02,1
2026-02-03,Pattaya_Central,Pineapple,125,6125.0,1250.0,750,625.0,1470.0,2030.0,4.0,64.0,False,1966.0,2026-02,1
2026-02-03,Pattaya_Central,Watermelon,221,9945.0,1708.3300000000002,1326,1105.0,2983.5,2822.1699999999996,8.0,109.84,False,2712.3299999999995,2026-02,1
2026-02-04,BKK_Ladprao,Guava,63,3087.0,527.31,378,346.5,926.1,909.0900000000001,5.0,71.85,False,837.2400000000001,2026-02,2
2026-02-04,BKK_Ladprao,PassionFruit,37,2405.0,702.26,222,222.0,577.1999999999999,681.54,6.0,149.88,False,531.66,2026-02,2
2026-02-04,BKK_Ladprao,Pineapple,67,3283.0,670.0,402,335.0,787.92,1088.08,7.0,112.0,False,976.0799999999999,2026-02,2
2026-02-04,BKK_Ladprao,Watermelon,101,4545.0,780.73,606,505.0,1363.5,1289.77,4.0,54.92,False,1234.85,2026-02,2
2026-02-04,BKK_Sukhumvit,Guava,88,4312.0,736.56,528,484.0,1034.8799999999999,1528.5600000000004,4.0,57.48,False,1471.0800000000004,2026-02,2
2026-02-04,BKK_Sukhumvit,PassionFruit,60,3900.0,1138.8000000000002,360,360.0,936.0,1105.2,5.0,124.9,False,980.3000000000001,2026-02,2
2026-02-04,BKK_Sukhumvit,Pineapple,107,5243.0,1070.0,642,535.0,1258.32,1737.68,6.0,96.0,False,1641.68,2026-02,2
2026-02-04,BKK_Sukhumvit,Watermelon,180,8100.0,1391.4,1080,900.0,1944.0,2784.6,4.0,54.92,False,2729.68,2026-02,2
2026-02-04,Pattaya_Beach,Guava,81,3969.0,677.9699999999999,486,445.5,1190.7,1168.83,5.0,71.85,False,1096.98,2026-02,2
2026-02-04,Pattaya_Beach,PassionFruit,55,3575.0,1043.9,330,330.0,1072.5,798.5999999999998,4.0,99.92,False,698.6799999999998,2026-02,2
2026-02-04,Pattaya_Beach,Pineapple,115,5635.0,1150.0,690,575.0,1690.5,1529.5000000000002,3.0,48.0,False,1481.5000000000002,2026-02,2
2026-02-04,Pattaya_Beach,Watermelon,174,7830.0,1345.02,1044,870.0,1879.2,2691.78,5.0,68.65,False,2623.13,2026-02,2
2026-02-04,Pattaya_Central,Guava,87,4263.0,728.1899999999999,522,478.5,1278.8999999999999,1255.41,6.0,86.22,False,1169.19,2026-02,2
2026-02-04,Pattaya_Central,PassionFruit,68,4420.0,1290.64,408,408.0,1060.8,1252.56,4.0,99.92,False,1152.6399999999999,2026-02,2
2026-02-04,Pattaya_Central,Pineapple,131,6419.0,1310.0,786,655.0,1540.56,2127.44,6.0,96.0,False,2031.44,2026-02,2
2026-02-04,Pattaya_Central,Watermelon,196,8820.0,1515.0800000000002,1176,980.0,2116.7999999999997,3032.12,5.0,68.65,False,2963.47,2026-02,2
2026-02-05,BKK_Ladprao,Guava,40,1960.0,334.79999999999995,240,220.0,588.0,577.2000000000002,6.0,86.22,False,490.98000000000013,2026-02,3
2026-02-05,BKK_Ladprao,PassionFruit,22,1430.0,417.56,132,132.0,343.2,405.24,3.0,74.94,False,330.3,2026-02,3
2026-02-05,BKK_Ladprao,Pineapple,63,3087.0,630.0,378,315.0,926.0999999999999,837.9,5.0,80.0,False,757.9,2026-02,3
2026-02-05,BKK_Ladprao,Watermelon,96,4320.0,742.08,576,480.0,1296.0,1225.9199999999998,4.0,54.92,False,1170.9999999999998,2026-02,3
2026-02-05,BKK_Sukhumvit,Guava,79,3871.0,661.2299999999999,474,434.5,929.04,1372.2300000000002,3.0,43.11,False,1329.1200000000003,2026-02,3
2026-02-05,BKK_Sukhumvit,PassionFruit,64,4160.0,1214.72,384,384.0,998.4,1178.8799999999999,6.0,149.88,False,1029.0,2026-02,3
2026-02-05,BKK_Sukhumvit,Pineapple,111,5439.0,1110.0,666,555.0,1305.36,1802.64,6.0,96.0,False,1706.64,2026-02,3
2026-02-05,BKK_Sukhumvit,Watermelon,176,7920.0,1360.48,1056,880.0,1900.8,2722.72,4.0,54.92,False,2667.7999999999997,2026-02,3
2026-02-05,Pattaya_Beach,Guava,72,3528.0,602.64,432,396.0,846.72,1250.6400000000003,4.0,57.48,False,1193.1600000000003,2026-02,3
2026-02-05,Pattaya_Beach,PassionFruit,67,4355.0,1271.66,402,402.0,1045.2,1234.1399999999999,4.0,99.92,False,1134.2199999999998,2026-02,3
2026-02-05,Pattaya_Beach,Pineapple,107,5243.0,1070.0,642,535.0,1258.32,1737.68,6.0,96.0,False,1641.68,2026-02,3
2026-02-05,Pattaya_Beach,Watermelon,198,8910.0,1530.54,1188,990.0,2673.0,2528.46,6.0,82.38,False,2446.08,2026-02,3
2026-02-05,Pattaya_Central,Guava,94,4606.0,786.78,564,517.0,1105.44,1632.7800000000002,6.0,86.22,False,1546.5600000000002,2026-02,3
2026-02-05,Pattaya_Central,PassionFruit,63,4095.0,1195.74,378,378.0,982.8,1160.46,8.0,199.84,False,960.62,2026-02,3
2026-02-05,Pattaya_Central,Pineapple,139,6811.0,1390.0,834,695.0,2043.3,1848.7000000000003,5.0,80.0,False,1768.7000000000003,2026-02,3
2026-02-05,Pattaya_Central,Watermelon,221,9945.0,1708.3300000000002,1326,1105.0,2983.5,2822.17,8.0,109.84,False,2712.33,2026-02,3
2026-02-06,BKK_Ladprao,Guava,47,2303.0,393.39,282,258.5,690.9,678.2100000000002,4.0,57.48,False,620.7300000000001,2026-02,4
2026-02-06,BKK_Ladprao,PassionFruit,26,1690.0,493.48,156,156.0,405.59999999999997,478.9200000000001,4.0,99.92,False,379.00000000000006,2026-02,4
2026-02-06,BKK_Ladprao,Pineapple,68,3332.0,680.0,408,340.0,999.5999999999999,904.4,5.0,80.0,False,824.4,2026-02,4
2026-02-06,BKK_Ladprao,Watermelon,84,3780.0,649.32,504,420.0,1134.0,1072.6799999999998,4.0,54.92,False,1017.7599999999999,2026-02,4
2026-02-06,BKK_Sukhumvit,Guava,57,2793.0,477.09,342,313.5,670.3199999999999,990.0900000000001,4.0,57.48,False,932.6100000000001,2026-02,4
2026-02-06,BKK_Sukhumvit,PassionFruit,59,3835.0,1119.8200000000002,354,354.0,1150.5,856.68,5.0,124.9,False,731.78,2026-02,4
2026-02-06,BKK_Sukhumvit,Pineapple,112,5488.0,1120.0,672,560.0,1646.3999999999999,1489.6000000000001,6.0,96.0,False,1393.6000000000001,2026-02,4
2026-02-06,BKK_Sukhumvit,Watermelon,176,7920.0,1360.48,1056,880.0,1900.8,2722.7200000000003,3.0,41.19,False,2681.53,2026-02,4
2026-02-06,Pattaya_Beach,Guava,74,3626.0,619.3799999999999,444,407.0,870.24,1285.38,3.0,43.11,False,1242.2700000000002,2026-02,4
2026-02-06,Pattaya_Beach,PassionFruit,71,4615.0,1347.5800000000002,426,426.0,1384.5,1030.9199999999998,6.0,149.88,False,881.0399999999998,2026-02,4
2026-02-06,Pattaya_Beach,Pineapple,110,5390.0,1100.0,660,550.0,1617.0,1463.0,7.0,112.0,False,1351.0,2026-02,4
2026-02-06,Pattaya_Beach,Watermelon,175,7875.0,1352.75,1050,875.0,2362.5,2234.75,7.0,96.11,False,2138.64,2026-02,4
2026-02-06,Pattaya_Central,Guava,86,4214.0,719.8199999999999,516,473.0,1011.36,1493.8200000000002,3.0,43.11,False,1450.7100000000003,2026-02,4
2026-02-06,Pattaya_Central,PassionFruit,71,4615.0,1347.5800000000002,426,426.0,1384.5,1030.9199999999998,7.0,174.86,False,856.0599999999998,2026-02,4
2026-02-06,Pattaya_Central,Pineapple,135,6615.0,1350.0,810,675.0,1984.5,1795.5,8.0,128.0,False,1667.5,2026-02,4
2026-02-06,Pattaya_Central,Watermelon,225,10125.0,1739.25,1350,1125.0,2430.0,3480.75,5.0,68.65,False,3412.1,2026-02,4
2026-02-07,BKK_Ladprao,Guava,40,1960.0,334.79999999999995,240,220.0,470.4,694.8000000000002,3.0,43.11,False,651.6900000000002,2026-02,5
2026-02-07,BKK_Ladprao,PassionFruit,24,1560.0,455.52000000000004,144,144.0,468.0,348.4799999999999,4.0,99.92,False,248.5599999999999,2026-02,5
2026-02-07,BKK_Ladprao,Pineapple,65,3185.0,650.0,390,325.0,955.5,864.5,8.0,128.0,False,736.5,2026-02,5
2026-02-07,BKK_Ladprao,Watermelon,109,4905.0,842.57,654,545.0,1471.5,1391.9299999999998,5.0,68.65,False,1323.2799999999997,2026-02,5
2026-02-07,BKK_Sukhumvit,Guava,90,4410.0,753.3,540,495.0,1323.0,1298.7000000000003,5.0,71.85,False,1226.8500000000004,2026-02,5
2026-02-07,BKK_Sukhumvit,PassionFruit,58,3770.0,1100.84,348,348.0,1131.0,842.16,7.0,174.86,False,667.3,2026-02,5
2026-02-07,BKK_Sukhumvit,Pineapple,121,5929.0,1210.0,726,605.0,1778.7,1609.3000000000002,6.0,96.0,False,1513.3000000000002,2026-02,5
2026-02-07,BKK_Sukhumvit,Watermelon,180,8100.0,1391.4,1080,900.0,2430.0,2298.6,5.0,68.65,False,2229.95,2026-02,5
2026-02-07,Pattaya_Beach,Guava,95,4655.0,795.1499999999999,570,522.5,1396.5,1370.8500000000001,3.0,43.11,False,1327.7400000000002,2026-02,5
2026-02-07,Pattaya_Beach,PassionFruit,74,4810.0,1404.52,444,444.0,1154.4,1363.08,7.0,174.86,False,1188.2199999999998,2026-02,5
2026-02-07,Pattaya_Beach,Pineapple,142,6958.0,1420.0,852,710.0,2087.4,1888.6000000000001,7.0,112.0,False,1776.6000000000001,2026-02,5
2026-02-07,Pattaya_Beach,Watermelon,205,9225.0,1584.65,1230,1025.0,2767.5,2617.85,5.0,68.65,False,2549.2,2026-02,5
2026-02-07,Pattaya_Central,Guava,103,5047.0,862.1099999999999,618,566.5,1211.28,1789.1100000000004,4.0,57.48,False,1731.6300000000003,2026-02,5
2026-02-07,Pattaya_Central,PassionFruit,89,5785.0,1689.22,534,534.0,1735.5,1292.28,8.0,199.84,False,1092.44,2026-02,5
2026-02-07,Pattaya_Central,Pineapple,156,7644.0,1560.0,936,780.0,2293.2,2074.8,5.0,80.0,False,1994.8000000000002,2026-02,5
2026-02-07,Pattaya_Central,Watermelon,243,10935.0,1878.39,1458,1215.0,2624.4,3759.21,5.0,68.65,False,3690.56,2026-02,5
2026-02-08,BKK_Ladprao,Guava,48,2352.0,401.76,288,264.0,705.5999999999999,692.6400000000001,3.0,43.11,False,649.5300000000001,2026-02,6
2026-02-08,BKK_Ladprao,PassionFruit,33,2145.0,626.34,198,198.0,514.8,607.86,5.0,124.9,False,482.96000000000004,2026-02,6
2026-02-08,BKK_Ladprao,Pineapple,68,3332.0,680.0,408,340.0,999.6,904.4,7.0,112.0,False,792.4,2026-02,6
2026-02-08,BKK_Ladprao,Watermelon,97,4365.0,749.8100000000001,582,485.0,1047.6,1500.59,5.0,68.65,False,1431.9399999999998,2026-02,6
2026-02-08,BKK_Sukhumvit,Guava,80,3920.0,669.5999999999999,480,440.0,940.8,1389.6000000000004,5.0,71.85,False,1317.7500000000005,2026-02,6
2026-02-08,BKK_Sukhumvit,PassionFruit,53,3445.0,1005.94,318,318.0,826.8,976.26,5.0,124.9,False,851.36,2026-02,6
2026-02-08,BKK_Sukhumvit,Pineapple,101,4949.0,1010.0,606,505.0,1187.76,1640.24,4.0,64.0,False,1576.24,2026-02,6
2026-02-08,BKK_Sukhumvit,Watermelon,154,6930.0,1190.42,924,770.0,2079.0,1966.58,3.0,41.19,False,1925.3899999999999,2026-02,6
2026-02-08,Pattaya_Beach,Guava,99,4851.0,828.6299999999999,594,544.5,1164.24,1719.6300000000003,3.0,43.11,False,1676.5200000000004,2026-02,6
2026-02-08,Pattaya_Beach,PassionFruit,66,4290.0,1252.68,396,396.0,1287.0,958.3199999999999,6.0,149.88,False,808.4399999999999,2026-02,6
2026-02-08,Pattaya_Beach,Pineapple,140,6860.0,1400.0,840,700.0,1646.3999999999999,2273.6,6.0,96.0,False,2177.6,2026-02,6
2026-02-08,Pattaya_Beach,Watermelon,215,9675.0,1661.95,1290,1075.0,2902.5,2745.5499999999997,6.0,82.38,False,2663.1699999999996,2026-02,6
2026-02-08,Pattaya_Central,Guava,88,4312.0,736.56,528,484.0,1293.6,1269.8400000000001,6.0,86.22,False,1183.6200000000001,2026-02,6
2026-02-08,Pattaya_Central,PassionFruit,97,6305.0,1841.06,582,582.0,1513.2,1786.7399999999998,10.0,249.8,False,1536.9399999999998,2026-02,6
2026-02-08,Pattaya_Central,Pineapple,196,9604.0,1960.0,1176,980.0,2881.2,2606.8,8.0,128.0,False,2478.8,2026-02,6
2026-02-08,Pattaya_Central,Watermelon,254,11430.0,1963.42,1524,1270.0,3429.0,3243.58,10.0,137.3,False,3106.2799999999997,2026-02,6
2026-02-09,BKK_Ladprao,Guava,40,1960.0,345.6,240,220.0,588.0,566.3999999999999,1.0,14.64,False,551.7599999999999,2026-02,0
2026-02-09,BKK_Ladprao,PassionFruit,36,2340.0,676.8000000000001,216,216.0,561.6,669.6000000000001,3.0,74.4,False,595.2000000000002,2026-02,0
2026-02-09,BKK_Ladprao,Pineapple,80,3920.0,780.8000000000001,480,400.0,1176.0,1083.2,6.0,94.56,False,988.6400000000001,2026-02,0
2026-02-09,BKK_Ladprao,Watermelon,92,4140.0,732.3199999999999,552,460.0,993.5999999999999,1402.08,7.0,97.72,False,1304.36,2026-02,0
2026-02-09,BKK_Sukhumvit,Guava,75,3675.0,648.0,450,412.5,1102.5,1061.9999999999998,2.0,29.28,False,1032.7199999999998,2026-02,0
2026-02-09,BKK_Sukhumvit,PassionFruit,60,3900.0,1128.0,360,360.0,936.0,1116.0,3.0,74.4,False,1041.6,2026-02,0
2026-02-09,BKK_Sukhumvit,Pineapple,100,4900.0,976.0,600,500.0,1176.0,1648.0000000000002,3.0,47.28,False,1600.7200000000003,2026-02,0
2026-02-09,BKK_Sukhumvit,Watermelon,169,7605.0,1345.24,1014,845.0,2281.5,2119.26,7.0,97.72,False,2021.5400000000002,2026-02,0
2026-02-09,Pattaya_Beach,Guava,76,3724.0,656.6400000000001,456,418.0,1117.2,1076.1599999999999,3.0,43.92,False,1032.2399999999998,2026-02,0
2026-02-09,Pattaya_Beach,PassionFruit,63,4095.0,1184.4,378,378.0,982.8,1171.8,7.0,173.6,False,998.1999999999999,2026-02,0
2026-02-09,Pattaya_Beach,Pineapple,135,6615.0,1317.6,810,675.0,1984.5,1827.9,5.0,78.8,False,1749.1000000000001,2026-02,0
2026-02-09,Pattaya_Beach,Watermelon,201,9045.0,1599.96,1206,1005.0,2170.8,3063.2400000000002,6.0,83.76,False,2979.48,2026-02,0
2026-02-09,Pattaya_Central,Guava,83,4067.0,717.12,498,456.5,976.08,1419.3,6.0,87.84,False,1331.46,2026-02,0
2026-02-09,Pattaya_Central,PassionFruit,73,4745.0,1372.4,438,438.0,1423.5,1073.1,7.0,173.6,False,899.4999999999999,2026-02,0
2026-02-09,Pattaya_Central,Pineapple,142,6958.0,1385.92,852,710.0,2087.4,1922.6800000000003,4.0,63.04,False,1859.6400000000003,2026-02,0
2026-02-09,Pattaya_Central,Watermelon,216,9720.0,1719.36,1296,1080.0,2332.7999999999997,3291.84,6.0,83.76,False,3208.08,2026-02,0
2026-02-10,BKK_Ladprao,Guava,35,1715.0,302.40000000000003,210,192.5,411.59999999999997,598.5,4.0,58.56,False,539.94,2026-02,1
2026-02-10,BKK_Ladprao,PassionFruit,39,2535.0,733.2,234,234.0,760.5,573.3,6.0,148.8,False,424.49999999999994,2026-02,1
2026-02-10,BKK_Ladprao,Pineapple,53,2597.0,517.28,318,265.0,623.28,873.4400000000002,4.0,63.04,False,810.4000000000002,2026-02,1
2026-02-10,BKK_Ladprao,Watermelon,110,4950.0,875.5999999999999,660,550.0,1485.0,1379.3999999999999,4.0,55.84,False,1323.56,2026-02,1
2026-02-10,BKK_Sukhumvit,Guava,90,4410.0,777.6,540,495.0,1058.4,1539.0,4.0,58.56,False,1480.44,2026-02,1
2026-02-10,BKK_Sukhumvit,PassionFruit,52,3380.0,977.6,312,312.0,811.2,967.2000000000002,4.0,99.2,False,868.0000000000001,2026-02,1
2026-02-10,BKK_Sukhumvit,Pineapple,119,5831.0,1161.44,714,595.0,1749.3,1611.2600000000002,7.0,110.32,False,1500.9400000000003,2026-02,1
2026-02-10,BKK_Sukhumvit,Watermelon,147,6615.0,1170.12,882,735.0,1587.6,2240.28,6.0,83.76,False,2156.52,2026-02,1
2026-02-10,Pattaya_Beach,Guava,82,4018.0,708.48,492,451.0,964.3199999999999,1402.2,7.0,102.48,False,1299.72,2026-02,1
2026-02-10,Pattaya_Beach,PassionFruit,54,3510.0,1015.2,324,324.0,1053.0,793.8000000000001,6.0,148.8,False,645.0,2026-02,1
2026-02-10,Pattaya_Beach,Pineapple,116,5684.0,1132.1599999999999,696,580.0,1705.1999999999998,1570.64,6.0,94.56,False,1476.0800000000002,2026-02,1
2026-02-10,Pattaya_Beach,Watermelon,166,7470.0,1321.36,996,830.0,1792.8,2529.84,6.0,83.76,False,2446.08,2026-02,1
2026-02-10,Pattaya_Central,Guava,103,5047.0,889.9200000000001,618,566.5,1514.1,1458.48,6.0,87.84,False,1370.64,2026-02,1
2026-02-10,Pattaya_Central,PassionFruit,73,4745.0,1372.4,438,438.0,1423.5,1073.1,4.0,99.2,False,973.8999999999999,2026-02,1
2026-02-10,Pattaya_Central,Pineapple,134,6566.0,1307.84,804,670.0,1969.8,1814.3600000000004,5.0,78.8,False,1735.5600000000004,2026-02,1
2026-02-10,Pattaya_Central,Watermelon,181,8145.0,1440.76,1086,905.0,1954.8,2758.44,5.0,69.8,False,2688.64,2026-02,1
2026-02-11,BKK_Ladprao,Guava,57,2793.0,492.48,342,313.5,670.3199999999999,974.7,6.0,87.84,False,886.86,2026-02,2
2026-02-11,BKK_Ladprao,PassionFruit,31,2015.0,582.8000000000001,186,186.0,604.5,455.70000000000005,5.0,124.0,False,331.70000000000005,2026-02,2
2026-02-11,BKK_Ladprao,Pineapple,75,3675.0,732.0,450,375.0,1102.5,1015.5000000000002,4.0,63.04,False,952.4600000000003,2026-02,2
2026-02-11,BKK_Ladprao,Watermelon,146,5584.5,1162.16,876,730.0,1675.35,1140.9900000000002,9.0,125.64,False,1015.3500000000003,2026-02,2
2026-02-11,BKK_Sukhumvit,Guava,80,3920.0,691.2,480,440.0,940.8,1368.0,6.0,87.84,False,1280.16,2026-02,2
2026-02-11,BKK_Sukhumvit,PassionFruit,57,3705.0,1071.6000000000001,342,342.0,889.1999999999999,1060.2,6.0,148.8,False,911.4000000000001,2026-02,2
2026-02-11,BKK_Sukhumvit,Pineapple,106,5194.0,1034.56,636,530.0,1558.2,1435.2400000000002,4.0,63.04,False,1372.2000000000003,2026-02,2
2026-02-11,BKK_Sukhumvit,Watermelon,245,9371.25,1950.2,1470,1225.0,2811.375,1914.675,11.0,153.56,False,1761.115,2026-02,2
2026-02-11,Pattaya_Beach,Guava,71,3479.0,613.44,426,390.5,1043.7,1005.3599999999999,3.0,43.92,False,961.4399999999999,2026-02,2
2026-02-11,Pattaya_Beach,PassionFruit,51,3315.0,958.8000000000001,306,306.0,795.6,948.6,7.0,173.6,False,775.0,2026-02,2
2026-02-11,Pattaya_Beach,Pineapple,117,5733.0,1141.9199999999998,702,585.0,1719.8999999999999,1584.1800000000003,7.0,110.32,False,1473.8600000000004,2026-02,2
2026-02-11,Pattaya_Beach,Watermelon,228,8721.0,1814.8799999999999,1368,1140.0,2616.2999999999997,1781.8200000000002,8.0,111.68,False,1670.14,2026-02,2
2026-02-11,Pattaya_Central,Guava,76,3724.0,656.6400000000001,456,418.0,1117.2,1076.16,3.0,43.92,False,1032.24,2026-02,2
2026-02-11,Pattaya_Central,PassionFruit,56,3640.0,1052.8,336,336.0,1092.0,823.2,2.0,49.6,False,773.6,2026-02,2
2026-02-11,Pattaya_Central,Pineapple,130,6370.0,1268.8,780,650.0,1528.8,2142.4,4.0,63.04,False,2079.36,2026-02,2
2026-02-11,Pattaya_Central,Watermelon,262,10021.5,2085.52,1572,1310.0,3006.45,2047.53,6.0,83.76,False,1963.77,2026-02,2
2026-02-12,BKK_Ladprao,Guava,44,2156.0,380.16,264,242.0,517.44,752.4,2.0,29.28,False,723.12,2026-02,3
2026-02-12,BKK_Ladprao,PassionFruit,27,1755.0,507.6,162,162.0,421.2,502.20000000000005,4.0,99.2,False,403.00000000000006,2026-02,3
2026-02-12,BKK_Ladprao,Pineapple,61,2989.0,595.36,366,305.0,896.6999999999999,825.9400000000003,4.0,63.04,False,762.9000000000003,2026-02,3
2026-02-12,BKK_Ladprao,Watermelon,102,4590.0,811.92,612,510.0,1101.6,1554.48,4.0,55.84,False,1498.64,2026-02,3
2026-02-12,BKK_Sukhumvit,Guava,60,2940.0,518.4000000000001,360,330.0,705.6,1026.0,3.0,43.92,False,982.08,2026-02,3
2026-02-12,BKK_Sukhumvit,PassionFruit,62,4030.0,1165.6000000000001,372,372.0,967.1999999999999,1153.2,6.0,148.8,False,1004.4000000000001,2026-02,3
2026-02-12,BKK_Sukhumvit,Pineapple,135,6615.0,1317.6,810,675.0,1587.6,2224.8,4.0,63.04,False,2161.76,2026-02,3
2026-02-12,BKK_Sukhumvit,Watermelon,185,8325.0,1472.6,1110,925.0,2497.5,2319.9,7.0,97.72,False,2222.1800000000003,2026-02,3
2026-02-12,Pattaya_Beach,Guava,68,3332.0,587.52,408,374.0,999.6,962.8799999999998,4.0,58.56,False,904.3199999999997,2026-02,3
2026-02-12,Pattaya_Beach,PassionFruit,70,4550.0,1316.0,420,420.0,1365.0,1029.0,8.0,198.4,False,830.6,2026-02,3
2026-02-12,Pattaya_Beach,Pineapple,106,5194.0,1034.56,636,530.0,1558.2,1435.2400000000002,6.0,94.56,False,1340.6800000000003,2026-02,3
2026-02-12,Pattaya_Beach,Watermelon,166,7470.0,1321.36,996,830.0,2241.0,2081.64,6.0,83.76,False,1997.8799999999999,2026-02,3
2026-02-12,Pattaya_Central,Guava,78,3822.0,673.9200000000001,468,429.0,917.28,1333.8,5.0,73.2,False,1260.6,2026-02,3
2026-02-12,Pattaya_Central,PassionFruit,70,4550.0,1316.0,420,420.0,1365.0,1029.0,8.0,198.4,False,830.6,2026-02,3
2026-02-12,Pattaya_Central,Pineapple,155,7595.0,1512.8,930,775.0,2278.5,2098.7000000000003,10.0,157.6,False,1941.1000000000004,2026-02,3
2026-02-12,Pattaya_Central,Watermelon,221,9945.0,1759.16,1326,1105.0,2983.5,2771.34,6.0,83.76,False,2687.58,2026-02,3
2026-02-13,BKK_Ladprao,Guava,33,1617.0,285.12,198,181.5,485.09999999999997,467.27999999999986,3.0,43.92,False,423.35999999999984,2026-02,4
2026-02-13,BKK_Ladprao,PassionFruit,27,1755.0,507.6,162,162.0,421.2,502.20000000000005,1.0,24.8,False,477.40000000000003,2026-02,4
2026-02-13,BKK_Ladprao,Pineapple,74,3626.0,722.24,444,370.0,870.24,1219.5200000000002,6.0,94.56,False,1124.9600000000003,2026-02,4
2026-02-13,BKK_Ladprao,Watermelon,90,4050.0,716.4,540,450.0,972.0,1371.6,5.0,69.8,False,1301.8,2026-02,4
2026-02-13,BKK_Sukhumvit,Guava,56,2744.0,483.84000000000003,336,308.0,823.1999999999999,792.9599999999998,1.0,14.64,False,778.3199999999998,2026-02,4
2026-02-13,BKK_Sukhumvit,PassionFruit,44,2860.0,827.2,264,264.0,858.0,646.8,4.0,99.2,False,547.5999999999999,2026-02,4
2026-02-13,BKK_Sukhumvit,Pineapple,106,5194.0,1034.56,636,530.0,1558.1999999999998,1435.2400000000002,4.0,63.04,False,1372.2000000000003,2026-02,4
2026-02-13,BKK_Sukhumvit,Watermelon,174,7830.0,1385.04,1044,870.0,1879.2,2651.76,5.0,69.8,False,2581.96,2026-02,4
2026-02-13,Pattaya_Beach,Guava,84,4116.0,725.76,504,462.0,1234.8,1189.4399999999998,5.0,73.2,False,1116.2399999999998,2026-02,4
2026-02-13,Pattaya_Beach,PassionFruit,60,3900.0,1128.0,360,360.0,1170.0,882.0,4.0,99.2,False,782.8,2026-02,4
2026-02-13,Pattaya_Beach,Pineapple,116,5684.0,1132.1599999999999,696,580.0,1705.2,1570.64,6.0,94.56,False,1476.0800000000002,2026-02,4
2026-02-13,Pattaya_Beach,Watermelon,174,7830.0,1385.04,1044,870.0,1879.1999999999998,2651.76,7.0,97.72,False,2554.0400000000004,2026-02,4
2026-02-13,Pattaya_Central,Guava,73,3577.0,630.72,438,401.5,858.48,1248.3,4.0,58.56,False,1189.74,2026-02,4
2026-02-13,Pattaya_Central,PassionFruit,80,5200.0,1504.0,480,480.0,1248.0,1488.0,7.0,173.6,False,1314.4,2026-02,4
2026-02-13,Pattaya_Central,Pineapple,143,7007.0,1395.68,858,715.0,1681.6799999999998,2356.6400000000003,5.0,78.8,False,2277.84,2026-02,4
2026-02-13,Pattaya_Central,Watermelon,204,9180.0,1623.84,1224,1020.0,2754.0,2558.16,9.0,125.64,False,2432.52,2026-02,4
2026-02-14,BKK_Ladprao,Guava,51,2499.0,440.64000000000004,306,280.5,749.7,722.1599999999999,2.0,29.28,False,692.8799999999999,2026-02,5
2026-02-14,BKK_Ladprao,PassionFruit,29,1885.0,545.2,174,174.0,565.5,426.30000000000007,5.0,124.0,False,302.30000000000007,2026-02,5
2026-02-14,BKK_Ladprao,Pineapple,60,2940.0,585.6,360,300.0,882.0,812.4000000000002,3.0,47.28,False,765.1200000000002,2026-02,5
2026-02-14,BKK_Ladprao,Watermelon,106,4770.0,843.76,636,530.0,1144.8,1615.44,4.0,55.84,False,1559.6000000000001,2026-02,5
2026-02-14,BKK_Sukhumvit,Guava,58,2842.0,501.12,348,319.0,682.08,991.8000000000001,4.0,58.56,False,933.24,2026-02,5
2026-02-14,BKK_Sukhumvit,PassionFruit,47,3055.0,883.6,282,282.0,916.5,690.9000000000001,4.0,99.2,False,591.7,2026-02,5
2026-02-14,BKK_Sukhumvit,Pineapple,108,5292.0,1054.08,648,540.0,1587.6,1462.3200000000002,1.0,15.76,False,1446.5600000000002,2026-02,5
2026-02-14,BKK_Sukhumvit,Watermelon,169,7605.0,1345.24,1014,845.0,2281.5,2119.2599999999998,10.0,139.6,False,1979.6599999999999,2026-02,5
2026-02-14,Pattaya_Beach,Guava,88,4312.0,760.32,528,484.0,1293.6,1246.08,5.0,73.2,False,1172.8799999999999,2026-02,5
2026-02-14,Pattaya_Beach,PassionFruit,70,4550.0,1316.0,420,420.0,1092.0,1302.0,3.0,74.4,False,1227.6,2026-02,5
2026-02-14,Pattaya_Beach,Pineapple,136,6664.0,1327.36,816,680.0,1599.36,2241.28,2.0,31.52,False,2209.76,2026-02,5
2026-02-14,Pattaya_Beach,Watermelon,237,10665.0,1886.52,1422,1185.0,3199.5,2971.98,12.0,167.52,False,2804.46,2026-02,5
2026-02-14,Pattaya_Central,Guava,111,5439.0,959.0400000000001,666,610.5,1631.6999999999998,1571.76,6.0,87.84,False,1483.92,2026-02,5
2026-02-14,Pattaya_Central,PassionFruit,85,5525.0,1598.0,510,510.0,1326.0,1581.0,9.0,223.2,False,1357.8,2026-02,5
2026-02-14,Pattaya_Central,Pineapple,182,8918.0,1776.32,1092,910.0,2140.3199999999997,2999.36,6.0,94.56,False,2904.8,2026-02,5
2026-02-14,Pattaya_Central,Watermelon,260,11700.0,2069.6,1560,1300.0,3510.0,3260.4,12.0,167.52,False,3092.88,2026-02,5
2026-02-15,BKK_Ladprao,Guava,44,2156.0,380.16,264,242.0,517.44,752.4,5.0,73.2,False,679.1999999999999,2026-02,6
2026-02-15,BKK_Ladprao,PassionFruit,38,2470.0,714.4,228,228.0,741.0,558.6,6.0,148.8,False,409.8,2026-02,6
2026-02-15,BKK_Ladprao,Pineapple,73,3577.0,712.48,438,365.0,858.48,1203.0400000000002,5.0,78.8,False,1124.2400000000002,2026-02,6
2026-02-15,BKK_Ladprao,Watermelon,95,4275.0,756.2,570,475.0,1282.5,1191.3,8.0,111.68,False,1079.62,2026-02,6
2026-02-15,BKK_Sukhumvit,Guava,69,3381.0,596.1600000000001,414,379.5,811.44,1179.9,6.0,87.84,False,1092.0600000000002,2026-02,6
2026-02-15,BKK_Sukhumvit,PassionFruit,53,3445.0,996.4,318,318.0,1033.5,779.1000000000001,5.0,124.0,False,655.1000000000001,2026-02,6
2026-02-15,BKK_Sukhumvit,Pineapple,122,5978.0,1190.72,732,610.0,1793.3999999999999,1651.8800000000003,5.0,78.8,False,1573.0800000000004,2026-02,6
2026-02-15,BKK_Sukhumvit,Watermelon,175,7875.0,1393.0,1050,875.0,2362.5,2194.5,3.0,41.88,False,2152.62,2026-02,6
2026-02-15,Pattaya_Beach,Guava,98,4802.0,846.72,588,539.0,1440.6,1387.68,5.0,73.2,False,1314.48,2026-02,6
2026-02-15,Pattaya_Beach,PassionFruit,80,5200.0,1504.0,480,480.0,1560.0,1176.0,6.0,148.8,False,1027.2,2026-02,6
2026-02-15,Pattaya_Beach,Pineapple,117,5733.0,1141.92,702,585.0,1719.8999999999999,1584.18,7.0,110.32,False,1473.8600000000001,2026-02,6
2026-02-15,Pattaya_Beach,Watermelon,218,9810.0,1735.28,1308,1090.0,2943.0,2733.72,9.0,125.64,False,2608.08,2026-02,6
2026-02-15,Pattaya_Central,Guava,110,5390.0,950.4000000000001,660,605.0,1617.0,1557.6,4.0,58.56,False,1499.04,2026-02,6
2026-02-15,Pattaya_Central,PassionFruit,91,5915.0,1710.8,546,546.0,1419.6,1692.6000000000001,6.0,148.8,False,1543.8000000000002,2026-02,6
2026-02-15,Pattaya_Central,Pineapple,173,8477.0,1688.48,1038,865.0,2034.48,2851.04,6.0,94.56,False,2756.48,2026-02,6
2026-02-15,Pattaya_Central,Watermelon,244,10980.0,1942.24,1464,1220.0,2635.2,3718.5600000000004,12.0,167.52,False,3551.0400000000004,2026-02,6
2026-02-16,BKK_Ladprao,Guava,52,2548.0,432.12000000000006,312,286.0,764.4,753.4799999999998,5.0,71.55,False,681.9299999999998,2026-02,0
2026-02-16,BKK_Ladprao,PassionFruit,31,2015.0,610.6999999999999,186,186.0,604.5,427.79999999999995,4.0,102.8,False,324.99999999999994,2026-02,0
2026-02-16,BKK_Ladprao,Pineapple,62,3038.0,569.16,372,310.0,911.4,875.44,6.0,91.08,False,784.36,2026-02,0
2026-02-16,BKK_Ladprao,Watermelon,93,4185.0,733.77,558,465.0,1004.4,1423.8300000000002,4.0,55.56,False,1368.2700000000002,2026-02,0
2026-02-16,BKK_Sukhumvit,Guava,62,3038.0,515.22,372,341.0,911.4,898.3799999999999,3.0,42.93,False,855.4499999999999,2026-02,0
2026-02-16,BKK_Sukhumvit,PassionFruit,43,2795.0,847.0999999999999,258,258.0,670.8,761.1000000000001,5.0,128.5,False,632.6000000000001,2026-02,0
2026-02-16,BKK_Sukhumvit,Pineapple,112,5488.0,1028.1599999999999,672,560.0,1317.12,1910.7200000000003,6.0,91.08,False,1819.6400000000003,2026-02,0
2026-02-16,BKK_Sukhumvit,Watermelon,155,6975.0,1222.9499999999998,930,775.0,1674.0,2373.05,5.0,69.45,False,2303.6000000000004,2026-02,0
2026-02-16,Pattaya_Beach,Guava,76,3724.0,631.5600000000001,456,418.0,893.76,1324.6799999999998,5.0,71.55,False,1253.1299999999999,2026-02,0
2026-02-16,Pattaya_Beach,PassionFruit,66,4290.0,1300.1999999999998,396,396.0,1287.0,910.8,8.0,205.6,False,705.1999999999999,2026-02,0
2026-02-16,Pattaya_Beach,Pineapple,123,6027.0,1129.1399999999999,738,615.0,1446.48,2098.38,6.0,91.08,False,2007.3000000000002,2026-02,0
2026-02-16,Pattaya_Beach,Watermelon,194,8730.0,1530.6599999999999,1164,970.0,2095.2,2970.1400000000003,6.0,83.34,False,2886.8,2026-02,0
2026-02-16,Pattaya_Central,Guava,85,4165.0,706.35,510,467.5,999.5999999999999,1481.5499999999997,4.0,57.24,False,1424.3099999999997,2026-02,0
2026-02-16,Pattaya_Central,PassionFruit,76,4940.0,1497.1999999999998,456,456.0,1482.0,1048.8,8.0,205.6,False,843.1999999999999,2026-02,0
2026-02-16,Pattaya_Central,Pineapple,141,6909.0,1294.38,846,705.0,2072.7,1990.92,6.0,91.08,False,1899.8400000000001,2026-02,0
2026-02-16,Pattaya_Central,Watermelon,222,9990.0,1751.58,1332,1110.0,2997.0,2799.42,5.0,69.45,False,2729.9700000000003,2026-02,0
2026-02-17,BKK_Ladprao,Guava,52,2548.0,432.12,312,286.0,611.52,906.3599999999999,5.0,71.55,False,834.81,2026-02,1
2026-02-17,BKK_Ladprao,PassionFruit,22,1430.0,433.4,132,132.0,343.2,389.4000000000001,3.0,77.1,False,312.30000000000007,2026-02,1
2026-02-17,BKK_Ladprao,Pineapple,76,3724.0,697.68,456,380.0,893.76,1296.5600000000002,6.0,91.08,False,1205.4800000000002,2026-02,1
2026-02-17,BKK_Ladprao,Watermelon,83,3735.0,654.87,498,415.0,1120.5,1046.63,4.0,55.56,False,991.0700000000002,2026-02,1
2026-02-17,BKK_Sukhumvit,Guava,70,3430.0,581.7,420,385.0,1029.0,1014.2999999999997,3.0,42.93,False,971.3699999999998,2026-02,1
2026-02-17,BKK_Sukhumvit,PassionFruit,60,3900.0,1182.0,360,360.0,936.0,1062.0000000000002,5.0,128.5,False,933.5000000000002,2026-02,1
2026-02-17,BKK_Sukhumvit,Pineapple,104,5096.0,954.72,624,520.0,1528.8,1468.4800000000002,3.0,45.54,False,1422.9400000000003,2026-02,1
2026-02-17,BKK_Sukhumvit,Watermelon,172,7740.0,1357.08,1032,860.0,2322.0,2168.92,5.0,69.45,False,2099.4700000000003,2026-02,1
2026-02-17,Pattaya_Beach,Guava,75,3675.0,623.25,450,412.5,882.0,1307.25,4.0,57.24,False,1250.01,2026-02,1
2026-02-17,Pattaya_Beach,PassionFruit,53,3445.0,1044.1,318,318.0,1033.5,731.4,9.0,231.3,False,500.09999999999997,2026-02,1
2026-02-17,Pattaya_Beach,Pineapple,128,6272.0,1175.04,768,640.0,1505.28,2183.6800000000003,6.0,91.08,False,2092.6000000000004,2026-02,1
2026-02-17,Pattaya_Beach,Watermelon,181,8145.0,1428.09,1086,905.0,2443.5,2282.4100000000003,6.0,83.34,False,2199.07,2026-02,1
2026-02-17,Pattaya_Central,Guava,86,4214.0,714.6600000000001,516,473.0,1264.2,1246.1399999999999,4.0,57.24,False,1188.8999999999999,2026-02,1
2026-02-17,Pattaya_Central,PassionFruit,73,4745.0,1438.1,438,438.0,1138.8,1292.1000000000001,8.0,205.6,False,1086.5000000000002,2026-02,1
2026-02-17,Pattaya_Central,Pineapple,147,7203.0,1349.46,882,735.0,2160.9,2075.6400000000003,4.0,60.72,False,2014.9200000000003,2026-02,1
2026-02-17,Pattaya_Central,Watermelon,194,8730.0,1530.6599999999999,1164,970.0,2619.0,2446.34,7.0,97.23,False,2349.11,2026-02,1
2026-02-18,BKK_Ladprao,Guava,36,1764.0,299.16,216,198.0,423.36,627.4799999999999,4.0,57.24,False,570.2399999999999,2026-02,2
2026-02-18,BKK_Ladprao,PassionFruit,26,1690.0,512.1999999999999,156,156.0,507.0,358.79999999999995,4.0,102.8,False,255.99999999999994,2026-02,2
2026-02-18,BKK_Ladprao,Pineapple,65,3185.0,596.7,390,325.0,955.5,917.8000000000002,4.0,60.72,False,857.0800000000002,2026-02,2
2026-02-18,BKK_Ladprao,Watermelon,87,3915.0,686.43,522,435.0,939.5999999999999,1331.9700000000003,3.0,41.67,False,1290.3000000000002,2026-02,2
2026-02-18,BKK_Sukhumvit,Guava,55,2695.0,457.05,330,302.5,808.5,796.9499999999999,4.0,57.24,False,739.7099999999999,2026-02,2
2026-02-18,BKK_Sukhumvit,PassionFruit,57,3705.0,1122.8999999999999,342,342.0,1111.5,786.5999999999999,5.0,128.5,False,658.0999999999999,2026-02,2
2026-02-18,BKK_Sukhumvit,Pineapple,103,5047.0,945.54,618,515.0,1514.1,1454.3600000000004,4.0,60.72,False,1393.6400000000003,2026-02,2
2026-02-18,BKK_Sukhumvit,Watermelon,179,8055.0,1412.31,1074,895.0,2416.5,2257.19,8.0,111.12,False,2146.07,2026-02,2
2026-02-18,Pattaya_Beach,Guava,65,3185.0,540.15,390,357.5,764.4,1132.9499999999998,5.0,71.55,False,1061.3999999999999,2026-02,2
2026-02-18,Pattaya_Beach,PassionFruit,58,3770.0,1142.6,348,348.0,1131.0,800.4,4.0,102.8,False,697.6,2026-02,2
2026-02-18,Pattaya_Beach,Pineapple,145,7105.0,1331.1,870,725.0,2131.5,2047.4000000000003,5.0,75.9,False,1971.5000000000002,2026-02,2
2026-02-18,Pattaya_Beach,Watermelon,175,7875.0,1380.75,1050,875.0,2362.5,2206.75,8.0,111.12,False,2095.63,2026-02,2
2026-02-18,Pattaya_Central,Guava,97,4753.0,806.07,582,533.5,1425.8999999999999,1405.5299999999997,5.0,71.55,False,1333.9799999999998,2026-02,2
2026-02-18,Pattaya_Central,PassionFruit,65,4225.0,1280.5,390,390.0,1014.0,1150.5000000000002,7.0,179.9,False,970.6000000000003,2026-02,2
2026-02-18,Pattaya_Central,Pineapple,154,7546.0,1413.72,924,770.0,1811.04,2627.2400000000002,9.0,136.62,False,2490.6200000000003,2026-02,2
2026-02-18,Pattaya_Central,Watermelon,207,9315.0,1633.2299999999998,1242,1035.0,2794.5,2610.27,5.0,69.45,False,2540.82,2026-02,2
2026-02-19,BKK_Ladprao,Guava,38,1862.0,315.78,228,209.0,446.88,662.3399999999999,6.0,85.86,False,576.4799999999999,2026-02,3
2026-02-19,BKK_Ladprao,PassionFruit,38,2470.0,748.5999999999999,228,228.0,741.0,524.4,7.0,179.9,False,344.5,2026-02,3
2026-02-19,BKK_Ladprao,Pineapple,65,3185.0,596.7,390,325.0,764.4,1108.9,7.0,106.26,False,1002.6400000000001,2026-02,3
2026-02-19,BKK_Ladprao,Watermelon,92,4140.0,725.88,552,460.0,993.5999999999999,1408.5200000000002,6.0,83.34,False,1325.1800000000003,2026-02,3
2026-02-19,BKK_Sukhumvit,Guava,62,3038.0,515.22,372,341.0,911.4,898.3799999999998,3.0,42.93,False,855.4499999999998,2026-02,3
2026-02-19,BKK_Sukhumvit,PassionFruit,61,3965.0,1201.7,366,366.0,1189.5,841.8,5.0,128.5,False,713.3,2026-02,3
2026-02-19,BKK_Sukhumvit,Pineapple,102,4998.0,936.36,612,510.0,1499.4,1440.2400000000002,3.0,45.54,False,1394.7000000000003,2026-02,3
2026-02-19,BKK_Sukhumvit,Watermelon,160,7200.0,1262.3999999999999,960,800.0,2160.0,2017.6000000000001,6.0,83.34,False,1934.2600000000002,2026-02,3
2026-02-19,Pattaya_Beach,Guava,77,3773.0,639.87,462,423.5,1131.9,1115.7299999999998,5.0,71.55,False,1044.1799999999998,2026-02,3
2026-02-19,Pattaya_Beach,PassionFruit,52,3380.0,1024.3999999999999,312,312.0,811.1999999999999,920.4000000000001,8.0,205.6,False,714.8000000000001,2026-02,3
2026-02-19,Pattaya_Beach,Pineapple,121,5929.0,1110.78,726,605.0,1422.96,2064.26,5.0,75.9,False,1988.3600000000001,2026-02,3
2026-02-19,Pattaya_Beach,Watermelon,173,7785.0,1364.9699999999998,1038,865.0,1868.3999999999999,2648.63,6.0,83.34,False,2565.29,2026-02,3
2026-02-19,Pattaya_Central,Guava,71,3479.0,590.01,426,390.5,1043.7,1028.7899999999997,4.0,57.24,False,971.5499999999997,2026-02,3
2026-02-19,Pattaya_Central,PassionFruit,71,4615.0,1398.6999999999998,426,426.0,1107.6,1256.7000000000003,9.0,231.3,False,1025.4000000000003,2026-02,3
2026-02-19,Pattaya_Central,Pineapple,134,6566.0,1230.12,804,670.0,1575.84,2286.0400000000004,7.0,106.26,False,2179.78,2026-02,3
2026-02-19,Pattaya_Central,Watermelon,199,8955.0,1570.11,1194,995.0,2149.2,3046.6900000000005,9.0,125.01,False,2921.6800000000003,2026-02,3
2026-02-20,BKK_Ladprao,Guava,40,1960.0,332.40000000000003,240,220.0,588.0,579.5999999999999,6.0,85.86,False,493.7399999999999,2026-02,4
2026-02-20,BKK_Ladprao,PassionFruit,31,2015.0,610.6999999999999,186,186.0,483.59999999999997,548.7000000000002,3.0,77.1,False,471.60000000000014,2026-02,4
2026-02-20,BKK_Ladprao,Pineapple,54,2646.0,495.71999999999997,324,270.0,635.04,921.2400000000001,4.0,60.72,False,860.5200000000001,2026-02,4
2026-02-20,BKK_Ladprao,Watermelon,103,4635.0,812.67,618,515.0,1390.5,1298.83,5.0,69.45,False,1229.3799999999999,2026-02,4
2026-02-20,BKK_Sukhumvit,Guava,68,3332.0,565.08,408,374.0,999.6,985.3199999999998,7.0,100.17,False,885.1499999999999,2026-02,4
2026-02-20,BKK_Sukhumvit,PassionFruit,75,4875.0,1477.5,450,450.0,1170.0,1327.5000000000002,7.0,179.9,False,1147.6000000000001,2026-02,4
2026-02-20,BKK_Sukhumvit,Pineapple,117,5733.0,1074.06,702,585.0,1719.8999999999999,1652.0400000000002,7.0,106.26,False,1545.7800000000002,2026-02,4
2026-02-20,BKK_Sukhumvit,Watermelon,175,7875.0,1380.75,1050,875.0,2362.5,2206.75,3.0,41.67,False,2165.08,2026-02,4
2026-02-20,Pattaya_Beach,Guava,67,3283.0,556.77,402,368.5,787.92,1167.81,2.0,28.62,False,1139.19,2026-02,4
2026-02-20,Pattaya_Beach,PassionFruit,66,4290.0,1300.1999999999998,396,396.0,1029.6,1168.2000000000003,3.0,77.1,False,1091.1000000000004,2026-02,4
2026-02-20,Pattaya_Beach,Pineapple,134,6566.0,1230.12,804,670.0,1969.8,1892.0800000000004,8.0,121.44,False,1770.6400000000003,2026-02,4
2026-02-20,Pattaya_Beach,Watermelon,184,8280.0,1451.76,1104,920.0,1987.2,2817.0400000000004,6.0,83.34,False,2733.7000000000003,2026-02,4
2026-02-20,Pattaya_Central,Guava,77,3773.0,639.87,462,423.5,905.52,1342.11,4.0,57.24,False,1284.87,2026-02,4
2026-02-20,Pattaya_Central,PassionFruit,71,4615.0,1398.6999999999998,426,426.0,1107.6,1256.7000000000003,9.0,231.3,False,1025.4000000000003,2026-02,4
2026-02-20,Pattaya_Central,Pineapple,162,7938.0,1487.1599999999999,972,810.0,2381.4,2287.44,5.0,75.9,False,2211.54,2026-02,4
2026-02-20,Pattaya_Central,Watermelon,211,9495.0,1664.79,1266,1055.0,2278.8,3230.4100000000003,5.0,69.45,False,3160.9600000000005,2026-02,4
2026-02-21,BKK_Ladprao,Guava,46,2254.0,382.26,276,253.0,540.96,801.78,3.0,42.93,False,758.85,2026-02,5
2026-02-21,BKK_Ladprao,PassionFruit,33,2145.0,650.1,198,198.0,514.8,584.1000000000001,3.0,77.1,False,507.0000000000001,2026-02,5
2026-02-21,BKK_Ladprao,Pineapple,76,3724.0,697.68,456,380.0,893.76,1296.5600000000002,8.0,121.44,False,1175.1200000000001,2026-02,5
2026-02-21,BKK_Ladprao,Watermelon,100,4500.0,789.0,600,500.0,1350.0,1261.0,3.0,41.67,False,1219.33,2026-02,5
2026-02-21,BKK_Sukhumvit,Guava,70,3430.0,581.7,420,385.0,1029.0,1014.2999999999998,5.0,71.55,False,942.7499999999999,2026-02,5
2026-02-21,BKK_Sukhumvit,PassionFruit,62,4030.0,1221.4,372,372.0,1209.0,855.6,4.0,102.8,False,752.8000000000001,2026-02,5
2026-02-21,BKK_Sukhumvit,Pineapple,125,6125.0,1147.5,750,625.0,1837.5,1765.0000000000002,6.0,91.08,False,1673.9200000000003,2026-02,5
2026-02-21,BKK_Sukhumvit,Watermelon,162,7290.0,1278.1799999999998,972,810.0,1749.6,2480.2200000000003,6.0,83.34,False,2396.88,2026-02,5
2026-02-21,Pattaya_Beach,Guava,110,5390.0,914.1,660,605.0,1293.6,1917.2999999999997,4.0,57.24,False,1860.0599999999997,2026-02,5
2026-02-21,Pattaya_Beach,PassionFruit,62,4030.0,1221.3999999999999,372,372.0,1209.0,855.5999999999999,4.0,102.8,False,752.8,2026-02,5
2026-02-21,Pattaya_Beach,Pineapple,151,7399.0,1386.1799999999998,906,755.0,1775.76,2576.0600000000004,7.0,106.26,False,2469.8,2026-02,5
2026-02-21,Pattaya_Beach,Watermelon,200,9000.0,1578.0,1200,1000.0,2700.0,2522.0,6.0,83.34,False,2438.66,2026-02,5
2026-02-21,Pattaya_Central,Guava,110,5390.0,914.1,660,605.0,1293.6,1917.3,8.0,114.48,False,1802.82,2026-02,5
2026-02-21,Pattaya_Central,PassionFruit,85,5525.0,1674.5,510,510.0,1657.5,1173.0,9.0,231.3,False,941.7,2026-02,5
2026-02-21,Pattaya_Central,Pineapple,175,8575.0,1606.5,1050,875.0,2572.5,2471.0,8.0,121.44,False,2349.56,2026-02,5
2026-02-21,Pattaya_Central,Watermelon,230,10350.0,1814.6999999999998,1380,1150.0,3105.0,2900.3,6.0,83.34,False,2816.96,2026-02,5
2026-02-22,BKK_Ladprao,Guava,31,1519.0,257.61,186,170.5,455.7,449.18999999999994,1.0,14.31,False,434.87999999999994,2026-02,6
2026-02-22,BKK_Ladprao,PassionFruit,32,2080.0,630.4,192,192.0,624.0,441.5999999999999,5.0,128.5,False,313.0999999999999,2026-02,6
2026-02-22,BKK_Ladprao,Pineapple,75,3675.0,688.5,450,375.0,1102.5,1059.0000000000002,7.0,106.26,False,952.7400000000002,2026-02,6
2026-02-22,BKK_Ladprao,Watermelon,147,5622.75,1159.83,882,735.0,1686.825,1159.095,9.0,125.01,False,1034.085,2026-02,6
2026-02-22,BKK_Sukhumvit,Guava,69,3381.0,573.39,414,379.5,811.44,1202.6699999999998,3.0,42.93,False,1159.7399999999998,2026-02,6
2026-02-22,BKK_Sukhumvit,PassionFruit,54,3510.0,1063.8,324,324.0,842.4,955.8000000000002,7.0,179.9,False,775.9000000000002,2026-02,6
2026-02-22,BKK_Sukhumvit,Pineapple,114,5586.0,1046.52,684,570.0,1675.8,1609.6800000000005,5.0,75.9,False,1533.7800000000004,2026-02,6
2026-02-22,BKK_Sukhumvit,Watermelon,198,7573.5,1562.2199999999998,1188,990.0,1817.6399999999999,2015.64,8.0,111.12,False,1904.52,2026-02,6
2026-02-22,Pattaya_Beach,Guava,83,4067.0,689.73,498,456.5,1220.1,1202.6699999999998,5.0,71.55,False,1131.12,2026-02,6
2026-02-22,Pattaya_Beach,PassionFruit,62,4030.0,1221.3999999999999,372,372.0,1209.0,855.6,7.0,179.9,False,675.7,2026-02,6
2026-02-22,Pattaya_Beach,Pineapple,136,6664.0,1248.48,816,680.0,1999.2,1920.3200000000002,2.0,30.36,False,1889.9600000000003,2026-02,6
2026-02-22,Pattaya_Beach,Watermelon,282,10786.5,2224.98,1692,1410.0,2588.7599999999998,2870.76,8.0,111.12,False,2759.6400000000003,2026-02,6
2026-02-22,Pattaya_Central,Guava,107,5243.0,889.1700000000001,642,588.5,1258.32,1865.0099999999998,8.0,114.48,False,1750.5299999999997,2026-02,6
2026-02-22,Pattaya_Central,PassionFruit,85,5525.0,1674.5,510,510.0,1326.0,1504.5000000000005,4.0,102.8,False,1401.7000000000005,2026-02,6
2026-02-22,Pattaya_Central,Pineapple,161,7889.0,1477.98,966,805.0,2366.7,2273.32,7.0,106.26,False,2167.06,2026-02,6
2026-02-22,Pattaya_Central,Watermelon,335,12813.75,2643.15,2010,1675.0,3844.125,2641.475,4.0,55.56,False,2585.915,2026-02,6
2026-02-23,BKK_Ladprao,Guava,43,2107.0,368.94,258,236.5,505.67999999999995,737.8800000000001,6.0,87.48,False,650.4000000000001,2026-02,0
2026-02-23,BKK_Ladprao,PassionFruit,35,2275.0,690.1999999999999,210,210.0,682.5,482.29999999999995,6.0,154.32,False,327.97999999999996,2026-02,0
2026-02-23,BKK_Ladprao,Pineapple,59,2891.0,613.6,354,295.0,867.3,761.1000000000001,4.0,65.6,False,695.5000000000001,2026-02,0
2026-02-23,BKK_Ladprao,Watermelon,105,4725.0,874.65,630,525.0,1417.5,1277.85,3.0,42.99,False,1234.86,2026-02,0
2026-02-23,BKK_Sukhumvit,Guava,64,3136.0,549.12,384,352.0,752.64,1098.24,4.0,58.32,False,1039.92,2026-02,0
2026-02-23,BKK_Sukhumvit,PassionFruit,52,3380.0,1025.44,312,312.0,1014.0,716.56,6.0,154.32,False,562.24,2026-02,0
2026-02-23,BKK_Sukhumvit,Pineapple,108,5292.0,1123.2,648,540.0,1587.6,1393.2000000000003,6.0,98.4,False,1294.8000000000002,2026-02,0
2026-02-23,BKK_Sukhumvit,Watermelon,203,9135.0,1690.99,1218,1015.0,2740.5,2470.5099999999998,5.0,71.65,False,2398.8599999999997,2026-02,0
2026-02-23,Pattaya_Beach,Guava,73,3577.0,626.34,438,401.5,858.48,1252.68,5.0,72.9,False,1179.78,2026-02,0
2026-02-23,Pattaya_Beach,PassionFruit,59,3835.0,1163.48,354,354.0,1150.5,813.0200000000001,3.0,77.16,False,735.8600000000001,2026-02,0
2026-02-23,Pattaya_Beach,Pineapple,119,5831.0,1237.6000000000001,714,595.0,1749.3,1535.1000000000001,6.0,98.4,False,1436.7,2026-02,0
2026-02-23,Pattaya_Beach,Watermelon,172,7740.0,1432.76,1032,860.0,1857.6,2557.64,8.0,114.64,False,2443.0,2026-02,0
2026-02-23,Pattaya_Central,Guava,75,3675.0,643.5,450,412.5,882.0,1287.0,2.0,29.16,False,1257.84,2026-02,0
2026-02-23,Pattaya_Central,PassionFruit,66,4290.0,1301.52,396,396.0,1287.0,909.48,1.0,25.72,False,883.76,2026-02,0
2026-02-23,Pattaya_Central,Pineapple,136,6664.0,1414.4,816,680.0,1599.36,2154.24,8.0,131.2,False,2023.0399999999997,2026-02,0
2026-02-23,Pattaya_Central,Watermelon,203,9135.0,1690.99,1218,1015.0,2740.5,2470.5099999999998,5.0,71.65,False,2398.8599999999997,2026-02,0
2026-02-24,BKK_Ladprao,Guava,40,1960.0,343.2,240,220.0,588.0,568.8,3.0,43.74,False,525.06,2026-02,1
2026-02-24,BKK_Ladprao,PassionFruit,42,2320.5,828.24,252,252.0,696.15,292.11,4.0,102.88,False,189.23000000000002,2026-02,1
2026-02-24,BKK_Ladprao,Pineapple,72,3528.0,748.8,432,360.0,846.72,1140.48,7.0,114.8,False,1025.68,2026-02,1
2026-02-24,BKK_Ladprao,Watermelon,95,4275.0,791.35,570,475.0,1026.0,1412.65,5.0,71.65,False,1341.0,2026-02,1
2026-02-24,BKK_Sukhumvit,Guava,77,3773.0,660.66,462,423.5,1131.9,1094.94,5.0,72.9,False,1022.0400000000001,2026-02,1
2026-02-24,BKK_Sukhumvit,PassionFruit,67,3701.75,1321.24,402,402.0,1110.5249999999999,465.98500000000007,5.0,128.6,False,337.3850000000001,2026-02,1
2026-02-24,BKK_Sukhumvit,Pineapple,131,6419.0,1362.4,786,655.0,1540.56,2075.04,5.0,82.0,False,1993.04,2026-02,1
2026-02-24,BKK_Sukhumvit,Watermelon,149,6705.0,1241.17,894,745.0,2011.5,1813.33,2.0,28.66,False,1784.6699999999998,2026-02,1
2026-02-24,Pattaya_Beach,Guava,80,3920.0,686.4,480,440.0,1176.0,1137.6,1.0,14.58,False,1123.02,2026-02,1
2026-02-24,Pattaya_Beach,PassionFruit,80,4420.0,1577.6,480,480.0,1326.0,556.4000000000001,9.0,231.48,False,324.9200000000001,2026-02,1
2026-02-24,Pattaya_Beach,Pineapple,117,5733.0,1216.8,702,585.0,1719.8999999999999,1509.3000000000002,4.0,65.6,False,1443.7000000000003,2026-02,1
2026-02-24,Pattaya_Beach,Watermelon,178,8010.0,1482.74,1068,890.0,2403.0,2166.2599999999998,8.0,114.64,False,2051.62,2026-02,1
2026-02-24,Pattaya_Central,Guava,85,4165.0,729.3000000000001,510,467.5,999.6,1458.6000000000001,3.0,43.74,False,1414.8600000000001,2026-02,1
2026-02-24,Pattaya_Central,PassionFruit,108,5967.0,2129.7599999999998,648,648.0,1790.1,751.1400000000002,6.0,154.32,False,596.8200000000002,2026-02,1
2026-02-24,Pattaya_Central,Pineapple,142,6958.0,1476.8,852,710.0,1669.9199999999998,2249.28,6.0,98.4,False,2150.88,2026-02,1
2026-02-24,Pattaya_Central,Watermelon,233,10485.0,1940.89,1398,1165.0,2516.4,3464.71,12.0,171.96,False,3292.75,2026-02,1
2026-02-25,BKK_Ladprao,Guava,46,2254.0,394.68,276,253.0,540.96,789.3600000000001,4.0,58.32,False,731.0400000000001,2026-02,2
2026-02-25,BKK_Ladprao,PassionFruit,28,1820.0,552.16,168,168.0,546.0,385.84000000000003,3.0,77.16,False,308.68000000000006,2026-02,2
2026-02-25,BKK_Ladprao,Pineapple,57,2793.0,592.8000000000001,342,285.0,837.9,735.3000000000001,3.0,49.2,False,686.1,2026-02,2
2026-02-25,BKK_Ladprao,Watermelon,125,5625.0,1041.25,750,625.0,1687.5,1521.25,11.0,157.63,False,1363.62,2026-02,2
2026-02-25,BKK_Sukhumvit,Guava,59,2891.0,506.22,354,324.5,867.3,838.98,2.0,29.16,False,809.82,2026-02,2
2026-02-25,BKK_Sukhumvit,PassionFruit,60,3900.0,1183.1999999999998,360,360.0,1170.0,826.8000000000001,6.0,154.32,False,672.48,2026-02,2
2026-02-25,BKK_Sukhumvit,Pineapple,102,4998.0,1060.8,612,510.0,1499.3999999999999,1315.8,3.0,49.2,False,1266.6,2026-02,2
2026-02-25,BKK_Sukhumvit,Watermelon,157,7065.0,1307.81,942,785.0,1695.6,2334.59,6.0,85.98,False,2248.61,2026-02,2
2026-02-25,Pattaya_Beach,Guava,68,3332.0,583.44,408,374.0,799.68,1166.88,4.0,58.32,False,1108.5600000000002,2026-02,2
2026-02-25,Pattaya_Beach,PassionFruit,53,3445.0,1045.1599999999999,318,318.0,1033.5,730.34,6.0,154.32,False,576.02,2026-02,2
2026-02-25,Pattaya_Beach,Pineapple,120,5880.0,1248.0,720,600.0,1411.1999999999998,1900.8,5.0,82.0,False,1818.8,2026-02,2
2026-02-25,Pattaya_Beach,Watermelon,192,8640.0,1599.3600000000001,1152,960.0,2073.6,2855.04,5.0,71.65,False,2783.39,2026-02,2
2026-02-25,Pattaya_Central,Guava,89,4361.0,763.62,534,489.5,1308.3,1265.58,5.0,72.9,False,1192.6799999999998,2026-02,2
2026-02-25,Pattaya_Central,PassionFruit,77,5005.0,1518.4399999999998,462,462.0,1201.2,1361.3600000000001,7.0,180.04,False,1181.3200000000002,2026-02,2
2026-02-25,Pattaya_Central,Pineapple,151,7399.0,1570.4,906,755.0,1775.76,2391.84,5.0,82.0,False,2309.84,2026-02,2
2026-02-25,Pattaya_Central,Watermelon,197,8865.0,1641.01,1182,985.0,2659.5,2397.49,5.0,71.65,False,2325.8399999999997,2026-02,2
2026-02-26,BKK_Ladprao,Guava,37,1813.0,317.46000000000004,222,203.5,543.9,526.14,4.0,58.32,False,467.82,2026-02,3
2026-02-26,BKK_Ladprao,PassionFruit,35,2275.0,690.1999999999999,210,210.0,546.0,618.8000000000001,3.0,77.16,False,541.6400000000001,2026-02,3
2026-02-26,BKK_Ladprao,Pineapple,67,3283.0,696.8000000000001,402,335.0,984.9,864.3,6.0,98.4,False,765.9,2026-02,3
2026-02-26,BKK_Ladprao,Watermelon,102,4590.0,849.6600000000001,612,510.0,1377.0,1241.34,6.0,85.98,False,1155.36,2026-02,3
2026-02-26,BKK_Sukhumvit,Guava,75,3675.0,643.5,450,412.5,1102.5,1066.5,3.0,43.74,False,1022.76,2026-02,3
2026-02-26,BKK_Sukhumvit,PassionFruit,54,3510.0,1064.8799999999999,324,324.0,842.4,954.7200000000001,5.0,128.6,False,826.1200000000001,2026-02,3
2026-02-26,BKK_Sukhumvit,Pineapple,100,4900.0,1040.0,600,500.0,1470.0,1290.0,5.0,82.0,False,1208.0,2026-02,3
2026-02-26,BKK_Sukhumvit,Watermelon,168,7560.0,1399.44,1008,840.0,1814.3999999999999,2498.1600000000003,4.0,57.32,False,2440.84,2026-02,3
2026-02-26,Pattaya_Beach,Guava,91,4459.0,780.78,546,500.5,1337.7,1294.02,7.0,102.06,False,1191.96,2026-02,3
2026-02-26,Pattaya_Beach,PassionFruit,63,4095.0,1242.36,378,378.0,982.8,1113.8400000000001,4.0,102.88,False,1010.9600000000002,2026-02,3
2026-02-26,Pattaya_Beach,Pineapple,130,6370.0,1352.0,780,650.0,1528.8,2059.2,4.0,65.6,False,1993.6,2026-02,3
2026-02-26,Pattaya_Beach,Watermelon,165,7425.0,1374.45,990,825.0,2227.5,2008.05,6.0,85.98,False,1922.07,2026-02,3
2026-02-26,Pattaya_Central,Guava,96,4704.0,823.6800000000001,576,528.0,1411.2,1365.12,7.0,102.06,False,1263.06,2026-02,3
2026-02-26,Pattaya_Central,PassionFruit,68,4420.0,1340.96,408,408.0,1326.0,937.0400000000002,8.0,205.76,False,731.2800000000002,2026-02,3
2026-02-26,Pattaya_Central,Pineapple,158,7742.0,1643.2,948,790.0,2322.6,2038.2000000000003,10.0,164.0,False,1874.2000000000003,2026-02,3
2026-02-26,Pattaya_Central,Watermelon,220,9900.0,1832.6000000000001,1320,1100.0,2970.0,2677.4,5.0,71.65,False,2605.75,2026-02,3
2026-02-27,BKK_Ladprao,Guava,34,1666.0,291.72,204,187.0,499.8,483.47999999999996,3.0,43.74,False,439.73999999999995,2026-02,4
2026-02-27,BKK_Ladprao,PassionFruit,33,2145.0,650.76,198,198.0,514.8,583.44,4.0,102.88,False,480.56000000000006,2026-02,4
2026-02-27,BKK_Ladprao,Pineapple,63,3087.0,655.2,378,315.0,926.1,812.7,4.0,65.6,False,747.1,2026-02,4
2026-02-27,BKK_Ladprao,Watermelon,105,4725.0,874.65,630,525.0,1417.5,1277.85,5.0,71.65,False,1206.1999999999998,2026-02,4
2026-02-27,BKK_Sukhumvit,Guava,96,4704.0,823.6800000000001,576,528.0,1128.96,1647.3600000000001,3.0,43.74,False,1603.6200000000001,2026-02,4
2026-02-27,BKK_Sukhumvit,PassionFruit,56,3640.0,1104.32,336,336.0,1092.0,771.6800000000001,6.0,154.32,False,617.3600000000001,2026-02,4
2026-02-27,BKK_Sukhumvit,Pineapple,102,4998.0,1060.8,612,510.0,1499.3999999999999,1315.8000000000002,3.0,49.2,False,1266.6000000000001,2026-02,4
2026-02-27,BKK_Sukhumvit,Watermelon,177,7965.0,1474.41,1062,885.0,2389.5,2154.09,8.0,114.64,False,2039.45,2026-02,4
2026-02-27,Pattaya_Beach,Guava,78,3822.0,669.24,468,429.0,917.28,1338.48,5.0,72.9,False,1265.58,2026-02,4
2026-02-27,Pattaya_Beach,PassionFruit,65,4225.0,1281.8,390,390.0,1014.0,1149.2000000000003,7.0,180.04,False,969.1600000000003,2026-02,4
2026-02-27,Pattaya_Beach,Pineapple,128,6272.0,1331.2,768,640.0,1505.28,2027.52,8.0,131.2,False,1896.32,2026-02,4
2026-02-27,Pattaya_Beach,Watermelon,192,8640.0,1599.3600000000001,1152,960.0,2592.0,2336.64,2.0,28.66,False,2307.98,2026-02,4
2026-02-27,Pattaya_Central,Guava,79,3871.0,677.82,474,434.5,929.04,1355.64,4.0,58.32,False,1297.3200000000002,2026-02,4
2026-02-27,Pattaya_Central,PassionFruit,79,5135.0,1557.8799999999999,474,474.0,1540.5,1088.62,5.0,128.6,False,960.0199999999999,2026-02,4
2026-02-27,Pattaya_Central,Pineapple,141,6909.0,1466.4,846,705.0,1658.1599999999999,2233.44,6.0,98.4,False,2135.04,2026-02,4
2026-02-27,Pattaya_Central,Watermelon,206,9270.0,1715.98,1236,1030.0,2781.0,2507.02,9.0,128.97,False,2378.05,2026-02,4
2026-02-28,BKK_Ladprao,Guava,40,1960.0,343.2,240,220.0,470.4,686.4000000000001,2.0,29.16,False,657.2400000000001,2026-02,5
2026-02-28,BKK_Ladprao,PassionFruit,36,2340.0,709.92,216,216.0,561.6,636.48,4.0,102.88,False,533.6,2026-02,5
2026-02-28,BKK_Ladprao,Pineapple,78,3822.0,811.2,468,390.0,917.28,1235.52,5.0,82.0,False,1153.52,2026-02,5
2026-02-28,BKK_Ladprao,Watermelon,91,4095.0,758.03,546,455.0,982.8,1353.17,3.0,42.99,False,1310.18,2026-02,5
2026-02-28,BKK_Sukhumvit,Guava,64,3136.0,549.12,384,352.0,752.64,1098.24,2.0,29.16,False,1069.08,2026-02,5
2026-02-28,BKK_Sukhumvit,PassionFruit,50,3250.0,986.0,300,300.0,780.0,884.0000000000001,6.0,154.32,False,729.6800000000001,2026-02,5
2026-02-28,BKK_Sukhumvit,Pineapple,117,5733.0,1216.8,702,585.0,1719.8999999999999,1509.3000000000002,3.0,49.2,False,1460.1000000000001,2026-02,5
2026-02-28,BKK_Sukhumvit,Watermelon,172,7740.0,1432.76,1032,860.0,1857.6,2557.64,7.0,100.31,False,2457.33,2026-02,5
2026-02-28,Pattaya_Beach,Guava,82,4018.0,703.5600000000001,492,451.0,964.3199999999999,1407.12,4.0,58.32,False,1348.8,2026-02,5
2026-02-28,Pattaya_Beach,PassionFruit,75,4875.0,1479.0,450,450.0,1462.5,1033.5,6.0,154.32,False,879.1800000000001,2026-02,5
2026-02-28,Pattaya_Beach,Pineapple,138,6762.0,1435.2,828,690.0,1622.8799999999999,2185.92,6.0,98.4,False,2087.52,2026-02,5
2026-02-28,Pattaya_Beach,Watermelon,206,9270.0,1715.98,1236,1030.0,2781.0,2507.02,7.0,100.31,False,2406.71,2026-02,5
2026-02-28,Pattaya_Central,Guava,112,5488.0,960.96,672,616.0,1646.3999999999999,1592.6399999999999,10.0,145.8,False,1446.84,2026-02,5
2026-02-28,Pattaya_Central,PassionFruit,100,6500.0,1972.0,600,600.0,1950.0,1378.0,7.0,180.04,False,1197.96,2026-02,5
2026-02-28,Pattaya_Central,Pineapple,164,8036.0,1705.6000000000001,984,820.0,1928.6399999999999,2597.7599999999998,5.0,82.0,False,2515.7599999999998,2026-02,5
2026-02-28,Pattaya_Central,Watermelon,227,10215.0,1890.91,1362,1135.0,2451.6,3375.49,9.0,128.97,False,3246.52,2026-02,5
2026-03-01,BKK_Ladprao,Guava,56,2744.0,480.48,336,308.0,823.2,796.3199999999999,5.0,72.9,False,723.42,2026-03,6
2026-03-01,BKK_Ladprao,MixedBerryPremium,49,4361.0,1650.81,392,343.0,1308.3,666.8900000000001,27.0,1125.6299999999999,True,-458.7399999999998,2026-03,6
2026-03-01,BKK_Ladprao,PassionFruit,36,2340.0,709.92,216,216.0,561.6,636.48,5.0,128.6,False,507.88,2026-03,6
2026-03-01,BKK_Ladprao,Pineapple,86,4214.0,894.4000000000001,516,430.0,1264.2,1109.4,7.0,114.8,False,994.6000000000001,2026-03,6
2026-03-01,BKK_Ladprao,Watermelon,116,5220.0,966.28,696,580.0,1252.8,1724.92,6.0,85.98,False,1638.94,2026-03,6
2026-03-01,BKK_Sukhumvit,Guava,89,4361.0,763.62,534,489.5,1046.64,1527.24,2.0,29.16,False,1498.08,2026-03,6
2026-03-01,BKK_Sukhumvit,MixedBerryPremium,62,5518.0,2088.7799999999997,496,434.0,1655.3999999999999,843.82,5.0,208.45,True,635.3700000000001,2026-03,6
2026-03-01,BKK_Sukhumvit,PassionFruit,57,3705.0,1124.04,342,342.0,1111.5,785.46,5.0,128.6,False,656.86,2026-03,6
2026-03-01,BKK_Sukhumvit,Pineapple,120,5880.0,1248.0,720,600.0,1764.0,1548.0,4.0,65.6,False,1482.4,2026-03,6
2026-03-01,BKK_Sukhumvit,Watermelon,197,8865.0,1641.01,1182,985.0,2127.6,2929.39,7.0,100.31,False,2829.08,2026-03,6
2026-03-01,Pattaya_Beach,Guava,103,5047.0,883.74,618,566.5,1514.1,1464.6599999999999,5.0,72.9,False,1391.7599999999998,2026-03,6
2026-03-01,Pattaya_Beach,MixedBerryPremium,100,8900.0,3369.0,800,700.0,2670.0,1361.0000000000002,28.0,1167.32,True,193.6800000000003,2026-03,6
2026-03-01,Pattaya_Beach,PassionFruit,72,4680.0,1419.84,432,432.0,1404.0,992.16,9.0,231.48,False,760.68,2026-03,6
2026-03-01,Pattaya_Beach,Pineapple,179,8771.0,1861.6000000000001,1074,895.0,2105.04,2835.36,6.0,98.4,False,2736.96,2026-03,6
2026-03-01,Pattaya_Beach,Watermelon,247,11115.0,2057.51,1482,1235.0,2667.6,3672.89,7.0,100.31,False,3572.58,2026-03,6
2026-03-01,Pattaya_Central,Guava,129,6321.0,1106.82,774,709.5,1517.04,2213.64,3.0,43.74,False,2169.9,2026-03,6
2026-03-01,Pattaya_Central,MixedBerryPremium,111,9879.0,3739.5899999999997,888,777.0,2370.96,2103.4500000000003,36.0,1500.84,True,602.6100000000004,2026-03,6
2026-03-01,Pattaya_Central,PassionFruit,97,6305.0,1912.84,582,582.0,1891.5,1336.66,9.0,231.48,False,1105.18,2026-03,6
2026-03-01,Pattaya_Central,Pineapple,175,8575.0,1820.0,1050,875.0,2058.0,2772.0,7.0,114.8,False,2657.2,2026-03,6
2026-03-01,Pattaya_Central,Watermelon,307,13815.0,2557.31,1842,1535.0,3315.6,4565.09,12.0,171.96,False,4393.13,2026-03,6
2026-03-02,BKK_Ladprao,Guava,44,2156.0,392.03999999999996,264,242.0,517.44,740.52,5.0,74.55,False,665.97,2026-03,0
2026-03-02,BKK_Ladprao,MixedBerryPremium,48,4272.0,1617.12,384,336.0,1281.6,653.2800000000001,12.0,500.28,False,153.0000000000001,2026-03,0
2026-03-02,BKK_Ladprao,PassionFruit,45,2925.0,802.8,270,270.0,877.5,704.6999999999999,8.0,190.72,False,513.9799999999999,2026-03,0
2026-03-02,BKK_Ladprao,Pineapple,77,3773.0,803.11,462,385.0,905.52,1217.3700000000001,6.0,98.58,False,1118.7900000000002,2026-03,0
2026-03-02,BKK_Ladprao,Watermelon,118,5310.0,873.2,708,590.0,1274.4,1864.4,6.0,80.4,False,1784.0,2026-03,0
2026-03-02,BKK_Sukhumvit,Guava,56,2744.0,498.96,336,308.0,823.1999999999999,777.8399999999999,4.0,59.64,False,718.1999999999999,2026-03,0
2026-03-02,BKK_Sukhumvit,MixedBerryPremium,71,6319.0,2391.99,568,497.0,1516.56,1345.4500000000003,18.0,750.42,False,595.0300000000003,2026-03,0
2026-03-02,BKK_Sukhumvit,PassionFruit,70,4550.0,1248.8,420,420.0,1365.0,1096.2,5.0,119.2,False,977.0,2026-03,0
2026-03-02,BKK_Sukhumvit,Pineapple,131,6419.0,1366.33,786,655.0,1540.56,2071.11,7.0,115.01,False,1956.1000000000001,2026-03,0
2026-03-02,BKK_Sukhumvit,Watermelon,195,8775.0,1443.0,1170,975.0,2632.5,2554.5,6.0,80.4,False,2474.1,2026-03,0
2026-03-02,Pattaya_Beach,Guava,82,4018.0,730.62,492,451.0,1205.3999999999999,1138.98,5.0,74.55,False,1064.43,2026-03,0
2026-03-02,Pattaya_Beach,MixedBerryPremium,71,6319.0,2391.99,568,497.0,1895.6999999999998,966.3100000000001,18.0,750.42,False,215.8900000000001,2026-03,0
2026-03-02,Pattaya_Beach,PassionFruit,74,4810.0,1320.16,444,444.0,1443.0,1158.84,4.0,95.36,False,1063.48,2026-03,0
2026-03-02,Pattaya_Beach,Pineapple,130,6370.0,1355.9,780,650.0,1911.0,1673.1000000000004,6.0,98.58,False,1574.5200000000004,2026-03,0
2026-03-02,Pattaya_Beach,Watermelon,195,8775.0,1443.0,1170,975.0,2106.0,3081.0,6.0,80.4,False,3000.6,2026-03,0
2026-03-02,Pattaya_Central,Guava,94,4606.0,837.54,564,517.0,1105.44,1582.02,3.0,44.73,False,1537.29,2026-03,0
2026-03-02,Pattaya_Central,MixedBerryPremium,84,7476.0,2829.96,672,588.0,1794.24,1591.8000000000004,17.0,708.73,False,883.0700000000004,2026-03,0
2026-03-02,Pattaya_Central,PassionFruit,94,6110.0,1676.96,564,564.0,1466.3999999999999,1838.64,4.0,95.36,False,1743.2800000000002,2026-03,0
2026-03-02,Pattaya_Central,Pineapple,149,7301.0,1554.07,894,745.0,2190.3,1917.6300000000003,5.0,82.15,False,1835.4800000000002,2026-03,0
2026-03-02,Pattaya_Central,Watermelon,243,10935.0,1798.2,1458,1215.0,2624.4,3839.4,8.0,107.2,False,3732.2000000000003,2026-03,0
2026-03-03,BKK_Ladprao,Guava,88,3449.6,784.08,528,484.0,827.904,825.6160000000001,5.0,74.55,False,751.0660000000001,2026-03,1
2026-03-03,BKK_Ladprao,MixedBerryPremium,90,6408.0,3032.1,720,630.0,1537.92,487.98000000000036,44.0,1834.36,False,-1346.3799999999997,2026-03,1
2026-03-03,BKK_Ladprao,PassionFruit,74,3848.0,1320.16,444,444.0,1154.4,485.4400000000001,11.0,262.24,False,223.2000000000001,2026-03,1
2026-03-03,BKK_Ladprao,Pineapple,151,5919.2,1574.93,906,755.0,1420.608,1262.662,16.0,262.88,False,999.782,2026-03,1
2026-03-03,BKK_Ladprao,Watermelon,221,7956.0,1635.4,1326,1105.0,2386.7999999999997,1502.8000000000002,6.0,80.4,False,1422.4,2026-03,1
2026-03-03,BKK_Sukhumvit,Guava,147,5762.4,1309.77,882,808.5,1728.7199999999998,1033.41,7.0,104.37,False,929.0400000000001,2026-03,1
2026-03-03,BKK_Sukhumvit,MixedBerryPremium,126,8971.199999999999,4244.94,1008,882.0,2691.3599999999997,144.90000000000052,21.0,875.49,False,-730.5899999999995,2026-03,1
2026-03-03,BKK_Sukhumvit,PassionFruit,139,7228.0,2479.7599999999998,834,834.0,1734.72,1345.5200000000002,17.0,405.28,False,940.2400000000002,2026-03,1
2026-03-03,BKK_Sukhumvit,Pineapple,214,8388.8,2232.02,1284,1070.0,2013.312,1789.4680000000003,7.0,115.01,False,1674.4580000000003,2026-03,1
2026-03-03,BKK_Sukhumvit,Watermelon,303,10908.0,2242.2000000000003,1818,1515.0,3272.4,2060.4,7.0,93.8,False,1966.6000000000001,2026-03,1
2026-03-03,Pattaya_Beach,Guava,131,5135.2,1167.21,786,720.5,1540.56,920.9300000000001,6.0,89.46,False,831.47,2026-03,1
2026-03-03,Pattaya_Beach,MixedBerryPremium,112,7974.4,3773.2799999999997,896,784.0,2392.3199999999997,128.80000000000038,39.0,1625.91,False,-1497.1099999999997,2026-03,1
2026-03-03,Pattaya_Beach,PassionFruit,121,6292.0,2158.64,726,726.0,1510.08,1171.2800000000002,7.0,166.88,False,1004.4000000000002,2026-03,1
2026-03-03,Pattaya_Beach,Pineapple,240,9408.0,2503.2,1440,1200.0,2822.3999999999996,1442.4,14.0,230.02,False,1212.38,2026-03,1
2026-03-03,Pattaya_Beach,Watermelon,403,14508.0,2982.2000000000003,2418,2015.0,3481.9199999999996,3610.88,13.0,174.2,False,3436.6800000000003,2026-03,1
2026-03-03,Pattaya_Central,Guava,159,6232.8,1416.69,954,874.5,1869.84,1117.7700000000002,2.0,29.82,False,1087.9500000000003,2026-03,1
2026-03-03,Pattaya_Central,MixedBerryPremium,143,10181.6,4817.67,1144,1001.0,2443.584,775.3460000000005,53.0,2209.57,False,-1434.2239999999997,2026-03,1
2026-03-03,Pattaya_Central,PassionFruit,153,7956.0,2729.52,918,918.0,2386.8,1003.6800000000001,12.0,286.08,False,717.6000000000001,2026-03,1
2026-03-03,Pattaya_Central,Pineapple,274,10740.8,2857.82,1644,1370.0,2577.792,2291.188,7.0,115.01,False,2176.178,2026-03,1
2026-03-03,Pattaya_Central,Watermelon,436,15696.0,3226.4,2616,2180.0,4708.799999999999,2964.8000000000006,13.0,174.2,False,2790.600000000001,2026-03,1
2026-03-04,BKK_Ladprao,Guava,51,2499.0,454.40999999999997,306,280.5,599.76,858.3299999999999,4.0,59.64,False,798.6899999999999,2026-03,2
2026-03-04,BKK_Ladprao,MixedBerryPremium,29,2581.0,977.01,232,203.0,619.4399999999999,549.5500000000001,15.0,625.35,False,-75.79999999999995,2026-03,2
2026-03-04,BKK_Ladprao,PassionFruit,29,1885.0,517.36,174,174.0,565.5,454.14,3.0,71.52,False,382.62,2026-03,2
2026-03-04,BKK_Ladprao,Pineapple,74,3626.0,771.8199999999999,444,370.0,1087.8,952.3800000000003,4.0,65.72,False,886.6600000000003,2026-03,2
2026-03-04,BKK_Ladprao,Watermelon,118,5310.0,873.2,708,590.0,1274.3999999999999,1864.4,6.0,80.4,False,1784.0,2026-03,2
2026-03-04,BKK_Sukhumvit,Guava,56,2744.0,498.96,336,308.0,658.56,942.4799999999999,3.0,44.73,False,897.7499999999999,2026-03,2
2026-03-04,BKK_Sukhumvit,MixedBerryPremium,64,5696.0,2156.16,512,448.0,1367.04,1212.8000000000004,12.0,500.28,False,712.5200000000004,2026-03,2
2026-03-04,BKK_Sukhumvit,PassionFruit,69,4485.0,1230.96,414,414.0,1076.4,1349.64,3.0,71.52,False,1278.1200000000001,2026-03,2
2026-03-04,BKK_Sukhumvit,Pineapple,128,6272.0,1335.04,768,640.0,1505.28,2023.6800000000003,4.0,65.72,False,1957.9600000000003,2026-03,2
2026-03-04,BKK_Sukhumvit,Watermelon,189,8505.0,1398.6000000000001,1134,945.0,2041.2,2986.2000000000003,6.0,80.4,False,2905.8,2026-03,2
2026-03-04,Pattaya_Beach,Guava,89,4361.0,792.99,534,489.5,1308.3,1236.2099999999998,4.0,59.64,False,1176.5699999999997,2026-03,2
2026-03-04,Pattaya_Beach,MixedBerryPremium,74,6586.0,2493.06,592,518.0,1580.6399999999999,1402.3000000000002,17.0,708.73,False,693.5700000000002,2026-03,2
2026-03-04,Pattaya_Beach,PassionFruit,70,4550.0,1248.8,420,420.0,1092.0,1369.2000000000003,7.0,166.88,False,1202.3200000000002,2026-03,2
2026-03-04,Pattaya_Beach,Pineapple,124,6076.0,1293.32,744,620.0,1458.24,1960.4400000000003,6.0,98.58,False,1861.8600000000004,2026-03,2
2026-03-04,Pattaya_Beach,Watermelon,188,8460.0,1391.2,1128,940.0,2538.0,2462.7999999999997,8.0,107.2,False,2355.6,2026-03,2
2026-03-04,Pattaya_Central,Guava,100,4900.0,891.0,600,550.0,1176.0,1683.0,8.0,119.28,False,1563.72,2026-03,2
2026-03-04,Pattaya_Central,MixedBerryPremium,87,7743.0,2931.0299999999997,696,609.0,1858.32,1648.6500000000003,25.0,1042.25,False,606.4000000000003,2026-03,2
2026-03-04,Pattaya_Central,PassionFruit,80,5200.0,1427.2,480,480.0,1248.0,1564.8000000000002,4.0,95.36,False,1469.4400000000003,2026-03,2
2026-03-04,Pattaya_Central,Pineapple,161,7889.0,1679.23,966,805.0,2366.7,2072.0700000000006,7.0,115.01,False,1957.0600000000006,2026-03,2
2026-03-04,Pattaya_Central,Watermelon,230,10350.0,1702.0,1380,1150.0,2484.0,3634.0,5.0,67.0,False,3567.0,2026-03,2
2026-03-05,BKK_Ladprao,Guava,50,2450.0,445.5,300,275.0,588.0,841.5,6.0,89.46,False,752.04,2026-03,3
2026-03-05,BKK_Ladprao,MixedBerryPremium,45,4005.0,1516.05,360,315.0,1201.5,612.45,14.0,583.66,False,28.790000000000077,2026-03,3
2026-03-05,BKK_Ladprao,PassionFruit,40,2600.0,713.6,240,240.0,780.0,626.4,6.0,143.04,False,483.36,2026-03,3
2026-03-05,BKK_Ladprao,Pineapple,76,3724.0,792.68,456,380.0,893.76,1201.5600000000002,5.0,82.15,False,1119.41,2026-03,3
2026-03-05,BKK_Ladprao,Watermelon,111,4995.0,821.4000000000001,666,555.0,1198.8,1753.8000000000002,6.0,80.4,False,1673.4,2026-03,3
2026-03-05,BKK_Sukhumvit,Guava,88,4312.0,784.08,528,484.0,1293.6,1222.32,5.0,74.55,False,1147.77,2026-03,3
2026-03-05,BKK_Sukhumvit,MixedBerryPremium,57,5073.0,1920.33,456,399.0,1521.8999999999999,775.77,13.0,541.97,False,233.79999999999995,2026-03,3
2026-03-05,BKK_Sukhumvit,PassionFruit,64,4160.0,1141.76,384,384.0,1248.0,1002.2399999999999,10.0,238.4,False,763.8399999999999,2026-03,3
2026-03-05,BKK_Sukhumvit,Pineapple,127,6223.0,1324.61,762,635.0,1866.8999999999999,1634.4900000000005,3.0,49.29,False,1585.2000000000005,2026-03,3
2026-03-05,BKK_Sukhumvit,Watermelon,191,8595.0,1413.4,1146,955.0,2578.5,2502.1,4.0,53.6,False,2448.5,2026-03,3
2026-03-05,Pattaya_Beach,Guava,80,3920.0,712.8,480,440.0,940.8,1346.3999999999999,1.0,14.91,False,1331.4899999999998,2026-03,3
2026-03-05,Pattaya_Beach,MixedBerryPremium,55,4895.0,1852.9499999999998,440,385.0,1468.5,748.5500000000001,15.0,625.35,False,123.20000000000005,2026-03,3
2026-03-05,Pattaya_Beach,PassionFruit,55,3575.0,981.2,330,330.0,858.0,1075.8000000000002,5.0,119.2,False,956.6000000000001,2026-03,3
2026-03-05,Pattaya_Beach,Pineapple,141,6909.0,1470.6299999999999,846,705.0,1658.1599999999999,2229.21,7.0,115.01,False,2114.2,2026-03,3
2026-03-05,Pattaya_Beach,Watermelon,184,8280.0,1361.6000000000001,1104,920.0,2484.0,2410.4,4.0,53.6,False,2356.8,2026-03,3
2026-03-05,Pattaya_Central,Guava,96,4704.0,855.36,576,528.0,1411.2,1333.4399999999998,7.0,104.37,False,1229.0699999999997,2026-03,3
2026-03-05,Pattaya_Central,MixedBerryPremium,67,5963.0,2257.23,536,469.0,1431.12,1269.6500000000003,10.0,416.9,False,852.7500000000003,2026-03,3
2026-03-05,Pattaya_Central,PassionFruit,72,4680.0,1284.48,432,432.0,1123.2,1408.3200000000002,7.0,166.88,False,1241.44,2026-03,3
2026-03-05,Pattaya_Central,Pineapple,160,7840.0,1668.8,960,800.0,1881.6,2529.6000000000004,9.0,147.87,False,2381.7300000000005,2026-03,3
2026-03-05,Pattaya_Central,Watermelon,253,11385.0,1872.2,1518,1265.0,3415.5,3314.3,7.0,93.8,False,3220.5,2026-03,3
2026-03-06,BKK_Ladprao,Guava,48,2352.0,427.68,288,264.0,705.6,666.7199999999999,3.0,44.73,False,621.9899999999999,2026-03,4
2026-03-06,BKK_Ladprao,MixedBerryPremium,45,4005.0,1516.05,360,315.0,961.1999999999999,852.7500000000002,15.0,625.35,False,227.4000000000002,2026-03,4
2026-03-06,BKK_Ladprao,PassionFruit,35,1933.75,624.4,210,210.0,580.125,309.225,4.0,95.36,False,213.865,2026-03,4
2026-03-06,BKK_Ladprao,Pineapple,59,2891.0,615.37,354,295.0,693.84,932.7900000000002,5.0,82.15,False,850.6400000000002,2026-03,4
2026-03-06,BKK_Ladprao,Watermelon,122,5490.0,902.8000000000001,732,610.0,1647.0,1598.2,7.0,93.8,False,1504.4,2026-03,4
2026-03-06,BKK_Sukhumvit,Guava,70,3430.0,623.7,420,385.0,1029.0,972.3,4.0,59.64,False,912.66,2026-03,4
2026-03-06,BKK_Sukhumvit,MixedBerryPremium,57,5073.0,1920.33,456,399.0,1521.8999999999999,775.7700000000001,12.0,500.28,False,275.4900000000001,2026-03,4
2026-03-06,BKK_Sukhumvit,PassionFruit,82,4530.5,1462.8799999999999,492,492.0,1359.15,724.4699999999999,7.0,166.88,False,557.5899999999999,2026-03,4
2026-03-06,BKK_Sukhumvit,Pineapple,128,6272.0,1335.04,768,640.0,1881.6,1647.3600000000006,8.0,131.44,False,1515.9200000000005,2026-03,4
2026-03-06,BKK_Sukhumvit,Watermelon,190,8550.0,1406.0,1140,950.0,2565.0,2489.0,7.0,93.8,False,2395.2,2026-03,4
2026-03-06,Pattaya_Beach,Guava,78,3822.0,694.98,468,429.0,917.28,1312.74,4.0,59.64,False,1253.1,2026-03,4
2026-03-06,Pattaya_Beach,MixedBerryPremium,65,5785.0,2189.85,520,455.0,1735.5,884.6500000000001,18.0,750.42,False,134.23000000000013,2026-03,4
2026-03-06,Pattaya_Beach,PassionFruit,82,4530.5,1462.8799999999999,492,492.0,1359.15,724.47,8.0,190.72,False,533.75,2026-03,4
2026-03-06,Pattaya_Beach,Pineapple,129,6321.0,1345.47,774,645.0,1896.3,1660.2300000000005,2.0,32.86,False,1627.3700000000006,2026-03,4
2026-03-06,Pattaya_Beach,Watermelon,211,9495.0,1561.4,1266,1055.0,2848.5,2764.1,3.0,40.2,False,2723.9,2026-03,4
2026-03-06,Pattaya_Central,Guava,87,4263.0,775.17,522,478.5,1278.9,1208.4299999999998,7.0,104.37,False,1104.06,2026-03,4
2026-03-06,Pattaya_Central,MixedBerryPremium,83,7387.0,2796.27,664,581.0,1772.8799999999999,1572.8500000000004,16.0,667.04,False,905.8100000000004,2026-03,4
2026-03-06,Pattaya_Central,PassionFruit,92,5083.0,1641.28,552,552.0,1524.8999999999999,812.8200000000002,8.0,190.72,False,622.1000000000001,2026-03,4
2026-03-06,Pattaya_Central,Pineapple,156,7644.0,1627.08,936,780.0,2293.2,2007.7200000000005,6.0,98.58,False,1909.1400000000006,2026-03,4
2026-03-06,Pattaya_Central,Watermelon,227,10215.0,1679.8000000000002,1362,1135.0,2451.6,3586.6000000000004,8.0,107.2,False,3479.4000000000005,2026-03,4
2026-03-07,BKK_Ladprao,Guava,45,2205.0,400.95,270,247.5,529.2,757.3499999999999,5.0,74.55,False,682.8,2026-03,5
2026-03-07,BKK_Ladprao,MixedBerryPremium,40,3560.0,1347.6,320,280.0,854.4,758.0000000000001,8.0,333.52,False,424.48000000000013,2026-03,5
2026-03-07,BKK_Ladprao,PassionFruit,47,3055.0,838.48,282,282.0,733.1999999999999,919.3200000000002,7.0,166.88,False,752.4400000000002,2026-03,5
2026-03-07,BKK_Ladprao,Pineapple,64,3136.0,667.52,384,320.0,940.8,823.6800000000002,3.0,49.29,False,774.3900000000002,2026-03,5
2026-03-07,BKK_Ladprao,Watermelon,112,5040.0,828.8000000000001,672,560.0,1512.0,1467.2,6.0,80.4,False,1386.8,2026-03,5
2026-03-07,BKK_Sukhumvit,Guava,71,3479.0,632.61,426,390.5,1043.7,986.19,5.0,74.55,False,911.6400000000001,2026-03,5
2026-03-07,BKK_Sukhumvit,MixedBerryPremium,67,5963.0,2257.23,536,469.0,1788.8999999999999,911.8700000000001,12.0,500.28,False,411.59000000000015,2026-03,5
2026-03-07,BKK_Sukhumvit,PassionFruit,66,4290.0,1177.44,396,396.0,1287.0,1033.56,6.0,143.04,False,890.52,2026-03,5
2026-03-07,BKK_Sukhumvit,Pineapple,125,6125.0,1303.75,750,625.0,1470.0,1976.2500000000002,5.0,82.15,False,1894.1000000000001,2026-03,5
2026-03-07,BKK_Sukhumvit,Watermelon,215,9675.0,1591.0000000000002,1290,1075.0,2322.0,3397.0,6.0,80.4,False,3316.6,2026-03,5
2026-03-07,Pattaya_Beach,Guava,104,5096.0,926.64,624,572.0,1528.8,1444.56,9.0,134.19,False,1310.37,2026-03,5
2026-03-07,Pattaya_Beach,MixedBerryPremium,78,6942.0,2627.8199999999997,624,546.0,1666.08,1478.1000000000004,22.0,917.18,False,560.9200000000004,2026-03,5
2026-03-07,Pattaya_Beach,PassionFruit,93,6045.0,1659.12,558,558.0,1450.8,1819.0800000000002,14.0,333.76,False,1485.3200000000002,2026-03,5
2026-03-07,Pattaya_Beach,Pineapple,175,8575.0,1825.25,1050,875.0,2572.5,2252.2500000000005,7.0,115.01,False,2137.2400000000002,2026-03,5
2026-03-07,Pattaya_Beach,Watermelon,236,10620.0,1746.4,1416,1180.0,3186.0,3091.6,8.0,107.2,False,2984.4,2026-03,5
2026-03-07,Pattaya_Central,Guava,116,5684.0,1033.56,696,638.0,1364.1599999999999,1952.28,5.0,74.55,False,1877.73,2026-03,5
2026-03-07,Pattaya_Central,MixedBerryPremium,106,9434.0,3571.14,848,742.0,2830.2,1442.66,21.0,875.49,False,567.1700000000001,2026-03,5
2026-03-07,Pattaya_Central,PassionFruit,92,5980.0,1641.28,552,552.0,1794.0,1440.7200000000003,6.0,143.04,False,1297.6800000000003,2026-03,5
2026-03-07,Pattaya_Central,Pineapple,182,8918.0,1898.26,1092,910.0,2140.32,2877.42,7.0,115.01,False,2762.41,2026-03,5
2026-03-07,Pattaya_Central,Watermelon,290,13050.0,2146.0,1740,1450.0,3132.0,4582.0,6.0,80.4,False,4501.6,2026-03,5
2026-03-08,BKK_Ladprao,Guava,55,2695.0,490.05,330,302.5,808.5,763.9499999999999,6.0,89.46,False,674.4899999999999,2026-03,6
2026-03-08,BKK_Ladprao,MixedBerryPremium,42,3738.0,1414.98,336,294.0,1121.3999999999999,571.6200000000001,15.0,625.35,False,-53.729999999999905,2026-03,6
2026-03-08,BKK_Ladprao,PassionFruit,43,2795.0,767.12,258,258.0,838.5,673.38,5.0,119.2,False,554.18,2026-03,6
2026-03-08,BKK_Ladprao,Pineapple,67,3283.0,698.81,402,335.0,787.92,1059.2700000000002,6.0,98.58,False,960.6900000000002,2026-03,6
2026-03-08,BKK_Ladprao,Watermelon,126,5670.0,932.4000000000001,756,630.0,1701.0,1650.6,4.0,53.6,False,1597.0,2026-03,6
2026-03-08,BKK_Sukhumvit,Guava,99,4851.0,882.09,594,544.5,1455.3,1375.11,5.0,74.55,False,1300.56,2026-03,6
2026-03-08,BKK_Sukhumvit,MixedBerryPremium,61,5429.0,2055.0899999999997,488,427.0,1302.96,1155.9500000000003,8.0,333.52,False,822.4300000000003,2026-03,6
2026-03-08,BKK_Sukhumvit,PassionFruit,84,5460.0,1498.56,504,504.0,1310.4,1643.04,6.0,143.04,False,1500.0,2026-03,6
2026-03-08,BKK_Sukhumvit,Pineapple,109,5341.0,1136.87,654,545.0,1281.84,1723.2900000000002,4.0,65.72,False,1657.5700000000002,2026-03,6
2026-03-08,BKK_Sukhumvit,Watermelon,175,7875.0,1295.0,1050,875.0,1890.0,2765.0,4.0,53.6,False,2711.4,2026-03,6
2026-03-08,Pattaya_Beach,Guava,110,5390.0,980.1,660,605.0,1617.0,1527.8999999999999,7.0,104.37,False,1423.5299999999997,2026-03,6
2026-03-08,Pattaya_Beach,MixedBerryPremium,96,8544.0,3234.24,768,672.0,2050.56,1819.2000000000003,19.0,792.11,False,1027.0900000000001,2026-03,6
2026-03-08,Pattaya_Beach,PassionFruit,95,6175.0,1694.8,570,570.0,1482.0,1858.2000000000003,5.0,119.2,False,1739.0000000000002,2026-03,6
2026-03-08,Pattaya_Beach,Pineapple,141,6909.0,1470.6299999999999,846,705.0,2072.7,1814.6700000000003,3.0,49.29,False,1765.3800000000003,2026-03,6
2026-03-08,Pattaya_Beach,Watermelon,248,11160.0,1835.2,1488,1240.0,2678.3999999999996,3918.4,7.0,93.8,False,3824.6,2026-03,6
2026-03-08,Pattaya_Central,Guava,105,5145.0,935.55,630,577.5,1543.5,1458.45,6.0,89.46,False,1368.99,2026-03,6
2026-03-08,Pattaya_Central,MixedBerryPremium,83,7387.0,2796.27,664,581.0,2216.1,1129.63,17.0,708.73,False,420.9000000000001,2026-03,6
2026-03-08,Pattaya_Central,PassionFruit,101,6565.0,1801.84,606,606.0,1575.6,1975.5600000000002,10.0,238.4,False,1737.16,2026-03,6
2026-03-08,Pattaya_Central,Pineapple,186,9114.0,1939.98,1116,930.0,2187.3599999999997,2940.6600000000003,8.0,131.44,False,2809.2200000000003,2026-03,6
2026-03-08,Pattaya_Central,Watermelon,295,13275.0,2183.0,1770,1475.0,3186.0,4661.0,12.0,160.8,False,4500.2,2026-03,6
2026-03-09,BKK_Ladprao,Guava,55,2695.0,465.30000000000007,330,302.5,808.5,788.7,3.0,43.38,False,745.32,2026-03,0
2026-03-09,BKK_Ladprao,MixedBerryPremium,39,3471.0,1347.06,312,273.0,1041.3,497.6400000000001,9.0,382.86,False,114.78000000000009,2026-03,0
2026-03-09,BKK_Ladprao,PassionFruit,33,2145.0,591.69,198,198.0,643.5,513.8100000000001,4.0,95.72,False,418.09000000000003,2026-03,0
2026-03-09,BKK_Ladprao,Pineapple,64,3136.0,634.24,384,320.0,752.64,1045.12,4.0,63.64,False,981.4799999999999,2026-03,0
2026-03-09,BKK_Ladprao,Watermelon,136,6120.0,1018.64,816,680.0,1836.0,1769.3600000000001,7.0,94.43,False,1674.93,2026-03,0
2026-03-09,BKK_Sukhumvit,Guava,84,4116.0,710.6400000000001,504,462.0,1234.8,1204.56,5.0,72.3,False,1132.26,2026-03,0
2026-03-09,BKK_Sukhumvit,MixedBerryPremium,61,5429.0,2106.94,488,427.0,1628.6999999999998,778.3600000000001,11.0,467.94,False,310.42000000000013,2026-03,0
2026-03-09,BKK_Sukhumvit,PassionFruit,64,4160.0,1147.52,384,384.0,998.4,1246.08,5.0,119.65,False,1126.4299999999998,2026-03,0
2026-03-09,BKK_Sukhumvit,Pineapple,132,6468.0,1308.1200000000001,792,660.0,1552.32,2155.56,5.0,79.55,False,2076.0099999999998,2026-03,0
2026-03-09,BKK_Sukhumvit,Watermelon,200,9000.0,1498.0,1200,1000.0,2700.0,2602.0,4.0,53.96,False,2548.04,2026-03,0
2026-03-09,Pattaya_Beach,Guava,79,3871.0,668.34,474,434.5,1161.3,1132.86,4.0,57.84,False,1075.02,2026-03,0
2026-03-09,Pattaya_Beach,MixedBerryPremium,71,6319.0,2452.34,568,497.0,1895.7,905.9600000000002,15.0,638.1,False,267.8600000000001,2026-03,0
2026-03-09,Pattaya_Beach,PassionFruit,74,4810.0,1326.82,444,444.0,1443.0,1152.18,5.0,119.65,False,1032.53,2026-03,0
2026-03-09,Pattaya_Beach,Pineapple,136,6664.0,1347.76,816,680.0,1599.36,2220.88,4.0,63.64,False,2157.2400000000002,2026-03,0
2026-03-09,Pattaya_Beach,Watermelon,208,9360.0,1557.92,1248,1040.0,2808.0,2706.08,9.0,121.41,False,2584.67,2026-03,0
2026-03-09,Pattaya_Central,Guava,90,4410.0,761.4000000000001,540,495.0,1323.0,1290.6000000000001,6.0,86.76,False,1203.8400000000001,2026-03,0
2026-03-09,Pattaya_Central,MixedBerryPremium,78,6942.0,2694.12,624,546.0,2082.6,995.2800000000002,26.0,1106.04,False,-110.75999999999976,2026-03,0
2026-03-09,Pattaya_Central,PassionFruit,81,5265.0,1452.33,486,486.0,1579.5,1261.17,8.0,191.44,False,1069.73,2026-03,0
2026-03-09,Pattaya_Central,Pineapple,160,7840.0,1585.6000000000001,960,800.0,2352.0,2142.3999999999996,8.0,127.28,False,2015.1199999999997,2026-03,0
2026-03-09,Pattaya_Central,Watermelon,240,10800.0,1797.6,1440,1200.0,3240.0,3122.4,9.0,121.41,False,3000.9900000000002,2026-03,0
2026-03-10,BKK_Ladprao,Guava,50,2450.0,423.00000000000006,300,275.0,588.0,864.0,5.0,72.3,False,791.7,2026-03,1
2026-03-10,BKK_Ladprao,MixedBerryPremium,38,3382.0,1312.52,304,266.0,811.68,687.8,29.0,1233.66,False,-545.8600000000001,2026-03,1
2026-03-10,BKK_Ladprao,PassionFruit,33,2145.0,591.69,198,198.0,643.5,513.8100000000001,4.0,95.72,False,418.09000000000003,2026-03,1
2026-03-10,BKK_Ladprao,Pineapple,82,4018.0,812.62,492,410.0,964.3199999999999,1339.06,6.0,95.46,False,1243.6,2026-03,1
2026-03-10,BKK_Ladprao,Watermelon,112,5040.0,838.88,672,560.0,1209.6,1759.52,5.0,67.45,False,1692.07,2026-03,1
2026-03-10,BKK_Sukhumvit,Guava,70,3430.0,592.2,420,385.0,1029.0,1003.8,3.0,43.38,False,960.42,2026-03,1
2026-03-10,BKK_Sukhumvit,MixedBerryPremium,53,4717.0,1830.62,424,371.0,1132.08,959.3,18.0,765.72,False,193.57999999999993,2026-03,1
2026-03-10,BKK_Sukhumvit,PassionFruit,72,4680.0,1290.96,432,432.0,1123.2,1401.8400000000001,8.0,191.44,False,1210.4,2026-03,1
2026-03-10,BKK_Sukhumvit,Pineapple,129,6321.0,1278.39,774,645.0,1896.3,1727.31,6.0,95.46,False,1631.85,2026-03,1
2026-03-10,BKK_Sukhumvit,Watermelon,190,8550.0,1423.1,1140,950.0,2565.0,2471.9,4.0,53.96,False,2417.94,2026-03,1
2026-03-10,Pattaya_Beach,Guava,93,4557.0,786.7800000000001,558,511.5,1093.68,1607.04,6.0,86.76,False,1520.28,2026-03,1
2026-03-10,Pattaya_Beach,MixedBerryPremium,77,6853.0,2659.58,616,539.0,2055.9,982.5200000000002,8.0,340.32,False,642.2000000000003,2026-03,1
2026-03-10,Pattaya_Beach,PassionFruit,65,4225.0,1165.45,390,390.0,1267.5,1012.0500000000001,4.0,95.72,False,916.33,2026-03,1
2026-03-10,Pattaya_Beach,Pineapple,133,6517.0,1318.03,798,665.0,1564.08,2171.89,2.0,31.82,False,2140.0699999999997,2026-03,1
2026-03-10,Pattaya_Beach,Watermelon,199,8955.0,1490.51,1194,995.0,2686.5,2588.99,5.0,67.45,False,2521.54,2026-03,1
2026-03-10,Pattaya_Central,Guava,93,4557.0,786.7800000000001,558,511.5,1367.1,1333.6200000000001,6.0,86.76,False,1246.8600000000001,2026-03,1
2026-03-10,Pattaya_Central,MixedBerryPremium,96,8544.0,3315.84,768,672.0,2050.56,1737.6,21.0,893.34,False,844.2599999999999,2026-03,1
2026-03-10,Pattaya_Central,PassionFruit,88,5720.0,1577.84,528,528.0,1372.8,1713.3600000000004,11.0,263.23,False,1450.1300000000003,2026-03,1
2026-03-10,Pattaya_Central,Pineapple,172,8428.0,1704.52,1032,860.0,2528.4,2303.08,7.0,111.37,False,2191.71,2026-03,1
2026-03-10,Pattaya_Central,Watermelon,261,11745.0,1954.89,1566,1305.0,2818.7999999999997,4100.31,7.0,94.43,False,4005.8800000000006,2026-03,1
2026-03-11,BKK_Ladprao,Guava,49,2401.0,414.54,294,269.5,576.24,846.72,6.0,86.76,False,759.96,2026-03,2
2026-03-11,BKK_Ladprao,MixedBerryPremium,37,3293.0,1277.98,296,259.0,987.9,472.1200000000001,5.0,212.7,False,259.42000000000013,2026-03,2
2026-03-11,BKK_Ladprao,PassionFruit,36,2340.0,645.48,216,216.0,561.6,700.9200000000001,4.0,95.72,False,605.2,2026-03,2
2026-03-11,BKK_Ladprao,Pineapple,69,3381.0,683.79,414,345.0,811.4399999999999,1126.77,5.0,79.55,False,1047.22,2026-03,2
2026-03-11,BKK_Ladprao,Watermelon,123,5535.0,921.27,738,615.0,1328.3999999999999,1932.33,8.0,107.92,False,1824.4099999999999,2026-03,2
2026-03-11,BKK_Sukhumvit,Guava,75,3675.0,634.5000000000001,450,412.5,1102.5,1075.5,3.0,43.38,False,1032.12,2026-03,2
2026-03-11,BKK_Sukhumvit,MixedBerryPremium,69,6141.0,2383.2599999999998,552,483.0,1473.84,1248.8999999999999,15.0,638.1,False,610.7999999999998,2026-03,2
2026-03-11,BKK_Sukhumvit,PassionFruit,65,4225.0,1165.45,390,390.0,1267.5,1012.0500000000001,6.0,143.58,False,868.47,2026-03,2
2026-03-11,BKK_Sukhumvit,Pineapple,120,5880.0,1189.2,720,600.0,1764.0,1606.8,6.0,95.46,False,1511.34,2026-03,2
2026-03-11,BKK_Sukhumvit,Watermelon,213,9585.0,1595.37,1278,1065.0,2875.5,2771.13,10.0,134.9,False,2636.23,2026-03,2
2026-03-11,Pattaya_Beach,Guava,80,3920.0,676.8000000000001,480,440.0,1176.0,1147.2,4.0,57.84,False,1089.3600000000001,2026-03,2
2026-03-11,Pattaya_Beach,MixedBerryPremium,66,5874.0,2279.64,528,462.0,1762.2,842.1600000000002,10.0,425.4,False,416.7600000000002,2026-03,2
2026-03-11,Pattaya_Beach,PassionFruit,77,5005.0,1380.6100000000001,462,462.0,1501.5,1198.89,6.0,143.58,False,1055.3100000000002,2026-03,2
2026-03-11,Pattaya_Beach,Pineapple,155,7595.0,1536.0500000000002,930,775.0,1822.8,2531.1499999999996,4.0,63.64,False,2467.5099999999998,2026-03,2
2026-03-11,Pattaya_Beach,Watermelon,200,9000.0,1498.0,1200,1000.0,2160.0,3142.0,7.0,94.43,False,3047.57,2026-03,2
2026-03-11,Pattaya_Central,Guava,110,5390.0,930.6000000000001,660,605.0,1293.6,1900.8,6.0,86.76,False,1814.04,2026-03,2
2026-03-11,Pattaya_Central,MixedBerryPremium,76,6764.0,2625.04,608,532.0,1623.36,1375.6,18.0,765.72,False,609.8799999999999,2026-03,2
2026-03-11,Pattaya_Central,PassionFruit,66,4290.0,1183.3799999999999,396,396.0,1287.0,1027.6200000000001,3.0,71.79,False,955.8300000000002,2026-03,2
2026-03-11,Pattaya_Central,Pineapple,148,7252.0,1466.68,888,740.0,2175.6,1981.7199999999998,6.0,95.46,False,1886.2599999999998,2026-03,2
2026-03-11,Pattaya_Central,Watermelon,223,10035.0,1670.27,1338,1115.0,2408.4,3503.33,9.0,121.41,False,3381.92,2026-03,2
2026-03-12,BKK_Ladprao,Guava,55,2695.0,465.30000000000007,330,302.5,646.8,950.4,4.0,57.84,False,892.56,2026-03,3
2026-03-12,BKK_Ladprao,MixedBerryPremium,38,3382.0,1312.52,304,266.0,1014.5999999999999,484.8800000000001,22.0,935.88,False,-450.9999999999999,2026-03,3
2026-03-12,BKK_Ladprao,PassionFruit,40,2600.0,717.2,240,240.0,780.0,622.8000000000001,10.0,239.3,False,383.50000000000006,2026-03,3
2026-03-12,BKK_Ladprao,Pineapple,69,3381.0,683.79,414,345.0,811.44,1126.77,3.0,47.73,False,1079.04,2026-03,3
2026-03-12,BKK_Ladprao,Watermelon,107,4815.0,801.43,642,535.0,1155.6,1680.97,8.0,107.92,False,1573.05,2026-03,3
2026-03-12,BKK_Sukhumvit,Guava,77,3773.0,651.4200000000001,462,423.5,1131.8999999999999,1104.18,7.0,101.22,False,1002.96,2026-03,3
2026-03-12,BKK_Sukhumvit,MixedBerryPremium,67,5963.0,2314.18,536,469.0,1788.8999999999999,854.9200000000003,17.0,723.18,False,131.74000000000035,2026-03,3
2026-03-12,BKK_Sukhumvit,PassionFruit,77,5005.0,1380.61,462,462.0,1201.2,1499.1900000000003,7.0,167.51,False,1331.6800000000003,2026-03,3
2026-03-12,BKK_Sukhumvit,Pineapple,110,5390.0,1090.1,660,550.0,1293.6,1796.3,4.0,63.64,False,1732.6599999999999,2026-03,3
2026-03-12,BKK_Sukhumvit,Watermelon,191,8595.0,1430.59,1146,955.0,2062.7999999999997,3000.61,6.0,80.94,False,2919.67,2026-03,3
2026-03-12,Pattaya_Beach,Guava,85,4165.0,719.1,510,467.5,1249.5,1218.9,4.0,57.84,False,1161.0600000000002,2026-03,3
2026-03-12,Pattaya_Beach,MixedBerryPremium,82,7298.0,2832.2799999999997,656,574.0,2189.4,1046.3200000000002,12.0,510.48,False,535.8400000000001,2026-03,3
2026-03-12,Pattaya_Beach,PassionFruit,67,4355.0,1201.31,402,402.0,1306.5,1043.19,5.0,119.65,False,923.5400000000001,2026-03,3
2026-03-12,Pattaya_Beach,Pineapple,137,6713.0,1357.67,822,685.0,2013.8999999999999,1834.4299999999998,6.0,95.46,False,1738.9699999999998,2026-03,3
2026-03-12,Pattaya_Beach,Watermelon,223,10035.0,1670.27,1338,1115.0,2408.4,3503.33,7.0,94.43,False,3408.9,2026-03,3
2026-03-12,Pattaya_Central,Guava,96,4704.0,812.1600000000001,576,528.0,1128.96,1658.8799999999999,3.0,43.38,False,1615.4999999999998,2026-03,3
2026-03-12,Pattaya_Central,MixedBerryPremium,103,9167.0,3557.62,824,721.0,2750.1,1314.2800000000004,4.0,170.16,False,1144.1200000000003,2026-03,3
2026-03-12,Pattaya_Central,PassionFruit,65,4225.0,1165.45,390,390.0,1267.5,1012.05,9.0,215.37,False,796.68,2026-03,3
2026-03-12,Pattaya_Central,Pineapple,172,8428.0,1704.52,1032,860.0,2022.72,2808.7599999999998,6.0,95.46,False,2713.2999999999997,2026-03,3
2026-03-12,Pattaya_Central,Watermelon,269,12105.0,2014.8100000000002,1614,1345.0,3631.5,3499.69,11.0,148.39,False,3351.3,2026-03,3
2026-03-13,BKK_Ladprao,Guava,45,2205.0,380.70000000000005,270,247.5,661.5,645.3000000000001,2.0,28.92,False,616.3800000000001,2026-03,4
2026-03-13,BKK_Ladprao,MixedBerryPremium,37,3293.0,1277.98,296,259.0,987.9,472.1200000000001,7.0,297.78,False,174.34000000000015,2026-03,4
2026-03-13,BKK_Ladprao,PassionFruit,35,2275.0,627.55,210,210.0,682.5,544.95,7.0,167.51,False,377.44000000000005,2026-03,4
2026-03-13,BKK_Ladprao,Pineapple,65,3185.0,644.15,390,325.0,764.4,1061.45,5.0,79.55,False,981.9000000000001,2026-03,4
2026-03-13,BKK_Ladprao,Watermelon,93,4185.0,696.57,558,465.0,1004.4,1461.03,5.0,67.45,False,1393.58,2026-03,4
2026-03-13,BKK_Sukhumvit,Guava,76,3724.0,642.96,456,418.0,893.76,1313.28,3.0,43.38,False,1269.8999999999999,2026-03,4
2026-03-13,BKK_Sukhumvit,MixedBerryPremium,66,5874.0,2279.64,528,462.0,1409.76,1194.6,7.0,297.78,False,896.8199999999999,2026-03,4
2026-03-13,BKK_Sukhumvit,PassionFruit,65,4225.0,1165.45,390,390.0,1014.0,1265.5500000000002,5.0,119.65,False,1145.9,2026-03,4
2026-03-13,BKK_Sukhumvit,Pineapple,145,7105.0,1436.95,870,725.0,1705.1999999999998,2367.85,8.0,127.28,False,2240.5699999999997,2026-03,4
2026-03-13,BKK_Sukhumvit,Watermelon,209,9405.0,1565.41,1254,1045.0,2257.2,3283.3900000000003,11.0,148.39,False,3135.0000000000005,2026-03,4
2026-03-13,Pattaya_Beach,Guava,89,4361.0,752.94,534,489.5,1046.6399999999999,1537.92,5.0,72.3,False,1465.6200000000001,2026-03,4
2026-03-13,Pattaya_Beach,MixedBerryPremium,69,6141.0,2383.2599999999998,552,483.0,1842.3,880.4400000000003,10.0,425.4,False,455.0400000000003,2026-03,4
2026-03-13,Pattaya_Beach,PassionFruit,64,4160.0,1147.52,384,384.0,998.4,1246.0800000000002,5.0,119.65,False,1126.43,2026-03,4
2026-03-13,Pattaya_Beach,Pineapple,124,6076.0,1228.84,744,620.0,1458.24,2024.92,6.0,95.46,False,1929.46,2026-03,4
2026-03-13,Pattaya_Beach,Watermelon,189,8505.0,1415.61,1134,945.0,2551.5,2458.89,4.0,53.96,False,2404.93,2026-03,4
2026-03-13,Pattaya_Central,Guava,99,4851.0,837.5400000000001,594,544.5,1164.24,1710.72,6.0,86.76,False,1623.96,2026-03,4
2026-03-13,Pattaya_Central,MixedBerryPremium,75,6675.0,2590.5,600,525.0,2002.5,957.0000000000002,23.0,978.42,False,-21.41999999999973,2026-03,4
2026-03-13,Pattaya_Central,PassionFruit,85,5525.0,1524.05,510,510.0,1326.0,1654.9500000000003,8.0,191.44,False,1463.5100000000002,2026-03,4
2026-03-13,Pattaya_Central,Pineapple,174,8526.0,1724.3400000000001,1044,870.0,2557.7999999999997,2329.8599999999997,8.0,127.28,False,2202.5799999999995,2026-03,4
2026-03-13,Pattaya_Central,Watermelon,235,10575.0,1760.15,1410,1175.0,3172.5,3057.35,11.0,148.39,False,2908.96,2026-03,4
2026-03-14,BKK_Ladprao,Guava,61,2989.0,516.0600000000001,366,335.5,896.7,874.74,7.0,101.22,False,773.52,2026-03,5
2026-03-14,BKK_Ladprao,MixedBerryPremium,43,3827.0,1485.22,344,301.0,1148.1,548.6800000000002,22.0,935.88,False,-387.1999999999998,2026-03,5
2026-03-14,BKK_Ladprao,PassionFruit,44,2860.0,788.92,264,264.0,858.0,685.08,7.0,167.51,False,517.57,2026-03,5
2026-03-14,BKK_Ladprao,Pineapple,81,3969.0,802.71,486,405.0,952.56,1322.73,6.0,95.46,False,1227.27,2026-03,5
2026-03-14,BKK_Ladprao,Watermelon,121,5445.0,906.2900000000001,726,605.0,1633.5,1574.21,7.0,94.43,False,1479.78,2026-03,5
2026-03-14,BKK_Sukhumvit,Guava,67,3283.0,566.82,402,368.5,984.9,960.78,4.0,57.84,False,902.9399999999999,2026-03,5
2026-03-14,BKK_Sukhumvit,MixedBerryPremium,58,5162.0,2003.32,464,406.0,1548.6,740.0800000000002,14.0,595.56,False,144.5200000000002,2026-03,5
2026-03-14,BKK_Sukhumvit,PassionFruit,65,4225.0,1165.45,390,390.0,1267.5,1012.0500000000001,4.0,95.72,False,916.33,2026-03,5
2026-03-14,BKK_Sukhumvit,Pineapple,137,6713.0,1357.67,822,685.0,1611.12,2237.21,6.0,95.46,False,2141.75,2026-03,5
2026-03-14,BKK_Sukhumvit,Watermelon,183,8235.0,1370.67,1098,915.0,2470.5,2380.83,6.0,80.94,False,2299.89,2026-03,5
2026-03-14,Pattaya_Beach,Guava,116,5684.0,981.3600000000001,696,638.0,1705.2,1663.4399999999998,4.0,57.84,False,1605.6,2026-03,5
2026-03-14,Pattaya_Beach,MixedBerryPremium,87,7743.0,3004.98,696,609.0,2322.9,1110.1200000000003,25.0,1063.5,False,46.620000000000346,2026-03,5
2026-03-14,Pattaya_Beach,PassionFruit,75,4875.0,1344.75,450,450.0,1462.5,1167.75,4.0,95.72,False,1072.03,2026-03,5
2026-03-14,Pattaya_Beach,Pineapple,171,8379.0,1694.61,1026,855.0,2010.96,2792.43,6.0,95.46,False,2696.97,2026-03,5
2026-03-14,Pattaya_Beach,Watermelon,255,11475.0,1909.95,1530,1275.0,3442.5,3317.55,8.0,107.92,False,3209.63,2026-03,5
2026-03-14,Pattaya_Central,Guava,140,6860.0,1184.4,840,770.0,2058.0,2007.6,12.0,173.52,False,1834.08,2026-03,5
2026-03-14,Pattaya_Central,MixedBerryPremium,108,9612.0,3730.32,864,756.0,2306.88,1954.8,7.0,297.78,False,1657.02,2026-03,5
2026-03-14,Pattaya_Central,PassionFruit,99,6435.0,1775.07,594,594.0,1930.5,1541.43,9.0,215.37,False,1326.06,2026-03,5
2026-03-14,Pattaya_Central,Pineapple,192,9408.0,1902.72,1152,960.0,2822.4,2570.8799999999997,12.0,190.92,False,2379.9599999999996,2026-03,5
2026-03-14,Pattaya_Central,Watermelon,296,13320.0,2217.04,1776,1480.0,3996.0,3850.96,15.0,202.35,False,3648.61,2026-03,5
2026-03-15,BKK_Ladprao,Guava,50,2450.0,423.00000000000006,300,275.0,735.0,717.0000000000001,6.0,86.76,False,630.2400000000001,2026-03,6
2026-03-15,BKK_Ladprao,MixedBerryPremium,42,3738.0,1450.68,336,294.0,897.12,760.1999999999999,14.0,595.56,False,164.64,2026-03,6
2026-03-15,BKK_Ladprao,PassionFruit,36,2340.0,645.48,216,216.0,702.0,560.52,8.0,191.44,False,369.08,2026-03,6
2026-03-15,BKK_Ladprao,Pineapple,69,3381.0,683.79,414,345.0,1014.3,923.91,6.0,95.46,False,828.4499999999999,2026-03,6
2026-03-15,BKK_Ladprao,Watermelon,118,5310.0,883.82,708,590.0,1593.0,1535.1799999999998,6.0,80.94,False,1454.2399999999998,2026-03,6
2026-03-15,BKK_Sukhumvit,Guava,78,3822.0,659.8800000000001,468,429.0,1146.6,1118.52,5.0,72.3,False,1046.22,2026-03,6
2026-03-15,BKK_Sukhumvit,MixedBerryPremium,54,4806.0,1865.1599999999999,432,378.0,1441.8,689.0400000000002,10.0,425.4,False,263.6400000000002,2026-03,6
2026-03-15,BKK_Sukhumvit,PassionFruit,64,4160.0,1147.52,384,384.0,998.4,1246.0800000000002,8.0,191.44,False,1054.64,2026-03,6
2026-03-15,BKK_Sukhumvit,Pineapple,133,6517.0,1318.03,798,665.0,1955.1,1780.8699999999997,3.0,47.73,False,1733.1399999999996,2026-03,6
2026-03-15,BKK_Sukhumvit,Watermelon,206,9270.0,1542.94,1236,1030.0,2781.0,2680.06,7.0,94.43,False,2585.63,2026-03,6
2026-03-15,Pattaya_Beach,Guava,98,4802.0,829.08,588,539.0,1440.6,1405.32,6.0,86.76,False,1318.56,2026-03,6
2026-03-15,Pattaya_Beach,MixedBerryPremium,87,7743.0,3004.98,696,609.0,1858.32,1574.6999999999998,30.0,1276.2,False,298.4999999999998,2026-03,6
2026-03-15,Pattaya_Beach,PassionFruit,85,5525.0,1524.05,510,510.0,1657.5,1323.45,8.0,191.44,False,1132.01,2026-03,6
2026-03-15,Pattaya_Beach,Pineapple,163,7987.0,1615.3300000000002,978,815.0,1916.8799999999999,2661.79,9.0,143.19,False,2518.6,2026-03,6
2026-03-15,Pattaya_Beach,Watermelon,254,11430.0,1902.46,1524,1270.0,3429.0,3304.5400000000004,7.0,94.43,False,3210.1100000000006,2026-03,6
2026-03-15,Pattaya_Central,Guava,123,6027.0,1040.5800000000002,738,676.5,1446.48,2125.44,7.0,101.22,False,2024.22,2026-03,6
2026-03-15,Pattaya_Central,MixedBerryPremium,103,9167.0,3557.62,824,721.0,2750.1,1314.2800000000002,32.0,1361.28,False,-46.99999999999977,2026-03,6
2026-03-15,Pattaya_Central,PassionFruit,104,6760.0,1864.72,624,624.0,2028.0,1619.28,12.0,287.16,False,1332.12,2026-03,6
2026-03-15,Pattaya_Central,Pineapple,188,9212.0,1863.08,1128,940.0,2210.88,3070.04,6.0,95.46,False,2974.58,2026-03,6
2026-03-15,Pattaya_Central,Watermelon,271,12195.0,2029.79,1626,1355.0,2926.7999999999997,4257.41,9.0,121.41,False,4136.0,2026-03,6
2026-03-16,BKK_Ladprao,Guava,43,2107.0,407.21000000000004,258,236.5,632.1,573.1899999999999,8.0,123.76,False,449.42999999999995,2026-03,0
2026-03-16,BKK_Ladprao,MixedBerryPremium,40,3560.0,1390.0,320,280.0,854.4,715.6,7.0,299.25,False,416.35,2026-03,0
2026-03-16,BKK_Ladprao,PassionFruit,34,2210.0,647.36,204,204.0,663.0,491.64,5.0,125.2,False,366.44,2026-03,0
2026-03-16,BKK_Ladprao,Pineapple,68,3332.0,728.2800000000001,408,340.0,999.6,856.1200000000001,5.0,83.55,False,772.5700000000002,2026-03,0
2026-03-16,BKK_Ladprao,Watermelon,105,4725.0,731.85,630,525.0,1417.5,1420.65,5.0,64.85,False,1355.8000000000002,2026-03,0
2026-03-16,BKK_Sukhumvit,Guava,75,3675.0,710.2500000000001,450,412.5,882.0,1220.25,3.0,46.41,False,1173.84,2026-03,0
2026-03-16,BKK_Sukhumvit,MixedBerryPremium,65,5785.0,2258.75,520,455.0,1388.3999999999999,1162.8500000000001,18.0,769.5,False,393.35000000000014,2026-03,0
2026-03-16,BKK_Sukhumvit,PassionFruit,67,4355.0,1275.6799999999998,402,402.0,1306.5,968.8200000000002,3.0,75.12,False,893.7000000000002,2026-03,0
2026-03-16,BKK_Sukhumvit,Pineapple,145,7105.0,1552.95,870,725.0,2131.5,1825.5500000000002,6.0,100.26,False,1725.2900000000002,2026-03,0
2026-03-16,BKK_Sukhumvit,Watermelon,183,8235.0,1275.51,1098,915.0,2470.5,2475.99,7.0,90.79,False,2385.2,2026-03,0
2026-03-16,Pattaya_Beach,Guava,70,3430.0,662.9000000000001,420,385.0,1029.0,933.0999999999999,0.0,0.0,,933.0999999999999,2026-03,0
2026-03-16,Pattaya_Beach,MixedBerryPremium,63,5607.0,2189.25,504,441.0,1682.1,790.6500000000001,16.0,684.0,False,106.65000000000009,2026-03,0
2026-03-16,Pattaya_Beach,PassionFruit,71,4615.0,1351.84,426,426.0,1384.5,1026.66,6.0,150.24,False,876.4200000000001,2026-03,0
2026-03-16,Pattaya_Beach,Pineapple,125,6125.0,1338.75,750,625.0,1470.0,1941.25,5.0,83.55,False,1857.7,2026-03,0
2026-03-16,Pattaya_Beach,Watermelon,210,9450.0,1463.7,1260,1050.0,2835.0,2841.3,8.0,103.76,False,2737.54,2026-03,0
2026-03-16,Pattaya_Central,Guava,94,4606.0,890.1800000000001,564,517.0,1105.44,1529.3800000000003,6.0,92.82,False,1436.5600000000004,2026-03,0
2026-03-16,Pattaya_Central,MixedBerryPremium,71,6319.0,2467.25,568,497.0,1895.7,891.05,11.0,470.25,False,420.79999999999995,2026-03,0
2026-03-16,Pattaya_Central,PassionFruit,86,5590.0,1637.4399999999998,516,516.0,1677.0,1243.56,9.0,225.36,False,1018.1999999999999,2026-03,0
2026-03-16,Pattaya_Central,Pineapple,143,7007.0,1531.5300000000002,858,715.0,1681.6799999999998,2220.79,7.0,116.97,False,2103.82,2026-03,0
2026-03-16,Pattaya_Central,Watermelon,265,11925.0,1847.05,1590,1325.0,3577.5,3585.4500000000003,11.0,142.67,False,3442.78,2026-03,0
2026-03-17,BKK_Ladprao,Guava,41,2009.0,388.27000000000004,246,225.5,482.15999999999997,667.0700000000002,6.0,92.82,False,574.2500000000002,2026-03,1
2026-03-17,BKK_Ladprao,MixedBerryPremium,40,3560.0,1390.0,320,280.0,854.4,715.6000000000001,9.0,384.75,False,330.85000000000014,2026-03,1
2026-03-17,BKK_Ladprao,PassionFruit,33,2145.0,628.3199999999999,198,198.0,643.5,477.18,5.0,125.2,False,351.98,2026-03,1
2026-03-17,BKK_Ladprao,Pineapple,86,4214.0,921.0600000000001,516,430.0,1011.36,1335.58,7.0,116.97,False,1218.61,2026-03,1
2026-03-17,BKK_Ladprao,Watermelon,108,4860.0,752.76,648,540.0,1458.0,1461.24,4.0,51.88,False,1409.36,2026-03,1
2026-03-17,BKK_Sukhumvit,Guava,78,3822.0,738.6600000000001,468,429.0,917.28,1269.0600000000002,3.0,46.41,False,1222.65,2026-03,1
2026-03-17,BKK_Sukhumvit,MixedBerryPremium,60,5340.0,2085.0,480,420.0,1602.0,753.0,21.0,897.75,False,-144.75,2026-03,1
2026-03-17,BKK_Sukhumvit,PassionFruit,64,4160.0,1218.56,384,384.0,1248.0,925.44,1.0,25.04,False,900.4000000000001,2026-03,1
2026-03-17,BKK_Sukhumvit,Pineapple,122,5978.0,1306.6200000000001,732,610.0,1434.72,1894.6599999999999,7.0,116.97,False,1777.6899999999998,2026-03,1
2026-03-17,BKK_Sukhumvit,Watermelon,173,7785.0,1205.81,1038,865.0,2335.5,2340.69,1.0,12.97,False,2327.7200000000003,2026-03,1
2026-03-17,Pattaya_Beach,Guava,86,4214.0,814.4200000000001,516,473.0,1264.2,1146.3799999999999,4.0,61.88,False,1084.4999999999998,2026-03,1
2026-03-17,Pattaya_Beach,MixedBerryPremium,72,6408.0,2502.0,576,504.0,1537.9199999999998,1288.0800000000002,28.0,1197.0,False,91.08000000000015,2026-03,1
2026-03-17,Pattaya_Beach,PassionFruit,51,3315.0,971.04,306,306.0,795.6,936.3599999999999,3.0,75.12,False,861.2399999999999,2026-03,1
2026-03-17,Pattaya_Beach,Pineapple,130,6370.0,1392.3000000000002,780,650.0,1528.8,2018.9,7.0,116.97,False,1901.93,2026-03,1
2026-03-17,Pattaya_Beach,Watermelon,207,9315.0,1442.79,1242,1035.0,2794.5,2800.71,5.0,64.85,False,2735.86,2026-03,1
2026-03-17,Pattaya_Central,Guava,95,4655.0,899.6500000000001,570,522.5,1117.1999999999998,1545.65,5.0,77.35,False,1468.3000000000002,2026-03,1
2026-03-17,Pattaya_Central,MixedBerryPremium,79,7031.0,2745.25,632,553.0,1687.4399999999998,1413.3100000000002,11.0,470.25,False,943.0600000000002,2026-03,1
2026-03-17,Pattaya_Central,PassionFruit,80,5200.0,1523.1999999999998,480,480.0,1560.0,1156.8,5.0,125.2,False,1031.6,2026-03,1
2026-03-17,Pattaya_Central,Pineapple,135,6615.0,1445.8500000000001,810,675.0,1587.6,2096.55,7.0,116.97,False,1979.5800000000002,2026-03,1
2026-03-17,Pattaya_Central,Watermelon,241,10845.0,1679.77,1446,1205.0,3253.5,3260.73,8.0,103.76,False,3156.97,2026-03,1
2026-03-18,BKK_Ladprao,Guava,45,2205.0,426.15000000000003,270,247.5,661.5,599.8499999999999,5.0,77.35,False,522.4999999999999,2026-03,2
2026-03-18,BKK_Ladprao,MixedBerryPremium,48,4272.0,1668.0,384,336.0,1281.6,602.4,14.0,598.5,False,3.8999999999999773,2026-03,2
2026-03-18,BKK_Ladprao,PassionFruit,46,2990.0,875.8399999999999,276,276.0,897.0,665.1600000000001,3.0,75.12,False,590.0400000000001,2026-03,2
2026-03-18,BKK_Ladprao,Pineapple,70,3430.0,749.7,420,350.0,823.2,1087.1,6.0,100.26,False,986.8399999999999,2026-03,2
2026-03-18,BKK_Ladprao,Watermelon,117,5265.0,815.49,702,585.0,1263.6,1898.91,6.0,77.82,False,1821.0900000000001,2026-03,2
2026-03-18,BKK_Sukhumvit,Guava,70,3430.0,662.9000000000001,420,385.0,1029.0,933.1,4.0,61.88,False,871.22,2026-03,2
2026-03-18,BKK_Sukhumvit,MixedBerryPremium,76,6764.0,2641.0,608,532.0,1623.36,1359.64,19.0,812.25,False,547.3900000000001,2026-03,2
2026-03-18,BKK_Sukhumvit,PassionFruit,72,4680.0,1370.8799999999999,432,432.0,1123.2,1321.92,7.0,175.28,False,1146.64,2026-03,2
2026-03-18,BKK_Sukhumvit,Pineapple,128,6272.0,1370.88,768,640.0,1505.28,1987.84,6.0,100.26,False,1887.58,2026-03,2
2026-03-18,BKK_Sukhumvit,Watermelon,179,8055.0,1247.63,1074,895.0,1933.2,2905.17,1.0,12.97,False,2892.2000000000003,2026-03,2
2026-03-18,Pattaya_Beach,Guava,97,4753.0,918.59,582,533.5,1425.8999999999999,1293.01,3.0,46.41,False,1246.6,2026-03,2
2026-03-18,Pattaya_Beach,MixedBerryPremium,76,6764.0,2641.0,608,532.0,2029.2,953.8000000000001,7.0,299.25,False,654.5500000000001,2026-03,2
2026-03-18,Pattaya_Beach,PassionFruit,65,4225.0,1237.6,390,390.0,1267.5,939.9000000000001,4.0,100.16,False,839.7400000000001,2026-03,2
2026-03-18,Pattaya_Beach,Pineapple,133,6517.0,1424.43,798,665.0,1955.1,1674.4700000000003,2.0,33.42,False,1641.0500000000002,2026-03,2
2026-03-18,Pattaya_Beach,Watermelon,182,8190.0,1268.54,1092,910.0,2457.0,2462.46,4.0,51.88,False,2410.58,2026-03,2
2026-03-18,Pattaya_Central,Guava,106,5194.0,1003.82,636,583.0,1558.2,1412.98,5.0,77.35,False,1335.63,2026-03,2
2026-03-18,Pattaya_Central,MixedBerryPremium,92,8188.0,3197.0,736,644.0,1965.12,1645.88,12.0,513.0,False,1132.88,2026-03,2
2026-03-18,Pattaya_Central,PassionFruit,73,4745.0,1389.9199999999998,438,438.0,1138.8,1340.28,7.0,175.28,False,1165.0,2026-03,2
2026-03-18,Pattaya_Central,Pineapple,162,7938.0,1735.0200000000002,972,810.0,2381.3999999999996,2039.5800000000002,8.0,133.68,False,1905.9,2026-03,2
2026-03-18,Pattaya_Central,Watermelon,239,10755.0,1665.83,1434,1195.0,3226.5,3233.67,8.0,103.76,False,3129.91,2026-03,2
2026-03-19,BKK_Ladprao,Guava,57,2793.0,539.7900000000001,342,313.5,670.3199999999999,927.3900000000001,6.0,92.82,False,834.5700000000002,2026-03,3
2026-03-19,BKK_Ladprao,MixedBerryPremium,35,3115.0,1216.25,280,245.0,747.6,626.1500000000001,13.0,555.75,False,70.40000000000009,2026-03,3
2026-03-19,BKK_Ladprao,PassionFruit,42,2730.0,799.68,252,252.0,655.1999999999999,771.1199999999999,6.0,150.24,False,620.8799999999999,2026-03,3
2026-03-19,BKK_Ladprao,Pineapple,68,3332.0,728.2800000000001,408,340.0,799.68,1056.04,4.0,66.84,False,989.1999999999999,2026-03,3
2026-03-19,BKK_Ladprao,Watermelon,115,5175.0,801.55,690,575.0,1242.0,1866.45,8.0,103.76,False,1762.69,2026-03,3
2026-03-19,BKK_Sukhumvit,Guava,71,3479.0,672.37,426,390.5,834.9599999999999,1155.1700000000003,3.0,46.41,False,1108.7600000000002,2026-03,3
2026-03-19,BKK_Sukhumvit,MixedBerryPremium,102,9078.0,3544.5,816,714.0,2178.72,1824.7800000000002,30.0,1282.5,False,542.2800000000002,2026-03,3
2026-03-19,BKK_Sukhumvit,PassionFruit,54,3510.0,1028.1599999999999,324,324.0,842.4,991.4399999999999,3.0,75.12,False,916.3199999999999,2026-03,3
2026-03-19,BKK_Sukhumvit,Pineapple,140,6860.0,1499.4,840,700.0,1646.3999999999999,2174.2,3.0,50.13,False,2124.0699999999997,2026-03,3
2026-03-19,BKK_Sukhumvit,Watermelon,207,9315.0,1442.79,1242,1035.0,2794.5,2800.71,9.0,116.73,False,2683.98,2026-03,3
2026-03-19,Pattaya_Beach,Guava,84,4116.0,795.48,504,462.0,1234.8,1119.72,5.0,77.35,False,1042.3700000000001,2026-03,3
2026-03-19,Pattaya_Beach,MixedBerryPremium,68,6052.0,2363.0,544,476.0,1452.48,1216.5200000000002,18.0,769.5,False,447.0200000000002,2026-03,3
2026-03-19,Pattaya_Beach,PassionFruit,63,4095.0,1199.52,378,378.0,1228.5,910.9800000000001,7.0,175.28,False,735.7000000000002,2026-03,3
2026-03-19,Pattaya_Beach,Pineapple,158,7742.0,1692.18,948,790.0,2322.6,1989.22,6.0,100.26,False,1888.96,2026-03,3
2026-03-19,Pattaya_Beach,Watermelon,202,9090.0,1407.94,1212,1010.0,2727.0,2733.06,4.0,51.88,False,2681.18,2026-03,3
2026-03-19,Pattaya_Central,Guava,100,4900.0,947.0000000000001,600,550.0,1470.0,1333.0,4.0,61.88,False,1271.12,2026-03,3
2026-03-19,Pattaya_Central,MixedBerryPremium,92,8188.0,3197.0,736,644.0,1965.12,1645.88,13.0,555.75,False,1090.13,2026-03,3
2026-03-19,Pattaya_Central,PassionFruit,71,4615.0,1351.84,426,426.0,1107.6,1303.56,8.0,200.32,False,1103.24,2026-03,3
2026-03-19,Pattaya_Central,Pineapple,175,8575.0,1874.25,1050,875.0,2572.5,2203.25,12.0,200.52,False,2002.73,2026-03,3
2026-03-19,Pattaya_Central,Watermelon,237,10665.0,1651.8899999999999,1422,1185.0,2559.6,3846.51,10.0,129.7,False,3716.8100000000004,2026-03,3
2026-03-20,BKK_Ladprao,Guava,40,1960.0,378.8,240,220.0,588.0,533.1999999999999,5.0,77.35,False,455.8499999999999,2026-03,4
2026-03-20,BKK_Ladprao,MixedBerryPremium,58,4387.7,2015.5,464,406.0,1053.048,449.15199999999993,31.0,1325.25,False,-876.0980000000001,2026-03,4
2026-03-20,BKK_Ladprao,PassionFruit,37,2405.0,704.48,222,222.0,577.2,679.3199999999999,5.0,125.2,False,554.1199999999999,2026-03,4
2026-03-20,BKK_Ladprao,Pineapple,78,3822.0,835.3800000000001,468,390.0,1146.6,982.0200000000002,10.0,167.1,False,814.9200000000002,2026-03,4
2026-03-20,BKK_Ladprao,Watermelon,105,4725.0,731.85,630,525.0,1134.0,1704.15,7.0,90.79,False,1613.3600000000001,2026-03,4
2026-03-20,BKK_Sukhumvit,Guava,60,2940.0,568.2,360,330.0,882.0,799.8,5.0,77.35,False,722.4499999999999,2026-03,4
2026-03-20,BKK_Sukhumvit,MixedBerryPremium,83,6278.95,2884.25,664,581.0,1883.685,266.015,21.0,897.75,False,-631.735,2026-03,4
2026-03-20,BKK_Sukhumvit,PassionFruit,44,2860.0,837.76,264,264.0,858.0,636.24,3.0,75.12,False,561.12,2026-03,4
2026-03-20,BKK_Sukhumvit,Pineapple,134,6566.0,1435.14,804,670.0,1575.84,2081.02,7.0,116.97,False,1964.05,2026-03,4
2026-03-20,BKK_Sukhumvit,Watermelon,185,8325.0,1289.45,1110,925.0,2497.5,2503.05,5.0,64.85,False,2438.2000000000003,2026-03,4
2026-03-20,Pattaya_Beach,Guava,85,4165.0,804.95,510,467.5,1249.5,1133.05,3.0,46.41,False,1086.6399999999999,2026-03,4
2026-03-20,Pattaya_Beach,MixedBerryPremium,65,4917.25,2258.75,520,455.0,1180.14,503.36,24.0,1026.0,False,-522.64,2026-03,4
2026-03-20,Pattaya_Beach,PassionFruit,55,3575.0,1047.2,330,330.0,1072.5,795.3,3.0,75.12,False,720.18,2026-03,4
2026-03-20,Pattaya_Beach,Pineapple,151,7399.0,1617.21,906,755.0,1775.76,2345.03,6.0,100.26,False,2244.77,2026-03,4
2026-03-20,Pattaya_Beach,Watermelon,219,9855.0,1526.43,1314,1095.0,2956.5,2963.07,5.0,64.85,False,2898.2200000000003,2026-03,4
2026-03-20,Pattaya_Central,Guava,96,4704.0,909.1200000000001,576,528.0,1128.96,1561.92,6.0,92.82,False,1469.1000000000001,2026-03,4
2026-03-20,Pattaya_Central,MixedBerryPremium,108,8170.2,3753.0,864,756.0,2451.06,346.1400000000002,28.0,1197.0,False,-850.8599999999998,2026-03,4
2026-03-20,Pattaya_Central,PassionFruit,81,5265.0,1542.2399999999998,486,486.0,1579.5,1171.2600000000002,5.0,125.2,False,1046.0600000000002,2026-03,4
2026-03-20,Pattaya_Central,Pineapple,145,7105.0,1552.95,870,725.0,2131.5,1825.5500000000002,6.0,100.26,False,1725.2900000000002,2026-03,4
2026-03-20,Pattaya_Central,Watermelon,201,9045.0,1400.97,1206,1005.0,2713.5,2719.5299999999997,9.0,116.73,False,2602.7999999999997,2026-03,4
2026-03-21,BKK_Ladprao,Guava,44,2156.0,416.68000000000006,264,242.0,517.4399999999999,715.8800000000001,3.0,46.41,False,669.4700000000001,2026-03,5
2026-03-21,BKK_Ladprao,MixedBerryPremium,32,2848.0,1112.0,256,224.0,683.52,572.48,10.0,427.5,False,144.98000000000002,2026-03,5
2026-03-21,BKK_Ladprao,PassionFruit,31,2015.0,590.24,186,186.0,483.59999999999997,569.16,5.0,125.2,False,443.96,2026-03,5
2026-03-21,BKK_Ladprao,Pineapple,67,3283.0,717.57,402,335.0,787.92,1040.51,3.0,50.13,False,990.38,2026-03,5
2026-03-21,BKK_Ladprao,Watermelon,118,5310.0,822.46,708,590.0,1593.0,1596.54,6.0,77.82,False,1518.72,2026-03,5
2026-03-21,BKK_Sukhumvit,Guava,75,3675.0,710.25,450,412.5,882.0,1220.2500000000002,8.0,123.76,False,1096.4900000000002,2026-03,5
2026-03-21,BKK_Sukhumvit,MixedBerryPremium,63,5607.0,2189.25,504,441.0,1682.1,790.65,28.0,1197.0,False,-406.35,2026-03,5
2026-03-21,BKK_Sukhumvit,PassionFruit,61,3965.0,1161.4399999999998,366,366.0,1189.5,882.0600000000001,6.0,150.24,False,731.82,2026-03,5
2026-03-21,BKK_Sukhumvit,Pineapple,120,5880.0,1285.2,720,600.0,1411.1999999999998,1863.6,4.0,66.84,False,1796.76,2026-03,5
2026-03-21,BKK_Sukhumvit,Watermelon,213,9585.0,1484.61,1278,1065.0,2875.5,2881.89,7.0,90.79,False,2791.1,2026-03,5
2026-03-21,Pattaya_Beach,Guava,113,5537.0,1070.1100000000001,678,621.5,1661.1,1506.29,5.0,77.35,False,1428.94,2026-03,5
2026-03-21,Pattaya_Beach,MixedBerryPremium,87,7743.0,3023.25,696,609.0,2322.9,1091.85,20.0,855.0,False,236.8499999999999,2026-03,5
2026-03-21,Pattaya_Beach,PassionFruit,92,5980.0,1751.6799999999998,552,552.0,1794.0,1330.3200000000002,5.0,125.2,False,1205.1200000000001,2026-03,5
2026-03-21,Pattaya_Beach,Pineapple,166,8134.0,1777.8600000000001,996,830.0,1952.1599999999999,2577.98,11.0,183.81,False,2394.17,2026-03,5
2026-03-21,Pattaya_Beach,Watermelon,251,11295.0,1749.47,1506,1255.0,3388.5,3396.0299999999997,8.0,103.76,False,3292.2699999999995,2026-03,5
2026-03-21,Pattaya_Central,Guava,109,5341.0,1032.23,654,599.5,1602.3,1452.97,7.0,108.29,False,1344.68,2026-03,5
2026-03-21,Pattaya_Central,MixedBerryPremium,101,8989.0,3509.75,808,707.0,2696.7,1267.55,24.0,1026.0,False,241.54999999999995,2026-03,5
2026-03-21,Pattaya_Central,PassionFruit,107,6955.0,2037.28,642,642.0,1669.2,1964.52,10.0,250.4,False,1714.12,2026-03,5
2026-03-21,Pattaya_Central,Pineapple,186,9114.0,1992.0600000000002,1116,930.0,2734.2,2341.7400000000002,4.0,66.84,False,2274.9,2026-03,5
2026-03-21,Pattaya_Central,Watermelon,251,11295.0,1749.47,1506,1255.0,2710.8,4073.73,4.0,51.88,False,4021.85,2026-03,5
2026-03-22,BKK_Ladprao,Guava,51,2499.0,482.97,306,280.5,749.7,679.8299999999999,5.0,77.35,False,602.4799999999999,2026-03,6
2026-03-22,BKK_Ladprao,MixedBerryPremium,32,2848.0,1112.0,256,224.0,854.4,401.59999999999997,8.0,342.0,False,59.599999999999966,2026-03,6
2026-03-22,BKK_Ladprao,PassionFruit,44,2860.0,837.76,264,264.0,686.4,807.8399999999999,3.0,75.12,False,732.7199999999999,2026-03,6
2026-03-22,BKK_Ladprao,Pineapple,88,4312.0,942.4800000000001,528,440.0,1034.8799999999999,1366.6399999999999,10.0,167.1,False,1199.54,2026-03,6
2026-03-22,BKK_Ladprao,Watermelon,111,4995.0,773.67,666,555.0,1198.8,1801.5300000000004,5.0,64.85,False,1736.6800000000005,2026-03,6
2026-03-22,BKK_Sukhumvit,Guava,76,3724.0,719.72,456,418.0,893.76,1236.5200000000002,4.0,61.88,False,1174.64,2026-03,6
2026-03-22,BKK_Sukhumvit,MixedBerryPremium,38,3382.0,1320.5,304,266.0,811.68,679.82,8.0,342.0,False,337.82000000000005,2026-03,6
2026-03-22,BKK_Sukhumvit,PassionFruit,53,3445.0,1009.1199999999999,318,318.0,826.8,973.0799999999999,6.0,150.24,False,822.8399999999999,2026-03,6
2026-03-22,BKK_Sukhumvit,Pineapple,121,5929.0,1295.91,726,605.0,1422.96,1879.13,7.0,116.97,False,1762.16,2026-03,6
2026-03-22,BKK_Sukhumvit,Watermelon,184,8280.0,1282.48,1104,920.0,2484.0,2489.52,7.0,90.79,False,2398.73,2026-03,6
2026-03-22,Pattaya_Beach,Guava,96,4704.0,909.1200000000001,576,528.0,1411.1999999999998,1279.6799999999998,5.0,77.35,False,1202.33,2026-03,6
2026-03-22,Pattaya_Beach,MixedBerryPremium,60,5340.0,2085.0,480,420.0,1602.0,753.0,19.0,812.25,False,-59.25,2026-03,6
2026-03-22,Pattaya_Beach,PassionFruit,92,5980.0,1751.6799999999998,552,552.0,1435.1999999999998,1689.1199999999997,6.0,150.24,False,1538.8799999999997,2026-03,6
2026-03-22,Pattaya_Beach,Pineapple,148,7252.0,1585.0800000000002,888,740.0,1740.48,2298.44,5.0,83.55,False,2214.89,2026-03,6
2026-03-22,Pattaya_Beach,Watermelon,235,10575.0,1637.95,1410,1175.0,3172.5,3179.55,10.0,129.7,False,3049.8500000000004,2026-03,6
2026-03-22,Pattaya_Central,Guava,116,5684.0,1098.5200000000002,696,638.0,1364.16,1887.3200000000002,7.0,108.29,False,1779.0300000000002,2026-03,6
2026-03-22,Pattaya_Central,MixedBerryPremium,71,6319.0,2467.25,568,497.0,1516.56,1270.19,11.0,470.25,False,799.94,2026-03,6
2026-03-22,Pattaya_Central,PassionFruit,96,6240.0,1827.84,576,576.0,1497.6,1762.56,6.0,150.24,False,1612.32,2026-03,6
2026-03-22,Pattaya_Central,Pineapple,221,10829.0,2366.9100000000003,1326,1105.0,3248.7,2782.3900000000003,3.0,50.13,False,2732.26,2026-03,6
2026-03-22,Pattaya_Central,Watermelon,304,13680.0,2118.88,1824,1520.0,4104.0,4113.12,8.0,103.76,False,4009.3599999999997,2026-03,6
2026-03-23,BKK_Ladprao,Guava,54,2646.0,500.58,324,297.0,793.8,730.6200000000001,8.0,122.16,False,608.4600000000002,2026-03,0
2026-03-23,BKK_Ladprao,MixedBerryPremium,24,2136.0,837.36,192,168.0,512.64,426.0,4.0,171.56,False,254.44,2026-03,0
2026-03-23,BKK_Ladprao,PassionFruit,24,1560.0,415.91999999999996,144,144.0,468.0,388.08000000000004,6.0,139.98,False,248.10000000000005,2026-03,0
2026-03-23,BKK_Ladprao,Pineapple,73,3577.0,742.41,438,365.0,1073.1,958.49,6.0,97.02,False,861.47,2026-03,0
2026-03-23,BKK_Ladprao,Watermelon,121,5445.0,882.09,726,605.0,1633.5,1598.41,3.0,39.87,False,1558.5400000000002,2026-03,0
2026-03-23,BKK_Sukhumvit,Guava,73,3577.0,676.7099999999999,438,401.5,1073.1,987.69,3.0,45.81,False,941.8800000000001,2026-03,0
2026-03-23,BKK_Sukhumvit,MixedBerryPremium,43,3827.0,1500.27,344,301.0,918.48,763.25,8.0,343.12,False,420.13,2026-03,0
2026-03-23,BKK_Sukhumvit,PassionFruit,62,4030.0,1074.4599999999998,372,372.0,967.1999999999999,1244.3400000000001,7.0,163.31,False,1081.0300000000002,2026-03,0
2026-03-23,BKK_Sukhumvit,Pineapple,122,5978.0,1240.74,732,610.0,1434.72,1960.5400000000002,5.0,80.85,False,1879.6900000000003,2026-03,0
2026-03-23,BKK_Sukhumvit,Watermelon,194,8730.0,1414.26,1164,970.0,2095.2,3086.54,8.0,106.32,False,2980.22,2026-03,0
2026-03-23,Pattaya_Beach,Guava,89,4361.0,825.03,534,489.5,1308.3,1204.17,5.0,76.35,False,1127.8200000000002,2026-03,0
2026-03-23,Pattaya_Beach,MixedBerryPremium,49,4361.0,1709.61,392,343.0,1046.6399999999999,869.75,17.0,729.13,False,140.62,2026-03,0
2026-03-23,Pattaya_Beach,PassionFruit,73,4745.0,1265.09,438,438.0,1423.5,1180.41,9.0,209.97,False,970.44,2026-03,0
2026-03-23,Pattaya_Beach,Pineapple,138,6762.0,1403.46,828,690.0,1622.8799999999999,2217.66,5.0,80.85,False,2136.81,2026-03,0
2026-03-23,Pattaya_Beach,Watermelon,214,9630.0,1560.06,1284,1070.0,2889.0,2826.94,4.0,53.16,False,2773.78,2026-03,0
2026-03-23,Pattaya_Central,Guava,75,3675.0,695.25,450,412.5,882.0,1235.25,6.0,91.62,False,1143.63,2026-03,0
2026-03-23,Pattaya_Central,MixedBerryPremium,59,5251.0,2058.51,472,413.0,1260.24,1047.25,11.0,471.79,False,575.46,2026-03,0
2026-03-23,Pattaya_Central,PassionFruit,78,5070.0,1351.7399999999998,468,468.0,1521.0,1261.26,8.0,186.64,False,1074.62,2026-03,0
2026-03-23,Pattaya_Central,Pineapple,172,8428.0,1749.24,1032,860.0,2528.4,2258.3599999999997,4.0,64.68,False,2193.68,2026-03,0
2026-03-23,Pattaya_Central,Watermelon,248,11160.0,1807.92,1488,1240.0,3348.0,3276.08,10.0,132.9,False,3143.18,2026-03,0
2026-03-24,BKK_Ladprao,Guava,52,2548.0,482.03999999999996,312,286.0,764.4,703.5600000000001,4.0,61.08,False,642.48,2026-03,1
2026-03-24,BKK_Ladprao,MixedBerryPremium,21,1869.0,732.69,168,147.0,448.56,372.75,14.0,600.46,False,-227.71000000000004,2026-03,1
2026-03-24,BKK_Ladprao,PassionFruit,51,3315.0,883.8299999999999,306,306.0,795.6,1023.57,8.0,186.64,False,836.9300000000001,2026-03,1
2026-03-24,BKK_Ladprao,Pineapple,84,4116.0,854.28,504,420.0,1234.8,1102.9199999999998,7.0,113.19,False,989.7299999999998,2026-03,1
2026-03-24,BKK_Ladprao,Watermelon,103,4635.0,750.87,618,515.0,1390.5,1360.63,4.0,53.16,False,1307.47,2026-03,1
2026-03-24,BKK_Sukhumvit,Guava,74,3626.0,685.9799999999999,444,407.0,870.24,1218.78,3.0,45.81,False,1172.97,2026-03,1
2026-03-24,BKK_Sukhumvit,MixedBerryPremium,40,3560.0,1395.6,320,280.0,1068.0,496.39999999999986,7.0,300.23,False,196.16999999999985,2026-03,1
2026-03-24,BKK_Sukhumvit,PassionFruit,56,3640.0,970.4799999999999,336,336.0,1092.0,905.52,4.0,93.32,False,812.2,2026-03,1
2026-03-24,BKK_Sukhumvit,Pineapple,140,6860.0,1423.8,840,700.0,1646.3999999999999,2249.8,5.0,80.85,False,2168.9500000000003,2026-03,1
2026-03-24,BKK_Sukhumvit,Watermelon,187,8415.0,1363.23,1122,935.0,2019.6,2975.17,6.0,79.74,False,2895.4300000000003,2026-03,1
2026-03-24,Pattaya_Beach,Guava,81,3969.0,750.87,486,445.5,1190.7,1095.93,5.0,76.35,False,1019.58,2026-03,1
2026-03-24,Pattaya_Beach,MixedBerryPremium,51,4539.0,1779.39,408,357.0,1089.36,905.25,11.0,471.79,False,433.46,2026-03,1
2026-03-24,Pattaya_Beach,PassionFruit,70,4550.0,1213.1,420,420.0,1365.0,1131.9,4.0,93.32,False,1038.5800000000002,2026-03,1
2026-03-24,Pattaya_Beach,Pineapple,171,8379.0,1739.07,1026,855.0,2010.9599999999998,2747.9700000000003,5.0,80.85,False,2667.1200000000003,2026-03,1
2026-03-24,Pattaya_Beach,Watermelon,182,8190.0,1326.78,1092,910.0,2457.0,2404.22,7.0,93.03,False,2311.1899999999996,2026-03,1
2026-03-24,Pattaya_Central,Guava,106,5194.0,982.62,636,583.0,1246.56,1745.8200000000002,9.0,137.43,False,1608.39,2026-03,1
2026-03-24,Pattaya_Central,MixedBerryPremium,56,4984.0,1953.84,448,392.0,1196.16,994.0,11.0,471.79,False,522.21,2026-03,1
2026-03-24,Pattaya_Central,PassionFruit,79,5135.0,1369.07,474,474.0,1540.5,1277.43,6.0,139.98,False,1137.45,2026-03,1
2026-03-24,Pattaya_Central,Pineapple,174,8526.0,1769.58,1044,870.0,2557.7999999999997,2284.62,7.0,113.19,False,2171.43,2026-03,1
2026-03-24,Pattaya_Central,Watermelon,263,11835.0,1917.27,1578,1315.0,3550.5,3474.23,7.0,93.03,False,3381.2,2026-03,1
2026-03-25,BKK_Ladprao,Guava,59,2891.0,546.93,354,324.5,693.84,971.73,5.0,76.35,False,895.38,2026-03,2
2026-03-25,BKK_Ladprao,MixedBerryPremium,32,2848.0,1116.48,256,224.0,683.52,568.0,24.0,1029.36,False,-461.3599999999999,2026-03,2
2026-03-25,BKK_Ladprao,PassionFruit,40,2600.0,693.1999999999999,240,240.0,624.0,802.8000000000001,4.0,93.32,False,709.48,2026-03,2
2026-03-25,BKK_Ladprao,Pineapple,93,4557.0,945.81,558,465.0,1093.68,1494.51,6.0,97.02,False,1397.49,2026-03,2
2026-03-25,BKK_Ladprao,Watermelon,119,5355.0,867.51,714,595.0,1285.2,1893.29,5.0,66.45,False,1826.84,2026-03,2
2026-03-25,BKK_Sukhumvit,Guava,73,3577.0,676.7099999999999,438,401.5,1073.1,987.69,2.0,30.54,False,957.1500000000001,2026-03,2
2026-03-25,BKK_Sukhumvit,MixedBerryPremium,41,3649.0,1430.49,328,287.0,875.76,727.75,10.0,428.9,False,298.85,2026-03,2
2026-03-25,BKK_Sukhumvit,PassionFruit,70,4550.0,1213.1,420,420.0,1092.0,1404.9,7.0,163.31,False,1241.5900000000001,2026-03,2
2026-03-25,BKK_Sukhumvit,Pineapple,124,6076.0,1261.08,744,620.0,1822.8,1628.1200000000001,6.0,97.02,False,1531.1000000000001,2026-03,2
2026-03-25,BKK_Sukhumvit,Watermelon,189,8505.0,1377.81,1134,945.0,2041.1999999999998,3006.99,5.0,66.45,False,2940.54,2026-03,2
2026-03-25,Pattaya_Beach,Guava,101,4949.0,936.27,606,555.5,1484.7,1366.5300000000002,6.0,91.62,False,1274.9100000000003,2026-03,2
2026-03-25,Pattaya_Beach,MixedBerryPremium,40,3560.0,1395.6,320,280.0,1068.0,496.3999999999999,13.0,557.57,False,-61.17000000000013,2026-03,2
2026-03-25,Pattaya_Beach,PassionFruit,78,5070.0,1351.7399999999998,468,468.0,1216.8,1565.4600000000003,9.0,209.97,False,1355.4900000000002,2026-03,2
2026-03-25,Pattaya_Beach,Pineapple,144,7056.0,1464.48,864,720.0,1693.44,2314.08,8.0,129.36,False,2184.72,2026-03,2
2026-03-25,Pattaya_Beach,Watermelon,203,9135.0,1479.87,1218,1015.0,2740.5,2681.63,9.0,119.61,False,2562.02,2026-03,2
2026-03-25,Pattaya_Central,Guava,100,4900.0,927.0,600,550.0,1470.0,1353.0000000000002,4.0,61.08,False,1291.9200000000003,2026-03,2
2026-03-25,Pattaya_Central,MixedBerryPremium,66,5874.0,2302.7400000000002,528,462.0,1762.2,819.06,17.0,729.13,False,89.92999999999995,2026-03,2
2026-03-25,Pattaya_Central,PassionFruit,79,5135.0,1369.07,474,474.0,1232.4,1585.53,8.0,186.64,False,1398.8899999999999,2026-03,2
2026-03-25,Pattaya_Central,Pineapple,163,7987.0,1657.71,978,815.0,2396.1,2140.19,3.0,48.51,False,2091.68,2026-03,2
2026-03-25,Pattaya_Central,Watermelon,225,10125.0,1640.25,1350,1125.0,2430.0,3579.75,7.0,93.03,False,3486.72,2026-03,2
2026-03-26,BKK_Ladprao,Guava,43,2107.0,398.60999999999996,258,236.5,632.1,581.7900000000001,7.0,106.89,False,474.9000000000001,2026-03,3
2026-03-26,BKK_Ladprao,MixedBerryPremium,28,2492.0,976.9200000000001,224,196.0,747.6,347.4799999999999,12.0,514.68,False,-167.20000000000005,2026-03,3
2026-03-26,BKK_Ladprao,PassionFruit,27,1755.0,467.90999999999997,162,162.0,526.5,436.59,6.0,139.98,False,296.61,2026-03,3
2026-03-26,BKK_Ladprao,Pineapple,77,3773.0,783.09,462,385.0,905.52,1237.3900000000003,1.0,16.17,False,1221.2200000000003,2026-03,3
2026-03-26,BKK_Ladprao,Watermelon,110,4950.0,801.9,660,550.0,1485.0,1453.1,5.0,66.45,False,1386.6499999999999,2026-03,3
2026-03-26,BKK_Sukhumvit,Guava,78,3822.0,723.06,468,429.0,1146.6,1055.3400000000001,3.0,45.81,False,1009.5300000000002,2026-03,3
2026-03-26,BKK_Sukhumvit,MixedBerryPremium,43,3827.0,1500.27,344,301.0,918.48,763.25,6.0,257.34,False,505.91,2026-03,3
2026-03-26,BKK_Sukhumvit,PassionFruit,70,4550.0,1213.1,420,420.0,1365.0,1131.9,4.0,93.32,False,1038.5800000000002,2026-03,3
2026-03-26,BKK_Sukhumvit,Pineapple,120,5880.0,1220.4,720,600.0,1764.0,1575.6,4.0,64.68,False,1510.9199999999998,2026-03,3
2026-03-26,BKK_Sukhumvit,Watermelon,175,7875.0,1275.75,1050,875.0,1890.0,2784.25,3.0,39.87,False,2744.38,2026-03,3
2026-03-26,Pattaya_Beach,Guava,75,3675.0,695.25,450,412.5,882.0,1235.25,4.0,61.08,False,1174.17,2026-03,3
2026-03-26,Pattaya_Beach,MixedBerryPremium,49,4361.0,1709.6100000000001,392,343.0,1046.6399999999999,869.75,10.0,428.9,False,440.85,2026-03,3
2026-03-26,Pattaya_Beach,PassionFruit,54,3510.0,935.8199999999999,324,324.0,1053.0,873.18,6.0,139.98,False,733.1999999999999,2026-03,3
2026-03-26,Pattaya_Beach,Pineapple,141,6909.0,1433.97,846,705.0,2072.7,1851.33,6.0,97.02,False,1754.31,2026-03,3
2026-03-26,Pattaya_Beach,Watermelon,204,9180.0,1487.16,1224,1020.0,2754.0,2694.84,6.0,79.74,False,2615.1000000000004,2026-03,3
2026-03-26,Pattaya_Central,Guava,96,4704.0,889.92,576,528.0,1411.2,1298.88,2.0,30.54,False,1268.3400000000001,2026-03,3
2026-03-26,Pattaya_Central,MixedBerryPremium,48,4272.0,1674.72,384,336.0,1281.6,595.6799999999998,10.0,428.9,False,166.77999999999986,2026-03,3
2026-03-26,Pattaya_Central,PassionFruit,76,4940.0,1317.08,456,456.0,1185.6,1525.3200000000002,10.0,233.3,False,1292.0200000000002,2026-03,3
2026-03-26,Pattaya_Central,Pineapple,163,7987.0,1657.71,978,815.0,1916.8799999999999,2619.4100000000003,7.0,113.19,False,2506.2200000000003,2026-03,3
2026-03-26,Pattaya_Central,Watermelon,228,10260.0,1662.1200000000001,1368,1140.0,3078.0,3011.88,2.0,26.58,False,2985.3,2026-03,3
2026-03-27,BKK_Ladprao,Guava,69,3381.0,639.63,414,379.5,811.4399999999999,1136.43,7.0,106.89,False,1029.54,2026-03,4
2026-03-27,BKK_Ladprao,MixedBerryPremium,29,2581.0,1011.8100000000001,232,203.0,774.3,359.8899999999999,23.0,986.47,False,-626.5800000000002,2026-03,4
2026-03-27,BKK_Ladprao,PassionFruit,43,2795.0,745.1899999999999,258,258.0,838.5,695.3100000000001,10.0,233.3,False,462.01000000000005,2026-03,4
2026-03-27,BKK_Ladprao,Pineapple,76,3724.0,772.92,456,380.0,1117.2,997.8799999999999,7.0,113.19,False,884.6899999999998,2026-03,4
2026-03-27,BKK_Ladprao,Watermelon,99,4455.0,721.71,594,495.0,1069.2,1575.09,5.0,66.45,False,1508.6399999999999,2026-03,4
2026-03-27,BKK_Sukhumvit,Guava,79,3871.0,732.3299999999999,474,434.5,1161.3,1068.8700000000001,5.0,76.35,False,992.5200000000001,2026-03,4
2026-03-27,BKK_Sukhumvit,MixedBerryPremium,49,4361.0,1709.6100000000001,392,343.0,1308.3,608.0899999999999,11.0,471.79,False,136.2999999999999,2026-03,4
2026-03-27,BKK_Sukhumvit,PassionFruit,54,3510.0,935.8199999999999,324,324.0,842.4,1083.7800000000002,2.0,46.66,False,1037.1200000000001,2026-03,4
2026-03-27,BKK_Sukhumvit,Pineapple,134,6566.0,1362.78,804,670.0,1969.8,1759.42,2.0,32.34,False,1727.0800000000002,2026-03,4
2026-03-27,BKK_Sukhumvit,Watermelon,190,8550.0,1385.1,1140,950.0,2565.0,2509.9,5.0,66.45,False,2443.4500000000003,2026-03,4
2026-03-27,Pattaya_Beach,Guava,94,4606.0,871.3799999999999,564,517.0,1105.44,1548.18,4.0,61.08,False,1487.1000000000001,2026-03,4
2026-03-27,Pattaya_Beach,MixedBerryPremium,45,4005.0,1570.05,360,315.0,961.1999999999999,798.75,17.0,729.13,False,69.62,2026-03,4
2026-03-27,Pattaya_Beach,PassionFruit,62,4030.0,1074.4599999999998,372,372.0,1209.0,1002.54,7.0,163.31,False,839.23,2026-03,4
2026-03-27,Pattaya_Beach,Pineapple,142,6958.0,1444.14,852,710.0,1669.9199999999998,2281.94,6.0,97.02,False,2184.92,2026-03,4
2026-03-27,Pattaya_Beach,Watermelon,210,9450.0,1530.9,1260,1050.0,2268.0,3341.1000000000004,9.0,119.61,False,3221.4900000000002,2026-03,4
2026-03-27,Pattaya_Central,Guava,87,4263.0,806.49,522,478.5,1278.9,1177.1100000000001,3.0,45.81,False,1131.3000000000002,2026-03,4
2026-03-27,Pattaya_Central,MixedBerryPremium,55,4895.0,1918.95,440,385.0,1468.5,682.55,16.0,686.24,False,-3.6900000000000546,2026-03,4
2026-03-27,Pattaya_Central,PassionFruit,87,5655.0,1507.7099999999998,522,522.0,1696.5,1406.79,11.0,256.63,False,1150.1599999999999,2026-03,4
2026-03-27,Pattaya_Central,Pineapple,168,8232.0,1708.56,1008,840.0,1975.6799999999998,2699.76,4.0,64.68,False,2635.0800000000004,2026-03,4
2026-03-27,Pattaya_Central,Watermelon,222,9990.0,1618.38,1332,1110.0,2397.6,3532.02,7.0,93.03,False,3438.99,2026-03,4
2026-03-28,BKK_Ladprao,Guava,39,1911.0,361.53,234,214.5,458.64,642.3299999999999,4.0,61.08,False,581.2499999999999,2026-03,5
2026-03-28,BKK_Ladprao,MixedBerryPremium,33,2937.0,1151.3700000000001,264,231.0,881.0999999999999,409.52999999999986,23.0,986.47,False,-576.9400000000002,2026-03,5
2026-03-28,BKK_Ladprao,PassionFruit,41,2665.0,710.53,246,246.0,799.5,662.97,6.0,139.98,False,522.99,2026-03,5
2026-03-28,BKK_Ladprao,Pineapple,89,4361.0,905.13,534,445.0,1308.3,1168.57,5.0,80.85,False,1087.72,2026-03,5
2026-03-28,BKK_Ladprao,Watermelon,105,4725.0,765.45,630,525.0,1417.5,1387.0500000000002,2.0,26.58,False,1360.4700000000003,2026-03,5
2026-03-28,BKK_Sukhumvit,Guava,93,4557.0,862.11,558,511.5,1367.1,1258.2900000000002,3.0,45.81,False,1212.4800000000002,2026-03,5
2026-03-28,BKK_Sukhumvit,MixedBerryPremium,50,4450.0,1744.5,400,350.0,1335.0,620.4999999999999,19.0,814.91,False,-194.41000000000008,2026-03,5
2026-03-28,BKK_Sukhumvit,PassionFruit,52,3380.0,901.1599999999999,312,312.0,1014.0,840.84,3.0,69.99,False,770.85,2026-03,5
2026-03-28,BKK_Sukhumvit,Pineapple,123,6027.0,1250.91,738,615.0,1446.48,1976.6100000000001,5.0,80.85,False,1895.7600000000002,2026-03,5
2026-03-28,BKK_Sukhumvit,Watermelon,192,8640.0,1399.68,1152,960.0,2073.6,3054.7200000000003,8.0,106.32,False,2948.4,2026-03,5
2026-03-28,Pattaya_Beach,Guava,102,4998.0,945.54,612,561.0,1199.52,1679.94,4.0,61.08,False,1618.8600000000001,2026-03,5
2026-03-28,Pattaya_Beach,MixedBerryPremium,60,5340.0,2093.4,480,420.0,1602.0,744.5999999999999,7.0,300.23,False,444.3699999999999,2026-03,5
2026-03-28,Pattaya_Beach,PassionFruit,84,5460.0,1455.7199999999998,504,504.0,1310.4,1685.88,8.0,186.64,False,1499.2400000000002,2026-03,5
2026-03-28,Pattaya_Beach,Pineapple,165,8085.0,1678.05,990,825.0,2425.5,2166.45,6.0,97.02,False,2069.43,2026-03,5
2026-03-28,Pattaya_Beach,Watermelon,273,12285.0,1990.17,1638,1365.0,3685.5,3606.33,7.0,93.03,False,3513.2999999999997,2026-03,5
2026-03-28,Pattaya_Central,Guava,119,5831.0,1103.1299999999999,714,654.5,1749.3,1610.0700000000002,7.0,106.89,False,1503.18,2026-03,5
2026-03-28,Pattaya_Central,MixedBerryPremium,82,7298.0,2860.98,656,574.0,1751.52,1455.5,23.0,986.47,False,469.03,2026-03,5
2026-03-28,Pattaya_Central,PassionFruit,76,4940.0,1317.08,456,456.0,1185.6,1525.3200000000002,8.0,186.64,False,1338.6800000000003,2026-03,5
2026-03-28,Pattaya_Central,Pineapple,199,9751.0,2023.83,1194,995.0,2340.24,3197.9300000000003,10.0,161.7,False,3036.2300000000005,2026-03,5
2026-03-28,Pattaya_Central,Watermelon,290,13050.0,2114.1,1740,1450.0,3915.0,3830.9,13.0,172.77,False,3658.13,2026-03,5
2026-03-29,BKK_Ladprao,Guava,50,2450.0,463.5,300,275.0,588.0,823.5,4.0,61.08,False,762.42,2026-03,6
2026-03-29,BKK_Ladprao,MixedBerryPremium,27,2403.0,942.03,216,189.0,576.72,479.25,17.0,729.13,False,-249.88,2026-03,6
2026-03-29,BKK_Ladprao,PassionFruit,39,2535.0,675.8699999999999,234,234.0,760.5,630.63,3.0,69.99,False,560.64,2026-03,6
2026-03-29,BKK_Ladprao,Pineapple,74,3626.0,752.58,444,370.0,1087.8,971.6200000000001,5.0,80.85,False,890.7700000000001,2026-03,6
2026-03-29,BKK_Ladprao,Watermelon,111,4995.0,809.19,666,555.0,1198.8,1766.01,5.0,66.45,False,1699.56,2026-03,6
2026-03-29,BKK_Sukhumvit,Guava,70,3430.0,648.9,420,385.0,1029.0,947.1000000000001,7.0,106.89,False,840.2100000000002,2026-03,6
2026-03-29,BKK_Sukhumvit,MixedBerryPremium,42,3738.0,1465.38,336,294.0,897.12,745.5,12.0,514.68,False,230.82000000000005,2026-03,6
2026-03-29,BKK_Sukhumvit,PassionFruit,63,4095.0,1091.79,378,378.0,1228.5,1018.71,7.0,163.31,False,855.4000000000001,2026-03,6
2026-03-29,BKK_Sukhumvit,Pineapple,140,6860.0,1423.8,840,700.0,1646.3999999999999,2249.8,4.0,64.68,False,2185.1200000000003,2026-03,6
2026-03-29,BKK_Sukhumvit,Watermelon,190,8550.0,1385.1000000000001,1140,950.0,2052.0,3022.9,9.0,119.61,False,2903.29,2026-03,6
2026-03-29,Pattaya_Beach,Guava,83,4067.0,769.41,498,456.5,976.0799999999999,1367.01,3.0,45.81,False,1321.2,2026-03,6
2026-03-29,Pattaya_Beach,MixedBerryPremium,63,5607.0,2198.07,504,441.0,1682.1,781.8299999999999,14.0,600.46,False,181.3699999999999,2026-03,6
2026-03-29,Pattaya_Beach,PassionFruit,80,5200.0,1386.3999999999999,480,480.0,1248.0,1605.6000000000001,10.0,233.3,False,1372.3000000000002,2026-03,6
2026-03-29,Pattaya_Beach,Pineapple,184,9016.0,1871.28,1104,920.0,2704.7999999999997,2415.92,7.0,113.19,False,2302.73,2026-03,6
2026-03-29,Pattaya_Beach,Watermelon,239,10755.0,1742.3100000000002,1434,1195.0,3226.5,3157.19,5.0,66.45,False,3090.7400000000002,2026-03,6
2026-03-29,Pattaya_Central,Guava,117,5733.0,1084.59,702,643.5,1719.9,1583.0100000000002,5.0,76.35,False,1506.6600000000003,2026-03,6
2026-03-29,Pattaya_Central,MixedBerryPremium,46,4094.0,1604.94,368,322.0,982.56,816.5,17.0,729.13,False,87.37,2026-03,6
2026-03-29,Pattaya_Central,PassionFruit,86,5590.0,1490.3799999999999,516,516.0,1677.0,1390.62,6.0,139.98,False,1250.6399999999999,2026-03,6
2026-03-29,Pattaya_Central,Pineapple,181,8869.0,1840.77,1086,905.0,2128.56,2908.67,6.0,97.02,False,2811.65,2026-03,6
2026-03-29,Pattaya_Central,Watermelon,274,12330.0,1997.46,1644,1370.0,3699.0,3619.54,11.0,146.19,False,3473.35,2026-03,6
2026-03-30,BKK_Ladprao,Guava,59,2891.0,512.71,354,324.5,867.3,832.49,5.0,73.45,False,759.04,2026-03,0
2026-03-30,BKK_Ladprao,MixedBerryPremium,23,2047.0,773.26,184,161.0,491.28,437.46000000000015,5.0,208.1,False,229.36000000000016,2026-03,0
2026-03-30,BKK_Ladprao,PassionFruit,50,3250.0,874.5,300,300.0,780.0,995.5000000000002,8.0,187.92,False,807.5800000000003,2026-03,0
2026-03-30,BKK_Ladprao,Pineapple,72,3528.0,719.28,432,360.0,1058.4,958.3200000000002,5.0,79.95,False,878.3700000000001,2026-03,0
2026-03-30,BKK_Ladprao,Watermelon,107,4815.0,735.09,642,535.0,1444.5,1458.4099999999999,7.0,90.09,False,1368.32,2026-03,0
2026-03-30,BKK_Sukhumvit,Guava,87,4263.0,756.03,522,478.5,1278.9,1227.5700000000002,7.0,102.83,False,1124.7400000000002,2026-03,0
2026-03-30,BKK_Sukhumvit,MixedBerryPremium,48,4272.0,1613.7599999999998,384,336.0,1281.6,656.6400000000003,6.0,249.72,False,406.9200000000003,2026-03,0
2026-03-30,BKK_Sukhumvit,PassionFruit,81,5265.0,1416.6899999999998,486,486.0,1263.6,1612.7100000000003,7.0,164.43,False,1448.2800000000002,2026-03,0
2026-03-30,BKK_Sukhumvit,Pineapple,106,5194.0,1058.94,636,530.0,1246.56,1722.5,6.0,95.94,False,1626.56,2026-03,0
2026-03-30,BKK_Sukhumvit,Watermelon,171,7695.0,1174.77,1026,855.0,2308.5,2330.73,4.0,51.48,False,2279.25,2026-03,0
2026-03-30,Pattaya_Beach,Guava,82,4018.0,712.5799999999999,492,451.0,1205.3999999999999,1157.0200000000002,3.0,44.07,False,1112.9500000000003,2026-03,0
2026-03-30,Pattaya_Beach,MixedBerryPremium,53,4717.0,1781.86,424,371.0,1132.08,1008.0600000000004,11.0,457.82,False,550.2400000000005,2026-03,0
2026-03-30,Pattaya_Beach,PassionFruit,72,4680.0,1259.28,432,432.0,1404.0,1152.72,8.0,187.92,False,964.8000000000001,2026-03,0
2026-03-30,Pattaya_Beach,Pineapple,138,6762.0,1378.6200000000001,828,690.0,2028.6,1836.7800000000002,6.0,95.94,False,1740.8400000000001,2026-03,0
2026-03-30,Pattaya_Beach,Watermelon,189,8505.0,1298.43,1134,945.0,2041.2,3086.3700000000003,3.0,38.61,False,3047.76,2026-03,0
2026-03-30,Pattaya_Central,Guava,99,4851.0,860.31,594,544.5,1455.3,1396.8900000000003,6.0,88.14,False,1308.7500000000002,2026-03,0
2026-03-30,Pattaya_Central,MixedBerryPremium,56,4984.0,1882.7199999999998,448,392.0,1495.2,766.0800000000002,12.0,499.44,False,266.64000000000016,2026-03,0
2026-03-30,Pattaya_Central,PassionFruit,81,5265.0,1416.6899999999998,486,486.0,1579.5,1296.8100000000002,7.0,164.43,False,1132.38,2026-03,0
2026-03-30,Pattaya_Central,Pineapple,156,7644.0,1558.44,936,780.0,2293.2,2076.36,7.0,111.93,False,1964.43,2026-03,0
2026-03-30,Pattaya_Central,Watermelon,230,10350.0,1580.1,1380,1150.0,3105.0,3134.9,10.0,128.7,False,3006.2000000000003,2026-03,0
2026-03-31,BKK_Ladprao,Guava,46,2254.0,399.74,276,253.0,676.2,649.0600000000001,5.0,73.45,False,575.61,2026-03,1
2026-03-31,BKK_Ladprao,MixedBerryPremium,31,2759.0,1042.22,248,217.0,827.7,424.08000000000015,13.0,541.06,False,-116.97999999999979,2026-03,1
2026-03-31,BKK_Ladprao,PassionFruit,26,1690.0,454.73999999999995,156,156.0,405.59999999999997,517.6600000000001,2.0,46.98,False,470.68000000000006,2026-03,1
2026-03-31,BKK_Ladprao,Pineapple,73,3577.0,729.27,438,365.0,1073.1,971.6300000000001,4.0,63.96,False,907.6700000000001,2026-03,1
2026-03-31,BKK_Ladprao,Watermelon,99,4455.0,680.13,594,495.0,1069.2,1616.67,7.0,90.09,False,1526.5800000000002,2026-03,1
2026-03-31,BKK_Sukhumvit,Guava,53,2597.0,460.57,318,291.5,779.0999999999999,747.83,3.0,44.07,False,703.76,2026-03,1
2026-03-31,BKK_Sukhumvit,MixedBerryPremium,57,5073.0,1916.34,456,399.0,1217.52,1084.1400000000003,17.0,707.54,False,376.60000000000036,2026-03,1
2026-03-31,BKK_Sukhumvit,PassionFruit,62,4030.0,1084.3799999999999,372,372.0,1209.0,992.6200000000002,9.0,211.41,False,781.2100000000003,2026-03,1
2026-03-31,BKK_Sukhumvit,Pineapple,116,5684.0,1158.84,696,580.0,1705.1999999999998,1543.9600000000003,8.0,127.92,False,1416.0400000000002,2026-03,1
2026-03-31,BKK_Sukhumvit,Watermelon,168,7560.0,1154.16,1008,840.0,1814.3999999999999,2743.44,5.0,64.35,False,2679.09,2026-03,1
2026-03-31,Pattaya_Beach,Guava,71,3479.0,616.99,426,390.5,1043.7,1001.8100000000001,3.0,44.07,False,957.74,2026-03,1
2026-03-31,Pattaya_Beach,MixedBerryPremium,54,4806.0,1815.4799999999998,432,378.0,1441.8,738.7200000000003,12.0,499.44,False,239.28000000000026,2026-03,1
2026-03-31,Pattaya_Beach,PassionFruit,53,3445.0,926.9699999999999,318,318.0,826.8,1055.2300000000002,5.0,117.45,False,937.7800000000002,2026-03,1
2026-03-31,Pattaya_Beach,Pineapple,144,7056.0,1438.56,864,720.0,2116.8,1916.6400000000003,6.0,95.94,False,1820.7000000000003,2026-03,1
2026-03-31,Pattaya_Beach,Watermelon,208,9360.0,1428.96,1248,1040.0,2808.0,2835.04,5.0,64.35,False,2770.69,2026-03,1
2026-03-31,Pattaya_Central,Guava,98,4802.0,851.62,588,539.0,1440.6,1382.7800000000002,6.0,88.14,False,1294.64,2026-03,1
2026-03-31,Pattaya_Central,MixedBerryPremium,54,4806.0,1815.4799999999998,432,378.0,1441.8,738.7200000000003,12.0,499.44,False,239.28000000000026,2026-03,1
2026-03-31,Pattaya_Central,PassionFruit,78,5070.0,1364.2199999999998,468,468.0,1216.8,1552.9800000000002,9.0,211.41,False,1341.5700000000002,2026-03,1
2026-03-31,Pattaya_Central,Pineapple,173,8477.0,1728.27,1038,865.0,2034.48,2811.25,5.0,79.95,False,2731.3,2026-03,1
2026-03-31,Pattaya_Central,Watermelon,233,10485.0,1600.71,1398,1165.0,3145.5,3175.79,10.0,128.7,False,3047.09,2026-03,1
2026-04-01,BKK_Ladprao,Guava,57,2793.0,495.33,342,313.5,837.9,804.2700000000001,4.0,58.76,False,745.5100000000001,2026-04,2
2026-04-01,BKK_Ladprao,MixedBerryPremium,21,1869.0,706.02,168,147.0,448.56,399.4200000000002,14.0,582.68,False,-183.25999999999976,2026-04,2
2026-04-01,BKK_Ladprao,PassionFruit,43,2795.0,752.0699999999999,258,258.0,838.5,688.4300000000001,9.0,211.41,False,477.0200000000001,2026-04,2
2026-04-01,BKK_Ladprao,Pineapple,101,4949.0,1008.99,606,505.0,1484.7,1344.3100000000002,10.0,159.9,False,1184.41,2026-04,2
2026-04-01,BKK_Ladprao,Watermelon,129,5805.0,886.23,774,645.0,1741.5,1758.27,9.0,115.83,False,1642.44,2026-04,2
2026-04-01,BKK_Sukhumvit,Guava,89,4361.0,773.41,534,489.5,1308.3,1255.7900000000002,4.0,58.76,False,1197.0300000000002,2026-04,2
2026-04-01,BKK_Sukhumvit,MixedBerryPremium,51,4539.0,1714.62,408,357.0,1361.7,697.6800000000003,15.0,624.3,False,73.38000000000034,2026-04,2
2026-04-01,BKK_Sukhumvit,PassionFruit,67,4355.0,1171.83,402,402.0,1306.5,1072.67,3.0,70.47,False,1002.2,2026-04,2
2026-04-01,BKK_Sukhumvit,Pineapple,143,7007.0,1428.57,858,715.0,2102.1,1903.3300000000004,8.0,127.92,False,1775.4100000000003,2026-04,2
2026-04-01,BKK_Sukhumvit,Watermelon,225,10125.0,1545.75,1350,1125.0,3037.5,3066.75,6.0,77.22,False,2989.53,2026-04,2
2026-04-01,Pattaya_Beach,Guava,90,4410.0,782.0999999999999,540,495.0,1323.0,1269.9000000000003,5.0,73.45,False,1196.4500000000003,2026-04,2
2026-04-01,Pattaya_Beach,MixedBerryPremium,53,4717.0,1781.86,424,371.0,1132.08,1008.0600000000003,9.0,374.58,False,633.4800000000002,2026-04,2
2026-04-01,Pattaya_Beach,PassionFruit,50,3250.0,874.4999999999999,300,300.0,975.0,800.5000000000001,4.0,93.96,False,706.5400000000001,2026-04,2
2026-04-01,Pattaya_Beach,Pineapple,142,6958.0,1418.58,852,710.0,2087.4,1890.0200000000002,7.0,111.93,False,1778.0900000000001,2026-04,2
2026-04-01,Pattaya_Beach,Watermelon,234,10530.0,1607.5800000000002,1404,1170.0,2527.2,3821.22,8.0,102.96,False,3718.2599999999998,2026-04,2
2026-04-01,Pattaya_Central,Guava,105,5145.0,912.4499999999999,630,577.5,1543.5,1481.5500000000002,3.0,44.07,False,1437.4800000000002,2026-04,2
2026-04-01,Pattaya_Central,MixedBerryPremium,54,4806.0,1815.4799999999998,432,378.0,1153.44,1027.0800000000004,15.0,624.3,False,402.7800000000004,2026-04,2
2026-04-01,Pattaya_Central,PassionFruit,85,5525.0,1486.6499999999999,510,510.0,1657.5,1360.8500000000001,9.0,211.41,False,1149.44,2026-04,2
2026-04-01,Pattaya_Central,Pineapple,192,9408.0,1918.08,1152,960.0,2257.92,3120.0,13.0,207.87,False,2912.13,2026-04,2
2026-04-01,Pattaya_Central,Watermelon,276,12420.0,1896.1200000000001,1656,1380.0,3726.0,3761.88,10.0,128.7,False,3633.1800000000003,2026-04,2
2026-04-02,BKK_Ladprao,Guava,47,2303.0,408.42999999999995,282,258.5,552.72,801.3500000000001,4.0,58.76,False,742.5900000000001,2026-04,3
2026-04-02,BKK_Ladprao,MixedBerryPremium,25,2225.0,840.4999999999999,200,175.0,534.0,475.5000000000002,4.0,166.48,False,309.0200000000002,2026-04,3
2026-04-02,BKK_Ladprao,PassionFruit,45,2925.0,787.05,270,270.0,877.5,720.4500000000002,6.0,140.94,False,579.5100000000002,2026-04,3
2026-04-02,BKK_Ladprao,Pineapple,80,3920.0,799.2,480,400.0,1176.0,1064.8000000000002,9.0,143.91,False,920.8900000000002,2026-04,3
2026-04-02,BKK_Ladprao,Watermelon,166,7470.0,1140.42,996,830.0,2241.0,2262.58,7.0,90.09,False,2172.49,2026-04,3
2026-04-02,BKK_Sukhumvit,Guava,88,4312.0,764.72,528,484.0,1293.6,1241.68,5.0,73.45,False,1168.23,2026-04,3
2026-04-02,BKK_Sukhumvit,MixedBerryPremium,47,4183.0,1580.1399999999999,376,329.0,1003.92,893.9400000000003,16.0,665.92,False,228.02000000000032,2026-04,3
2026-04-02,BKK_Sukhumvit,PassionFruit,70,4550.0,1224.3,420,420.0,1365.0,1120.7000000000003,7.0,164.43,False,956.2700000000002,2026-04,3
2026-04-02,BKK_Sukhumvit,Pineapple,134,6566.0,1338.66,804,670.0,1969.8,1783.5400000000004,3.0,47.97,False,1735.5700000000004,2026-04,3
2026-04-02,BKK_Sukhumvit,Watermelon,200,9000.0,1374.0,1200,1000.0,2160.0,3266.0,5.0,64.35,False,3201.65,2026-04,3
2026-04-02,Pattaya_Beach,Guava,93,4557.0,808.17,558,511.5,1367.1,1312.23,4.0,58.76,False,1253.47,2026-04,3
2026-04-02,Pattaya_Beach,MixedBerryPremium,55,4895.0,1849.1,440,385.0,1468.5,752.4000000000001,11.0,457.82,False,294.5800000000001,2026-04,3
2026-04-02,Pattaya_Beach,PassionFruit,76,4940.0,1329.24,456,456.0,1482.0,1216.7600000000002,5.0,117.45,False,1099.3100000000002,2026-04,3
2026-04-02,Pattaya_Beach,Pineapple,139,6811.0,1388.6100000000001,834,695.0,1634.6399999999999,2258.75,4.0,63.96,False,2194.79,2026-04,3
2026-04-02,Pattaya_Beach,Watermelon,229,10305.0,1573.23,1374,1145.0,3091.5,3121.27,11.0,141.57,False,2979.7,2026-04,3
2026-04-02,Pattaya_Central,Guava,113,5537.0,981.9699999999999,678,621.5,1661.1,1594.4300000000003,3.0,44.07,False,1550.3600000000004,2026-04,3
2026-04-02,Pattaya_Central,MixedBerryPremium,55,4895.0,1849.1,440,385.0,1468.5,752.4000000000003,11.0,457.82,False,294.5800000000003,2026-04,3
2026-04-02,Pattaya_Central,PassionFruit,108,7020.0,1888.9199999999998,648,648.0,1684.8,2150.28,9.0,211.41,False,1938.8700000000001,2026-04,3
2026-04-02,Pattaya_Central,Pineapple,174,8526.0,1738.26,1044,870.0,2046.24,2827.5,11.0,175.89,False,2651.61,2026-04,3
2026-04-02,Pattaya_Central,Watermelon,278,12510.0,1909.8600000000001,1668,1390.0,3002.4,4539.74,10.0,128.7,False,4411.04,2026-04,3
2026-04-03,BKK_Ladprao,Guava,55,2695.0,477.95,330,302.5,646.8,937.7500000000001,4.0,58.76,False,878.9900000000001,2026-04,4
2026-04-03,BKK_Ladprao,MixedBerryPremium,22,1958.0,739.6399999999999,176,154.0,587.4,300.96000000000015,9.0,374.58,False,-73.61999999999983,2026-04,4
2026-04-03,BKK_Ladprao,PassionFruit,43,2795.0,752.0699999999999,258,258.0,670.8,856.1300000000002,7.0,164.43,False,691.7000000000003,2026-04,4
2026-04-03,BKK_Ladprao,Pineapple,72,3528.0,719.28,432,360.0,846.72,1170.0,6.0,95.94,False,1074.06,2026-04,4
2026-04-03,BKK_Ladprao,Watermelon,141,6345.0,968.6700000000001,846,705.0,1903.5,1921.83,9.0,115.83,False,1806.0,2026-04,4
2026-04-03,BKK_Sukhumvit,Guava,88,4312.0,764.7199999999999,528,484.0,1293.6,1241.68,2.0,29.38,False,1212.3,2026-04,4
2026-04-03,BKK_Sukhumvit,MixedBerryPremium,45,4005.0,1512.8999999999999,360,315.0,1201.5,615.6000000000001,6.0,249.72,False,365.8800000000001,2026-04,4
2026-04-03,BKK_Sukhumvit,PassionFruit,71,4615.0,1241.79,426,426.0,1384.5,1136.71,8.0,187.92,False,948.7900000000001,2026-04,4
2026-04-03,BKK_Sukhumvit,Pineapple,144,7056.0,1438.56,864,720.0,2116.8,1916.64,3.0,47.97,False,1868.67,2026-04,4
2026-04-03,BKK_Sukhumvit,Watermelon,211,9495.0,1449.5700000000002,1266,1055.0,2848.5,2875.9300000000003,3.0,38.61,False,2837.32,2026-04,4
2026-04-03,Pattaya_Beach,Guava,77,3773.0,669.13,462,423.5,905.52,1312.8500000000004,5.0,73.45,False,1239.4000000000003,2026-04,4
2026-04-03,Pattaya_Beach,MixedBerryPremium,58,5162.0,1949.9599999999998,464,406.0,1548.6,793.4400000000003,28.0,1165.36,False,-371.9199999999996,2026-04,4
2026-04-03,Pattaya_Beach,PassionFruit,70,4550.0,1224.3,420,420.0,1365.0,1120.7000000000003,6.0,140.94,False,979.7600000000002,2026-04,4
2026-04-03,Pattaya_Beach,Pineapple,143,7007.0,1428.57,858,715.0,1681.6799999999998,2323.75,5.0,79.95,False,2243.8,2026-04,4
2026-04-03,Pattaya_Beach,Watermelon,216,9720.0,1483.92,1296,1080.0,2332.7999999999997,3527.28,9.0,115.83,False,3411.4500000000003,2026-04,4
2026-04-03,Pattaya_Central,Guava,121,5929.0,1051.49,726,665.5,1422.96,2063.05,9.0,132.21,False,1930.8400000000001,2026-04,4
2026-04-03,Pattaya_Central,MixedBerryPremium,62,5518.0,2084.4399999999996,496,434.0,1655.3999999999999,848.1600000000003,9.0,374.58,False,473.5800000000003,2026-04,4
2026-04-03,Pattaya_Central,PassionFruit,92,5980.0,1609.08,552,552.0,1435.2,1831.7200000000003,7.0,164.43,False,1667.2900000000002,2026-04,4
2026-04-03,Pattaya_Central,Pineapple,184,9016.0,1838.16,1104,920.0,2704.7999999999997,2449.0400000000004,10.0,159.9,False,2289.1400000000003,2026-04,4
2026-04-03,Pattaya_Central,Watermelon,267,12015.0,1834.29,1602,1335.0,2883.6,4360.110000000001,13.0,167.31,False,4192.8,2026-04,4
2026-04-04,BKK_Ladprao,Guava,96,3763.2,834.24,576,528.0,1128.96,696.0000000000003,8.0,117.52,False,578.4800000000004,2026-04,5
2026-04-04,BKK_Ladprao,MixedBerryPremium,52,3702.4,1748.24,416,364.0,888.576,285.5840000000003,16.0,665.92,False,-380.3359999999997,2026-04,5
2026-04-04,BKK_Ladprao,PassionFruit,75,3900.0,1311.7499999999998,450,450.0,936.0,752.25,9.0,211.41,False,540.84,2026-04,5
2026-04-04,BKK_Ladprao,Pineapple,157,6154.4,1568.43,942,785.0,1477.056,1381.914,8.0,127.92,False,1253.994,2026-04,5
2026-04-04,BKK_Ladprao,Watermelon,211,7596.0,1449.5700000000002,1266,1055.0,2278.7999999999997,1546.63,10.0,128.7,False,1417.93,2026-04,5
2026-04-04,BKK_Sukhumvit,Guava,162,6350.4,1407.78,972,891.0,1905.12,1174.5000000000002,15.0,220.35,False,954.1500000000002,2026-04,5
2026-04-04,BKK_Sukhumvit,MixedBerryPremium,85,6052.0,2857.7,680,595.0,1815.6,103.70000000000056,18.0,749.16,False,-645.4599999999994,2026-04,5
2026-04-04,BKK_Sukhumvit,PassionFruit,107,5564.0,1871.4299999999998,642,642.0,1335.36,1073.2100000000003,8.0,187.92,False,885.2900000000003,2026-04,5
2026-04-04,BKK_Sukhumvit,Pineapple,241,9447.2,2407.59,1446,1205.0,2267.328,2121.282,5.0,79.95,False,2041.332,2026-04,5
2026-04-04,BKK_Sukhumvit,Watermelon,366,13176.0,2514.42,2196,1830.0,3952.7999999999997,2682.78,7.0,90.09,False,2592.69,2026-04,5
2026-04-04,Pattaya_Beach,Guava,192,7526.4,1668.48,1152,1056.0,2257.92,1392.0000000000002,15.0,220.35,False,1171.6500000000003,2026-04,5
2026-04-04,Pattaya_Beach,MixedBerryPremium,97,6906.4,3261.14,776,679.0,2071.92,118.34000000000032,9.0,374.58,False,-256.23999999999967,2026-04,5
2026-04-04,Pattaya_Beach,PassionFruit,132,6864.0,2308.68,792,792.0,2059.2,912.1200000000002,9.0,211.41,False,700.7100000000003,2026-04,5
2026-04-04,Pattaya_Beach,Pineapple,331,12975.2,3306.69,1986,1655.0,3892.56,2134.95,11.0,175.89,False,1959.06,2026-04,5
2026-04-04,Pattaya_Beach,Watermelon,463,16668.0,3180.81,2778,2315.0,4000.3199999999997,4393.87,9.0,115.83,False,4278.04,2026-04,5
2026-04-04,Pattaya_Central,Guava,249,9760.8,2163.81,1494,1369.5,2928.24,1805.2500000000002,7.0,102.83,False,1702.4200000000003,2026-04,5
2026-04-04,Pattaya_Central,MixedBerryPremium,96,6835.2,3227.5199999999995,768,672.0,2050.56,117.12000000000057,14.0,582.68,False,-465.5599999999994,2026-04,5
2026-04-04,Pattaya_Central,PassionFruit,175,9100.0,3060.75,1050,1050.0,2184.0,1755.2500000000005,20.0,469.8,False,1285.4500000000005,2026-04,5
2026-04-04,Pattaya_Central,Pineapple,355,13916.0,3546.45,2130,1775.0,4174.8,2289.75,14.0,223.86,False,2065.89,2026-04,5
2026-04-04,Pattaya_Central,Watermelon,543,19548.0,3730.41,3258,2715.0,5864.4,3980.1899999999996,8.0,102.96,False,3877.2299999999996,2026-04,5
2026-04-05,BKK_Ladprao,Guava,54,2646.0,469.26,324,297.0,793.8,761.94,6.0,88.14,False,673.8000000000001,2026-04,6
2026-04-05,BKK_Ladprao,MixedBerryPremium,24,2136.0,806.8799999999999,192,168.0,640.8,328.32000000000016,14.0,582.68,False,-254.3599999999998,2026-04,6
2026-04-05,BKK_Ladprao,PassionFruit,44,2860.0,769.56,264,264.0,686.4,876.0400000000002,4.0,93.96,False,782.0800000000002,2026-04,6
2026-04-05,BKK_Ladprao,Pineapple,84,4116.0,839.1600000000001,504,420.0,987.8399999999999,1365.0,6.0,95.94,False,1269.06,2026-04,6
2026-04-05,BKK_Ladprao,Watermelon,105,4725.0,721.35,630,525.0,1417.5,1431.15,6.0,77.22,False,1353.93,2026-04,6
2026-04-05,BKK_Sukhumvit,Guava,86,4214.0,747.3399999999999,516,473.0,1264.2,1213.46,5.0,73.45,False,1140.01,2026-04,6
2026-04-05,BKK_Sukhumvit,MixedBerryPremium,55,4895.0,1849.0999999999997,440,385.0,1468.5,752.4000000000003,16.0,665.92,False,86.48000000000036,2026-04,6
2026-04-05,BKK_Sukhumvit,PassionFruit,71,4615.0,1241.79,426,426.0,1384.5,1136.7100000000003,7.0,164.43,False,972.2800000000002,2026-04,6
2026-04-05,BKK_Sukhumvit,Pineapple,174,8526.0,1738.26,1044,870.0,2046.24,2827.5,10.0,159.9,False,2667.6,2026-04,6
2026-04-05,BKK_Sukhumvit,Watermelon,235,10575.0,1614.45,1410,1175.0,3172.5,3203.05,9.0,115.83,False,3087.2200000000003,2026-04,6
2026-04-05,Pattaya_Beach,Guava,115,5635.0,999.3499999999999,690,632.5,1352.3999999999999,1960.7500000000005,5.0,73.45,False,1887.3000000000004,2026-04,6
2026-04-05,Pattaya_Beach,MixedBerryPremium,59,5251.0,1983.58,472,413.0,1575.3,807.1200000000001,9.0,374.58,False,432.54000000000013,2026-04,6
2026-04-05,Pattaya_Beach,PassionFruit,99,6435.0,1731.5099999999998,594,594.0,1544.3999999999999,1971.0900000000004,7.0,164.43,False,1806.6600000000003,2026-04,6
2026-04-05,Pattaya_Beach,Pineapple,208,10192.0,2077.92,1248,1040.0,3057.6,2768.48,11.0,175.89,False,2592.59,2026-04,6
2026-04-05,Pattaya_Beach,Watermelon,272,12240.0,1868.64,1632,1360.0,2937.6,4441.76,5.0,64.35,False,4377.41,2026-04,6
2026-04-05,Pattaya_Central,Guava,146,7154.0,1268.74,876,803.0,2146.2,2060.0600000000004,10.0,146.9,False,1913.1600000000003,2026-04,6
2026-04-05,Pattaya_Central,MixedBerryPremium,74,6586.0,2487.8799999999997,592,518.0,1580.6399999999999,1407.4800000000005,25.0,1040.5,False,366.9800000000005,2026-04,6
2026-04-05,Pattaya_Central,PassionFruit,104,6760.0,1818.9599999999998,624,624.0,2028.0,1665.0400000000004,11.0,258.39,False,1406.6500000000005,2026-04,6
2026-04-05,Pattaya_Central,Pineapple,210,10290.0,2097.9,1260,1050.0,2469.6,3412.5,11.0,175.89,False,3236.61,2026-04,6
2026-04-05,Pattaya_Central,Watermelon,304,13680.0,2088.48,1824,1520.0,4104.0,4143.52,9.0,115.83,False,4027.6900000000005,2026-04,6
2026-04-06,BKK_Ladprao,Guava,50,2450.0,488.49999999999994,300,275.0,588.0,798.5,3.0,47.31,False,751.19,2026-04,0
2026-04-06,BKK_Ladprao,MixedBerryPremium,31,2759.0,1036.95,248,217.0,827.6999999999999,429.34999999999985,16.0,663.2,False,-233.8500000000002,2026-04,0
2026-04-06,BKK_Ladprao,PassionFruit,42,2730.0,784.1400000000001,252,252.0,819.0,622.86,4.0,98.68,False,524.1800000000001,2026-04,0
2026-04-06,BKK_Ladprao,Pineapple,96,4704.0,717.12,576,480.0,1411.1999999999998,1519.68,8.0,107.76,False,1411.92,2026-04,0
2026-04-06,BKK_Ladprao,Watermelon,121,5445.0,878.46,726,605.0,1306.8,1928.74,6.0,79.56,False,1849.18,2026-04,0
2026-04-06,BKK_Sukhumvit,Guava,74,3626.0,722.98,444,407.0,870.24,1181.78,5.0,78.85,False,1102.93,2026-04,0
2026-04-06,BKK_Sukhumvit,MixedBerryPremium,43,3827.0,1438.3500000000001,344,301.0,1148.1,595.5499999999997,5.0,207.25,False,388.2999999999997,2026-04,0
2026-04-06,BKK_Sukhumvit,PassionFruit,59,3835.0,1101.5300000000002,354,354.0,1150.5,874.97,5.0,123.35,False,751.62,2026-04,0
2026-04-06,BKK_Sukhumvit,Pineapple,159,7791.0,1187.73,954,795.0,2337.2999999999997,2516.9700000000003,5.0,67.35,False,2449.6200000000003,2026-04,0
2026-04-06,BKK_Sukhumvit,Watermelon,222,9990.0,1611.72,1332,1110.0,2997.0,2939.2799999999997,3.0,39.78,False,2899.4999999999995,2026-04,0
2026-04-06,Pattaya_Beach,Guava,90,4410.0,879.3,540,495.0,1058.4,1437.3,7.0,110.39,False,1326.9099999999999,2026-04,0
2026-04-06,Pattaya_Beach,MixedBerryPremium,50,4450.0,1672.5,400,350.0,1335.0,692.4999999999998,10.0,414.5,False,277.9999999999998,2026-04,0
2026-04-06,Pattaya_Beach,PassionFruit,70,4550.0,1306.9,420,420.0,1092.0,1311.1,7.0,172.69,False,1138.4099999999999,2026-04,0
2026-04-06,Pattaya_Beach,Pineapple,145,7105.0,1083.15,870,725.0,1705.1999999999998,2721.6500000000005,6.0,80.82,False,2640.8300000000004,2026-04,0
2026-04-06,Pattaya_Beach,Watermelon,195,8775.0,1415.7,1170,975.0,2632.5,2581.7999999999997,6.0,79.56,False,2502.24,2026-04,0
2026-04-06,Pattaya_Central,Guava,121,5929.0,1182.17,726,665.5,1778.7,1576.63,7.0,110.39,False,1466.24,2026-04,0
2026-04-06,Pattaya_Central,MixedBerryPremium,60,5340.0,2007.0,480,420.0,1602.0,830.9999999999998,16.0,663.2,False,167.79999999999973,2026-04,0
2026-04-06,Pattaya_Central,PassionFruit,82,5330.0,1530.94,492,492.0,1599.0,1216.0599999999997,6.0,148.02,False,1068.0399999999997,2026-04,0
2026-04-06,Pattaya_Central,Pineapple,170,8330.0,1269.9,1020,850.0,2499.0,2691.1000000000004,8.0,107.76,False,2583.34,2026-04,0
2026-04-06,Pattaya_Central,Watermelon,294,13230.0,2134.44,1764,1470.0,3175.2,4686.360000000001,12.0,159.12,False,4527.240000000001,2026-04,0
2026-04-07,BKK_Ladprao,Guava,49,2401.0,478.72999999999996,294,269.5,576.24,782.5300000000001,6.0,94.62,False,687.9100000000001,2026-04,1
2026-04-07,BKK_Ladprao,MixedBerryPremium,29,2581.0,970.0500000000001,232,203.0,774.3,401.64999999999986,10.0,414.5,False,-12.850000000000136,2026-04,1
2026-04-07,BKK_Ladprao,PassionFruit,43,2795.0,802.8100000000001,258,258.0,838.5,637.6899999999999,3.0,74.01,False,563.68,2026-04,1
2026-04-07,BKK_Ladprao,Pineapple,86,4214.0,642.42,516,430.0,1011.3599999999999,1614.2200000000003,5.0,67.35,False,1546.8700000000003,2026-04,1
2026-04-07,BKK_Ladprao,Watermelon,136,6120.0,987.36,816,680.0,1836.0,1800.64,4.0,53.04,False,1747.6000000000001,2026-04,1
2026-04-07,BKK_Sukhumvit,Guava,71,3479.0,693.67,426,390.5,1043.7,925.1300000000001,2.0,31.54,False,893.5900000000001,2026-04,1
2026-04-07,BKK_Sukhumvit,MixedBerryPremium,51,4539.0,1705.95,408,357.0,1089.36,978.6899999999999,14.0,580.3,False,398.39,2026-04,1
2026-04-07,BKK_Sukhumvit,PassionFruit,82,5330.0,1530.94,492,492.0,1599.0,1216.06,3.0,74.01,False,1142.05,2026-04,1
2026-04-07,BKK_Sukhumvit,Pineapple,130,6370.0,971.1,780,650.0,1528.8,2440.1000000000004,3.0,40.41,False,2399.6900000000005,2026-04,1
2026-04-07,BKK_Sukhumvit,Watermelon,221,9945.0,1604.46,1326,1105.0,2386.7999999999997,3522.7400000000002,7.0,92.82,False,3429.92,2026-04,1
2026-04-07,Pattaya_Beach,Guava,97,4753.0,947.6899999999999,582,533.5,1425.9,1263.9100000000003,5.0,78.85,False,1185.0600000000004,2026-04,1
2026-04-07,Pattaya_Beach,MixedBerryPremium,43,3827.0,1438.3500000000001,344,301.0,918.48,825.1699999999998,6.0,248.7,False,576.4699999999998,2026-04,1
2026-04-07,Pattaya_Beach,PassionFruit,80,5200.0,1493.6000000000001,480,480.0,1560.0,1186.4,6.0,148.02,False,1038.38,2026-04,1
2026-04-07,Pattaya_Beach,Pineapple,167,8183.0,1247.49,1002,835.0,2454.9,2643.61,7.0,94.29,False,2549.32,2026-04,1
2026-04-07,Pattaya_Beach,Watermelon,235,10575.0,1706.1,1410,1175.0,3172.5,3111.4,6.0,79.56,False,3031.84,2026-04,1
2026-04-07,Pattaya_Central,Guava,117,5733.0,1143.09,702,643.5,1375.92,1868.49,6.0,94.62,False,1773.87,2026-04,1
2026-04-07,Pattaya_Central,MixedBerryPremium,51,4539.0,1705.95,408,357.0,1089.36,978.6899999999998,14.0,580.3,False,398.3899999999999,2026-04,1
2026-04-07,Pattaya_Central,PassionFruit,99,6435.0,1848.3300000000002,594,594.0,1544.3999999999999,1854.27,14.0,345.38,False,1508.8899999999999,2026-04,1
2026-04-07,Pattaya_Central,Pineapple,203,9947.0,1516.41,1218,1015.0,2984.1,3213.49,9.0,121.23,False,3092.2599999999998,2026-04,1
2026-04-07,Pattaya_Central,Watermelon,244,10980.0,1771.44,1464,1220.0,3294.0,3230.5599999999995,5.0,66.3,False,3164.2599999999993,2026-04,1
2026-04-08,BKK_Ladprao,Guava,55,2695.0,537.3499999999999,330,302.5,808.5,716.6500000000001,3.0,47.31,False,669.3400000000001,2026-04,2
2026-04-08,BKK_Ladprao,MixedBerryPremium,44,3916.0,1471.8000000000002,352,308.0,939.84,844.3599999999999,32.0,1326.4,False,-482.0400000000002,2026-04,2
2026-04-08,BKK_Ladprao,PassionFruit,43,2795.0,802.8100000000001,258,258.0,838.5,637.6899999999999,6.0,148.02,False,489.66999999999996,2026-04,2
2026-04-08,BKK_Ladprao,Pineapple,73,3577.0,545.31,438,365.0,1073.1,1155.5900000000001,7.0,94.29,False,1061.3000000000002,2026-04,2
2026-04-08,BKK_Ladprao,Watermelon,120,5400.0,871.2,720,600.0,1620.0,1588.8,5.0,66.3,False,1522.5,2026-04,2
2026-04-08,BKK_Sukhumvit,Guava,99,4851.0,967.2299999999999,594,544.5,1164.24,1581.0300000000002,5.0,78.85,False,1502.1800000000003,2026-04,2
2026-04-08,BKK_Sukhumvit,MixedBerryPremium,45,4005.0,1505.25,360,315.0,961.1999999999999,863.55,12.0,497.4,False,366.15,2026-04,2
2026-04-08,BKK_Sukhumvit,PassionFruit,72,4680.0,1344.24,432,432.0,1404.0,1067.76,3.0,74.01,False,993.75,2026-04,2
2026-04-08,BKK_Sukhumvit,Pineapple,170,8330.0,1269.9,1020,850.0,2499.0,2691.1,7.0,94.29,False,2596.81,2026-04,2
2026-04-08,BKK_Sukhumvit,Watermelon,233,10485.0,1691.58,1398,1165.0,2516.4,3714.02,7.0,92.82,False,3621.2,2026-04,2
2026-04-08,Pattaya_Beach,Guava,88,4312.0,859.76,528,484.0,1293.6,1146.6400000000003,5.0,78.85,False,1067.7900000000004,2026-04,2
2026-04-08,Pattaya_Beach,MixedBerryPremium,46,4094.0,1538.7,368,322.0,982.56,882.7399999999999,16.0,663.2,False,219.53999999999985,2026-04,2
2026-04-08,Pattaya_Beach,PassionFruit,74,4810.0,1381.5800000000002,444,444.0,1154.3999999999999,1386.0199999999998,8.0,197.36,False,1188.6599999999999,2026-04,2
2026-04-08,Pattaya_Beach,Pineapple,176,8624.0,1314.72,1056,880.0,2587.2,2786.08,8.0,107.76,False,2678.3199999999997,2026-04,2
2026-04-08,Pattaya_Beach,Watermelon,217,9765.0,1575.42,1302,1085.0,2343.6,3458.98,4.0,53.04,False,3405.94,2026-04,2
2026-04-08,Pattaya_Central,Guava,110,5390.0,1074.7,660,605.0,1617.0,1433.3000000000002,5.0,78.85,False,1354.4500000000003,2026-04,2
2026-04-08,Pattaya_Central,MixedBerryPremium,68,6052.0,2274.6000000000004,544,476.0,1815.6,941.7999999999996,17.0,704.65,False,237.14999999999964,2026-04,2
2026-04-08,Pattaya_Central,PassionFruit,89,5785.0,1661.63,534,534.0,1735.5,1319.87,3.0,74.01,False,1245.86,2026-04,2
2026-04-08,Pattaya_Central,Pineapple,153,7497.0,1142.91,918,765.0,2249.1,2421.9900000000002,7.0,94.29,False,2327.7000000000003,2026-04,2
2026-04-08,Pattaya_Central,Watermelon,291,13095.0,2112.66,1746,1455.0,3928.5,3852.8399999999997,15.0,198.9,False,3653.9399999999996,2026-04,2
2026-04-09,BKK_Ladprao,Guava,53,2597.0,517.81,318,291.5,623.28,846.4100000000001,5.0,78.85,False,767.5600000000001,2026-04,3
2026-04-09,BKK_Ladprao,MixedBerryPremium,33,2937.0,1103.8500000000001,264,231.0,704.88,633.27,4.0,165.8,False,467.46999999999997,2026-04,3
2026-04-09,BKK_Ladprao,PassionFruit,31,2015.0,578.7700000000001,186,186.0,483.6,580.6299999999999,9.0,222.03,False,358.5999999999999,2026-04,3
2026-04-09,BKK_Ladprao,Pineapple,77,3773.0,575.19,462,385.0,905.52,1445.2900000000002,5.0,67.35,False,1377.9400000000003,2026-04,3
2026-04-09,BKK_Ladprao,Watermelon,110,4950.0,798.6,660,550.0,1485.0,1456.4,4.0,53.04,False,1403.3600000000001,2026-04,3
2026-04-09,BKK_Sukhumvit,Guava,85,4165.0,830.4499999999999,510,467.5,999.6,1357.45,6.0,94.62,False,1262.83,2026-04,3
2026-04-09,BKK_Sukhumvit,MixedBerryPremium,60,5340.0,2007.0000000000002,480,420.0,1602.0,830.9999999999995,21.0,870.45,False,-39.4500000000005,2026-04,3
2026-04-09,BKK_Sukhumvit,PassionFruit,55,3575.0,1026.8500000000001,330,330.0,1072.5,815.65,2.0,49.34,False,766.31,2026-04,3
2026-04-09,BKK_Sukhumvit,Pineapple,154,7546.0,1150.38,924,770.0,2263.7999999999997,2437.8199999999997,5.0,67.35,False,2370.47,2026-04,3
2026-04-09,BKK_Sukhumvit,Watermelon,210,9450.0,1524.6,1260,1050.0,2268.0,3347.4,10.0,132.6,False,3214.8,2026-04,3
2026-04-09,Pattaya_Beach,Guava,92,4508.0,898.8399999999999,552,506.0,1352.4,1198.7600000000002,7.0,110.39,False,1088.3700000000001,2026-04,3
2026-04-09,Pattaya_Beach,MixedBerryPremium,51,4539.0,1705.95,408,357.0,1361.6999999999998,706.3499999999997,11.0,455.95,False,250.3999999999997,2026-04,3
2026-04-09,Pattaya_Beach,PassionFruit,81,5265.0,1512.2700000000002,486,486.0,1579.5,1201.23,6.0,148.02,False,1053.21,2026-04,3
2026-04-09,Pattaya_Beach,Pineapple,143,7007.0,1068.21,858,715.0,1681.6799999999998,2684.1100000000006,6.0,80.82,False,2603.2900000000004,2026-04,3
2026-04-09,Pattaya_Beach,Watermelon,212,9540.0,1539.12,1272,1060.0,2289.6,3379.28,9.0,119.34,False,3259.94,2026-04,3
2026-04-09,Pattaya_Central,Guava,105,5145.0,1025.85,630,577.5,1234.8,1676.8500000000001,4.0,63.08,False,1613.7700000000002,2026-04,3
2026-04-09,Pattaya_Central,MixedBerryPremium,61,5429.0,2040.45,488,427.0,1628.7,844.8499999999997,13.0,538.85,False,305.99999999999966,2026-04,3
2026-04-09,Pattaya_Central,PassionFruit,94,6110.0,1754.98,564,564.0,1833.0,1394.02,8.0,197.36,False,1196.6599999999999,2026-04,3
2026-04-09,Pattaya_Central,Pineapple,183,8967.0,1367.01,1098,915.0,2690.1,2896.89,9.0,121.23,False,2775.66,2026-04,3
2026-04-09,Pattaya_Central,Watermelon,262,11790.0,1902.12,1572,1310.0,3537.0,3468.8799999999997,11.0,145.86,False,3323.0199999999995,2026-04,3
2026-04-10,BKK_Ladprao,Guava,45,2205.0,439.65,270,247.5,529.2,718.6500000000001,3.0,47.31,False,671.3400000000001,2026-04,4
2026-04-10,BKK_Ladprao,MixedBerryPremium,25,2225.0,836.2500000000001,200,175.0,667.5,346.2499999999999,6.0,248.7,False,97.5499999999999,2026-04,4
2026-04-10,BKK_Ladprao,PassionFruit,43,2795.0,802.8100000000001,258,258.0,670.8,805.3899999999999,4.0,98.68,False,706.7099999999998,2026-04,4
2026-04-10,BKK_Ladprao,Pineapple,82,4018.0,612.54,492,410.0,964.3199999999999,1539.14,6.0,80.82,False,1458.3200000000002,2026-04,4
2026-04-10,BKK_Ladprao,Watermelon,124,5580.0,900.24,744,620.0,1674.0,1641.76,3.0,39.78,False,1601.98,2026-04,4
2026-04-10,BKK_Sukhumvit,Guava,96,4704.0,937.92,576,528.0,1128.96,1533.12,3.0,47.31,False,1485.81,2026-04,4
2026-04-10,BKK_Sukhumvit,MixedBerryPremium,43,3827.0,1438.3500000000001,344,301.0,1148.1,595.5499999999997,9.0,373.05,False,222.49999999999972,2026-04,4
2026-04-10,BKK_Sukhumvit,PassionFruit,81,5265.0,1512.27,486,486.0,1579.5,1201.23,11.0,271.37,False,929.86,2026-04,4
2026-04-10,BKK_Sukhumvit,Pineapple,150,7350.0,1120.5,900,750.0,2205.0,2374.5,8.0,107.76,False,2266.74,2026-04,4
2026-04-10,BKK_Sukhumvit,Watermelon,239,10755.0,1735.14,1434,1195.0,2581.2,3809.66,10.0,132.6,False,3677.06,2026-04,4
2026-04-10,Pattaya_Beach,Guava,87,4263.0,849.99,522,478.5,1278.8999999999999,1133.6100000000001,5.0,78.85,False,1054.7600000000002,2026-04,4
2026-04-10,Pattaya_Beach,MixedBerryPremium,63,5607.0,2107.35,504,441.0,1682.1,872.5499999999997,14.0,580.3,False,292.2499999999998,2026-04,4
2026-04-10,Pattaya_Beach,PassionFruit,91,5915.0,1698.9700000000003,546,546.0,1774.5,1349.53,10.0,246.7,False,1102.83,2026-04,4
2026-04-10,Pattaya_Beach,Pineapple,174,8526.0,1299.78,1044,870.0,2557.7999999999997,2754.42,9.0,121.23,False,2633.19,2026-04,4
2026-04-10,Pattaya_Beach,Watermelon,238,10710.0,1727.88,1428,1190.0,3213.0,3151.12,6.0,79.56,False,3071.56,2026-04,4
2026-04-10,Pattaya_Central,Guava,114,5586.0,1113.78,684,627.0,1340.6399999999999,1820.5800000000002,7.0,110.39,False,1710.19,2026-04,4
2026-04-10,Pattaya_Central,MixedBerryPremium,70,6230.0,2341.5,560,490.0,1495.2,1343.2999999999997,10.0,414.5,False,928.7999999999997,2026-04,4
2026-04-10,Pattaya_Central,PassionFruit,106,6890.0,1979.0200000000002,636,636.0,2067.0,1571.9799999999998,7.0,172.69,False,1399.2899999999997,2026-04,4
2026-04-10,Pattaya_Central,Pineapple,179,8771.0,1337.13,1074,895.0,2631.2999999999997,2833.57,9.0,121.23,False,2712.34,2026-04,4
2026-04-10,Pattaya_Central,Watermelon,251,11295.0,1822.26,1506,1255.0,2710.7999999999997,4000.94,8.0,106.08,False,3894.86,2026-04,4
2026-04-11,BKK_Ladprao,Guava,50,2450.0,488.49999999999994,300,275.0,588.0,798.5,4.0,63.08,False,735.42,2026-04,5
2026-04-11,BKK_Ladprao,MixedBerryPremium,31,2345.15,1036.95,248,217.0,703.545,139.65499999999986,12.0,497.4,False,-357.7450000000001,2026-04,5
2026-04-11,BKK_Ladprao,PassionFruit,60,3900.0,1120.2,360,360.0,936.0,1123.8,13.0,320.71,False,803.0899999999999,2026-04,5
2026-04-11,BKK_Ladprao,Pineapple,87,4263.0,649.89,522,435.0,1278.8999999999999,1377.21,7.0,94.29,False,1282.92,2026-04,5
2026-04-11,BKK_Ladprao,Watermelon,135,6075.0,980.1,810,675.0,1458.0,2151.9,7.0,92.82,False,2059.08,2026-04,5
2026-04-11,BKK_Sukhumvit,Guava,90,4410.0,879.3,540,495.0,1323.0,1172.7,6.0,94.62,False,1078.08,2026-04,5
2026-04-11,BKK_Sukhumvit,MixedBerryPremium,69,5219.85,2308.05,552,483.0,1252.764,624.0359999999998,15.0,621.75,False,2.285999999999831,2026-04,5
2026-04-11,BKK_Sukhumvit,PassionFruit,78,5070.0,1456.2600000000002,468,468.0,1216.8,1460.9399999999996,7.0,172.69,False,1288.2499999999995,2026-04,5
2026-04-11,BKK_Sukhumvit,Pineapple,148,7252.0,1105.56,888,740.0,2175.6,2342.84,4.0,53.88,False,2288.96,2026-04,5
2026-04-11,BKK_Sukhumvit,Watermelon,219,9855.0,1589.94,1314,1095.0,2956.5,2899.56,8.0,106.08,False,2793.48,2026-04,5
2026-04-11,Pattaya_Beach,Guava,103,5047.0,1006.31,618,566.5,1211.28,1644.91,4.0,63.08,False,1581.8300000000002,2026-04,5
2026-04-11,Pattaya_Beach,MixedBerryPremium,68,5144.2,2274.6000000000004,544,476.0,1234.608,614.9919999999997,18.0,746.1,False,-131.1080000000003,2026-04,5
2026-04-11,Pattaya_Beach,PassionFruit,89,5785.0,1661.63,534,534.0,1735.5,1319.87,11.0,271.37,False,1048.5,2026-04,5
2026-04-11,Pattaya_Beach,Pineapple,184,9016.0,1374.48,1104,920.0,2704.8,2912.72,9.0,121.23,False,2791.49,2026-04,5
2026-04-11,Pattaya_Beach,Watermelon,280,12600.0,2032.8,1680,1400.0,3780.0,3707.2,6.0,79.56,False,3627.64,2026-04,5
2026-04-11,Pattaya_Central,Guava,133,6517.0,1299.4099999999999,798,731.5,1564.08,2124.01,6.0,94.62,False,2029.3900000000003,2026-04,5
2026-04-11,Pattaya_Central,MixedBerryPremium,106,8018.9,3545.7000000000003,848,742.0,1924.536,958.6639999999996,19.0,787.55,False,171.1139999999997,2026-04,5
2026-04-11,Pattaya_Central,PassionFruit,104,6760.0,1941.6800000000003,624,624.0,2028.0,1542.3199999999997,11.0,271.37,False,1270.9499999999998,2026-04,5
2026-04-11,Pattaya_Central,Pineapple,205,10045.0,1531.3500000000001,1230,1025.0,3013.5,3245.15,11.0,148.17,False,3096.98,2026-04,5
2026-04-11,Pattaya_Central,Watermelon,280,12600.0,2032.8,1680,1400.0,3780.0,3707.2,9.0,119.34,False,3587.8599999999997,2026-04,5
2026-04-12,BKK_Ladprao,Guava,79,3871.0,771.8299999999999,474,434.5,929.04,1261.63,7.0,110.39,False,1151.24,2026-04,6
2026-04-12,BKK_Ladprao,MixedBerryPremium,47,4183.0,1572.15,376,329.0,1254.8999999999999,650.9499999999998,29.0,1202.05,False,-551.1000000000001,2026-04,6
2026-04-12,BKK_Ladprao,PassionFruit,66,4290.0,1232.22,396,396.0,1287.0,978.78,5.0,123.35,False,855.43,2026-04,6
2026-04-12,BKK_Ladprao,Pineapple,138,6762.0,1030.86,828,690.0,1622.8799999999999,2590.26,8.0,107.76,False,2482.5,2026-04,6
2026-04-12,BKK_Ladprao,Watermelon,203,9135.0,1473.78,1218,1015.0,2740.5,2687.72,6.0,79.56,False,2608.16,2026-04,6
2026-04-12,BKK_Sukhumvit,Guava,152,7448.0,1485.04,912,836.0,2234.4,1980.5600000000002,6.0,94.62,False,1885.94,2026-04,6
2026-04-12,BKK_Sukhumvit,MixedBerryPremium,84,7476.0,2809.8,672,588.0,1794.24,1611.9599999999998,33.0,1367.85,False,244.1099999999999,2026-04,6
2026-04-12,BKK_Sukhumvit,PassionFruit,113,7345.0,2109.71,678,678.0,1762.8,2116.49,11.0,271.37,False,1845.12,2026-04,6
2026-04-12,BKK_Sukhumvit,Pineapple,202,9898.0,1508.94,1212,1010.0,2375.52,3791.5400000000004,6.0,80.82,False,3710.7200000000003,2026-04,6
2026-04-12,BKK_Sukhumvit,Watermelon,346,15570.0,2511.96,2076,1730.0,3736.7999999999997,5515.240000000001,10.0,132.6,False,5382.64,2026-04,6
2026-04-12,Pattaya_Beach,Guava,180,8820.0,1758.6,1080,990.0,2646.0,2345.4000000000005,9.0,141.93,False,2203.4700000000007,2026-04,6
2026-04-12,Pattaya_Beach,MixedBerryPremium,103,9167.0,3445.3500000000004,824,721.0,2750.1,1426.5499999999993,26.0,1077.7,False,348.8499999999992,2026-04,6
2026-04-12,Pattaya_Beach,PassionFruit,134,8710.0,2501.78,804,804.0,2613.0,1987.2199999999998,11.0,271.37,False,1715.85,2026-04,6
2026-04-12,Pattaya_Beach,Pineapple,298,14602.0,2226.06,1788,1490.0,4380.599999999999,4717.34,7.0,94.29,False,4623.05,2026-04,6
2026-04-12,Pattaya_Beach,Watermelon,449,20205.0,3259.7400000000002,2694,2245.0,6061.5,5944.76,10.0,132.6,False,5812.16,2026-04,6
2026-04-12,Pattaya_Central,Guava,190,9310.0,1856.3,1140,1045.0,2234.4,3034.3,10.0,157.7,False,2876.6000000000004,2026-04,6
2026-04-12,Pattaya_Central,MixedBerryPremium,121,10769.0,4047.4500000000003,968,847.0,2584.56,2321.99,16.0,663.2,False,1658.7899999999997,2026-04,6
2026-04-12,Pattaya_Central,PassionFruit,179,11635.0,3341.9300000000003,1074,1074.0,2792.3999999999996,3352.6699999999996,17.0,419.39,False,2933.2799999999997,2026-04,6
2026-04-12,Pattaya_Central,Pineapple,351,17199.0,2621.97,2106,1755.0,4127.76,6588.27,15.0,202.05,False,6386.22,2026-04,6
2026-04-12,Pattaya_Central,Watermelon,533,23985.0,3869.58,3198,2665.0,7195.5,7056.92,9.0,119.34,False,6937.58,2026-04,6
2026-04-13,BKK_Ladprao,Guava,77,3773.0,756.9100000000001,462,423.5,1131.9,998.6899999999999,4.0,63.32,False,935.3699999999999,2026-04,0
2026-04-13,BKK_Ladprao,MixedBerryPremium,44,3916.0,1548.36,352,308.0,939.8399999999999,767.8000000000002,22.0,950.18,False,-182.37999999999977,2026-04,0
2026-04-13,BKK_Ladprao,PassionFruit,61,3965.0,1122.3999999999999,366,366.0,1189.5,921.1000000000001,12.0,292.8,False,628.3000000000002,2026-04,0
2026-04-13,BKK_Ladprao,Pineapple,130,6370.0,941.2,780,650.0,1911.0,2087.8,5.0,66.2,False,2021.6000000000001,2026-04,0
2026-04-13,BKK_Ladprao,Watermelon,186,8370.0,1352.2199999999998,1116,930.0,2511.0,2460.78,4.0,53.08,False,2407.7000000000003,2026-04,0
2026-04-13,BKK_Sukhumvit,Guava,157,7693.0,1543.31,942,863.5,1846.32,2497.87,7.0,110.81,False,2387.06,2026-04,0
2026-04-13,BKK_Sukhumvit,MixedBerryPremium,66,5874.0,2322.54,528,462.0,1762.2,799.26,11.0,475.09,False,324.17,2026-04,0
2026-04-13,BKK_Sukhumvit,PassionFruit,124,8060.0,2281.6,744,744.0,1934.3999999999999,2356.0,8.0,195.2,False,2160.8,2026-04,0
2026-04-13,BKK_Sukhumvit,Pineapple,205,10045.0,1484.2,1230,1025.0,3013.5,3292.3,9.0,119.16,False,3173.1400000000003,2026-04,0
2026-04-13,BKK_Sukhumvit,Watermelon,337,15165.0,2449.99,2022,1685.0,4549.5,4458.51,12.0,159.24,False,4299.27,2026-04,0
2026-04-13,Pattaya_Beach,Guava,153,7497.0,1503.99,918,841.5,2249.1,1984.41,4.0,63.32,False,1921.0900000000001,2026-04,0
2026-04-13,Pattaya_Beach,MixedBerryPremium,103,9167.0,3624.5699999999997,824,721.0,2200.08,1797.3500000000004,32.0,1382.08,False,415.27000000000044,2026-04,0
2026-04-13,Pattaya_Beach,PassionFruit,139,9035.0,2557.6,834,834.0,2710.5,2098.9,13.0,317.2,False,1781.7,2026-04,0
2026-04-13,Pattaya_Beach,Pineapple,204,9996.0,1476.96,1224,1020.0,2399.04,3876.0,6.0,79.44,False,3796.56,2026-04,0
2026-04-13,Pattaya_Beach,Watermelon,371,16695.0,2697.17,2226,1855.0,5008.5,4908.33,9.0,119.43,False,4788.9,2026-04,0
2026-04-13,Pattaya_Central,Guava,175,8575.0,1720.25,1050,962.5,2572.5,2269.75,8.0,126.64,False,2143.11,2026-04,0
2026-04-13,Pattaya_Central,MixedBerryPremium,84,7476.0,2955.96,672,588.0,1794.24,1465.8000000000002,10.0,431.9,False,1033.9,2026-04,0
2026-04-13,Pattaya_Central,PassionFruit,140,9100.0,2576.0,840,840.0,2184.0,2660.0,12.0,292.8,False,2367.2,2026-04,0
2026-04-13,Pattaya_Central,Pineapple,286,14014.0,2070.6400000000003,1716,1430.0,3363.3599999999997,5434.0,11.0,145.64,False,5288.36,2026-04,0
2026-04-13,Pattaya_Central,Watermelon,440,19800.0,3198.7999999999997,2640,2200.0,4752.0,7009.200000000001,8.0,106.16,False,6903.040000000001,2026-04,0
2026-04-14,BKK_Ladprao,Guava,73,3577.0,717.59,438,401.5,1073.1,946.81,7.0,110.81,False,836.0,2026-04,1
2026-04-14,BKK_Ladprao,MixedBerryPremium,52,4628.0,1829.8799999999999,416,364.0,1388.4,629.72,9.0,388.71,False,241.01000000000005,2026-04,1
2026-04-14,BKK_Ladprao,PassionFruit,58,3770.0,1067.1999999999998,348,348.0,1131.0,875.8000000000002,8.0,195.2,False,680.6000000000001,2026-04,1
2026-04-14,BKK_Ladprao,Pineapple,131,6419.0,948.44,786,655.0,1925.6999999999998,2103.86,6.0,79.44,False,2024.42,2026-04,1
2026-04-14,BKK_Ladprao,Watermelon,208,9360.0,1512.1599999999999,1248,1040.0,2246.4,3313.44,5.0,66.35,False,3247.09,2026-04,1
2026-04-14,BKK_Sukhumvit,Guava,147,7203.0,1445.01,882,808.5,1728.72,2338.77,9.0,142.47,False,2196.3,2026-04,1
2026-04-14,BKK_Sukhumvit,MixedBerryPremium,92,8188.0,3237.4799999999996,736,644.0,1965.12,1605.4000000000003,26.0,1122.94,False,482.46000000000026,2026-04,1
2026-04-14,BKK_Sukhumvit,PassionFruit,111,7215.0,2042.3999999999999,666,666.0,1731.6,2109.0,7.0,170.8,False,1938.2,2026-04,1
2026-04-14,BKK_Sukhumvit,Pineapple,213,10437.0,1542.1200000000001,1278,1065.0,2504.88,4047.0,6.0,79.44,False,3967.56,2026-04,1
2026-04-14,BKK_Sukhumvit,Watermelon,308,13860.0,2239.16,1848,1540.0,4158.0,4074.84,10.0,132.7,False,3942.1400000000003,2026-04,1
2026-04-14,Pattaya_Beach,Guava,147,7203.0,1445.01,882,808.5,2160.9,1906.59,6.0,94.98,False,1811.61,2026-04,1
2026-04-14,Pattaya_Beach,MixedBerryPremium,83,7387.0,2920.77,664,581.0,1772.8799999999999,1448.3500000000004,16.0,691.04,False,757.3100000000004,2026-04,1
2026-04-14,Pattaya_Beach,PassionFruit,112,7280.0,2060.7999999999997,672,672.0,2184.0,1691.2000000000003,8.0,195.2,False,1496.0000000000002,2026-04,1
2026-04-14,Pattaya_Beach,Pineapple,256,12544.0,1853.44,1536,1280.0,3763.2,4111.360000000001,7.0,92.68,False,4018.6800000000007,2026-04,1
2026-04-14,Pattaya_Beach,Watermelon,370,16650.0,2689.8999999999996,2220,1850.0,3996.0,5894.1,9.0,119.43,False,5774.67,2026-04,1
2026-04-14,Pattaya_Central,Guava,168,8232.0,1651.44,1008,924.0,1975.6799999999998,2672.88,8.0,126.64,False,2546.2400000000002,2026-04,1
2026-04-14,Pattaya_Central,MixedBerryPremium,106,9434.0,3730.14,848,742.0,2264.16,1849.7000000000003,27.0,1166.13,False,683.5700000000002,2026-04,1
2026-04-14,Pattaya_Central,PassionFruit,145,9425.0,2668.0,870,870.0,2827.5,2189.5,10.0,244.0,False,1945.5,2026-04,1
2026-04-14,Pattaya_Central,Pineapple,279,13671.0,2019.96,1674,1395.0,4101.3,4480.74,10.0,132.4,False,4348.34,2026-04,1
2026-04-14,Pattaya_Central,Watermelon,427,19215.0,3104.29,2562,2135.0,5764.5,5649.21,14.0,185.78,False,5463.43,2026-04,1
2026-04-15,BKK_Ladprao,Guava,79,3871.0,776.57,474,434.5,929.04,1256.89,5.0,79.15,False,1177.74,2026-04,2
2026-04-15,BKK_Ladprao,MixedBerryPremium,53,4717.0,1865.07,424,371.0,1132.08,924.8500000000003,14.0,604.66,False,320.1900000000003,2026-04,2
2026-04-15,BKK_Ladprao,PassionFruit,66,4290.0,1214.3999999999999,396,396.0,1287.0,996.6000000000001,7.0,170.8,False,825.8000000000002,2026-04,2
2026-04-15,BKK_Ladprao,Pineapple,143,7007.0,1035.32,858,715.0,1681.6799999999998,2717.0,15.0,198.6,False,2518.4,2026-04,2
2026-04-15,BKK_Ladprao,Watermelon,198,8910.0,1439.4599999999998,1188,990.0,2673.0,2619.5400000000004,7.0,92.89,False,2526.6500000000005,2026-04,2
2026-04-15,BKK_Sukhumvit,Guava,142,6958.0,1395.8600000000001,852,781.0,2087.3999999999996,1841.74,8.0,126.64,False,1715.1,2026-04,2
2026-04-15,BKK_Sukhumvit,MixedBerryPremium,85,7565.0,2991.1499999999996,680,595.0,2269.5,1029.35,24.0,1036.56,False,-7.210000000000036,2026-04,2
2026-04-15,BKK_Sukhumvit,PassionFruit,114,7410.0,2097.6,684,684.0,2223.0,1721.4000000000003,13.0,317.2,False,1404.2000000000003,2026-04,2
2026-04-15,BKK_Sukhumvit,Pineapple,223,10927.0,1614.52,1338,1115.0,2622.48,4237.0,10.0,132.4,False,4104.6,2026-04,2
2026-04-15,BKK_Sukhumvit,Watermelon,367,16515.0,2668.0899999999997,2202,1835.0,4954.5,4855.41,7.0,92.89,False,4762.5199999999995,2026-04,2
2026-04-15,Pattaya_Beach,Guava,143,7007.0,1405.69,858,786.5,1681.6799999999998,2275.13,7.0,110.81,False,2164.32,2026-04,2
2026-04-15,Pattaya_Beach,MixedBerryPremium,81,7209.0,2850.39,648,567.0,1730.1599999999999,1413.4500000000005,18.0,777.42,False,636.0300000000005,2026-04,2
2026-04-15,Pattaya_Beach,PassionFruit,110,7150.0,2024.0,660,660.0,1716.0,2090.0,8.0,195.2,False,1894.8,2026-04,2
2026-04-15,Pattaya_Beach,Pineapple,240,11760.0,1737.6,1440,1200.0,3528.0,3854.4000000000005,11.0,145.64,False,3708.7600000000007,2026-04,2
2026-04-15,Pattaya_Beach,Watermelon,360,16200.0,2617.2,2160,1800.0,4860.0,4762.8,15.0,199.05,False,4563.75,2026-04,2
2026-04-15,Pattaya_Central,Guava,182,8918.0,1789.06,1092,1001.0,2675.4,2360.54,5.0,79.15,False,2281.39,2026-04,2
2026-04-15,Pattaya_Central,MixedBerryPremium,82,7298.0,2885.58,656,574.0,1751.52,1430.9000000000003,26.0,1122.94,False,307.96000000000026,2026-04,2
2026-04-15,Pattaya_Central,PassionFruit,153,9945.0,2815.2,918,918.0,2983.5,2310.3,5.0,122.0,False,2188.3,2026-04,2
2026-04-15,Pattaya_Central,Pineapple,276,13524.0,1998.24,1656,1380.0,4057.2,4432.56,17.0,225.08,False,4207.4800000000005,2026-04,2
2026-04-15,Pattaya_Central,Watermelon,416,18720.0,3024.3199999999997,2496,2080.0,5616.0,5503.68,16.0,212.32,False,5291.360000000001,2026-04,2
2026-04-16,BKK_Ladprao,Guava,143,5955.95,1405.69,858,786.5,1786.7849999999999,1118.9750000000001,10.0,158.3,False,960.6750000000002,2026-04,3
2026-04-16,BKK_Ladprao,MixedBerryPremium,46,4094.0,1618.7399999999998,368,322.0,1228.2,557.0600000000001,36.0,1554.84,False,-997.7799999999999,2026-04,3
2026-04-16,BKK_Ladprao,PassionFruit,73,4745.0,1343.1999999999998,438,438.0,1423.5,1102.3000000000002,10.0,244.0,False,858.3000000000002,2026-04,3
2026-04-16,BKK_Ladprao,Pineapple,121,5929.0,876.04,726,605.0,1778.6999999999998,1943.2600000000002,7.0,92.68,False,1850.5800000000002,2026-04,3
2026-04-16,BKK_Ladprao,Watermelon,213,9585.0,1548.51,1278,1065.0,2875.5,2817.9900000000002,9.0,119.43,False,2698.5600000000004,2026-04,3
2026-04-16,BKK_Sukhumvit,Guava,190,7913.5,1867.7,1140,1045.0,2374.0499999999997,1486.7500000000002,13.0,205.79,False,1280.9600000000003,2026-04,3
2026-04-16,BKK_Sukhumvit,MixedBerryPremium,65,5785.0,2287.35,520,455.0,1735.5,787.1500000000001,11.0,475.09,False,312.0600000000001,2026-04,3
2026-04-16,BKK_Sukhumvit,PassionFruit,107,6955.0,1968.8,642,642.0,2086.5,1615.7000000000003,10.0,244.0,False,1371.7000000000003,2026-04,3
2026-04-16,BKK_Sukhumvit,Pineapple,225,11025.0,1629.0,1350,1125.0,3307.5,3613.5,8.0,105.92,False,3507.58,2026-04,3
2026-04-16,BKK_Sukhumvit,Watermelon,369,16605.0,2682.6299999999997,2214,1845.0,3985.2,5878.17,8.0,106.16,False,5772.01,2026-04,3
2026-04-16,Pattaya_Beach,Guava,189,7871.849999999999,1857.87,1134,1039.5,2361.555,1478.9250000000002,7.0,110.81,False,1368.1150000000002,2026-04,3
2026-04-16,Pattaya_Beach,MixedBerryPremium,63,5607.0,2216.97,504,441.0,1345.6799999999998,1099.3500000000001,6.0,259.14,False,840.2100000000002,2026-04,3
2026-04-16,Pattaya_Beach,PassionFruit,128,8320.0,2355.2,768,768.0,2496.0,1932.8000000000002,8.0,195.2,False,1737.6000000000001,2026-04,3
2026-04-16,Pattaya_Beach,Pineapple,242,11858.0,1752.08,1452,1210.0,3557.4,3886.5200000000004,8.0,105.92,False,3780.6000000000004,2026-04,3
2026-04-16,Pattaya_Beach,Watermelon,351,15795.0,2551.77,2106,1755.0,3790.7999999999997,5591.43,6.0,79.62,False,5511.81,2026-04,3
2026-04-16,Pattaya_Central,Guava,239,9954.35,2349.37,1434,1314.5,2986.305,1870.175,13.0,205.79,False,1664.385,2026-04,3
2026-04-16,Pattaya_Central,MixedBerryPremium,82,7298.0,2885.58,656,574.0,1751.52,1430.9000000000003,15.0,647.85,False,783.0500000000003,2026-04,3
2026-04-16,Pattaya_Central,PassionFruit,151,9815.0,2778.3999999999996,906,906.0,2944.5,2280.1000000000004,16.0,390.4,False,1889.7000000000003,2026-04,3
2026-04-16,Pattaya_Central,Pineapple,305,14945.0,2208.2,1830,1525.0,3586.7999999999997,5795.0,10.0,132.4,False,5662.6,2026-04,3
2026-04-16,Pattaya_Central,Watermelon,440,19800.0,3198.7999999999997,2640,2200.0,4752.0,7009.200000000001,18.0,238.86,False,6770.340000000001,2026-04,3
2026-04-17,BKK_Ladprao,Guava,54,2646.0,530.82,324,297.0,793.8,700.38,3.0,47.49,False,652.89,2026-04,4
2026-04-17,BKK_Ladprao,MixedBerryPremium,29,2581.0,1020.51,232,203.0,774.3,351.19,14.0,604.66,False,-253.46999999999997,2026-04,4
2026-04-17,BKK_Ladprao,PassionFruit,41,2665.0,754.4,246,246.0,799.5,619.1000000000001,4.0,97.6,False,521.5000000000001,2026-04,4
2026-04-17,BKK_Ladprao,Pineapple,79,3871.0,571.96,474,395.0,1161.3,1268.7400000000002,9.0,119.16,False,1149.5800000000002,2026-04,4
2026-04-17,BKK_Ladprao,Watermelon,122,5490.0,886.9399999999999,732,610.0,1317.6,1943.46,6.0,79.62,False,1863.8400000000001,2026-04,4
2026-04-17,BKK_Sukhumvit,Guava,88,4312.0,865.04,528,484.0,1034.8799999999999,1400.0800000000002,3.0,47.49,False,1352.5900000000001,2026-04,4
2026-04-17,BKK_Sukhumvit,MixedBerryPremium,38,3382.0,1337.2199999999998,304,266.0,811.68,663.1000000000001,7.0,302.33,False,360.77000000000015,2026-04,4
2026-04-17,BKK_Sukhumvit,PassionFruit,82,5330.0,1508.8,492,492.0,1599.0,1238.2000000000003,8.0,195.2,False,1043.0000000000002,2026-04,4
2026-04-17,BKK_Sukhumvit,Pineapple,146,7154.0,1057.04,876,730.0,1716.96,2774.0,10.0,132.4,False,2641.6,2026-04,4
2026-04-17,BKK_Sukhumvit,Watermelon,223,10035.0,1621.2099999999998,1338,1115.0,3010.5,2950.29,9.0,119.43,False,2830.86,2026-04,4
2026-04-17,Pattaya_Beach,Guava,98,4802.0,963.34,588,539.0,1440.6,1271.06,9.0,142.47,False,1128.59,2026-04,4
2026-04-17,Pattaya_Beach,MixedBerryPremium,53,4717.0,1865.07,424,371.0,1132.08,924.8500000000003,9.0,388.71,False,536.1400000000003,2026-04,4
2026-04-17,Pattaya_Beach,PassionFruit,89,5785.0,1637.6,534,534.0,1735.5,1343.9,10.0,244.0,False,1099.9,2026-04,4
2026-04-17,Pattaya_Beach,Pineapple,162,7938.0,1172.88,972,810.0,1905.12,3078.0,5.0,66.2,False,3011.8,2026-04,4
2026-04-17,Pattaya_Beach,Watermelon,210,9450.0,1526.6999999999998,1260,1050.0,2835.0,2778.3,4.0,53.08,False,2725.2200000000003,2026-04,4
2026-04-17,Pattaya_Central,Guava,109,5341.0,1071.47,654,599.5,1281.84,1734.19,4.0,63.32,False,1670.8700000000001,2026-04,4
2026-04-17,Pattaya_Central,MixedBerryPremium,52,4628.0,1829.8799999999999,416,364.0,1388.3999999999999,629.72,13.0,561.47,False,68.25,2026-04,4
2026-04-17,Pattaya_Central,PassionFruit,79,5135.0,1453.6,474,474.0,1540.5,1192.9,6.0,146.4,False,1046.5,2026-04,4
2026-04-17,Pattaya_Central,Pineapple,157,7693.0,1136.68,942,785.0,2307.9,2521.42,6.0,79.44,False,2441.98,2026-04,4
2026-04-17,Pattaya_Central,Watermelon,231,10395.0,1679.37,1386,1155.0,2494.7999999999997,3679.83,8.0,106.16,False,3573.67,2026-04,4
2026-04-18,BKK_Ladprao,Guava,57,2793.0,560.3100000000001,342,313.5,670.32,906.87,3.0,47.49,False,859.38,2026-04,5
2026-04-18,BKK_Ladprao,MixedBerryPremium,32,2848.0,1126.08,256,224.0,854.4,387.52000000000004,14.0,604.66,False,-217.13999999999993,2026-04,5
2026-04-18,BKK_Ladprao,PassionFruit,41,2665.0,754.4,246,246.0,799.5,619.1,4.0,97.6,False,521.5,2026-04,5
2026-04-18,BKK_Ladprao,Pineapple,79,3871.0,571.96,474,395.0,1161.3,1268.7400000000002,7.0,92.68,False,1176.0600000000002,2026-04,5
2026-04-18,BKK_Ladprao,Watermelon,139,6255.0,1010.53,834,695.0,1501.2,2214.27,5.0,66.35,False,2147.92,2026-04,5
2026-04-18,BKK_Sukhumvit,Guava,109,5341.0,1071.47,654,599.5,1602.3,1413.73,5.0,79.15,False,1334.58,2026-04,5
2026-04-18,BKK_Sukhumvit,MixedBerryPremium,46,4094.0,1618.7399999999998,368,322.0,1228.2,557.06,13.0,561.47,False,-4.410000000000082,2026-04,5
2026-04-18,BKK_Sukhumvit,PassionFruit,53,3445.0,975.1999999999999,318,318.0,1033.5,800.3000000000001,5.0,122.0,False,678.3000000000001,2026-04,5
2026-04-18,BKK_Sukhumvit,Pineapple,142,6958.0,1028.08,852,710.0,1669.92,2698.0,7.0,92.68,False,2605.32,2026-04,5
2026-04-18,BKK_Sukhumvit,Watermelon,228,10260.0,1657.56,1368,1140.0,3078.0,3016.44,7.0,92.89,False,2923.55,2026-04,5
2026-04-18,Pattaya_Beach,Guava,106,5194.0,1041.98,636,583.0,1246.56,1686.46,5.0,79.15,False,1607.31,2026-04,5
2026-04-18,Pattaya_Beach,MixedBerryPremium,47,4183.0,1653.9299999999998,376,329.0,1003.92,820.1500000000002,11.0,475.09,False,345.06000000000023,2026-04,5
2026-04-18,Pattaya_Beach,PassionFruit,87,5655.0,1600.8,522,522.0,1357.2,1653.0,9.0,219.6,False,1433.4,2026-04,5
2026-04-18,Pattaya_Beach,Pineapple,198,9702.0,1433.52,1188,990.0,2328.48,3762.0,13.0,172.12,False,3589.88,2026-04,5
2026-04-18,Pattaya_Beach,Watermelon,301,13545.0,2188.27,1806,1505.0,3250.7999999999997,4794.93,4.0,53.08,False,4741.85,2026-04,5
2026-04-18,Pattaya_Central,Guava,140,6860.0,1376.2,840,770.0,2058.0,1815.8,8.0,126.64,False,1689.1599999999999,2026-04,5
2026-04-18,Pattaya_Central,MixedBerryPremium,75,6675.0,2639.25,600,525.0,2002.5,908.2500000000001,15.0,647.85,False,260.4000000000001,2026-04,5
2026-04-18,Pattaya_Central,PassionFruit,121,7865.0,2226.3999999999996,726,726.0,1887.6,2299.0,16.0,390.4,False,1908.6,2026-04,5
2026-04-18,Pattaya_Central,Pineapple,231,11319.0,1672.44,1386,1155.0,2716.56,4389.0,4.0,52.96,False,4336.04,2026-04,5
2026-04-18,Pattaya_Central,Watermelon,313,14085.0,2275.5099999999998,1878,1565.0,4225.5,4140.99,12.0,159.24,False,3981.75,2026-04,5
2026-04-19,BKK_Ladprao,Guava,64,3136.0,629.12,384,352.0,940.8,830.0799999999999,2.0,31.66,False,798.42,2026-04,6
2026-04-19,BKK_Ladprao,MixedBerryPremium,26,2314.0,914.9399999999999,208,182.0,555.36,453.7000000000001,14.0,604.66,False,-150.95999999999987,2026-04,6
2026-04-19,BKK_Ladprao,PassionFruit,41,2665.0,754.4,246,246.0,799.5,619.1,5.0,122.0,False,497.1,2026-04,6
2026-04-19,BKK_Ladprao,Pineapple,87,4263.0,629.88,522,435.0,1023.12,1653.0,5.0,66.2,False,1586.8,2026-04,6
2026-04-19,BKK_Ladprao,Watermelon,132,5940.0,959.64,792,660.0,1782.0,1746.3600000000001,7.0,92.89,False,1653.47,2026-04,6
2026-04-19,BKK_Sukhumvit,Guava,78,3822.0,766.74,468,429.0,917.28,1240.98,1.0,15.83,False,1225.15,2026-04,6
2026-04-19,BKK_Sukhumvit,MixedBerryPremium,43,3827.0,1513.1699999999998,344,301.0,1148.1,520.73,7.0,302.33,False,218.40000000000003,2026-04,6
2026-04-19,BKK_Sukhumvit,PassionFruit,69,4485.0,1269.6,414,414.0,1076.4,1311.0,7.0,170.8,False,1140.2,2026-04,6
2026-04-19,BKK_Sukhumvit,Pineapple,138,6762.0,999.12,828,690.0,1622.8799999999999,2622.0,6.0,79.44,False,2542.56,2026-04,6
2026-04-19,BKK_Sukhumvit,Watermelon,200,9000.0,1454.0,1200,1000.0,2700.0,2646.0,10.0,132.7,False,2513.3,2026-04,6
2026-04-19,Pattaya_Beach,Guava,114,5586.0,1120.62,684,627.0,1675.8,1478.58,3.0,47.49,False,1431.09,2026-04,6
2026-04-19,Pattaya_Beach,MixedBerryPremium,62,5518.0,2181.7799999999997,496,434.0,1655.3999999999999,750.8200000000002,20.0,863.8,False,-112.97999999999979,2026-04,6
2026-04-19,Pattaya_Beach,PassionFruit,111,7215.0,2042.3999999999999,666,666.0,1731.6,2109.0,18.0,439.2,False,1669.8,2026-04,6
2026-04-19,Pattaya_Beach,Pineapple,185,9065.0,1339.4,1110,925.0,2175.6,3515.0,9.0,119.16,False,3395.84,2026-04,6
2026-04-19,Pattaya_Beach,Watermelon,242,10890.0,1759.34,1452,1210.0,2613.6,3855.0600000000004,3.0,39.81,False,3815.2500000000005,2026-04,6
2026-04-19,Pattaya_Central,Guava,131,6419.0,1287.73,786,720.5,1540.56,2084.21,9.0,142.47,False,1941.74,2026-04,6
2026-04-19,Pattaya_Central,MixedBerryPremium,82,7298.0,2885.58,656,574.0,2189.3999999999996,993.0200000000001,16.0,691.04,False,301.98000000000013,2026-04,6
2026-04-19,Pattaya_Central,PassionFruit,108,7020.0,1987.1999999999998,648,648.0,2106.0,1630.8000000000002,5.0,122.0,False,1508.8000000000002,2026-04,6
2026-04-19,Pattaya_Central,Pineapple,200,9800.0,1448.0,1200,1000.0,2352.0,3800.0,6.0,79.44,False,3720.56,2026-04,6
2026-04-19,Pattaya_Central,Watermelon,298,13410.0,2166.46,1788,1490.0,4023.0,3942.54,10.0,132.7,False,3809.84,2026-04,6
2026-04-20,BKK_Ladprao,Guava,59,2891.0,529.82,354,324.5,867.3,815.3800000000001,7.0,104.86,False,710.5200000000001,2026-04,0
2026-04-20,BKK_Ladprao,MixedBerryPremium,26,2314.0,937.04,208,182.0,694.1999999999999,292.7600000000001,21.0,924.84,False,-632.0799999999999,2026-04,0
2026-04-20,BKK_Ladprao,PassionFruit,29,1885.0,569.27,174,174.0,565.5,402.23000000000013,5.0,128.15,False,274.08000000000015,2026-04,0
2026-04-20,BKK_Ladprao,Pineapple,94,4606.0,750.1200000000001,564,470.0,1105.44,1716.44,6.0,83.88,False,1632.56,2026-04,0
2026-04-20,BKK_Ladprao,Watermelon,119,5355.0,821.1,714,595.0,1606.5,1618.4,12.0,154.8,False,1463.6000000000001,2026-04,0
2026-04-20,BKK_Sukhumvit,Guava,79,3871.0,709.4200000000001,474,434.5,1161.3,1091.78,5.0,74.9,False,1016.88,2026-04,0
2026-04-20,BKK_Sukhumvit,MixedBerryPremium,57,5073.0,2054.2799999999997,456,399.0,1521.8999999999999,641.8200000000002,14.0,616.56,False,25.26000000000022,2026-04,0
2026-04-20,BKK_Sukhumvit,PassionFruit,67,4355.0,1315.21,402,402.0,1045.2,1190.5900000000001,7.0,179.41,False,1011.1800000000002,2026-04,0
2026-04-20,BKK_Sukhumvit,Pineapple,131,6419.0,1045.38,786,655.0,1925.7,2006.92,5.0,69.9,False,1937.02,2026-04,0
2026-04-20,BKK_Sukhumvit,Watermelon,204,9180.0,1407.6000000000001,1224,1020.0,2203.2,3325.2000000000003,8.0,103.2,False,3222.0000000000005,2026-04,0
2026-04-20,Pattaya_Beach,Guava,94,4606.0,844.12,564,517.0,1381.8,1299.0800000000002,6.0,89.88,False,1209.2000000000003,2026-04,0
2026-04-20,Pattaya_Beach,MixedBerryPremium,39,3471.0,1405.56,312,273.0,833.04,647.3999999999999,15.0,660.6,False,-13.20000000000016,2026-04,0
2026-04-20,Pattaya_Beach,PassionFruit,75,4875.0,1472.25,450,450.0,1170.0,1332.7500000000002,4.0,102.52,False,1230.2300000000002,2026-04,0
2026-04-20,Pattaya_Beach,Pineapple,161,7889.0,1284.78,966,805.0,2366.7,2466.52,5.0,69.9,False,2396.62,2026-04,0
2026-04-20,Pattaya_Beach,Watermelon,222,9990.0,1531.8000000000002,1332,1110.0,2397.6,3618.6000000000004,6.0,77.4,False,3541.2000000000003,2026-04,0
2026-04-20,Pattaya_Central,Guava,102,4998.0,915.96,612,561.0,1199.52,1709.52,7.0,104.86,False,1604.66,2026-04,0
2026-04-20,Pattaya_Central,MixedBerryPremium,63,5607.0,2270.52,504,441.0,1345.6799999999998,1045.8,20.0,880.8,False,165.0,2026-04,0
2026-04-20,Pattaya_Central,PassionFruit,92,5980.0,1805.96,552,552.0,1794.0,1276.0400000000004,3.0,76.89,False,1199.1500000000003,2026-04,0
2026-04-20,Pattaya_Central,Pineapple,187,9163.0,1492.26,1122,935.0,2748.9,2864.84,7.0,97.86,False,2766.98,2026-04,0
2026-04-20,Pattaya_Central,Watermelon,296,13320.0,2042.4,1776,1480.0,3996.0,4025.6000000000004,10.0,129.0,False,3896.6000000000004,2026-04,0
2026-04-21,BKK_Ladprao,Guava,57,2793.0,511.86000000000007,342,313.5,670.3199999999999,955.32,6.0,89.88,False,865.44,2026-04,1
2026-04-21,BKK_Ladprao,MixedBerryPremium,36,3204.0,1297.44,288,252.0,961.1999999999999,405.3600000000001,16.0,704.64,False,-299.27999999999986,2026-04,1
2026-04-21,BKK_Ladprao,PassionFruit,34,2210.0,667.42,204,204.0,663.0,471.58000000000015,5.0,128.15,False,343.4300000000002,2026-04,1
2026-04-21,BKK_Ladprao,Pineapple,88,4312.0,702.24,528,440.0,1293.6,1348.16,5.0,69.9,False,1278.26,2026-04,1
2026-04-21,BKK_Ladprao,Watermelon,128,5760.0,883.2,768,640.0,1382.3999999999999,2086.4,6.0,77.4,False,2009.0,2026-04,1
2026-04-21,BKK_Sukhumvit,Guava,74,3626.0,664.5200000000001,444,407.0,1087.8,1022.6800000000001,3.0,44.94,False,977.74,2026-04,1
2026-04-21,BKK_Sukhumvit,MixedBerryPremium,45,4005.0,1621.8,360,315.0,1201.5,506.70000000000016,13.0,572.52,False,-65.81999999999982,2026-04,1
2026-04-21,BKK_Sukhumvit,PassionFruit,67,4355.0,1315.21,402,402.0,1045.2,1190.5900000000001,6.0,153.78,False,1036.8100000000002,2026-04,1
2026-04-21,BKK_Sukhumvit,Pineapple,142,6958.0,1133.16,852,710.0,1669.9199999999998,2592.92,7.0,97.86,False,2495.06,2026-04,1
2026-04-21,BKK_Sukhumvit,Watermelon,217,9765.0,1497.3000000000002,1302,1085.0,2929.5,2951.2,7.0,90.3,False,2860.8999999999996,2026-04,1
2026-04-21,Pattaya_Beach,Guava,96,4704.0,862.08,576,528.0,1128.96,1608.96,3.0,44.94,False,1564.02,2026-04,1
2026-04-21,Pattaya_Beach,MixedBerryPremium,53,4717.0,1910.12,424,371.0,1132.08,879.8,7.0,308.28,False,571.52,2026-04,1
2026-04-21,Pattaya_Beach,PassionFruit,75,4875.0,1472.25,450,450.0,1462.5,1040.2500000000005,3.0,76.89,False,963.3600000000005,2026-04,1
2026-04-21,Pattaya_Beach,Pineapple,178,8722.0,1420.44,1068,890.0,2093.2799999999997,3250.28,10.0,139.8,False,3110.48,2026-04,1
2026-04-21,Pattaya_Beach,Watermelon,216,9720.0,1490.4,1296,1080.0,2332.7999999999997,3520.8,5.0,64.5,False,3456.3,2026-04,1
2026-04-21,Pattaya_Central,Guava,109,5341.0,978.82,654,599.5,1602.3,1506.38,5.0,74.9,False,1431.48,2026-04,1
2026-04-21,Pattaya_Central,MixedBerryPremium,61,5429.0,2198.44,488,427.0,1628.7,686.8600000000002,14.0,616.56,False,70.3000000000003,2026-04,1
2026-04-21,Pattaya_Central,PassionFruit,100,6500.0,1963.0,600,600.0,1560.0,1777.0000000000002,10.0,256.3,False,1520.7000000000003,2026-04,1
2026-04-21,Pattaya_Central,Pineapple,197,9653.0,1572.0600000000002,1182,985.0,2895.8999999999996,3018.04,6.0,83.88,False,2934.16,2026-04,1
2026-04-21,Pattaya_Central,Watermelon,261,11745.0,1800.9,1566,1305.0,3523.5,3549.6,7.0,90.3,False,3459.2999999999997,2026-04,1
2026-04-22,BKK_Ladprao,Guava,68,3332.0,610.64,408,374.0,999.6,939.76,3.0,44.94,False,894.8199999999999,2026-04,2
2026-04-22,BKK_Ladprao,MixedBerryPremium,26,2314.0,937.04,208,182.0,555.36,431.5999999999999,9.0,396.36,False,35.239999999999895,2026-04,2
2026-04-22,BKK_Ladprao,PassionFruit,44,2860.0,863.7199999999999,264,264.0,686.4,781.8800000000001,7.0,179.41,False,602.4700000000001,2026-04,2
2026-04-22,BKK_Ladprao,Pineapple,87,4263.0,694.26,522,435.0,1278.9,1332.8400000000001,5.0,69.9,False,1262.94,2026-04,2
2026-04-22,BKK_Ladprao,Watermelon,128,5760.0,883.2,768,640.0,1728.0,1740.8,6.0,77.4,False,1663.3999999999999,2026-04,2
2026-04-22,BKK_Sukhumvit,Guava,72,3528.0,646.5600000000001,432,396.0,1058.3999999999999,995.04,5.0,74.9,False,920.14,2026-04,2
2026-04-22,BKK_Sukhumvit,MixedBerryPremium,43,3827.0,1549.72,344,301.0,1148.1,484.1800000000001,13.0,572.52,False,-88.33999999999986,2026-04,2
2026-04-22,BKK_Sukhumvit,PassionFruit,56,3640.0,1099.28,336,336.0,873.6,995.1200000000001,4.0,102.52,False,892.6000000000001,2026-04,2
2026-04-22,BKK_Sukhumvit,Pineapple,141,6909.0,1125.18,846,705.0,1658.1599999999999,2574.66,6.0,83.88,False,2490.7799999999997,2026-04,2
2026-04-22,BKK_Sukhumvit,Watermelon,191,8595.0,1317.9,1146,955.0,2578.5,2597.6,5.0,64.5,False,2533.1,2026-04,2
2026-04-22,Pattaya_Beach,Guava,80,3920.0,718.4000000000001,480,440.0,1176.0,1105.6,4.0,59.92,False,1045.6799999999998,2026-04,2
2026-04-22,Pattaya_Beach,MixedBerryPremium,53,4717.0,1910.12,424,371.0,1132.08,879.8,12.0,528.48,False,351.31999999999994,2026-04,2
2026-04-22,Pattaya_Beach,PassionFruit,69,4485.0,1354.47,414,414.0,1345.5,957.0300000000003,7.0,179.41,False,777.6200000000003,2026-04,2
2026-04-22,Pattaya_Beach,Pineapple,150,7350.0,1197.0,900,750.0,2205.0,2298.0,8.0,111.84,False,2186.16,2026-04,2
2026-04-22,Pattaya_Beach,Watermelon,264,11880.0,1821.6000000000001,1584,1320.0,3564.0,3590.4,3.0,38.7,False,3551.7000000000003,2026-04,2
2026-04-22,Pattaya_Central,Guava,115,5635.0,1032.7,690,632.5,1690.5,1589.3,9.0,134.82,False,1454.48,2026-04,2
2026-04-22,Pattaya_Central,MixedBerryPremium,54,4806.0,1946.16,432,378.0,1153.44,896.4,13.0,572.52,False,323.88,2026-04,2
2026-04-22,Pattaya_Central,PassionFruit,85,5525.0,1668.55,510,510.0,1657.5,1178.9500000000003,5.0,128.15,False,1050.8000000000002,2026-04,2
2026-04-22,Pattaya_Central,Pineapple,216,10584.0,1723.68,1296,1080.0,2540.16,3944.1600000000003,14.0,195.72,False,3748.4400000000005,2026-04,2
2026-04-22,Pattaya_Central,Watermelon,270,12150.0,1863.0,1620,1350.0,3645.0,3672.0,6.0,77.4,False,3594.6,2026-04,2
2026-04-23,BKK_Ladprao,Guava,49,2401.0,440.02000000000004,294,269.5,720.3,677.1800000000001,5.0,74.9,False,602.2800000000001,2026-04,3
2026-04-23,BKK_Ladprao,MixedBerryPremium,37,3293.0,1333.48,296,259.0,987.9,416.6200000000001,11.0,484.44,False,-67.81999999999988,2026-04,3
2026-04-23,BKK_Ladprao,PassionFruit,31,2015.0,608.53,186,186.0,483.59999999999997,550.8700000000001,4.0,102.52,False,448.35000000000014,2026-04,3
2026-04-23,BKK_Ladprao,Pineapple,93,4557.0,742.1400000000001,558,465.0,1367.1,1424.76,6.0,83.88,False,1340.88,2026-04,3
2026-04-23,BKK_Ladprao,Watermelon,132,5940.0,910.8000000000001,792,660.0,1425.6,2151.6,4.0,51.6,False,2100.0,2026-04,3
2026-04-23,BKK_Sukhumvit,Guava,83,4067.0,745.34,498,456.5,976.0799999999999,1391.08,2.0,29.96,False,1361.12,2026-04,3
2026-04-23,BKK_Sukhumvit,MixedBerryPremium,39,3471.0,1405.56,312,273.0,1041.3,439.14000000000016,6.0,264.24,False,174.90000000000015,2026-04,3
2026-04-23,BKK_Sukhumvit,PassionFruit,72,4680.0,1413.36,432,432.0,1123.2,1279.44,11.0,281.93,False,997.51,2026-04,3
2026-04-23,BKK_Sukhumvit,Pineapple,137,6713.0,1093.26,822,685.0,1611.12,2501.62,5.0,69.9,False,2431.72,2026-04,3
2026-04-23,BKK_Sukhumvit,Watermelon,211,9495.0,1455.9,1266,1055.0,2278.7999999999997,3439.3,4.0,51.6,False,3387.7000000000003,2026-04,3
2026-04-23,Pattaya_Beach,Guava,111,5439.0,996.78,666,610.5,1631.7,1534.02,7.0,104.86,False,1429.16,2026-04,3
2026-04-23,Pattaya_Beach,MixedBerryPremium,55,4895.0,1982.2,440,385.0,1174.8,913.0000000000001,21.0,924.84,False,-11.839999999999918,2026-04,3
2026-04-23,Pattaya_Beach,PassionFruit,62,4030.0,1217.06,372,372.0,1209.0,859.9400000000003,6.0,153.78,False,706.1600000000003,2026-04,3
2026-04-23,Pattaya_Beach,Pineapple,142,6958.0,1133.16,852,710.0,2087.4,2175.44,6.0,83.88,False,2091.56,2026-04,3
2026-04-23,Pattaya_Beach,Watermelon,230,10350.0,1587.0,1380,1150.0,2484.0,3749.0,6.0,77.4,False,3671.6,2026-04,3
2026-04-23,Pattaya_Central,Guava,119,5831.0,1068.6200000000001,714,654.5,1749.3,1644.5800000000002,4.0,59.92,False,1584.66,2026-04,3
2026-04-23,Pattaya_Central,MixedBerryPremium,55,4895.0,1982.2,440,385.0,1174.8,913.0,13.0,572.52,False,340.48,2026-04,3
2026-04-23,Pattaya_Central,PassionFruit,87,5655.0,1707.81,522,522.0,1696.5,1206.6900000000005,4.0,102.52,False,1104.1700000000005,2026-04,3
2026-04-23,Pattaya_Central,Pineapple,163,7987.0,1300.74,978,815.0,1916.8799999999999,2976.38,7.0,97.86,False,2878.52,2026-04,3
2026-04-23,Pattaya_Central,Watermelon,276,12420.0,1904.4,1656,1380.0,2980.7999999999997,4498.8,10.0,129.0,False,4369.8,2026-04,3
2026-04-24,BKK_Ladprao,Guava,64,3136.0,574.72,384,352.0,752.64,1072.6399999999999,4.0,59.92,False,1012.7199999999999,2026-04,4
2026-04-24,BKK_Ladprao,MixedBerryPremium,32,2848.0,1153.28,256,224.0,854.4,360.3200000000001,10.0,440.4,False,-80.07999999999987,2026-04,4
2026-04-24,BKK_Ladprao,PassionFruit,52,2873.0,1020.76,312,312.0,689.52,538.7199999999999,5.0,128.15,False,410.56999999999994,2026-04,4
2026-04-24,BKK_Ladprao,Pineapple,88,4312.0,702.24,528,440.0,1034.8799999999999,1606.88,2.0,27.96,False,1578.92,2026-04,4
2026-04-24,BKK_Ladprao,Watermelon,135,6075.0,931.5,810,675.0,1822.5,1836.0,8.0,103.2,False,1732.8,2026-04,4
2026-04-24,BKK_Sukhumvit,Guava,86,4214.0,772.2800000000001,516,473.0,1264.2,1188.52,6.0,89.88,False,1098.6399999999999,2026-04,4
2026-04-24,BKK_Sukhumvit,MixedBerryPremium,42,3738.0,1513.6799999999998,336,294.0,1121.4,472.92000000000013,18.0,792.72,False,-319.7999999999999,2026-04,4
2026-04-24,BKK_Sukhumvit,PassionFruit,96,5304.0,1884.48,576,576.0,1272.96,994.5599999999998,9.0,230.67,False,763.8899999999999,2026-04,4
2026-04-24,BKK_Sukhumvit,Pineapple,160,7840.0,1276.8000000000002,960,800.0,2352.0,2451.2,10.0,139.8,False,2311.3999999999996,2026-04,4
2026-04-24,BKK_Sukhumvit,Watermelon,219,9855.0,1511.1000000000001,1314,1095.0,2956.5,2978.4,5.0,64.5,False,2913.9,2026-04,4
2026-04-24,Pattaya_Beach,Guava,91,4459.0,817.1800000000001,546,500.5,1337.7,1257.6200000000001,5.0,74.9,False,1182.72,2026-04,4
2026-04-24,Pattaya_Beach,MixedBerryPremium,48,4272.0,1729.92,384,336.0,1281.6,540.4800000000001,15.0,660.6,False,-120.11999999999989,2026-04,4
2026-04-24,Pattaya_Beach,PassionFruit,81,4475.25,1590.03,486,486.0,1074.06,839.16,7.0,179.41,False,659.75,2026-04,4
2026-04-24,Pattaya_Beach,Pineapple,156,7644.0,1244.88,936,780.0,2293.2,2389.92,7.0,97.86,False,2292.06,2026-04,4
2026-04-24,Pattaya_Beach,Watermelon,223,10035.0,1538.7,1338,1115.0,3010.5,3032.8,7.0,90.3,False,2942.5,2026-04,4
2026-04-24,Pattaya_Central,Guava,114,5586.0,1023.72,684,627.0,1675.8,1575.48,4.0,59.92,False,1515.56,2026-04,4
2026-04-24,Pattaya_Central,MixedBerryPremium,64,5696.0,2306.56,512,448.0,1708.8,720.6400000000002,13.0,572.52,False,148.12000000000023,2026-04,4
2026-04-24,Pattaya_Central,PassionFruit,122,6740.5,2394.8599999999997,732,732.0,1617.72,1263.92,13.0,333.19,False,930.73,2026-04,4
2026-04-24,Pattaya_Central,Pineapple,190,9310.0,1516.2,1140,950.0,2793.0,2910.8,5.0,69.9,False,2840.9,2026-04,4
2026-04-24,Pattaya_Central,Watermelon,278,12510.0,1918.2,1668,1390.0,3002.4,4531.400000000001,9.0,116.1,False,4415.3,2026-04,4
2026-04-25,BKK_Ladprao,Guava,50,2450.0,449.0,300,275.0,735.0,691.0,5.0,74.9,False,616.1,2026-04,5
2026-04-25,BKK_Ladprao,MixedBerryPremium,26,2314.0,937.04,208,182.0,694.2,292.7600000000001,15.0,660.6,False,-367.8399999999999,2026-04,5
2026-04-25,BKK_Ladprao,PassionFruit,42,2730.0,824.4599999999999,252,252.0,655.1999999999999,746.3400000000001,8.0,205.04,False,541.3000000000002,2026-04,5
2026-04-25,BKK_Ladprao,Pineapple,106,4414.9,845.8800000000001,636,530.0,1324.4699999999998,1078.55,9.0,125.82,False,952.73,2026-04,5
2026-04-25,BKK_Ladprao,Watermelon,141,6345.0,972.9000000000001,846,705.0,1522.8,2298.3,6.0,77.4,False,2220.9,2026-04,5
2026-04-25,BKK_Sukhumvit,Guava,95,4655.0,853.1,570,522.5,1117.2,1592.2,4.0,59.92,False,1532.28,2026-04,5
2026-04-25,BKK_Sukhumvit,MixedBerryPremium,46,4094.0,1657.84,368,322.0,982.56,763.5999999999999,9.0,396.36,False,367.2399999999999,2026-04,5
2026-04-25,BKK_Sukhumvit,PassionFruit,70,4550.0,1374.1,420,420.0,1365.0,970.9000000000003,5.0,128.15,False,842.7500000000003,2026-04,5
2026-04-25,BKK_Sukhumvit,Pineapple,182,7580.3,1452.3600000000001,1092,910.0,1819.272,2306.668,6.0,83.88,False,2222.788,2026-04,5
2026-04-25,BKK_Sukhumvit,Watermelon,217,9765.0,1497.3,1302,1085.0,2929.5,2951.2,7.0,90.3,False,2860.8999999999996,2026-04,5
2026-04-25,Pattaya_Beach,Guava,103,5047.0,924.94,618,566.5,1211.28,1726.28,6.0,89.88,False,1636.4,2026-04,5
2026-04-25,Pattaya_Beach,MixedBerryPremium,61,5429.0,2198.44,488,427.0,1302.96,1012.5999999999999,7.0,308.28,False,704.3199999999999,2026-04,5
2026-04-25,Pattaya_Beach,PassionFruit,97,6305.0,1904.11,582,582.0,1513.2,1723.6900000000003,6.0,153.78,False,1569.9100000000003,2026-04,5
2026-04-25,Pattaya_Beach,Pineapple,230,9579.5,1835.4,1380,1150.0,2873.85,2340.25,6.0,83.88,False,2256.37,2026-04,5
2026-04-25,Pattaya_Beach,Watermelon,279,12555.0,1925.1000000000001,1674,1395.0,3766.5,3794.4,6.0,77.4,False,3717.0,2026-04,5
2026-04-25,Pattaya_Central,Guava,136,6664.0,1221.28,816,748.0,1599.36,2279.36,9.0,134.82,False,2144.54,2026-04,5
2026-04-25,Pattaya_Central,MixedBerryPremium,65,5785.0,2342.6,520,455.0,1388.3999999999999,1079.0,15.0,660.6,False,418.4,2026-04,5
2026-04-25,Pattaya_Central,PassionFruit,93,6045.0,1825.59,558,558.0,1450.8,1652.6100000000004,10.0,256.3,False,1396.3100000000004,2026-04,5
2026-04-25,Pattaya_Central,Pineapple,263,10953.95,2098.7400000000002,1578,1315.0,3286.185,2676.025,4.0,55.92,False,2620.105,2026-04,5
2026-04-25,Pattaya_Central,Watermelon,306,13770.0,2111.4,1836,1530.0,4131.0,4161.6,12.0,154.8,False,4006.8,2026-04,5
2026-04-26,BKK_Ladprao,Guava,49,2401.0,440.02000000000004,294,269.5,720.3,677.1800000000001,7.0,104.86,False,572.32,2026-04,6
2026-04-26,BKK_Ladprao,MixedBerryPremium,26,2314.0,937.04,208,182.0,694.1999999999999,292.7600000000001,14.0,616.56,False,-323.79999999999984,2026-04,6
2026-04-26,BKK_Ladprao,PassionFruit,52,3380.0,1020.76,312,312.0,1014.0,721.2400000000002,9.0,230.67,False,490.5700000000003,2026-04,6
2026-04-26,BKK_Ladprao,Pineapple,81,3969.0,646.3800000000001,486,405.0,1190.7,1240.92,6.0,83.88,False,1157.04,2026-04,6
2026-04-26,BKK_Ladprao,Watermelon,131,5895.0,903.9000000000001,786,655.0,1768.5,1781.6,6.0,77.4,False,1704.1999999999998,2026-04,6
2026-04-26,BKK_Sukhumvit,Guava,95,4655.0,853.1,570,522.5,1396.5,1312.9,3.0,44.94,False,1267.96,2026-04,6
2026-04-26,BKK_Sukhumvit,MixedBerryPremium,61,5429.0,2198.44,488,427.0,1628.6999999999998,686.8600000000001,19.0,836.76,False,-149.89999999999986,2026-04,6
2026-04-26,BKK_Sukhumvit,PassionFruit,69,4485.0,1354.47,414,414.0,1076.4,1226.13,5.0,128.15,False,1097.98,2026-04,6
2026-04-26,BKK_Sukhumvit,Pineapple,134,6566.0,1069.3200000000002,804,670.0,1575.84,2446.84,7.0,97.86,False,2348.98,2026-04,6
2026-04-26,BKK_Sukhumvit,Watermelon,200,9000.0,1380.0,1200,1000.0,2700.0,2720.0,5.0,64.5,False,2655.5,2026-04,6
2026-04-26,Pattaya_Beach,Guava,113,5537.0,1014.74,678,621.5,1661.1,1561.66,4.0,59.92,False,1501.74,2026-04,6
2026-04-26,Pattaya_Beach,MixedBerryPremium,57,5073.0,2054.2799999999997,456,399.0,1521.8999999999999,641.8200000000002,18.0,792.72,False,-150.89999999999986,2026-04,6
2026-04-26,Pattaya_Beach,PassionFruit,99,6435.0,1943.37,594,594.0,1930.5,1373.1300000000006,10.0,256.3,False,1116.8300000000006,2026-04,6
2026-04-26,Pattaya_Beach,Pineapple,196,9604.0,1564.0800000000002,1176,980.0,2304.96,3578.96,8.0,111.84,False,3467.12,2026-04,6
2026-04-26,Pattaya_Beach,Watermelon,284,12780.0,1959.6000000000001,1704,1420.0,3834.0,3862.3999999999996,12.0,154.8,False,3707.5999999999995,2026-04,6
2026-04-26,Pattaya_Central,Guava,137,6713.0,1230.26,822,753.5,2013.8999999999999,1893.34,6.0,89.88,False,1803.46,2026-04,6
2026-04-26,Pattaya_Central,MixedBerryPremium,59,5251.0,2126.36,472,413.0,1260.24,979.3999999999999,14.0,616.56,False,362.8399999999999,2026-04,6
2026-04-26,Pattaya_Central,PassionFruit,123,7995.0,2414.49,738,738.0,2398.5,1706.0100000000004,9.0,230.67,False,1475.3400000000004,2026-04,6
2026-04-26,Pattaya_Central,Pineapple,193,9457.0,1540.14,1158,965.0,2837.1,2956.76,7.0,97.86,False,2858.9,2026-04,6
2026-04-26,Pattaya_Central,Watermelon,348,15660.0,2401.2000000000003,2088,1740.0,3758.4,5672.400000000001,13.0,167.7,False,5504.700000000001,2026-04,6
2026-04-27,BKK_Ladprao,Guava,44,2156.0,382.79999999999995,264,242.0,646.8,620.4000000000001,3.0,44.1,False,576.3000000000001,2026-04,0
2026-04-27,BKK_Ladprao,MixedBerryPremium,21,1869.0,762.3,168,147.0,448.56,343.1400000000001,10.0,443.0,False,-99.8599999999999,2026-04,0
2026-04-27,BKK_Ladprao,PassionFruit,42,2730.0,777.4200000000001,252,252.0,819.0,629.5799999999999,5.0,122.55,False,507.0299999999999,2026-04,0
2026-04-27,BKK_Ladprao,Pineapple,98,4802.0,747.74,588,490.0,1152.48,1823.78,6.0,81.78,False,1742.0,2026-04,0
2026-04-27,BKK_Ladprao,Watermelon,126,5670.0,904.68,756,630.0,1360.8,2018.5200000000002,6.0,79.08,False,1939.4400000000003,2026-04,0
2026-04-27,BKK_Sukhumvit,Guava,88,4312.0,765.5999999999999,528,484.0,1034.8799999999999,1499.52,3.0,44.1,False,1455.42,2026-04,0
2026-04-27,BKK_Sukhumvit,MixedBerryPremium,39,3471.0,1415.6999999999998,312,273.0,833.04,637.2600000000003,13.0,575.9,False,61.360000000000355,2026-04,0
2026-04-27,BKK_Sukhumvit,PassionFruit,70,4550.0,1295.7,420,420.0,1365.0,1049.3,4.0,98.04,False,951.26,2026-04,0
2026-04-27,BKK_Sukhumvit,Pineapple,149,7301.0,1136.87,894,745.0,2190.3,2334.83,5.0,68.15,False,2266.68,2026-04,0
2026-04-27,BKK_Sukhumvit,Watermelon,218,9810.0,1565.24,1308,1090.0,2354.4,3492.3600000000006,9.0,118.62,False,3373.7400000000007,2026-04,0
2026-04-27,Pattaya_Beach,Guava,90,4410.0,783.0,540,495.0,1323.0,1269.0,4.0,58.8,False,1210.2,2026-04,0
2026-04-27,Pattaya_Beach,MixedBerryPremium,51,4539.0,1851.3,408,357.0,1361.7,561.0000000000001,8.0,354.4,False,206.60000000000014,2026-04,0
2026-04-27,Pattaya_Beach,PassionFruit,69,4485.0,1277.19,414,414.0,1345.5,1034.3099999999997,5.0,122.55,False,911.7599999999998,2026-04,0
2026-04-27,Pattaya_Beach,Pineapple,173,8477.0,1319.99,1038,865.0,2034.4799999999998,3219.53,5.0,68.15,False,3151.38,2026-04,0
2026-04-27,Pattaya_Beach,Watermelon,250,11250.0,1795.0,1500,1250.0,2700.0,4005.0000000000005,12.0,158.16,False,3846.8400000000006,2026-04,0
2026-04-27,Pattaya_Central,Guava,116,5684.0,1009.1999999999999,696,638.0,1705.2,1635.6000000000001,7.0,102.9,False,1532.7,2026-04,0
2026-04-27,Pattaya_Central,MixedBerryPremium,52,4628.0,1887.6,416,364.0,1388.4,572.0000000000002,16.0,708.8,False,-136.79999999999973,2026-04,0
2026-04-27,Pattaya_Central,PassionFruit,93,6045.0,1721.43,558,558.0,1450.8,1756.77,10.0,245.1,False,1511.67,2026-04,0
2026-04-27,Pattaya_Central,Pineapple,184,9016.0,1403.92,1104,920.0,2163.84,3424.2400000000002,10.0,136.3,False,3287.94,2026-04,0
2026-04-27,Pattaya_Central,Watermelon,286,12870.0,2053.48,1716,1430.0,3861.0,3809.52,6.0,79.08,False,3730.44,2026-04,0
2026-04-28,BKK_Ladprao,Guava,51,2499.0,443.7,306,280.5,749.7,719.1000000000001,5.0,73.5,False,645.6000000000001,2026-04,1
2026-04-28,BKK_Ladprao,MixedBerryPremium,30,2670.0,1089.0,240,210.0,640.8,490.20000000000016,20.0,886.0,False,-395.79999999999984,2026-04,1
2026-04-28,BKK_Ladprao,PassionFruit,30,1950.0,555.3000000000001,180,180.0,468.0,566.7,5.0,122.55,False,444.15000000000003,2026-04,1
2026-04-28,BKK_Ladprao,Pineapple,96,4704.0,732.48,576,480.0,1411.2,1504.32,5.0,68.15,False,1436.1699999999998,2026-04,1
2026-04-28,BKK_Ladprao,Watermelon,120,5400.0,861.6,720,600.0,1620.0,1598.4,7.0,92.26,False,1506.14,2026-04,1
2026-04-28,BKK_Sukhumvit,Guava,77,3773.0,669.9,462,423.5,905.52,1312.08,5.0,73.5,False,1238.58,2026-04,1
2026-04-28,BKK_Sukhumvit,MixedBerryPremium,52,4628.0,1887.6,416,364.0,1110.72,849.6800000000001,10.0,443.0,False,406.68000000000006,2026-04,1
2026-04-28,BKK_Sukhumvit,PassionFruit,57,3705.0,1055.0700000000002,342,342.0,889.2,1076.73,5.0,122.55,False,954.1800000000001,2026-04,1
2026-04-28,BKK_Sukhumvit,Pineapple,127,6223.0,969.01,762,635.0,1866.9,1990.09,5.0,68.15,False,1921.9399999999998,2026-04,1
2026-04-28,BKK_Sukhumvit,Watermelon,228,10260.0,1637.04,1368,1140.0,3078.0,3036.96,5.0,65.9,False,2971.06,2026-04,1
2026-04-28,Pattaya_Beach,Guava,81,3969.0,704.6999999999999,486,445.5,1190.6999999999998,1142.1000000000001,2.0,29.4,False,1112.7,2026-04,1
2026-04-28,Pattaya_Beach,MixedBerryPremium,47,4183.0,1706.1,376,329.0,1254.8999999999999,517.0000000000001,12.0,531.6,False,-14.599999999999909,2026-04,1
2026-04-28,Pattaya_Beach,PassionFruit,74,4810.0,1369.7400000000002,444,444.0,1154.4,1397.86,7.0,171.57,False,1226.29,2026-04,1
2026-04-28,Pattaya_Beach,Pineapple,151,7399.0,1152.13,906,755.0,1775.76,2810.11,5.0,68.15,False,2741.96,2026-04,1
2026-04-28,Pattaya_Beach,Watermelon,226,10170.0,1622.6799999999998,1356,1130.0,3051.0,3010.32,11.0,144.98,False,2865.34,2026-04,1
2026-04-28,Pattaya_Central,Guava,105,5145.0,913.4999999999999,630,577.5,1234.8,1789.2,3.0,44.1,False,1745.1000000000001,2026-04,1
2026-04-28,Pattaya_Central,MixedBerryPremium,45,4005.0,1633.5,360,315.0,1201.5,495.00000000000017,13.0,575.9,False,-80.8999999999998,2026-04,1
2026-04-28,Pattaya_Central,PassionFruit,90,5850.0,1665.9,540,540.0,1755.0,1349.0999999999997,12.0,294.12,False,1054.9799999999996,2026-04,1
2026-04-28,Pattaya_Central,Pineapple,190,9310.0,1449.7,1140,950.0,2793.0,2977.3,13.0,177.19,False,2800.11,2026-04,1
2026-04-28,Pattaya_Central,Watermelon,283,12735.0,2031.9399999999998,1698,1415.0,3820.5,3769.56,9.0,118.62,False,3650.94,2026-04,1
2026-04-29,BKK_Ladprao,Guava,66,3234.0,574.1999999999999,396,363.0,776.16,1124.6399999999999,5.0,73.5,False,1051.1399999999999,2026-04,2
2026-04-29,BKK_Ladprao,MixedBerryPremium,26,2314.0,943.8,208,182.0,555.36,424.8400000000002,7.0,310.1,False,114.74000000000018,2026-04,2
2026-04-29,BKK_Ladprao,PassionFruit,50,3250.0,925.5000000000001,300,300.0,780.0,944.5000000000001,10.0,245.1,False,699.4000000000001,2026-04,2
2026-04-29,BKK_Ladprao,Pineapple,89,4361.0,679.0699999999999,534,445.0,1308.3,1394.6299999999999,3.0,40.89,False,1353.7399999999998,2026-04,2
2026-04-29,BKK_Ladprao,Watermelon,120,5400.0,861.6,720,600.0,1620.0,1598.4,8.0,105.44,False,1492.96,2026-04,2
2026-04-29,BKK_Sukhumvit,Guava,79,3871.0,687.3,474,434.5,929.04,1346.16,4.0,58.8,False,1287.3600000000001,2026-04,2
2026-04-29,BKK_Sukhumvit,MixedBerryPremium,57,5073.0,2069.1,456,399.0,1521.8999999999999,627.0,20.0,886.0,False,-259.0,2026-04,2
2026-04-29,BKK_Sukhumvit,PassionFruit,77,5005.0,1425.2700000000002,462,462.0,1201.2,1454.53,2.0,49.02,False,1405.51,2026-04,2
2026-04-29,BKK_Sukhumvit,Pineapple,116,5684.0,885.0799999999999,696,580.0,1705.1999999999998,1817.7199999999998,6.0,81.78,False,1735.9399999999998,2026-04,2
2026-04-29,BKK_Sukhumvit,Watermelon,230,10350.0,1651.3999999999999,1380,1150.0,3105.0,3063.6,8.0,105.44,False,2958.16,2026-04,2
2026-04-29,Pattaya_Beach,Guava,98,4802.0,852.5999999999999,588,539.0,1152.48,1669.92,6.0,88.2,False,1581.72,2026-04,2
2026-04-29,Pattaya_Beach,MixedBerryPremium,46,4094.0,1669.8,368,322.0,1228.2,506.0000000000001,20.0,886.0,False,-379.9999999999999,2026-04,2
2026-04-29,Pattaya_Beach,PassionFruit,72,4680.0,1332.72,432,432.0,1404.0,1079.2799999999997,10.0,245.1,False,834.1799999999997,2026-04,2
2026-04-29,Pattaya_Beach,Pineapple,169,8281.0,1289.47,1014,845.0,2484.3,2648.23,7.0,95.41,False,2552.82,2026-04,2
2026-04-29,Pattaya_Beach,Watermelon,211,9495.0,1514.98,1266,1055.0,2848.5,2810.52,6.0,79.08,False,2731.44,2026-04,2
2026-04-29,Pattaya_Central,Guava,119,5831.0,1035.3,714,654.5,1399.4399999999998,2027.7600000000002,3.0,44.1,False,1983.6600000000003,2026-04,2
2026-04-29,Pattaya_Central,MixedBerryPremium,50,4450.0,1815.0,400,350.0,1335.0,550.0,17.0,753.1,False,-203.10000000000002,2026-04,2
2026-04-29,Pattaya_Central,PassionFruit,95,6175.0,1758.45,570,570.0,1852.5,1424.0499999999997,9.0,220.59,False,1203.4599999999998,2026-04,2
2026-04-29,Pattaya_Central,Pineapple,185,9065.0,1411.55,1110,925.0,2175.6,3442.85,10.0,136.3,False,3306.5499999999997,2026-04,2
2026-04-29,Pattaya_Central,Watermelon,279,12555.0,2003.2199999999998,1674,1395.0,3013.2,4469.580000000001,5.0,65.9,False,4403.680000000001,2026-04,2
2026-04-30,BKK_Ladprao,Guava,42,2058.0,365.4,252,231.0,493.92,715.6800000000001,3.0,44.1,False,671.58,2026-04,3
2026-04-30,BKK_Ladprao,MixedBerryPremium,31,2759.0,1125.3,248,217.0,827.6999999999999,341.0000000000001,16.0,708.8,False,-367.79999999999984,2026-04,3
2026-04-30,BKK_Ladprao,PassionFruit,44,2860.0,814.44,264,264.0,858.0,659.5599999999998,6.0,147.06,False,512.4999999999998,2026-04,3
2026-04-30,BKK_Ladprao,Pineapple,85,4165.0,648.55,510,425.0,1249.5,1331.95,9.0,122.67,False,1209.28,2026-04,3
2026-04-30,BKK_Ladprao,Watermelon,152,6840.0,1091.36,912,760.0,2052.0,2024.6399999999999,4.0,52.72,False,1971.9199999999998,2026-04,3
2026-04-30,BKK_Sukhumvit,Guava,97,4753.0,843.9,582,533.5,1425.9,1367.7000000000003,6.0,88.2,False,1279.5000000000002,2026-04,3
2026-04-30,BKK_Sukhumvit,MixedBerryPremium,52,4628.0,1887.6,416,364.0,1388.3999999999999,572.0,12.0,531.6,False,40.39999999999998,2026-04,3
2026-04-30,BKK_Sukhumvit,PassionFruit,71,4615.0,1314.21,426,426.0,1107.6,1341.1900000000003,9.0,220.59,False,1120.6000000000004,2026-04,3
2026-04-30,BKK_Sukhumvit,Pineapple,150,7350.0,1144.5,900,750.0,2205.0,2350.5,6.0,81.78,False,2268.72,2026-04,3
2026-04-30,BKK_Sukhumvit,Watermelon,204,9180.0,1464.72,1224,1020.0,2754.0,2717.2799999999997,6.0,79.08,False,2638.2,2026-04,3
2026-04-30,Pattaya_Beach,Guava,98,4802.0,852.5999999999999,588,539.0,1440.6,1381.8000000000002,7.0,102.9,False,1278.9,2026-04,3
2026-04-30,Pattaya_Beach,MixedBerryPremium,44,3916.0,1597.1999999999998,352,308.0,1174.8,484.00000000000017,8.0,354.4,False,129.6000000000002,2026-04,3
2026-04-30,Pattaya_Beach,PassionFruit,69,4485.0,1277.19,414,414.0,1076.4,1303.41,7.0,171.57,False,1131.8400000000001,2026-04,3
2026-04-30,Pattaya_Beach,Pineapple,134,6566.0,1022.42,804,670.0,1575.84,2493.7400000000002,7.0,95.41,False,2398.3300000000004,2026-04,3
2026-04-30,Pattaya_Beach,Watermelon,210,9450.0,1507.8,1260,1050.0,2268.0,3364.2000000000003,5.0,65.9,False,3298.3,2026-04,3
2026-04-30,Pattaya_Central,Guava,115,5635.0,1000.4999999999999,690,632.5,1352.4,1959.6000000000001,8.0,117.6,False,1842.0000000000002,2026-04,3
2026-04-30,Pattaya_Central,MixedBerryPremium,64,5696.0,2323.2,512,448.0,1708.8,704.0000000000001,17.0,753.1,False,-49.09999999999991,2026-04,3
2026-04-30,Pattaya_Central,PassionFruit,85,5525.0,1573.3500000000001,510,510.0,1657.5,1274.1499999999996,5.0,122.55,False,1151.5999999999997,2026-04,3
2026-04-30,Pattaya_Central,Pineapple,199,9751.0,1518.37,1194,995.0,2925.3,3118.33,12.0,163.56,False,2954.77,2026-04,3
2026-04-30,Pattaya_Central,Watermelon,281,12645.0,2017.58,1686,1405.0,3793.5,3742.92,9.0,118.62,False,3624.3,2026-04,3
2026-05-01,BKK_Ladprao,Guava,61,2989.0,530.6999999999999,366,335.5,717.36,1039.44,5.0,73.5,False,965.94,2026-05,4
2026-05-01,BKK_Ladprao,MixedBerryPremium,21,1869.0,762.3,168,147.0,560.6999999999999,231.00000000000003,11.0,487.3,False,-256.29999999999995,2026-05,4
2026-05-01,BKK_Ladprao,PassionFruit,33,2145.0,610.83,198,198.0,643.5,494.66999999999985,3.0,73.53,False,421.1399999999999,2026-05,4
2026-05-01,BKK_Ladprao,Pineapple,79,3871.0,602.77,474,395.0,1161.3,1237.93,5.0,68.15,False,1169.78,2026-05,4
2026-05-01,BKK_Ladprao,Watermelon,119,5355.0,854.42,714,595.0,1606.5,1585.0800000000002,8.0,105.44,False,1479.64,2026-05,4
2026-05-01,BKK_Sukhumvit,Guava,68,3332.0,591.5999999999999,408,374.0,999.6,958.8000000000002,6.0,88.2,False,870.6000000000001,2026-05,4
2026-05-01,BKK_Sukhumvit,MixedBerryPremium,51,4539.0,1851.3,408,357.0,1089.36,833.3400000000003,11.0,487.3,False,346.04000000000025,2026-05,4
2026-05-01,BKK_Sukhumvit,PassionFruit,83,5395.0,1536.3300000000002,498,498.0,1294.8,1567.87,10.0,245.1,False,1322.77,2026-05,4
2026-05-01,BKK_Sukhumvit,Pineapple,124,6076.0,946.12,744,620.0,1458.24,2307.64,6.0,81.78,False,2225.8599999999997,2026-05,4
2026-05-01,BKK_Sukhumvit,Watermelon,193,8685.0,1385.74,1158,965.0,2084.4,3091.8600000000006,7.0,92.26,False,2999.6000000000004,2026-05,4
2026-05-01,Pattaya_Beach,Guava,75,3675.0,652.5,450,412.5,882.0,1278.0,4.0,58.8,False,1219.2,2026-05,4
2026-05-01,Pattaya_Beach,MixedBerryPremium,47,4183.0,1706.1,376,329.0,1003.92,767.9800000000002,7.0,310.1,False,457.8800000000002,2026-05,4
2026-05-01,Pattaya_Beach,PassionFruit,67,4355.0,1240.17,402,402.0,1045.2,1265.63,2.0,49.02,False,1216.6100000000001,2026-05,4
2026-05-01,Pattaya_Beach,Pineapple,146,7154.0,1113.98,876,730.0,1716.96,2717.06,3.0,40.89,False,2676.17,2026-05,4
2026-05-01,Pattaya_Beach,Watermelon,199,8955.0,1428.82,1194,995.0,2686.5,2650.68,7.0,92.26,False,2558.4199999999996,2026-05,4
2026-05-01,Pattaya_Central,Guava,107,5243.0,930.8999999999999,642,588.5,1258.32,1823.2800000000002,8.0,117.6,False,1705.6800000000003,2026-05,4
2026-05-01,Pattaya_Central,MixedBerryPremium,66,5874.0,2395.7999999999997,528,462.0,1409.76,1078.4400000000005,19.0,841.7,False,236.74000000000046,2026-05,4
2026-05-01,Pattaya_Central,PassionFruit,94,6110.0,1739.94,564,564.0,1466.4,1775.66,6.0,147.06,False,1628.6000000000001,2026-05,4
2026-05-01,Pattaya_Central,Pineapple,163,7987.0,1243.69,978,815.0,2396.1,2554.21,8.0,109.04,False,2445.17,2026-05,4
2026-05-01,Pattaya_Central,Watermelon,271,12195.0,1945.78,1626,1355.0,3658.5,3609.7200000000003,7.0,92.26,False,3517.46,2026-05,4
2026-05-02,BKK_Ladprao,Guava,53,2597.0,461.09999999999997,318,291.5,779.1,747.3000000000001,2.0,29.4,False,717.9000000000001,2026-05,5
2026-05-02,BKK_Ladprao,MixedBerryPremium,26,2314.0,943.8,208,182.0,694.1999999999999,286.00000000000006,17.0,753.1,False,-467.09999999999997,2026-05,5
2026-05-02,BKK_Ladprao,PassionFruit,31,2015.0,573.8100000000001,186,186.0,483.59999999999997,585.59,4.0,98.04,False,487.55,2026-05,5
2026-05-02,BKK_Ladprao,Pineapple,67,3283.0,511.21,402,335.0,787.92,1246.87,5.0,68.15,False,1178.7199999999998,2026-05,5
2026-05-02,BKK_Ladprao,Watermelon,126,5670.0,904.68,756,630.0,1360.8,2018.5200000000002,5.0,65.9,False,1952.6200000000001,2026-05,5
2026-05-02,BKK_Sukhumvit,Guava,74,3626.0,643.8,444,407.0,870.24,1260.96,3.0,44.1,False,1216.8600000000001,2026-05,5
2026-05-02,BKK_Sukhumvit,MixedBerryPremium,44,3916.0,1597.1999999999998,352,308.0,939.8399999999999,718.9600000000002,6.0,265.8,False,453.16000000000014,2026-05,5
2026-05-02,BKK_Sukhumvit,PassionFruit,67,4355.0,1240.17,402,402.0,1045.2,1265.63,3.0,73.53,False,1192.1000000000001,2026-05,5
2026-05-02,BKK_Sukhumvit,Pineapple,134,6566.0,1022.42,804,670.0,1575.84,2493.7400000000002,6.0,81.78,False,2411.96,2026-05,5
2026-05-02,BKK_Sukhumvit,Watermelon,201,9045.0,1443.18,1206,1005.0,2170.7999999999997,3220.0200000000004,2.0,26.36,False,3193.6600000000003,2026-05,5
2026-05-02,Pattaya_Beach,Guava,124,6076.0,1078.8,744,682.0,1822.8,1748.4,7.0,102.9,False,1645.5,2026-05,5
2026-05-02,Pattaya_Beach,MixedBerryPremium,55,4895.0,1996.4999999999998,440,385.0,1174.8,898.7000000000004,12.0,531.6,False,367.10000000000036,2026-05,5
2026-05-02,Pattaya_Beach,PassionFruit,83,5395.0,1536.3300000000002,498,498.0,1294.8,1567.87,7.0,171.57,False,1396.3,2026-05,5
2026-05-02,Pattaya_Beach,Pineapple,152,7448.0,1159.76,912,760.0,2234.4,2381.8399999999997,7.0,95.41,False,2286.43,2026-05,5
2026-05-02,Pattaya_Beach,Watermelon,236,10620.0,1694.4799999999998,1416,1180.0,2548.8,3780.7200000000003,6.0,79.08,False,3701.6400000000003,2026-05,5
2026-05-02,Pattaya_Central,Guava,120,5880.0,1044.0,720,660.0,1411.2,2044.8,13.0,191.1,False,1853.7,2026-05,5
2026-05-02,Pattaya_Central,MixedBerryPremium,58,5162.0,2105.3999999999996,464,406.0,1548.6,638.0000000000001,13.0,575.9,False,62.100000000000136,2026-05,5
2026-05-02,Pattaya_Central,PassionFruit,94,6110.0,1739.94,564,564.0,1833.0,1409.0599999999997,11.0,269.61,False,1139.4499999999998,2026-05,5
2026-05-02,Pattaya_Central,Pineapple,213,10437.0,1625.19,1278,1065.0,3131.1,3337.71,11.0,149.93,False,3187.78,2026-05,5
2026-05-02,Pattaya_Central,Watermelon,298,13410.0,2139.64,1788,1490.0,3218.3999999999996,4773.960000000001,9.0,118.62,False,4655.340000000001,2026-05,5
2026-05-03,BKK_Ladprao,Guava,46,2254.0,400.2,276,253.0,540.96,783.8399999999999,3.0,44.1,False,739.7399999999999,2026-05,6
2026-05-03,BKK_Ladprao,MixedBerryPremium,26,2314.0,943.8,208,182.0,555.36,424.84000000000015,8.0,354.4,False,70.44000000000017,2026-05,6
2026-05-03,BKK_Ladprao,PassionFruit,36,2340.0,666.36,216,216.0,561.6,680.0400000000001,6.0,147.06,False,532.98,2026-05,6
2026-05-03,BKK_Ladprao,Pineapple,75,3675.0,572.25,450,375.0,1102.5,1175.25,3.0,40.89,False,1134.36,2026-05,6
2026-05-03,BKK_Ladprao,Watermelon,178,6808.5,1278.04,1068,890.0,2042.55,1529.91,9.0,118.62,False,1411.29,2026-05,6
2026-05-03,BKK_Sukhumvit,Guava,75,3675.0,652.5,450,412.5,882.0,1278.0,4.0,58.8,False,1219.2,2026-05,6
2026-05-03,BKK_Sukhumvit,MixedBerryPremium,36,3204.0,1306.8,288,252.0,768.96,588.2400000000002,12.0,531.6,False,56.640000000000214,2026-05,6
2026-05-03,BKK_Sukhumvit,PassionFruit,68,4420.0,1258.68,408,408.0,1326.0,1019.3199999999998,7.0,171.57,False,847.7499999999998,2026-05,6
2026-05-03,BKK_Sukhumvit,Pineapple,145,7105.0,1106.35,870,725.0,1705.1999999999998,2698.4500000000003,8.0,109.04,False,2589.4100000000003,2026-05,6
2026-05-03,BKK_Sukhumvit,Watermelon,255,9753.75,1830.8999999999999,1530,1275.0,2926.125,2191.725,7.0,92.26,False,2099.4649999999997,2026-05,6
2026-05-03,Pattaya_Beach,Guava,99,4851.0,861.3,594,544.5,1164.24,1686.96,6.0,88.2,False,1598.76,2026-05,6
2026-05-03,Pattaya_Beach,MixedBerryPremium,63,5607.0,2286.8999999999996,504,441.0,1682.1,693.0000000000001,4.0,177.2,False,515.8000000000002,2026-05,6
2026-05-03,Pattaya_Beach,PassionFruit,90,5850.0,1665.9,540,540.0,1755.0,1349.0999999999997,8.0,196.08,False,1153.0199999999998,2026-05,6
2026-05-03,Pattaya_Beach,Pineapple,170,8330.0,1297.1,1020,850.0,1999.2,3163.7000000000003,9.0,122.67,False,3041.03,2026-05,6
2026-05-03,Pattaya_Beach,Watermelon,365,13961.25,2620.7,2190,1825.0,3350.7,3974.8500000000004,12.0,158.16,False,3816.6900000000005,2026-05,6
2026-05-03,Pattaya_Central,Guava,116,5684.0,1009.1999999999999,696,638.0,1705.1999999999998,1635.6000000000001,6.0,88.2,False,1547.4,2026-05,6
2026-05-03,Pattaya_Central,MixedBerryPremium,59,5251.0,2141.7,472,413.0,1260.24,964.0600000000004,12.0,531.6,False,432.4600000000004,2026-05,6
2026-05-03,Pattaya_Central,PassionFruit,104,6760.0,1925.0400000000002,624,624.0,2028.0,1558.9599999999998,9.0,220.59,False,1338.37,2026-05,6
2026-05-03,Pattaya_Central,Pineapple,186,9114.0,1419.18,1116,930.0,2187.36,3461.46,7.0,95.41,False,3366.05,2026-05,6
2026-05-03,Pattaya_Central,Watermelon,374,14305.5,2685.3199999999997,2244,1870.0,4291.65,3214.53,11.0,144.98,False,3069.55,2026-05,6
2026-05-04,BKK_Ladprao,Guava,53,2597.0,514.63,318,291.5,623.28,849.5899999999999,3.0,47.13,False,802.4599999999999,2026-05,0
2026-05-04,BKK_Ladprao,MixedBerryPremium,29,2581.0,1075.9,232,203.0,619.4399999999999,450.65999999999985,14.0,631.4,False,-180.74000000000012,2026-05,0
2026-05-04,BKK_Ladprao,PassionFruit,28,1820.0,489.44,168,168.0,546.0,448.55999999999995,4.0,93.92,False,354.63999999999993,2026-05,0
2026-05-04,BKK_Ladprao,Pineapple,67,3283.0,570.8399999999999,402,335.0,787.92,1187.24,8.0,116.16,False,1071.08,2026-05,0
2026-05-04,BKK_Ladprao,Watermelon,167,6387.75,1145.6200000000001,1002,835.0,1533.06,1872.07,6.0,77.16,False,1794.9099999999999,2026-05,0
2026-05-04,BKK_Sukhumvit,Guava,95,4655.0,922.45,570,522.5,1117.2,1522.8500000000001,4.0,62.84,False,1460.0100000000002,2026-05,0
2026-05-04,BKK_Sukhumvit,MixedBerryPremium,36,3204.0,1335.6,288,252.0,961.2,367.20000000000005,9.0,405.9,False,-38.69999999999993,2026-05,0
2026-05-04,BKK_Sukhumvit,PassionFruit,48,3120.0,839.04,288,288.0,748.8,956.16,4.0,93.92,False,862.24,2026-05,0
2026-05-04,BKK_Sukhumvit,Pineapple,119,5831.0,1013.8799999999999,714,595.0,1399.44,2108.6800000000003,4.0,58.08,False,2050.6000000000004,2026-05,0
2026-05-04,BKK_Sukhumvit,Watermelon,318,12163.5,2181.48,1908,1590.0,3649.0499999999997,2834.9700000000003,10.0,128.6,False,2706.3700000000003,2026-05,0
2026-05-04,Pattaya_Beach,Guava,94,4606.0,912.7400000000001,564,517.0,1381.8,1230.46,7.0,109.97,False,1120.49,2026-05,0
2026-05-04,Pattaya_Beach,MixedBerryPremium,51,4539.0,1892.1000000000001,408,357.0,1089.36,792.5399999999997,8.0,360.8,False,431.7399999999997,2026-05,0
2026-05-04,Pattaya_Beach,PassionFruit,65,4225.0,1136.2,390,390.0,1267.5,1041.3,8.0,187.84,False,853.4599999999999,2026-05,0
2026-05-04,Pattaya_Beach,Pineapple,149,7301.0,1269.48,894,745.0,2190.3,2202.2200000000003,5.0,72.6,False,2129.6200000000003,2026-05,0
2026-05-04,Pattaya_Beach,Watermelon,289,11054.25,1982.5400000000002,1734,1445.0,3316.2749999999996,2576.435,12.0,154.32,False,2422.115,2026-05,0
2026-05-04,Pattaya_Central,Guava,106,5194.0,1029.26,636,583.0,1558.2,1387.54,2.0,31.42,False,1356.12,2026-05,0
2026-05-04,Pattaya_Central,MixedBerryPremium,57,5073.0,2114.7000000000003,456,399.0,1217.52,885.7799999999997,6.0,270.6,False,615.1799999999997,2026-05,0
2026-05-04,Pattaya_Central,PassionFruit,101,6565.0,1765.48,606,606.0,1575.6,2011.9199999999998,10.0,234.8,False,1777.12,2026-05,0
2026-05-04,Pattaya_Central,Pineapple,188,9212.0,1601.76,1128,940.0,2763.6,2778.6400000000003,10.0,145.2,False,2633.4400000000005,2026-05,0
2026-05-04,Pattaya_Central,Watermelon,347,13272.75,2380.42,2082,1735.0,3185.46,3889.87,15.0,192.9,False,3696.97,2026-05,0
2026-05-05,BKK_Ladprao,Guava,71,2783.2,689.4100000000001,426,390.5,667.968,609.322,5.0,78.55,False,530.772,2026-05,1
2026-05-05,BKK_Ladprao,MixedBerryPremium,49,3488.8,1817.9,392,343.0,1046.6399999999999,-110.74000000000018,20.0,902.0,False,-1012.7400000000002,2026-05,1
2026-05-05,BKK_Ladprao,PassionFruit,53,2756.0,926.44,318,318.0,826.8,366.76,9.0,211.32,False,155.44,2026-05,1
2026-05-05,BKK_Ladprao,Pineapple,127,4978.4,1082.04,762,635.0,1493.52,1005.8399999999999,9.0,130.68,False,875.1599999999999,2026-05,1
2026-05-05,BKK_Ladprao,Watermelon,219,7884.0,1502.3400000000001,1314,1095.0,1892.1599999999999,2080.5,16.0,205.76,False,1874.74,2026-05,1
2026-05-05,BKK_Sukhumvit,Guava,160,6272.0,1553.6000000000001,960,880.0,1505.28,1373.12,9.0,141.39,False,1231.73,2026-05,1
2026-05-05,BKK_Sukhumvit,MixedBerryPremium,68,4841.6,2522.8,544,476.0,1452.48,-153.6800000000003,12.0,541.2,False,-694.8800000000003,2026-05,1
2026-05-05,BKK_Sukhumvit,PassionFruit,111,5772.0,1940.28,666,666.0,1731.6,768.12,11.0,258.28,False,509.84000000000003,2026-05,1
2026-05-05,BKK_Sukhumvit,Pineapple,196,7683.2,1669.9199999999998,1176,980.0,2304.96,1552.3200000000002,7.0,101.64,False,1450.68,2026-05,1
2026-05-05,BKK_Sukhumvit,Watermelon,352,12672.0,2414.7200000000003,2112,1760.0,3041.2799999999997,3344.0,12.0,154.32,False,3189.68,2026-05,1
2026-05-05,Pattaya_Beach,Guava,147,5762.4,1427.3700000000001,882,808.5,1382.9759999999999,1261.5539999999999,6.0,94.26,False,1167.2939999999999,2026-05,1
2026-05-05,Pattaya_Beach,MixedBerryPremium,67,4770.4,2485.7000000000003,536,469.0,1431.12,-151.42000000000024,11.0,496.1,False,-647.5200000000002,2026-05,1
2026-05-05,Pattaya_Beach,PassionFruit,108,5616.0,1887.8400000000001,648,648.0,1347.84,1084.32,8.0,187.84,False,896.4799999999999,2026-05,1
2026-05-05,Pattaya_Beach,Pineapple,249,9760.8,2121.48,1494,1245.0,2928.24,1972.0800000000002,14.0,203.28,False,1768.8000000000002,2026-05,1
2026-05-05,Pattaya_Beach,Watermelon,379,13644.0,2599.94,2274,1895.0,3274.56,3600.5,9.0,115.74,False,3484.76,2026-05,1
2026-05-05,Pattaya_Central,Guava,140,5488.0,1359.4,840,770.0,1317.12,1201.4799999999998,5.0,78.55,False,1122.9299999999998,2026-05,1
2026-05-05,Pattaya_Central,MixedBerryPremium,80,5696.0,2968.0,640,560.0,1708.8,-180.80000000000018,26.0,1172.6,False,-1353.4,2026-05,1
2026-05-05,Pattaya_Central,PassionFruit,172,8944.0,3006.56,1032,1032.0,2683.2,1190.24,12.0,281.76,False,908.48,2026-05,1
2026-05-05,Pattaya_Central,Pineapple,293,11485.6,2496.36,1758,1465.0,3445.68,2320.56,6.0,87.12,False,2233.44,2026-05,1
2026-05-05,Pattaya_Central,Watermelon,453,16308.0,3107.5800000000004,2718,2265.0,4892.4,3325.02,13.0,167.18,False,3157.84,2026-05,1
2026-05-06,BKK_Ladprao,Guava,53,2597.0,514.6300000000001,318,291.5,779.1,693.7700000000001,5.0,78.55,False,615.2200000000001,2026-05,2
2026-05-06,BKK_Ladprao,MixedBerryPremium,19,1691.0,704.9000000000001,152,133.0,507.3,193.8,9.0,405.9,False,-212.09999999999997,2026-05,2
2026-05-06,BKK_Ladprao,PassionFruit,29,1885.0,506.92,174,174.0,565.5,464.5799999999999,3.0,70.44,False,394.13999999999993,2026-05,2
2026-05-06,BKK_Ladprao,Pineapple,64,3136.0,545.28,384,320.0,752.64,1134.08,4.0,58.08,False,1076.0,2026-05,2
2026-05-06,BKK_Ladprao,Watermelon,114,5130.0,782.0400000000001,684,570.0,1539.0,1554.96,6.0,77.16,False,1477.8,2026-05,2
2026-05-06,BKK_Sukhumvit,Guava,80,3920.0,776.8000000000001,480,440.0,940.8,1282.3999999999999,3.0,47.13,False,1235.2699999999998,2026-05,2
2026-05-06,BKK_Sukhumvit,MixedBerryPremium,45,4005.0,1669.5,360,315.0,961.1999999999999,699.2999999999997,11.0,496.1,False,203.1999999999997,2026-05,2
2026-05-06,BKK_Sukhumvit,PassionFruit,61,3965.0,1066.28,366,366.0,951.6,1215.12,6.0,140.88,False,1074.2399999999998,2026-05,2
2026-05-06,BKK_Sukhumvit,Pineapple,130,6370.0,1107.6,780,650.0,1911.0,1921.4000000000003,5.0,72.6,False,1848.8000000000004,2026-05,2
2026-05-06,BKK_Sukhumvit,Watermelon,198,8910.0,1358.2800000000002,1188,990.0,2138.4,3235.32,6.0,77.16,False,3158.1600000000003,2026-05,2
2026-05-06,Pattaya_Beach,Guava,82,4018.0,796.22,492,451.0,964.3199999999999,1314.46,4.0,62.84,False,1251.6200000000001,2026-05,2
2026-05-06,Pattaya_Beach,MixedBerryPremium,41,3649.0,1521.1000000000001,328,287.0,1094.7,418.20000000000005,8.0,360.8,False,57.400000000000034,2026-05,2
2026-05-06,Pattaya_Beach,PassionFruit,57,3705.0,996.36,342,342.0,889.2,1135.44,4.0,93.92,False,1041.52,2026-05,2
2026-05-06,Pattaya_Beach,Pineapple,147,7203.0,1252.44,882,735.0,1728.72,2604.84,5.0,72.6,False,2532.2400000000002,2026-05,2
2026-05-06,Pattaya_Beach,Watermelon,229,10305.0,1570.94,1374,1145.0,3091.5,3123.5599999999995,5.0,64.3,False,3059.2599999999993,2026-05,2
2026-05-06,Pattaya_Central,Guava,115,5635.0,1116.65,690,632.5,1352.3999999999999,1843.45,6.0,94.26,False,1749.19,2026-05,2
2026-05-06,Pattaya_Central,MixedBerryPremium,62,5518.0,2300.2000000000003,496,434.0,1655.3999999999999,632.4,14.0,631.4,False,1.0,2026-05,2
2026-05-06,Pattaya_Central,PassionFruit,82,5330.0,1433.3600000000001,492,492.0,1599.0,1313.6399999999999,10.0,234.8,False,1078.84,2026-05,2
2026-05-06,Pattaya_Central,Pineapple,158,7742.0,1346.1599999999999,948,790.0,2322.6,2335.2400000000002,7.0,101.64,False,2233.6000000000004,2026-05,2
2026-05-06,Pattaya_Central,Watermelon,251,11295.0,1721.8600000000001,1506,1255.0,2710.8,4101.34,8.0,102.88,False,3998.46,2026-05,2
2026-05-07,BKK_Ladprao,Guava,46,2254.0,446.66,276,253.0,540.96,737.3799999999999,6.0,94.26,False,643.1199999999999,2026-05,3
2026-05-07,BKK_Ladprao,MixedBerryPremium,21,1869.0,779.1,168,147.0,448.56,326.3399999999998,10.0,451.0,False,-124.6600000000002,2026-05,3
2026-05-07,BKK_Ladprao,PassionFruit,31,2015.0,541.88,186,186.0,483.59999999999997,617.52,3.0,70.44,False,547.0799999999999,2026-05,3
2026-05-07,BKK_Ladprao,Pineapple,76,3724.0,647.52,456,380.0,893.76,1346.72,2.0,29.04,False,1317.68,2026-05,3
2026-05-07,BKK_Ladprao,Watermelon,128,5760.0,878.0800000000002,768,640.0,1728.0,1745.9199999999998,6.0,77.16,False,1668.7599999999998,2026-05,3
2026-05-07,BKK_Sukhumvit,Guava,81,3969.0,786.5100000000001,486,445.5,952.56,1298.43,5.0,78.55,False,1219.88,2026-05,3
2026-05-07,BKK_Sukhumvit,MixedBerryPremium,40,3560.0,1484.0,320,280.0,854.4,621.5999999999999,9.0,405.9,False,215.69999999999993,2026-05,3
2026-05-07,BKK_Sukhumvit,PassionFruit,63,4095.0,1101.24,378,378.0,982.8,1254.96,5.0,117.4,False,1137.56,2026-05,3
2026-05-07,BKK_Sukhumvit,Pineapple,142,6958.0,1209.84,852,710.0,2087.4,2098.76,5.0,72.6,False,2026.1600000000003,2026-05,3
2026-05-07,BKK_Sukhumvit,Watermelon,196,8820.0,1344.5600000000002,1176,980.0,2116.7999999999997,3202.6400000000003,5.0,64.3,False,3138.34,2026-05,3
2026-05-07,Pattaya_Beach,Guava,95,4655.0,922.45,570,522.5,1396.5,1243.55,5.0,78.55,False,1165.0,2026-05,3
2026-05-07,Pattaya_Beach,MixedBerryPremium,42,3738.0,1558.2,336,294.0,1121.3999999999999,428.40000000000003,7.0,315.7,False,112.70000000000005,2026-05,3
2026-05-07,Pattaya_Beach,PassionFruit,75,4875.0,1311.0,450,450.0,1462.5,1201.4999999999998,6.0,140.88,False,1060.62,2026-05,3
2026-05-07,Pattaya_Beach,Pineapple,132,6468.0,1124.6399999999999,792,660.0,1940.3999999999999,1950.96,5.0,72.6,False,1878.3600000000001,2026-05,3
2026-05-07,Pattaya_Beach,Watermelon,217,9765.0,1488.6200000000001,1302,1085.0,2343.6,3545.78,5.0,64.3,False,3481.48,2026-05,3
2026-05-07,Pattaya_Central,Guava,86,4214.0,835.0600000000001,516,473.0,1011.36,1378.58,4.0,62.84,False,1315.74,2026-05,3
2026-05-07,Pattaya_Central,MixedBerryPremium,49,4361.0,1817.9,392,343.0,1046.6399999999999,761.4599999999998,14.0,631.4,False,130.05999999999983,2026-05,3
2026-05-07,Pattaya_Central,PassionFruit,81,5265.0,1415.88,486,486.0,1579.5,1297.62,6.0,140.88,False,1156.7399999999998,2026-05,3
2026-05-07,Pattaya_Central,Pineapple,154,7546.0,1312.08,924,770.0,1811.04,2728.88,4.0,58.08,False,2670.8,2026-05,3
2026-05-07,Pattaya_Central,Watermelon,240,10800.0,1646.4,1440,1200.0,2592.0,3921.6000000000004,11.0,141.46,False,3780.1400000000003,2026-05,3
2026-05-08,BKK_Ladprao,Guava,46,2254.0,446.66,276,253.0,540.96,737.38,5.0,78.55,False,658.83,2026-05,4
2026-05-08,BKK_Ladprao,MixedBerryPremium,25,1891.25,927.5,200,175.0,453.90000000000003,134.85000000000008,18.0,811.8,False,-676.9499999999998,2026-05,4
2026-05-08,BKK_Ladprao,PassionFruit,41,2665.0,716.6800000000001,246,246.0,799.5,656.8199999999999,5.0,117.4,False,539.42,2026-05,4
2026-05-08,BKK_Ladprao,Pineapple,94,4606.0,800.8799999999999,564,470.0,1105.44,1665.6800000000003,5.0,72.6,False,1593.0800000000004,2026-05,4
2026-05-08,BKK_Ladprao,Watermelon,109,4905.0,747.74,654,545.0,1177.2,1781.0600000000002,8.0,102.88,False,1678.1800000000003,2026-05,4
2026-05-08,BKK_Sukhumvit,Guava,84,4116.0,815.6400000000001,504,462.0,987.8399999999999,1346.52,4.0,62.84,False,1283.68,2026-05,4
2026-05-08,BKK_Sukhumvit,MixedBerryPremium,54,4085.1,2003.4,432,378.0,1225.53,46.16999999999999,13.0,586.3,False,-540.13,2026-05,4
2026-05-08,BKK_Sukhumvit,PassionFruit,64,4160.0,1118.72,384,384.0,1248.0,1025.28,4.0,93.92,False,931.36,2026-05,4
2026-05-08,BKK_Sukhumvit,Pineapple,147,7203.0,1252.4399999999998,882,735.0,1728.7199999999998,2604.84,8.0,116.16,False,2488.6800000000003,2026-05,4
2026-05-08,BKK_Sukhumvit,Watermelon,184,8280.0,1262.24,1104,920.0,1987.1999999999998,3006.56,4.0,51.44,False,2955.12,2026-05,4
2026-05-08,Pattaya_Beach,Guava,87,4263.0,844.7700000000001,522,478.5,1278.9,1138.83,5.0,78.55,False,1060.28,2026-05,4
2026-05-08,Pattaya_Beach,MixedBerryPremium,40,3026.0,1484.0,320,280.0,726.24,215.76000000000005,13.0,586.3,False,-370.5399999999999,2026-05,4
2026-05-08,Pattaya_Beach,PassionFruit,57,3705.0,996.36,342,342.0,1111.5,913.1399999999999,6.0,140.88,False,772.2599999999999,2026-05,4
2026-05-08,Pattaya_Beach,Pineapple,118,5782.0,1005.3599999999999,708,590.0,1734.6,1744.0400000000002,4.0,58.08,False,1685.9600000000003,2026-05,4
2026-05-08,Pattaya_Beach,Watermelon,192,8640.0,1317.1200000000001,1152,960.0,2592.0,2618.8799999999997,4.0,51.44,False,2567.4399999999996,2026-05,4
2026-05-08,Pattaya_Central,Guava,102,4998.0,990.4200000000001,612,561.0,1499.3999999999999,1335.18,6.0,94.26,False,1240.92,2026-05,4
2026-05-08,Pattaya_Central,MixedBerryPremium,64,4841.6,2374.4,512,448.0,1452.48,54.72000000000001,16.0,721.6,False,-666.88,2026-05,4
2026-05-08,Pattaya_Central,PassionFruit,74,4810.0,1293.52,444,444.0,1443.0,1185.4799999999998,7.0,164.36,False,1021.1199999999998,2026-05,4
2026-05-08,Pattaya_Central,Pineapple,190,9310.0,1618.8,1140,950.0,2234.4,3366.8,9.0,130.68,False,3236.1200000000003,2026-05,4
2026-05-08,Pattaya_Central,Watermelon,259,11655.0,1776.7400000000002,1554,1295.0,3496.5,3532.7599999999998,10.0,128.6,False,3404.16,2026-05,4
2026-05-09,BKK_Ladprao,Guava,59,2891.0,572.8900000000001,354,324.5,693.84,945.77,5.0,78.55,False,867.22,2026-05,5
2026-05-09,BKK_Ladprao,MixedBerryPremium,21,1869.0,779.1,168,147.0,448.56,326.3399999999999,4.0,180.4,False,145.9399999999999,2026-05,5
2026-05-09,BKK_Ladprao,PassionFruit,39,2535.0,681.72,234,234.0,760.5,624.78,7.0,164.36,False,460.41999999999996,2026-05,5
2026-05-09,BKK_Ladprao,Pineapple,82,4018.0,698.64,492,410.0,964.3199999999999,1453.0400000000002,6.0,87.12,False,1365.92,2026-05,5
2026-05-09,BKK_Ladprao,Watermelon,127,5715.0,871.2200000000001,762,635.0,1371.6,2075.18,7.0,90.02,False,1985.1599999999999,2026-05,5
2026-05-09,BKK_Sukhumvit,Guava,92,4508.0,893.32,552,506.0,1081.9199999999998,1474.76,6.0,94.26,False,1380.5,2026-05,5
2026-05-09,BKK_Sukhumvit,MixedBerryPremium,46,4094.0,1706.6000000000001,368,322.0,982.56,714.8399999999998,17.0,766.7,False,-51.86000000000024,2026-05,5
2026-05-09,BKK_Sukhumvit,PassionFruit,53,3445.0,926.44,318,318.0,1033.5,849.06,6.0,140.88,False,708.18,2026-05,5
2026-05-09,BKK_Sukhumvit,Pineapple,128,6272.0,1090.56,768,640.0,1505.28,2268.16,3.0,43.56,False,2224.6,2026-05,5
2026-05-09,BKK_Sukhumvit,Watermelon,224,10080.0,1536.64,1344,1120.0,3024.0,3055.3599999999997,8.0,102.88,False,2952.4799999999996,2026-05,5
2026-05-09,Pattaya_Beach,Guava,117,5733.0,1136.0700000000002,702,643.5,1719.9,1531.5299999999997,5.0,78.55,False,1452.9799999999998,2026-05,5
2026-05-09,Pattaya_Beach,MixedBerryPremium,56,4984.0,2077.6,448,392.0,1196.1599999999999,870.2399999999999,12.0,541.2,False,329.03999999999985,2026-05,5
2026-05-09,Pattaya_Beach,PassionFruit,88,5720.0,1538.24,528,528.0,1716.0,1409.7599999999998,11.0,258.28,False,1151.4799999999998,2026-05,5
2026-05-09,Pattaya_Beach,Pineapple,165,8085.0,1405.8,990,825.0,2425.5,2438.7000000000003,9.0,130.68,False,2308.0200000000004,2026-05,5
2026-05-09,Pattaya_Beach,Watermelon,223,10035.0,1529.7800000000002,1338,1115.0,3010.5,3041.72,8.0,102.88,False,2938.8399999999997,2026-05,5
2026-05-09,Pattaya_Central,Guava,141,6909.0,1369.1100000000001,846,775.5,1658.1599999999999,2260.2299999999996,9.0,141.39,False,2118.8399999999997,2026-05,5
2026-05-09,Pattaya_Central,MixedBerryPremium,58,5162.0,2151.8,464,406.0,1548.6,591.6,15.0,676.5,False,-84.89999999999998,2026-05,5
2026-05-09,Pattaya_Central,PassionFruit,103,6695.0,1800.44,618,618.0,2008.5,1650.06,9.0,211.32,False,1438.74,2026-05,5
2026-05-09,Pattaya_Central,Pineapple,193,9457.0,1644.36,1158,965.0,2269.68,3419.96,5.0,72.6,False,3347.36,2026-05,5
2026-05-09,Pattaya_Central,Watermelon,310,13950.0,2126.6000000000004,1860,1550.0,3348.0,5065.400000000001,5.0,64.3,False,5001.1,2026-05,5
2026-05-10,BKK_Ladprao,Guava,56,2744.0,543.76,336,308.0,658.56,897.6800000000001,3.0,47.13,False,850.5500000000001,2026-05,6
2026-05-10,BKK_Ladprao,MixedBerryPremium,28,2492.0,1038.8,224,196.0,747.5999999999999,285.6,21.0,947.1,False,-661.5,2026-05,6
2026-05-10,BKK_Ladprao,PassionFruit,45,2925.0,786.6,270,270.0,702.0,896.4,7.0,164.36,False,732.04,2026-05,6
2026-05-10,BKK_Ladprao,Pineapple,91,4459.0,775.3199999999999,546,455.0,1070.1599999999999,1612.5200000000002,9.0,130.68,False,1481.8400000000001,2026-05,6
2026-05-10,BKK_Ladprao,Watermelon,120,5400.0,823.2,720,600.0,1620.0,1636.8,8.0,102.88,False,1533.92,2026-05,6
2026-05-10,BKK_Sukhumvit,Guava,93,4557.0,903.0300000000001,558,511.5,1093.6799999999998,1490.79,4.0,62.84,False,1427.95,2026-05,6
2026-05-10,BKK_Sukhumvit,MixedBerryPremium,40,3560.0,1484.0,320,280.0,1068.0,408.00000000000006,10.0,451.0,False,-42.99999999999994,2026-05,6
2026-05-10,BKK_Sukhumvit,PassionFruit,79,5135.0,1380.92,474,474.0,1540.5,1265.58,6.0,140.88,False,1124.6999999999998,2026-05,6
2026-05-10,BKK_Sukhumvit,Pineapple,126,6174.0,1073.52,756,630.0,1852.2,1862.28,5.0,72.6,False,1789.68,2026-05,6
2026-05-10,BKK_Sukhumvit,Watermelon,224,10080.0,1536.64,1344,1120.0,2419.2,3660.16,5.0,64.3,False,3595.8599999999997,2026-05,6
2026-05-10,Pattaya_Beach,Guava,113,5537.0,1097.23,678,621.5,1328.8799999999999,1811.3899999999999,9.0,141.39,False,1670.0,2026-05,6
2026-05-10,Pattaya_Beach,MixedBerryPremium,46,4094.0,1706.6000000000001,368,322.0,982.56,714.8399999999998,13.0,586.3,False,128.53999999999985,2026-05,6
2026-05-10,Pattaya_Beach,PassionFruit,95,6175.0,1660.6000000000001,570,570.0,1482.0,1892.3999999999999,10.0,234.8,False,1657.6,2026-05,6
2026-05-10,Pattaya_Beach,Pineapple,149,7301.0,1269.48,894,745.0,2190.2999999999997,2202.2200000000003,10.0,145.2,False,2057.0200000000004,2026-05,6
2026-05-10,Pattaya_Beach,Watermelon,259,11655.0,1776.74,1554,1295.0,2797.2,4232.06,5.0,64.3,False,4167.76,2026-05,6
2026-05-10,Pattaya_Central,Guava,119,5831.0,1155.49,714,654.5,1399.4399999999998,1907.57,6.0,94.26,False,1813.31,2026-05,6
2026-05-10,Pattaya_Central,MixedBerryPremium,71,6319.0,2634.1000000000004,568,497.0,1895.6999999999998,724.2,12.0,541.2,False,183.0,2026-05,6
2026-05-10,Pattaya_Central,PassionFruit,93,6045.0,1625.6399999999999,558,558.0,1813.5,1489.86,8.0,187.84,False,1302.02,2026-05,6
2026-05-10,Pattaya_Central,Pineapple,203,9947.0,1729.56,1218,1015.0,2984.1,3000.34,8.0,116.16,False,2884.1800000000003,2026-05,6
2026-05-10,Pattaya_Central,Watermelon,276,12420.0,1893.3600000000001,1656,1380.0,3726.0,3764.6399999999994,10.0,128.6,False,3636.0399999999995,2026-05,6
2026-05-11,BKK_Ladprao,Guava,42,2058.0,361.62,252,231.0,493.91999999999996,719.46,2.0,29.22,False,690.24,2026-05,0
2026-05-11,BKK_Ladprao,MixedBerryPremium,28,2492.0,1085.0,224,196.0,747.6,239.39999999999998,18.0,841.5,False,-602.1,2026-05,0
2026-05-11,BKK_Ladprao,PassionFruit,45,2925.0,849.6,270,270.0,877.5,657.9000000000002,10.0,248.8,False,409.1000000000002,2026-05,0
2026-05-11,BKK_Ladprao,Pineapple,79,3871.0,654.1199999999999,474,395.0,1161.3,1186.58,6.0,85.68,False,1100.8999999999999,2026-05,0
2026-05-11,BKK_Ladprao,Watermelon,132,5940.0,913.4399999999999,792,660.0,1782.0,1792.56,8.0,103.36,False,1689.2,2026-05,0
2026-05-11,BKK_Sukhumvit,Guava,88,4312.0,757.68,528,484.0,1293.6,1248.72,3.0,43.83,False,1204.89,2026-05,0
2026-05-11,BKK_Sukhumvit,MixedBerryPremium,35,3115.0,1356.25,280,245.0,934.5,299.24999999999994,9.0,420.75,False,-121.50000000000006,2026-05,0
2026-05-11,BKK_Sukhumvit,PassionFruit,54,3510.0,1019.52,324,324.0,1053.0,789.4800000000002,4.0,99.52,False,689.9600000000003,2026-05,0
2026-05-11,BKK_Sukhumvit,Pineapple,129,6321.0,1068.12,774,645.0,1517.04,2316.8400000000006,4.0,57.12,False,2259.7200000000007,2026-05,0
2026-05-11,BKK_Sukhumvit,Watermelon,191,8595.0,1321.72,1146,955.0,2062.7999999999997,3109.48,4.0,51.68,False,3057.8,2026-05,0
2026-05-11,Pattaya_Beach,Guava,92,4508.0,792.1199999999999,552,506.0,1081.9199999999998,1575.96,8.0,116.88,False,1459.08,2026-05,0
2026-05-11,Pattaya_Beach,MixedBerryPremium,44,3916.0,1705.0,352,308.0,1174.8,376.19999999999993,8.0,374.0,False,2.199999999999932,2026-05,0
2026-05-11,Pattaya_Beach,PassionFruit,74,4810.0,1397.12,444,444.0,1443.0,1081.8800000000003,4.0,99.52,False,982.3600000000004,2026-05,0
2026-05-11,Pattaya_Beach,Pineapple,146,7154.0,1208.8799999999999,876,730.0,1716.9599999999998,2622.1600000000003,3.0,42.84,False,2579.32,2026-05,0
2026-05-11,Pattaya_Beach,Watermelon,196,8820.0,1356.32,1176,980.0,2646.0,2661.6800000000003,5.0,64.6,False,2597.0800000000004,2026-05,0
2026-05-11,Pattaya_Central,Guava,104,5096.0,895.4399999999999,624,572.0,1528.8,1475.76,6.0,87.66,False,1388.1,2026-05,0
2026-05-11,Pattaya_Central,MixedBerryPremium,39,3471.0,1511.25,312,273.0,833.04,541.7100000000002,9.0,420.75,False,120.96000000000015,2026-05,0
2026-05-11,Pattaya_Central,PassionFruit,82,5330.0,1548.1599999999999,492,492.0,1279.2,1518.6400000000003,8.0,199.04,False,1319.6000000000004,2026-05,0
2026-05-11,Pattaya_Central,Pineapple,168,8232.0,1391.04,1008,840.0,1975.6799999999998,3017.28,10.0,142.8,False,2874.48,2026-05,0
2026-05-11,Pattaya_Central,Watermelon,247,11115.0,1709.24,1482,1235.0,2667.6,4021.16,7.0,90.44,False,3930.72,2026-05,0
2026-05-12,BKK_Ladprao,Guava,35,1715.0,301.34999999999997,210,192.5,411.6,599.5500000000001,4.0,58.44,False,541.1100000000001,2026-05,1
2026-05-12,BKK_Ladprao,MixedBerryPremium,25,2225.0,968.75,200,175.0,667.5,213.74999999999994,15.0,701.25,False,-487.50000000000006,2026-05,1
2026-05-12,BKK_Ladprao,PassionFruit,35,2275.0,660.8,210,210.0,546.0,648.2,6.0,149.28,False,498.9200000000001,2026-05,1
2026-05-12,BKK_Ladprao,Pineapple,80,3920.0,662.4,480,400.0,1176.0,1201.6,1.0,14.28,False,1187.32,2026-05,1
2026-05-12,BKK_Ladprao,Watermelon,104,4680.0,719.68,624,520.0,1123.2,1693.1200000000001,2.0,25.84,False,1667.2800000000002,2026-05,1
2026-05-12,BKK_Sukhumvit,Guava,77,3773.0,662.9699999999999,462,423.5,1131.8999999999999,1092.6299999999999,6.0,87.66,False,1004.9699999999999,2026-05,1
2026-05-12,BKK_Sukhumvit,MixedBerryPremium,35,3115.0,1356.25,280,245.0,747.6,486.1500000000001,11.0,514.25,False,-28.09999999999991,2026-05,1
2026-05-12,BKK_Sukhumvit,PassionFruit,64,4160.0,1208.32,384,384.0,1248.0,935.6800000000003,7.0,174.16,False,761.5200000000003,2026-05,1
2026-05-12,BKK_Sukhumvit,Pineapple,119,5831.0,985.3199999999999,714,595.0,1749.3,1787.38,6.0,85.68,False,1701.7,2026-05,1
2026-05-12,BKK_Sukhumvit,Watermelon,196,8820.0,1356.32,1176,980.0,2646.0,2661.6800000000003,4.0,51.68,False,2610.0000000000005,2026-05,1
2026-05-12,Pattaya_Beach,Guava,100,4900.0,861.0,600,550.0,1176.0,1713.0000000000002,4.0,58.44,False,1654.5600000000002,2026-05,1
2026-05-12,Pattaya_Beach,MixedBerryPremium,34,3026.0,1317.5,272,238.0,907.8,290.70000000000005,15.0,701.25,False,-410.54999999999995,2026-05,1
2026-05-12,Pattaya_Beach,PassionFruit,60,3900.0,1132.8,360,360.0,936.0,1111.2,4.0,99.52,False,1011.6800000000001,2026-05,1
2026-05-12,Pattaya_Beach,Pineapple,144,7056.0,1192.32,864,720.0,1693.4399999999998,2586.2400000000002,10.0,142.8,False,2443.44,2026-05,1
2026-05-12,Pattaya_Beach,Watermelon,220,9900.0,1522.3999999999999,1320,1100.0,2376.0,3581.6,6.0,77.52,False,3504.08,2026-05,1
2026-05-12,Pattaya_Central,Guava,103,5047.0,886.8299999999999,618,566.5,1211.28,1764.39,4.0,58.44,False,1705.95,2026-05,1
2026-05-12,Pattaya_Central,MixedBerryPremium,47,4183.0,1821.25,376,329.0,1003.92,652.83,11.0,514.25,False,138.58000000000004,2026-05,1
2026-05-12,Pattaya_Central,PassionFruit,82,5330.0,1548.1599999999999,492,492.0,1599.0,1198.8400000000004,5.0,124.4,False,1074.4400000000003,2026-05,1
2026-05-12,Pattaya_Central,Pineapple,175,8575.0,1449.0,1050,875.0,2572.5,2628.5000000000005,7.0,99.96,False,2528.5400000000004,2026-05,1
2026-05-12,Pattaya_Central,Watermelon,253,11385.0,1750.76,1518,1265.0,3415.5,3435.7400000000007,5.0,64.6,False,3371.140000000001,2026-05,1
2026-05-13,BKK_Ladprao,Guava,49,2401.0,421.89,294,269.5,720.3,695.31,3.0,43.83,False,651.4799999999999,2026-05,2
2026-05-13,BKK_Ladprao,MixedBerryPremium,25,2225.0,968.75,200,175.0,667.5,213.74999999999994,6.0,280.5,False,-66.75000000000006,2026-05,2
2026-05-13,BKK_Ladprao,PassionFruit,40,2600.0,755.1999999999999,240,240.0,624.0,740.8000000000002,6.0,149.28,False,591.5200000000002,2026-05,2
2026-05-13,BKK_Ladprao,Pineapple,83,4067.0,687.2399999999999,498,415.0,976.0799999999999,1490.68,6.0,85.68,False,1405.0,2026-05,2
2026-05-13,BKK_Ladprao,Watermelon,121,5445.0,837.3199999999999,726,605.0,1306.8,1969.88,6.0,77.52,False,1892.3600000000001,2026-05,2
2026-05-13,BKK_Sukhumvit,Guava,82,4018.0,706.02,492,451.0,1205.3999999999999,1163.58,5.0,73.05,False,1090.53,2026-05,2
2026-05-13,BKK_Sukhumvit,MixedBerryPremium,35,3115.0,1356.25,280,245.0,747.6,486.1500000000001,4.0,187.0,False,299.1500000000001,2026-05,2
2026-05-13,BKK_Sukhumvit,PassionFruit,67,4355.0,1264.96,402,402.0,1306.5,979.5400000000003,5.0,124.4,False,855.1400000000003,2026-05,2
2026-05-13,BKK_Sukhumvit,Pineapple,133,6517.0,1101.2399999999998,798,665.0,1955.1,1997.66,6.0,85.68,False,1911.98,2026-05,2
2026-05-13,BKK_Sukhumvit,Watermelon,208,9360.0,1439.36,1248,1040.0,2246.4,3386.24,3.0,38.76,False,3347.4799999999996,2026-05,2
2026-05-13,Pattaya_Beach,Guava,90,4410.0,774.9,540,495.0,1323.0,1277.1,2.0,29.22,False,1247.8799999999999,2026-05,2
2026-05-13,Pattaya_Beach,MixedBerryPremium,32,2848.0,1240.0,256,224.0,854.4,273.59999999999997,10.0,467.5,False,-193.90000000000003,2026-05,2
2026-05-13,Pattaya_Beach,PassionFruit,67,4355.0,1264.96,402,402.0,1045.2,1240.8400000000001,7.0,174.16,False,1066.68,2026-05,2
2026-05-13,Pattaya_Beach,Pineapple,151,7399.0,1250.28,906,755.0,1775.7599999999998,2711.9600000000005,5.0,71.4,False,2640.5600000000004,2026-05,2
2026-05-13,Pattaya_Beach,Watermelon,210,9450.0,1453.2,1260,1050.0,2268.0,3418.8,6.0,77.52,False,3341.28,2026-05,2
2026-05-13,Pattaya_Central,Guava,100,4900.0,861.0,600,550.0,1470.0,1419.0,7.0,102.27,False,1316.73,2026-05,2
2026-05-13,Pattaya_Central,MixedBerryPremium,55,4895.0,2131.25,440,385.0,1468.5,470.25,14.0,654.5,False,-184.25,2026-05,2
2026-05-13,Pattaya_Central,PassionFruit,91,5915.0,1718.08,546,546.0,1774.5,1330.4200000000005,3.0,74.64,False,1255.7800000000004,2026-05,2
2026-05-13,Pattaya_Central,Pineapple,150,7350.0,1242.0,900,750.0,1764.0,2694.0000000000005,5.0,71.4,False,2622.6000000000004,2026-05,2
2026-05-13,Pattaya_Central,Watermelon,247,11115.0,1709.24,1482,1235.0,2667.6,4021.16,7.0,90.44,False,3930.72,2026-05,2
2026-05-14,BKK_Ladprao,Guava,47,2303.0,404.66999999999996,282,258.5,552.72,805.1100000000001,4.0,58.44,False,746.6700000000001,2026-05,3
2026-05-14,BKK_Ladprao,MixedBerryPremium,25,2225.0,968.75,200,175.0,534.0,347.2500000000001,7.0,327.25,False,20.000000000000114,2026-05,3
2026-05-14,BKK_Ladprao,PassionFruit,37,2405.0,698.56,222,222.0,721.5,540.9400000000002,2.0,49.76,False,491.1800000000002,2026-05,3
2026-05-14,BKK_Ladprao,Pineapple,86,4214.0,712.0799999999999,516,430.0,1264.2,1291.72,6.0,85.68,False,1206.04,2026-05,3
2026-05-14,BKK_Ladprao,Watermelon,112,5040.0,775.04,672,560.0,1209.6,1823.3600000000001,6.0,77.52,False,1745.8400000000001,2026-05,3
2026-05-14,BKK_Sukhumvit,Guava,81,3969.0,697.41,486,445.5,1190.7,1149.3899999999999,5.0,73.05,False,1076.34,2026-05,3
2026-05-14,BKK_Sukhumvit,MixedBerryPremium,39,3471.0,1511.25,312,273.0,1041.3,333.45,9.0,420.75,False,-87.30000000000001,2026-05,3
2026-05-14,BKK_Sukhumvit,PassionFruit,81,5265.0,1529.28,486,486.0,1263.6,1500.1200000000001,5.0,124.4,False,1375.72,2026-05,3
2026-05-14,BKK_Sukhumvit,Pineapple,138,6762.0,1142.6399999999999,828,690.0,2028.6,2072.76,6.0,85.68,False,1987.0800000000002,2026-05,3
2026-05-14,BKK_Sukhumvit,Watermelon,218,9810.0,1508.56,1308,1090.0,2943.0,2960.44,10.0,129.2,False,2831.2400000000002,2026-05,3
2026-05-14,Pattaya_Beach,Guava,79,3871.0,680.1899999999999,474,434.5,1161.3,1121.0099999999998,2.0,29.22,False,1091.7899999999997,2026-05,3
2026-05-14,Pattaya_Beach,MixedBerryPremium,52,4628.0,2015.0,416,364.0,1388.3999999999999,444.6,7.0,327.25,False,117.35000000000002,2026-05,3
2026-05-14,Pattaya_Beach,PassionFruit,87,5655.0,1642.56,522,522.0,1357.2,1611.2400000000002,6.0,149.28,False,1461.9600000000003,2026-05,3
2026-05-14,Pattaya_Beach,Pineapple,133,6517.0,1101.24,798,665.0,1955.1,1997.6600000000003,6.0,85.68,False,1911.9800000000002,2026-05,3
2026-05-14,Pattaya_Beach,Watermelon,222,9990.0,1536.24,1332,1110.0,2997.0,3014.76,7.0,90.44,False,2924.32,2026-05,3
2026-05-14,Pattaya_Central,Guava,97,4753.0,835.17,582,533.5,1140.72,1661.6100000000001,5.0,73.05,False,1588.5600000000002,2026-05,3
2026-05-14,Pattaya_Central,MixedBerryPremium,49,4361.0,1898.75,392,343.0,1308.3,418.95000000000005,18.0,841.5,False,-422.54999999999995,2026-05,3
2026-05-14,Pattaya_Central,PassionFruit,73,4745.0,1378.24,438,438.0,1423.5,1067.2600000000002,5.0,124.4,False,942.8600000000002,2026-05,3
2026-05-14,Pattaya_Central,Pineapple,179,8771.0,1482.12,1074,895.0,2105.04,3214.84,8.0,114.24,False,3100.6000000000004,2026-05,3
2026-05-14,Pattaya_Central,Watermelon,254,11430.0,1757.68,1524,1270.0,3429.0,3449.32,8.0,103.36,False,3345.96,2026-05,3
2026-05-15,BKK_Ladprao,Guava,50,2450.0,430.5,300,275.0,588.0,856.5000000000001,7.0,102.27,False,754.2300000000001,2026-05,4
2026-05-15,BKK_Ladprao,MixedBerryPremium,25,2225.0,968.75,200,175.0,534.0,347.25000000000006,4.0,187.0,False,160.25000000000006,2026-05,4
2026-05-15,BKK_Ladprao,PassionFruit,39,2535.0,736.3199999999999,234,234.0,760.5,570.1800000000002,8.0,199.04,False,371.1400000000002,2026-05,4
2026-05-15,BKK_Ladprao,Pineapple,82,4018.0,678.9599999999999,492,410.0,1205.4,1231.6399999999999,5.0,71.4,False,1160.2399999999998,2026-05,4
2026-05-15,BKK_Ladprao,Watermelon,124,5580.0,858.0799999999999,744,620.0,1674.0,1683.92,4.0,51.68,False,1632.24,2026-05,4
2026-05-15,BKK_Sukhumvit,Guava,74,3626.0,637.14,444,407.0,870.24,1267.6200000000001,4.0,58.44,False,1209.18,2026-05,4
2026-05-15,BKK_Sukhumvit,MixedBerryPremium,45,4005.0,1743.75,360,315.0,961.1999999999999,625.0500000000002,13.0,607.75,False,17.300000000000182,2026-05,4
2026-05-15,BKK_Sukhumvit,PassionFruit,67,4355.0,1264.96,402,402.0,1306.5,979.5400000000003,4.0,99.52,False,880.0200000000003,2026-05,4
2026-05-15,BKK_Sukhumvit,Pineapple,136,6664.0,1126.08,816,680.0,1599.36,2442.5600000000004,4.0,57.12,False,2385.4400000000005,2026-05,4
2026-05-15,BKK_Sukhumvit,Watermelon,184,8280.0,1273.28,1104,920.0,2484.0,2498.7200000000003,5.0,64.6,False,2434.1200000000003,2026-05,4
2026-05-15,Pattaya_Beach,Guava,81,3969.0,697.41,486,445.5,952.56,1387.5300000000002,3.0,43.83,False,1343.7000000000003,2026-05,4
2026-05-15,Pattaya_Beach,MixedBerryPremium,46,4094.0,1782.5,368,322.0,1228.2,393.30000000000007,7.0,327.25,False,66.05000000000007,2026-05,4
2026-05-15,Pattaya_Beach,PassionFruit,67,4355.0,1264.96,402,402.0,1045.2,1240.8400000000001,6.0,149.28,False,1091.5600000000002,2026-05,4
2026-05-15,Pattaya_Beach,Pineapple,131,6419.0,1084.6799999999998,786,655.0,1540.56,2352.76,7.0,99.96,False,2252.8,2026-05,4
2026-05-15,Pattaya_Beach,Watermelon,210,9450.0,1453.2,1260,1050.0,2268.0,3418.7999999999997,5.0,64.6,False,3354.2,2026-05,4
2026-05-15,Pattaya_Central,Guava,108,5292.0,929.8799999999999,648,594.0,1270.08,1850.0400000000002,2.0,29.22,False,1820.8200000000002,2026-05,4
2026-05-15,Pattaya_Central,MixedBerryPremium,55,4895.0,2131.25,440,385.0,1468.5,470.24999999999994,8.0,374.0,False,96.24999999999994,2026-05,4
2026-05-15,Pattaya_Central,PassionFruit,78,5070.0,1472.6399999999999,468,468.0,1521.0,1140.3600000000004,2.0,49.76,False,1090.6000000000004,2026-05,4
2026-05-15,Pattaya_Central,Pineapple,170,8330.0,1407.6,1020,850.0,2499.0,2553.4,6.0,85.68,False,2467.7200000000003,2026-05,4
2026-05-15,Pattaya_Central,Watermelon,246,11070.0,1702.32,1476,1230.0,3321.0,3340.6800000000003,7.0,90.44,False,3250.2400000000002,2026-05,4
2026-05-16,BKK_Ladprao,Guava,45,2205.0,387.45,270,247.5,661.5,638.55,4.0,58.44,False,580.1099999999999,2026-05,5
2026-05-16,BKK_Ladprao,MixedBerryPremium,31,2759.0,1201.25,248,217.0,827.6999999999999,265.05,6.0,280.5,False,-15.449999999999989,2026-05,5
2026-05-16,BKK_Ladprao,PassionFruit,45,2925.0,849.6,270,270.0,877.5,657.9000000000002,8.0,199.04,False,458.86000000000024,2026-05,5
2026-05-16,BKK_Ladprao,Pineapple,89,4361.0,736.92,534,445.0,1308.3,1336.78,7.0,99.96,False,1236.82,2026-05,5
2026-05-16,BKK_Ladprao,Watermelon,109,4905.0,754.28,654,545.0,1471.5,1480.22,8.0,103.36,False,1376.8600000000001,2026-05,5
2026-05-16,BKK_Sukhumvit,Guava,81,3969.0,697.41,486,445.5,952.56,1387.5300000000002,4.0,58.44,False,1329.0900000000001,2026-05,5
2026-05-16,BKK_Sukhumvit,MixedBerryPremium,40,3560.0,1550.0,320,280.0,1068.0,342.0,4.0,187.0,False,155.0,2026-05,5
2026-05-16,BKK_Sukhumvit,PassionFruit,53,3445.0,1000.64,318,318.0,1033.5,774.8600000000002,6.0,149.28,False,625.5800000000003,2026-05,5
2026-05-16,BKK_Sukhumvit,Pineapple,141,6909.0,1167.48,846,705.0,2072.7,2117.82,5.0,71.4,False,2046.42,2026-05,5
2026-05-16,BKK_Sukhumvit,Watermelon,213,9585.0,1473.96,1278,1065.0,2875.5,2892.54,7.0,90.44,False,2802.1,2026-05,5
2026-05-16,Pattaya_Beach,Guava,107,5243.0,921.27,642,588.5,1572.9,1518.33,6.0,87.66,False,1430.6699999999998,2026-05,5
2026-05-16,Pattaya_Beach,MixedBerryPremium,54,4806.0,2092.5,432,378.0,1441.8,461.70000000000005,12.0,561.0,False,-99.29999999999995,2026-05,5
2026-05-16,Pattaya_Beach,PassionFruit,83,5395.0,1567.04,498,498.0,1294.8,1537.1600000000003,7.0,174.16,False,1363.0000000000002,2026-05,5
2026-05-16,Pattaya_Beach,Pineapple,136,6664.0,1126.08,816,680.0,1999.1999999999998,2042.7200000000003,6.0,85.68,False,1957.0400000000002,2026-05,5
2026-05-16,Pattaya_Beach,Watermelon,241,10845.0,1667.72,1446,1205.0,3253.5,3272.78,6.0,77.52,False,3195.26,2026-05,5
2026-05-16,Pattaya_Central,Guava,119,5831.0,1024.59,714,654.5,1749.3,1688.6100000000001,7.0,102.27,False,1586.3400000000001,2026-05,5
2026-05-16,Pattaya_Central,MixedBerryPremium,67,5963.0,2596.25,536,469.0,1788.8999999999999,572.85,12.0,561.0,False,11.850000000000023,2026-05,5
2026-05-16,Pattaya_Central,PassionFruit,105,6825.0,1982.3999999999999,630,630.0,2047.5,1535.1000000000004,7.0,174.16,False,1360.9400000000003,2026-05,5
2026-05-16,Pattaya_Central,Pineapple,182,8918.0,1506.9599999999998,1092,910.0,2675.4,2733.6400000000003,9.0,128.52,False,2605.1200000000003,2026-05,5
2026-05-16,Pattaya_Central,Watermelon,322,14490.0,2228.24,1932,1610.0,3477.6,5242.16,6.0,77.52,False,5164.639999999999,2026-05,5
2026-05-17,BKK_Ladprao,Guava,48,2352.0,413.28,288,264.0,705.6,681.1199999999999,5.0,73.05,False,608.0699999999999,2026-05,6
2026-05-17,BKK_Ladprao,MixedBerryPremium,19,1691.0,736.25,152,133.0,405.84,263.91,4.0,187.0,False,76.91000000000003,2026-05,6
2026-05-17,BKK_Ladprao,PassionFruit,44,2860.0,830.7199999999999,264,264.0,686.4,814.8800000000001,9.0,223.92,False,590.9600000000002,2026-05,6
2026-05-17,BKK_Ladprao,Pineapple,96,4704.0,794.8799999999999,576,480.0,1128.96,1724.16,5.0,71.4,False,1652.76,2026-05,6
2026-05-17,BKK_Ladprao,Watermelon,134,6030.0,927.28,804,670.0,1447.2,2181.52,2.0,25.84,False,2155.68,2026-05,6
2026-05-17,BKK_Sukhumvit,Guava,90,4410.0,774.9,540,495.0,1323.0,1277.1,3.0,43.83,False,1233.27,2026-05,6
2026-05-17,BKK_Sukhumvit,MixedBerryPremium,44,3916.0,1705.0,352,308.0,939.84,611.1600000000001,9.0,420.75,False,190.41000000000008,2026-05,6
2026-05-17,BKK_Sukhumvit,PassionFruit,65,4225.0,1227.1999999999998,390,390.0,1267.5,950.3000000000003,7.0,174.16,False,776.1400000000003,2026-05,6
2026-05-17,BKK_Sukhumvit,Pineapple,136,6664.0,1126.08,816,680.0,1999.2,2042.72,7.0,99.96,False,1942.76,2026-05,6
2026-05-17,BKK_Sukhumvit,Watermelon,194,8730.0,1342.48,1164,970.0,2095.2,3158.32,7.0,90.44,False,3067.88,2026-05,6
2026-05-17,Pattaya_Beach,Guava,105,5145.0,904.05,630,577.5,1234.8,1798.6500000000003,5.0,73.05,False,1725.6000000000004,2026-05,6
2026-05-17,Pattaya_Beach,MixedBerryPremium,50,4450.0,1937.5,400,350.0,1068.0,694.5000000000001,8.0,374.0,False,320.5000000000001,2026-05,6
2026-05-17,Pattaya_Beach,PassionFruit,90,5850.0,1699.1999999999998,540,540.0,1755.0,1315.8000000000004,5.0,124.4,False,1191.4000000000003,2026-05,6
2026-05-17,Pattaya_Beach,Pineapple,153,7497.0,1266.84,918,765.0,2249.1,2298.06,4.0,57.12,False,2240.94,2026-05,6
2026-05-17,Pattaya_Beach,Watermelon,285,12825.0,1972.1999999999998,1710,1425.0,3847.5,3870.3,7.0,90.44,False,3779.86,2026-05,6
2026-05-17,Pattaya_Central,Guava,137,6713.0,1179.57,822,753.5,2013.8999999999999,1944.0299999999997,9.0,131.49,False,1812.5399999999997,2026-05,6
2026-05-17,Pattaya_Central,MixedBerryPremium,59,5251.0,2286.25,472,413.0,1260.24,819.5100000000001,21.0,981.75,False,-162.2399999999999,2026-05,6
2026-05-17,Pattaya_Central,PassionFruit,100,6500.0,1888.0,600,600.0,1950.0,1462.0000000000005,8.0,199.04,False,1262.9600000000005,2026-05,6
2026-05-17,Pattaya_Central,Pineapple,189,9261.0,1564.9199999999998,1134,945.0,2778.2999999999997,2838.78,8.0,114.24,False,2724.5400000000004,2026-05,6
2026-05-17,Pattaya_Central,Watermelon,298,13410.0,2062.16,1788,1490.0,3218.4,4851.44,11.0,142.12,False,4709.32,2026-05,6
2026-05-18,BKK_Ladprao,Guava,41,2009.0,399.75,246,225.5,602.7,535.05,7.0,110.25,False,424.79999999999995,2026-05,0
2026-05-18,BKK_Ladprao,MixedBerryPremium,23,2047.0,851.0,184,161.0,614.1,236.89999999999998,9.0,405.0,False,-168.10000000000002,2026-05,0
2026-05-18,BKK_Ladprao,PassionFruit,38,2470.0,673.3599999999999,228,228.0,741.0,599.6400000000001,6.0,142.32,False,457.3200000000001,2026-05,0
2026-05-18,BKK_Ladprao,Pineapple,86,4214.0,633.82,516,430.0,1264.2,1369.98,6.0,80.22,False,1289.76,2026-05,0
2026-05-18,BKK_Ladprao,Watermelon,113,5085.0,835.0699999999999,678,565.0,1525.5,1481.43,8.0,107.12,False,1374.31,2026-05,0
2026-05-18,BKK_Sukhumvit,Guava,65,3185.0,633.75,390,357.5,764.4,1039.3500000000001,4.0,63.0,False,976.3500000000001,2026-05,0
2026-05-18,BKK_Sukhumvit,MixedBerryPremium,40,3560.0,1480.0,320,280.0,1068.0,411.99999999999994,12.0,540.0,False,-128.00000000000006,2026-05,0
2026-05-18,BKK_Sukhumvit,PassionFruit,77,5005.0,1364.4399999999998,462,462.0,1501.5,1215.0600000000002,2.0,47.44,False,1167.6200000000001,2026-05,0
2026-05-18,BKK_Sukhumvit,Pineapple,133,6517.0,980.21,798,665.0,1955.1,2118.69,8.0,106.96,False,2011.73,2026-05,0
2026-05-18,BKK_Sukhumvit,Watermelon,203,9135.0,1500.1699999999998,1218,1015.0,2740.5,2661.33,2.0,26.78,False,2634.5499999999997,2026-05,0
2026-05-18,Pattaya_Beach,Guava,99,4851.0,965.25,594,544.5,1455.3,1291.95,6.0,94.5,False,1197.45,2026-05,0
2026-05-18,Pattaya_Beach,MixedBerryPremium,47,4183.0,1739.0,376,329.0,1003.92,735.08,12.0,540.0,False,195.08000000000004,2026-05,0
2026-05-18,Pattaya_Beach,PassionFruit,77,5005.0,1364.4399999999998,462,462.0,1201.2,1515.3600000000001,9.0,213.48,False,1301.88,2026-05,0
2026-05-18,Pattaya_Beach,Pineapple,130,6370.0,958.1,780,650.0,1911.0,2070.9,6.0,80.22,False,1990.68,2026-05,0
2026-05-18,Pattaya_Beach,Watermelon,223,10035.0,1647.9699999999998,1338,1115.0,2408.4,3525.63,7.0,93.73,False,3431.9,2026-05,0
2026-05-18,Pattaya_Central,Guava,118,5782.0,1150.5,708,649.0,1734.6,1539.9,5.0,78.75,False,1461.15,2026-05,0
2026-05-18,Pattaya_Central,MixedBerryPremium,48,4272.0,1776.0,384,336.0,1281.6,494.4,14.0,630.0,False,-135.60000000000002,2026-05,0
2026-05-18,Pattaya_Central,PassionFruit,102,6630.0,1807.4399999999998,612,612.0,1989.0,1609.5600000000002,5.0,118.6,False,1490.9600000000003,2026-05,0
2026-05-18,Pattaya_Central,Pineapple,152,7448.0,1120.24,912,760.0,1787.52,2868.2400000000002,6.0,80.22,False,2788.0200000000004,2026-05,0
2026-05-18,Pattaya_Central,Watermelon,260,11700.0,1921.3999999999999,1560,1300.0,3510.0,3408.6000000000004,6.0,80.34,False,3328.26,2026-05,0
2026-05-19,BKK_Ladprao,Guava,43,2107.0,419.25,258,236.5,505.68,687.57,3.0,47.25,False,640.32,2026-05,1
2026-05-19,BKK_Ladprao,MixedBerryPremium,43,3252.95,1591.0,344,301.0,975.885,41.06500000000031,18.0,810.0,False,-768.9349999999997,2026-05,1
2026-05-19,BKK_Ladprao,PassionFruit,37,2405.0,655.64,222,222.0,721.5,583.86,3.0,71.16,False,512.7,2026-05,1
2026-05-19,BKK_Ladprao,Pineapple,72,3528.0,530.64,432,360.0,1058.4,1146.96,4.0,53.48,False,1093.48,2026-05,1
2026-05-19,BKK_Ladprao,Watermelon,106,4770.0,783.3399999999999,636,530.0,1431.0,1389.66,0.0,0.0,,1389.66,2026-05,1
2026-05-19,BKK_Sukhumvit,Guava,83,4067.0,809.25,498,456.5,1220.1,1083.15,6.0,94.5,False,988.6500000000001,2026-05,1
2026-05-19,BKK_Sukhumvit,MixedBerryPremium,36,2723.4,1332.0,288,252.0,653.616,197.784,3.0,135.0,False,62.78399999999999,2026-05,1
2026-05-19,BKK_Sukhumvit,PassionFruit,65,4225.0,1151.8,390,390.0,1014.0,1279.2000000000003,7.0,166.04,False,1113.1600000000003,2026-05,1
2026-05-19,BKK_Sukhumvit,Pineapple,126,6174.0,928.62,756,630.0,1852.2,2007.18,5.0,66.85,False,1940.3300000000002,2026-05,1
2026-05-19,BKK_Sukhumvit,Watermelon,194,8730.0,1433.6599999999999,1164,970.0,2095.2,3067.1400000000003,6.0,80.34,False,2986.8,2026-05,1
2026-05-19,Pattaya_Beach,Guava,88,4312.0,858.0,528,484.0,1293.6,1148.4,6.0,94.5,False,1053.9,2026-05,1
2026-05-19,Pattaya_Beach,MixedBerryPremium,55,4160.75,2035.0,440,385.0,998.58,302.16999999999996,11.0,495.0,False,-192.83000000000004,2026-05,1
2026-05-19,Pattaya_Beach,PassionFruit,75,4875.0,1329.0,450,450.0,1462.5,1183.5,5.0,118.6,False,1064.9,2026-05,1
2026-05-19,Pattaya_Beach,Pineapple,137,6713.0,1009.69,822,685.0,2013.8999999999999,2182.41,5.0,66.85,False,2115.56,2026-05,1
2026-05-19,Pattaya_Beach,Watermelon,200,9000.0,1478.0,1200,1000.0,2700.0,2622.0,2.0,26.78,False,2595.22,2026-05,1
2026-05-19,Pattaya_Central,Guava,95,4655.0,926.25,570,522.5,1396.5,1239.7500000000002,7.0,110.25,False,1129.5000000000002,2026-05,1
2026-05-19,Pattaya_Central,MixedBerryPremium,64,4841.6,2368.0,512,448.0,1452.4799999999998,61.12000000000043,16.0,720.0,False,-658.8799999999995,2026-05,1
2026-05-19,Pattaya_Central,PassionFruit,71,4615.0,1258.12,426,426.0,1107.6,1397.2800000000002,5.0,118.6,False,1278.6800000000003,2026-05,1
2026-05-19,Pattaya_Central,Pineapple,158,7742.0,1164.46,948,790.0,1858.08,2981.46,7.0,93.59,False,2887.87,2026-05,1
2026-05-19,Pattaya_Central,Watermelon,247,11115.0,1825.33,1482,1235.0,2667.6,3905.07,9.0,120.51,False,3784.56,2026-05,1
2026-05-20,BKK_Ladprao,Guava,47,2303.0,458.25,282,258.5,690.9,613.3499999999999,3.0,47.25,False,566.0999999999999,2026-05,2
2026-05-20,BKK_Ladprao,MixedBerryPremium,34,3026.0,1258.0,272,238.0,726.24,531.76,4.0,180.0,False,351.76,2026-05,2
2026-05-20,BKK_Ladprao,PassionFruit,34,2210.0,602.48,204,204.0,663.0,536.52,5.0,118.6,False,417.91999999999996,2026-05,2
2026-05-20,BKK_Ladprao,Pineapple,73,3577.0,538.01,438,365.0,1073.1,1162.8899999999999,2.0,26.74,False,1136.1499999999999,2026-05,2
2026-05-20,BKK_Ladprao,Watermelon,132,5940.0,975.4799999999999,792,660.0,1782.0,1730.5200000000002,5.0,66.95,False,1663.5700000000002,2026-05,2
2026-05-20,BKK_Sukhumvit,Guava,94,4606.0,916.5,564,517.0,1381.8,1226.7,4.0,63.0,False,1163.7,2026-05,2
2026-05-20,BKK_Sukhumvit,MixedBerryPremium,35,3115.0,1295.0,280,245.0,934.5,360.5,9.0,405.0,False,-44.5,2026-05,2
2026-05-20,BKK_Sukhumvit,PassionFruit,76,4940.0,1346.7199999999998,456,456.0,1185.6,1495.68,7.0,166.04,False,1329.64,2026-05,2
2026-05-20,BKK_Sukhumvit,Pineapple,138,6762.0,1017.0600000000001,828,690.0,2028.6,2198.34,6.0,80.22,False,2118.1200000000003,2026-05,2
2026-05-20,BKK_Sukhumvit,Watermelon,192,8640.0,1418.8799999999999,1152,960.0,2592.0,2517.1200000000003,6.0,80.34,False,2436.78,2026-05,2
2026-05-20,Pattaya_Beach,Guava,82,4018.0,799.5,492,451.0,1205.3999999999999,1070.1,7.0,110.25,False,959.8499999999999,2026-05,2
2026-05-20,Pattaya_Beach,MixedBerryPremium,34,3026.0,1258.0,272,238.0,726.24,531.7600000000001,11.0,495.0,False,36.760000000000105,2026-05,2
2026-05-20,Pattaya_Beach,PassionFruit,76,4940.0,1346.7199999999998,456,456.0,1185.6,1495.68,7.0,166.04,False,1329.64,2026-05,2
2026-05-20,Pattaya_Beach,Pineapple,168,8232.0,1238.16,1008,840.0,2469.6,2676.24,7.0,93.59,False,2582.6499999999996,2026-05,2
2026-05-20,Pattaya_Beach,Watermelon,188,8460.0,1389.32,1128,940.0,2538.0,2464.6800000000003,8.0,107.12,False,2357.5600000000004,2026-05,2
2026-05-20,Pattaya_Central,Guava,110,5390.0,1072.5,660,605.0,1617.0,1435.5,5.0,78.75,False,1356.75,2026-05,2
2026-05-20,Pattaya_Central,MixedBerryPremium,48,4272.0,1776.0,384,336.0,1025.28,750.72,11.0,495.0,False,255.72000000000003,2026-05,2
2026-05-20,Pattaya_Central,PassionFruit,81,5265.0,1435.32,486,486.0,1579.5,1278.18,6.0,142.32,False,1135.8600000000001,2026-05,2
2026-05-20,Pattaya_Central,Pineapple,157,7693.0,1157.09,942,785.0,2307.9,2501.01,4.0,53.48,False,2447.53,2026-05,2
2026-05-20,Pattaya_Central,Watermelon,246,11070.0,1817.9399999999998,1476,1230.0,2656.8,3889.26,12.0,160.68,False,3728.5800000000004,2026-05,2
2026-05-21,BKK_Ladprao,Guava,42,2058.0,409.5,252,231.0,617.4,548.0999999999999,5.0,78.75,False,469.3499999999999,2026-05,3
2026-05-21,BKK_Ladprao,MixedBerryPremium,15,1335.0,555.0,120,105.0,400.5,154.5,8.0,360.0,False,-205.5,2026-05,3
2026-05-21,BKK_Ladprao,PassionFruit,33,2145.0,584.76,198,198.0,514.8,649.44,6.0,142.32,False,507.12000000000006,2026-05,3
2026-05-21,BKK_Ladprao,Pineapple,80,3920.0,589.6,480,400.0,1176.0,1274.3999999999999,2.0,26.74,False,1247.6599999999999,2026-05,3
2026-05-21,BKK_Ladprao,Watermelon,140,6300.0,1034.6,840,700.0,1890.0,1835.4,4.0,53.56,False,1781.8400000000001,2026-05,3
2026-05-21,BKK_Sukhumvit,Guava,76,3724.0,741.0,456,418.0,893.76,1215.24,5.0,78.75,False,1136.49,2026-05,3
2026-05-21,BKK_Sukhumvit,MixedBerryPremium,45,4005.0,1665.0,360,315.0,1201.5,463.49999999999994,17.0,765.0,False,-301.50000000000006,2026-05,3
2026-05-21,BKK_Sukhumvit,PassionFruit,63,4095.0,1116.36,378,378.0,1228.5,994.1400000000001,4.0,94.88,False,899.2600000000001,2026-05,3
2026-05-21,BKK_Sukhumvit,Pineapple,127,6223.0,935.99,762,635.0,1493.52,2396.4900000000002,6.0,80.22,False,2316.2700000000004,2026-05,3
2026-05-21,BKK_Sukhumvit,Watermelon,170,7650.0,1256.3,1020,850.0,2295.0,2228.7000000000003,4.0,53.56,False,2175.1400000000003,2026-05,3
2026-05-21,Pattaya_Beach,Guava,97,4753.0,945.75,582,533.5,1425.8999999999999,1265.85,4.0,63.0,False,1202.85,2026-05,3
2026-05-21,Pattaya_Beach,MixedBerryPremium,51,4539.0,1887.0,408,357.0,1089.36,797.6400000000001,8.0,360.0,False,437.6400000000001,2026-05,3
2026-05-21,Pattaya_Beach,PassionFruit,63,4095.0,1116.36,378,378.0,1228.5,994.1400000000001,5.0,118.6,False,875.5400000000001,2026-05,3
2026-05-21,Pattaya_Beach,Pineapple,151,7399.0,1112.8700000000001,906,755.0,2219.7,2405.4300000000003,10.0,133.7,False,2271.7300000000005,2026-05,3
2026-05-21,Pattaya_Beach,Watermelon,205,9225.0,1514.9499999999998,1230,1025.0,2767.5,2687.55,10.0,133.9,False,2553.65,2026-05,3
2026-05-21,Pattaya_Central,Guava,113,5537.0,1101.75,678,621.5,1661.1,1474.65,9.0,141.75,False,1332.9,2026-05,3
2026-05-21,Pattaya_Central,MixedBerryPremium,63,5607.0,2331.0,504,441.0,1682.1,648.9,20.0,900.0,False,-251.10000000000002,2026-05,3
2026-05-21,Pattaya_Central,PassionFruit,76,4940.0,1346.7199999999998,456,456.0,1185.6,1495.68,6.0,142.32,False,1353.3600000000001,2026-05,3
2026-05-21,Pattaya_Central,Pineapple,160,7840.0,1179.2,960,800.0,2352.0,2548.7999999999997,5.0,66.85,False,2481.95,2026-05,3
2026-05-21,Pattaya_Central,Watermelon,251,11295.0,1854.8899999999999,1506,1255.0,2710.7999999999997,3968.3100000000004,7.0,93.73,False,3874.5800000000004,2026-05,3
2026-05-22,BKK_Ladprao,Guava,53,2597.0,516.75,318,291.5,779.1,691.6499999999999,4.0,63.0,False,628.6499999999999,2026-05,4
2026-05-22,BKK_Ladprao,MixedBerryPremium,28,2492.0,1036.0,224,196.0,747.6,288.3999999999999,10.0,450.0,False,-161.60000000000008,2026-05,4
2026-05-22,BKK_Ladprao,PassionFruit,42,2730.0,744.24,252,252.0,819.0,662.7600000000001,5.0,118.6,False,544.1600000000001,2026-05,4
2026-05-22,BKK_Ladprao,Pineapple,76,3724.0,560.12,456,380.0,1117.2,1210.6799999999998,6.0,80.22,False,1130.4599999999998,2026-05,4
2026-05-22,BKK_Ladprao,Watermelon,129,5805.0,953.31,774,645.0,1741.5,1691.19,7.0,93.73,False,1597.46,2026-05,4
2026-05-22,BKK_Sukhumvit,Guava,92,4508.0,897.0,552,506.0,1081.9199999999998,1471.08,5.0,78.75,False,1392.33,2026-05,4
2026-05-22,BKK_Sukhumvit,MixedBerryPremium,29,2581.0,1073.0,232,203.0,774.3,298.7,7.0,315.0,False,-16.30000000000001,2026-05,4
2026-05-22,BKK_Sukhumvit,PassionFruit,69,4485.0,1222.6799999999998,414,414.0,1345.5,1088.8200000000002,3.0,71.16,False,1017.6600000000002,2026-05,4
2026-05-22,BKK_Sukhumvit,Pineapple,126,6174.0,928.62,756,630.0,1852.1999999999998,2007.18,6.0,80.22,False,1926.96,2026-05,4
2026-05-22,BKK_Sukhumvit,Watermelon,175,7875.0,1293.25,1050,875.0,1890.0,2766.75,6.0,80.34,False,2686.41,2026-05,4
2026-05-22,Pattaya_Beach,Guava,87,4263.0,848.25,522,478.5,1278.9,1135.3500000000001,7.0,110.25,False,1025.1000000000001,2026-05,4
2026-05-22,Pattaya_Beach,MixedBerryPremium,35,3115.0,1295.0,280,245.0,747.6,547.4000000000001,4.0,180.0,False,367.4000000000001,2026-05,4
2026-05-22,Pattaya_Beach,PassionFruit,83,5395.0,1470.76,498,498.0,1294.8,1633.4400000000003,6.0,142.32,False,1491.1200000000003,2026-05,4
2026-05-22,Pattaya_Beach,Pineapple,146,7154.0,1076.02,876,730.0,2146.2,2325.7799999999997,7.0,93.59,False,2232.1899999999996,2026-05,4
2026-05-22,Pattaya_Beach,Watermelon,232,10440.0,1714.48,1392,1160.0,3132.0,3041.52,6.0,80.34,False,2961.18,2026-05,4
2026-05-22,Pattaya_Central,Guava,94,4606.0,916.5,564,517.0,1381.8,1226.7,9.0,141.75,False,1084.95,2026-05,4
2026-05-22,Pattaya_Central,MixedBerryPremium,45,4005.0,1665.0,360,315.0,961.1999999999999,703.8000000000001,14.0,630.0,False,73.80000000000007,2026-05,4
2026-05-22,Pattaya_Central,PassionFruit,82,5330.0,1453.04,492,492.0,1279.2,1613.76,8.0,189.76,False,1424.0,2026-05,4
2026-05-22,Pattaya_Central,Pineapple,174,8526.0,1282.38,1044,870.0,2046.24,3283.38,7.0,93.59,False,3189.79,2026-05,4
2026-05-22,Pattaya_Central,Watermelon,255,11475.0,1884.4499999999998,1530,1275.0,3442.5,3343.05,3.0,40.17,False,3302.88,2026-05,4
2026-05-23,BKK_Ladprao,Guava,39,1911.0,380.25,234,214.5,458.64,623.61,5.0,78.75,False,544.86,2026-05,5
2026-05-23,BKK_Ladprao,MixedBerryPremium,19,1691.0,703.0,152,133.0,405.84,297.16,4.0,180.0,False,117.16000000000003,2026-05,5
2026-05-23,BKK_Ladprao,PassionFruit,45,2925.0,797.4,270,270.0,702.0,885.6000000000001,5.0,118.6,False,767.0000000000001,2026-05,5
2026-05-23,BKK_Ladprao,Pineapple,72,3528.0,530.64,432,360.0,1058.4,1146.96,5.0,66.85,False,1080.1100000000001,2026-05,5
2026-05-23,BKK_Ladprao,Watermelon,129,5805.0,953.31,774,645.0,1741.5,1691.19,8.0,107.12,False,1584.0700000000002,2026-05,5
2026-05-23,BKK_Sukhumvit,Guava,68,3332.0,663.0,408,374.0,799.68,1087.32,4.0,63.0,False,1024.32,2026-05,5
2026-05-23,BKK_Sukhumvit,MixedBerryPremium,47,4183.0,1739.0,376,329.0,1003.92,735.08,8.0,360.0,False,375.08000000000004,2026-05,5
2026-05-23,BKK_Sukhumvit,PassionFruit,58,3770.0,1027.76,348,348.0,904.8,1141.4400000000003,6.0,142.32,False,999.1200000000003,2026-05,5
2026-05-23,BKK_Sukhumvit,Pineapple,136,6664.0,1002.32,816,680.0,1999.2,2166.48,6.0,80.22,False,2086.26,2026-05,5
2026-05-23,BKK_Sukhumvit,Watermelon,185,8325.0,1367.1499999999999,1110,925.0,1998.0,2924.8500000000004,4.0,53.56,False,2871.2900000000004,2026-05,5
2026-05-23,Pattaya_Beach,Guava,104,5096.0,1014.0,624,572.0,1528.8,1357.2,8.0,126.0,False,1231.2,2026-05,5
2026-05-23,Pattaya_Beach,MixedBerryPremium,41,3649.0,1517.0,328,287.0,1094.7,422.3,8.0,360.0,False,62.30000000000001,2026-05,5
2026-05-23,Pattaya_Beach,PassionFruit,68,4420.0,1204.96,408,408.0,1060.8,1338.24,7.0,166.04,False,1172.2,2026-05,5
2026-05-23,Pattaya_Beach,Pineapple,176,8624.0,1297.1200000000001,1056,880.0,2587.2,2803.68,10.0,133.7,False,2669.98,2026-05,5
2026-05-23,Pattaya_Beach,Watermelon,254,11430.0,1877.06,1524,1270.0,3429.0,3329.9400000000005,7.0,93.73,False,3236.2100000000005,2026-05,5
2026-05-23,Pattaya_Central,Guava,134,6566.0,1306.5,804,737.0,1969.8,1748.7000000000003,6.0,94.5,False,1654.2000000000003,2026-05,5
2026-05-23,Pattaya_Central,MixedBerryPremium,48,4272.0,1776.0,384,336.0,1025.28,750.72,13.0,585.0,False,165.72000000000003,2026-05,5
2026-05-23,Pattaya_Central,PassionFruit,75,4875.0,1329.0,450,450.0,1462.5,1183.5,4.0,94.88,False,1088.62,2026-05,5
2026-05-23,Pattaya_Central,Pineapple,188,9212.0,1385.56,1128,940.0,2210.88,3547.5600000000004,8.0,106.96,False,3440.6000000000004,2026-05,5
2026-05-23,Pattaya_Central,Watermelon,297,13365.0,2194.83,1782,1485.0,4009.5,3893.67,8.0,107.12,False,3786.55,2026-05,5
2026-05-24,BKK_Ladprao,Guava,53,2597.0,516.75,318,291.5,779.0999999999999,691.6499999999999,3.0,47.25,False,644.3999999999999,2026-05,6
2026-05-24,BKK_Ladprao,MixedBerryPremium,17,1513.0,629.0,136,119.0,363.12,265.88,6.0,270.0,False,-4.1200000000000045,2026-05,6
2026-05-24,BKK_Ladprao,PassionFruit,46,2990.0,815.1199999999999,276,276.0,897.0,725.8800000000001,5.0,118.6,False,607.2800000000001,2026-05,6
2026-05-24,BKK_Ladprao,Pineapple,70,3430.0,515.9,420,350.0,823.1999999999999,1320.8999999999999,5.0,66.85,False,1254.05,2026-05,6
2026-05-24,BKK_Ladprao,Watermelon,122,5490.0,901.5799999999999,732,610.0,1647.0,1599.42,6.0,80.34,False,1519.0800000000002,2026-05,6
2026-05-24,BKK_Sukhumvit,Guava,92,4508.0,897.0,552,506.0,1081.92,1471.08,4.0,63.0,False,1408.08,2026-05,6
2026-05-24,BKK_Sukhumvit,MixedBerryPremium,30,2670.0,1110.0,240,210.0,640.8,469.20000000000005,11.0,495.0,False,-25.799999999999955,2026-05,6
2026-05-24,BKK_Sukhumvit,PassionFruit,57,3705.0,1010.04,342,342.0,889.2,1121.7600000000002,6.0,142.32,False,979.4400000000003,2026-05,6
2026-05-24,BKK_Sukhumvit,Pineapple,130,6370.0,958.1,780,650.0,1911.0,2070.9,7.0,93.59,False,1977.3100000000002,2026-05,6
2026-05-24,BKK_Sukhumvit,Watermelon,204,9180.0,1507.56,1224,1020.0,2754.0,2674.44,7.0,93.73,False,2580.71,2026-05,6
2026-05-24,Pattaya_Beach,Guava,115,5635.0,1121.25,690,632.5,1352.4,1838.85,6.0,94.5,False,1744.35,2026-05,6
2026-05-24,Pattaya_Beach,MixedBerryPremium,36,3204.0,1332.0,288,252.0,961.1999999999999,370.79999999999995,8.0,360.0,False,10.799999999999955,2026-05,6
2026-05-24,Pattaya_Beach,PassionFruit,74,4810.0,1311.28,444,444.0,1443.0,1167.7200000000003,8.0,189.76,False,977.9600000000003,2026-05,6
2026-05-24,Pattaya_Beach,Pineapple,151,7399.0,1112.87,906,755.0,1775.76,2849.37,6.0,80.22,False,2769.15,2026-05,6
2026-05-24,Pattaya_Beach,Watermelon,273,12285.0,2017.4699999999998,1638,1365.0,2948.4,4316.13,6.0,80.34,False,4235.79,2026-05,6
2026-05-24,Pattaya_Central,Guava,111,5439.0,1082.25,666,610.5,1631.7,1448.55,8.0,126.0,False,1322.55,2026-05,6
2026-05-24,Pattaya_Central,MixedBerryPremium,64,5696.0,2368.0,512,448.0,1708.8,659.1999999999999,9.0,405.0,False,254.19999999999993,2026-05,6
2026-05-24,Pattaya_Central,PassionFruit,96,6240.0,1701.12,576,576.0,1497.6,1889.2800000000002,7.0,166.04,False,1723.2400000000002,2026-05,6
2026-05-24,Pattaya_Central,Pineapple,206,10094.0,1518.22,1236,1030.0,2422.56,3887.2200000000003,8.0,106.96,False,3780.26,2026-05,6
2026-05-24,Pattaya_Central,Watermelon,279,12555.0,2061.81,1674,1395.0,3766.5,3657.69,12.0,160.68,False,3497.01,2026-05,6
2026-05-25,BKK_Ladprao,Guava,41,2009.0,393.19,246,225.5,602.7,541.61,5.0,77.95,False,463.66,2026-05,0
2026-05-25,BKK_Ladprao,MixedBerryPremium,18,1602.0,660.0600000000001,144,126.0,384.48,287.46,3.0,134.01,False,153.45,2026-05,0
2026-05-25,BKK_Ladprao,PassionFruit,38,2470.0,732.6400000000001,228,228.0,592.8,688.56,7.0,176.96,False,511.5999999999999,2026-05,0
2026-05-25,BKK_Ladprao,Pineapple,73,3577.0,568.67,438,365.0,1073.1,1132.2300000000002,4.0,55.16,False,1077.0700000000002,2026-05,0
2026-05-25,BKK_Ladprao,Watermelon,122,5490.0,883.28,732,610.0,1647.0,1617.72,12.0,158.88,False,1458.8400000000001,2026-05,0
2026-05-25,BKK_Sukhumvit,Guava,75,3675.0,719.25,450,412.5,1102.5,990.7500000000001,5.0,77.95,False,912.8000000000001,2026-05,0
2026-05-25,BKK_Sukhumvit,MixedBerryPremium,35,3115.0,1283.45,280,245.0,934.5,372.04999999999995,11.0,491.37,False,-119.32000000000005,2026-05,0
2026-05-25,BKK_Sukhumvit,PassionFruit,65,4225.0,1253.2,390,390.0,1267.5,924.3,5.0,126.4,False,797.9,2026-05,0
2026-05-25,BKK_Sukhumvit,Pineapple,122,5978.0,950.38,732,610.0,1434.72,2250.9,8.0,110.32,False,2140.58,2026-05,0
2026-05-25,BKK_Sukhumvit,Watermelon,193,8685.0,1397.32,1158,965.0,2084.4,3080.28,10.0,132.4,False,2947.88,2026-05,0
2026-05-25,Pattaya_Beach,Guava,76,3724.0,728.84,456,418.0,1117.2,1003.96,4.0,62.36,False,941.6,2026-05,0
2026-05-25,Pattaya_Beach,MixedBerryPremium,35,3115.0,1283.45,280,245.0,934.5,372.05,8.0,357.36,False,14.689999999999998,2026-05,0
2026-05-25,Pattaya_Beach,PassionFruit,71,4615.0,1368.88,426,426.0,1384.5,1009.6199999999999,10.0,252.8,False,756.8199999999999,2026-05,0
2026-05-25,Pattaya_Beach,Pineapple,140,6860.0,1090.6,840,700.0,2058.0,2171.4,4.0,55.16,False,2116.2400000000002,2026-05,0
2026-05-25,Pattaya_Beach,Watermelon,235,10575.0,1701.4,1410,1175.0,3172.5,3116.1000000000004,6.0,79.44,False,3036.6600000000003,2026-05,0
2026-05-25,Pattaya_Central,Guava,114,5586.0,1093.26,684,627.0,1675.8,1505.94,4.0,62.36,False,1443.5800000000002,2026-05,0
2026-05-25,Pattaya_Central,MixedBerryPremium,47,4183.0,1723.49,376,329.0,1254.8999999999999,499.61,13.0,580.71,False,-81.10000000000002,2026-05,0
2026-05-25,Pattaya_Central,PassionFruit,79,5135.0,1523.1200000000001,474,474.0,1540.5,1123.3799999999999,5.0,126.4,False,996.9799999999999,2026-05,0
2026-05-25,Pattaya_Central,Pineapple,139,6811.0,1082.81,834,695.0,2043.3,2155.8900000000003,8.0,110.32,False,2045.5700000000004,2026-05,0
2026-05-25,Pattaya_Central,Watermelon,259,11655.0,1875.16,1554,1295.0,2797.2,4133.64,5.0,66.2,False,4067.4400000000005,2026-05,0
2026-05-26,BKK_Ladprao,Guava,43,2107.0,412.37,258,236.5,505.68,694.4499999999999,3.0,46.77,False,647.68,2026-05,1
2026-05-26,BKK_Ladprao,MixedBerryPremium,23,2047.0,843.4100000000001,184,161.0,491.28,367.30999999999995,13.0,580.71,False,-213.4000000000001,2026-05,1
2026-05-26,BKK_Ladprao,PassionFruit,44,2860.0,848.32,264,264.0,686.4,797.28,5.0,126.4,False,670.88,2026-05,1
2026-05-26,BKK_Ladprao,Pineapple,74,3626.0,576.46,444,370.0,870.24,1365.3,5.0,68.95,False,1296.35,2026-05,1
2026-05-26,BKK_Ladprao,Watermelon,118,5310.0,854.32,708,590.0,1274.3999999999999,1883.28,4.0,52.96,False,1830.32,2026-05,1
2026-05-26,BKK_Sukhumvit,Guava,83,4067.0,795.97,498,456.5,976.0799999999999,1340.45,4.0,62.36,False,1278.0900000000001,2026-05,1
2026-05-26,BKK_Sukhumvit,MixedBerryPremium,27,2403.0,990.09,216,189.0,576.72,431.19000000000005,5.0,223.35,False,207.84000000000006,2026-05,1
2026-05-26,BKK_Sukhumvit,PassionFruit,59,3835.0,1137.52,354,354.0,920.4,1069.0800000000002,5.0,126.4,False,942.6800000000002,2026-05,1
2026-05-26,BKK_Sukhumvit,Pineapple,131,6419.0,1020.49,786,655.0,1925.6999999999998,2031.8100000000002,5.0,68.95,False,1962.8600000000001,2026-05,1
2026-05-26,BKK_Sukhumvit,Watermelon,210,9450.0,1520.4,1260,1050.0,2835.0,2784.6000000000004,5.0,66.2,False,2718.4000000000005,2026-05,1
2026-05-26,Pattaya_Beach,Guava,72,3528.0,690.48,432,396.0,1058.3999999999999,951.1200000000001,5.0,77.95,False,873.1700000000001,2026-05,1
2026-05-26,Pattaya_Beach,MixedBerryPremium,37,3293.0,1356.79,296,259.0,790.3199999999999,590.8900000000001,8.0,357.36,False,233.5300000000001,2026-05,1
2026-05-26,Pattaya_Beach,PassionFruit,74,4810.0,1426.72,444,444.0,1443.0,1052.2799999999997,10.0,252.8,False,799.4799999999998,2026-05,1
2026-05-26,Pattaya_Beach,Pineapple,128,6272.0,997.12,768,640.0,1505.28,2361.6,5.0,68.95,False,2292.65,2026-05,1
2026-05-26,Pattaya_Beach,Watermelon,190,8550.0,1375.6,1140,950.0,2052.0,3032.4,9.0,119.16,False,2913.2400000000002,2026-05,1
2026-05-26,Pattaya_Central,Guava,103,5047.0,987.77,618,566.5,1514.1,1360.63,4.0,62.36,False,1298.2700000000002,2026-05,1
2026-05-26,Pattaya_Central,MixedBerryPremium,55,4895.0,2016.8500000000001,440,385.0,1174.8,878.35,14.0,625.38,False,252.97000000000003,2026-05,1
2026-05-26,Pattaya_Central,PassionFruit,68,4420.0,1311.04,408,408.0,1060.8,1232.1599999999999,6.0,151.68,False,1080.4799999999998,2026-05,1
2026-05-26,Pattaya_Central,Pineapple,148,7252.0,1152.92,888,740.0,2175.6,2295.4800000000005,4.0,55.16,False,2240.3200000000006,2026-05,1
2026-05-26,Pattaya_Central,Watermelon,248,11160.0,1795.52,1488,1240.0,2678.4,3958.08,10.0,132.4,False,3825.68,2026-05,1
2026-05-27,BKK_Ladprao,Guava,35,1715.0,335.65,210,192.5,411.6,565.25,2.0,31.18,False,534.07,2026-05,2
2026-05-27,BKK_Ladprao,MixedBerryPremium,23,2047.0,843.4100000000001,184,161.0,614.1,244.49,16.0,714.72,False,-470.23,2026-05,2
2026-05-27,BKK_Ladprao,PassionFruit,33,2145.0,636.24,198,198.0,514.8,597.9599999999999,4.0,101.12,False,496.8399999999999,2026-05,2
2026-05-27,BKK_Ladprao,Pineapple,75,3675.0,584.25,450,375.0,1102.5,1163.25,6.0,82.74,False,1080.51,2026-05,2
2026-05-27,BKK_Ladprao,Watermelon,123,5535.0,890.52,738,615.0,1660.5,1630.98,5.0,66.2,False,1564.78,2026-05,2
2026-05-27,BKK_Sukhumvit,Guava,99,4851.0,949.41,594,544.5,1455.3,1307.7900000000002,3.0,46.77,False,1261.0200000000002,2026-05,2
2026-05-27,BKK_Sukhumvit,MixedBerryPremium,33,2937.0,1210.1100000000001,264,231.0,881.0999999999999,350.78999999999996,5.0,223.35,False,127.43999999999997,2026-05,2
2026-05-27,BKK_Sukhumvit,PassionFruit,61,3965.0,1176.0800000000002,366,366.0,1189.5,867.4199999999998,5.0,126.4,False,741.0199999999999,2026-05,2
2026-05-27,BKK_Sukhumvit,Pineapple,155,7595.0,1207.45,930,775.0,2278.5,2404.05,7.0,96.53,False,2307.52,2026-05,2
2026-05-27,BKK_Sukhumvit,Watermelon,216,9720.0,1563.84,1296,1080.0,2332.8,3447.36,8.0,105.92,False,3341.44,2026-05,2
2026-05-27,Pattaya_Beach,Guava,89,4361.0,853.51,534,489.5,1308.3,1175.69,5.0,77.95,False,1097.74,2026-05,2
2026-05-27,Pattaya_Beach,MixedBerryPremium,43,3827.0,1576.8100000000002,344,301.0,1148.1,457.0899999999999,5.0,223.35,False,233.73999999999992,2026-05,2
2026-05-27,Pattaya_Beach,PassionFruit,64,4160.0,1233.92,384,384.0,1248.0,910.0799999999999,7.0,176.96,False,733.1199999999999,2026-05,2
2026-05-27,Pattaya_Beach,Pineapple,134,6566.0,1043.86,804,670.0,1575.84,2472.3,9.0,124.11,False,2348.19,2026-05,2
2026-05-27,Pattaya_Beach,Watermelon,209,9405.0,1513.16,1254,1045.0,2821.5,2771.34,7.0,92.68,False,2678.6600000000003,2026-05,2
2026-05-27,Pattaya_Central,Guava,105,5145.0,1006.95,630,577.5,1234.8,1695.75,8.0,124.72,False,1571.03,2026-05,2
2026-05-27,Pattaya_Central,MixedBerryPremium,44,3916.0,1613.48,352,308.0,939.8399999999999,702.6800000000001,13.0,580.71,False,121.97000000000003,2026-05,2
2026-05-27,Pattaya_Central,PassionFruit,61,3965.0,1176.0800000000002,366,366.0,951.6,1105.32,7.0,176.96,False,928.3599999999999,2026-05,2
2026-05-27,Pattaya_Central,Pineapple,163,7987.0,1269.77,978,815.0,1916.8799999999999,3007.3500000000004,5.0,68.95,False,2938.4000000000005,2026-05,2
2026-05-27,Pattaya_Central,Watermelon,233,10485.0,1686.92,1398,1165.0,3145.5,3089.58,3.0,39.72,False,3049.86,2026-05,2
2026-05-28,BKK_Ladprao,Guava,62,2582.3,594.58,372,341.0,774.6899999999999,500.03,6.0,93.54,False,406.48999999999995,2026-05,3
2026-05-28,BKK_Ladprao,MixedBerryPremium,27,2403.0,990.09,216,189.0,576.72,431.18999999999994,8.0,357.36,False,73.82999999999993,2026-05,3
2026-05-28,BKK_Ladprao,PassionFruit,36,2340.0,694.08,216,216.0,702.0,511.91999999999996,3.0,75.84,False,436.0799999999999,2026-05,3
2026-05-28,BKK_Ladprao,Pineapple,74,3626.0,576.46,444,370.0,870.24,1365.3000000000002,4.0,55.16,False,1310.14,2026-05,3
2026-05-28,BKK_Ladprao,Watermelon,128,5760.0,926.72,768,640.0,1382.3999999999999,2042.88,9.0,119.16,False,1923.72,2026-05,3
2026-05-28,BKK_Sukhumvit,Guava,100,4165.0,959.0,600,550.0,999.5999999999999,1056.4,6.0,93.54,False,962.8600000000001,2026-05,3
2026-05-28,BKK_Sukhumvit,MixedBerryPremium,37,3293.0,1356.79,296,259.0,987.9,393.3099999999999,11.0,491.37,False,-98.06000000000012,2026-05,3
2026-05-28,BKK_Sukhumvit,PassionFruit,69,4485.0,1330.3200000000002,414,414.0,1076.3999999999999,1250.28,8.0,202.24,False,1048.04,2026-05,3
2026-05-28,BKK_Sukhumvit,Pineapple,112,5488.0,872.48,672,560.0,1646.3999999999999,1737.1200000000001,3.0,41.37,False,1695.7500000000002,2026-05,3
2026-05-28,BKK_Sukhumvit,Watermelon,172,7740.0,1245.28,1032,860.0,1857.6,2745.1200000000003,7.0,92.68,False,2652.4400000000005,2026-05,3
2026-05-28,Pattaya_Beach,Guava,115,4789.75,1102.85,690,632.5,1436.925,927.475,5.0,77.95,False,849.525,2026-05,3
2026-05-28,Pattaya_Beach,MixedBerryPremium,41,3649.0,1503.47,328,287.0,1094.7,435.83,6.0,268.02,False,167.81,2026-05,3
2026-05-28,Pattaya_Beach,PassionFruit,69,4485.0,1330.3200000000002,414,414.0,1345.5,981.18,7.0,176.96,False,804.2199999999999,2026-05,3
2026-05-28,Pattaya_Beach,Pineapple,125,6125.0,973.75,750,625.0,1470.0,2306.25,4.0,55.16,False,2251.09,2026-05,3
2026-05-28,Pattaya_Beach,Watermelon,222,9990.0,1607.28,1332,1110.0,2397.6,3543.12,7.0,92.68,False,3450.44,2026-05,3
2026-05-28,Pattaya_Central,Guava,115,4789.75,1102.85,690,632.5,1149.54,1214.8600000000001,3.0,46.77,False,1168.0900000000001,2026-05,3
2026-05-28,Pattaya_Central,MixedBerryPremium,49,4361.0,1796.8300000000002,392,343.0,1308.3,520.87,6.0,268.02,False,252.85000000000002,2026-05,3
2026-05-28,Pattaya_Central,PassionFruit,72,4680.0,1388.16,432,432.0,1123.2,1304.6399999999999,8.0,202.24,False,1102.3999999999999,2026-05,3
2026-05-28,Pattaya_Central,Pineapple,160,7840.0,1246.4,960,800.0,2352.0,2481.6000000000004,7.0,96.53,False,2385.07,2026-05,3
2026-05-28,Pattaya_Central,Watermelon,219,9855.0,1585.56,1314,1095.0,2956.5,2903.94,6.0,79.44,False,2824.5,2026-05,3
2026-05-29,BKK_Ladprao,Guava,41,2009.0,393.19,246,225.5,602.6999999999999,541.61,4.0,62.36,False,479.25,2026-05,4
2026-05-29,BKK_Ladprao,MixedBerryPremium,22,1958.0,806.74,176,154.0,469.91999999999996,351.34000000000003,8.0,357.36,False,-6.019999999999982,2026-05,4
2026-05-29,BKK_Ladprao,PassionFruit,43,2795.0,829.0400000000001,258,258.0,838.5,611.4599999999999,7.0,176.96,False,434.4999999999999,2026-05,4
2026-05-29,BKK_Ladprao,Pineapple,77,3773.0,599.83,462,385.0,1131.9,1194.2700000000002,4.0,55.16,False,1139.1100000000001,2026-05,4
2026-05-29,BKK_Ladprao,Watermelon,127,5715.0,919.48,762,635.0,1714.5,1684.02,5.0,66.2,False,1617.82,2026-05,4
2026-05-29,BKK_Sukhumvit,Guava,102,4998.0,978.1800000000001,612,561.0,1499.3999999999999,1347.42,4.0,62.36,False,1285.0600000000002,2026-05,4
2026-05-29,BKK_Sukhumvit,MixedBerryPremium,42,3738.0,1540.14,336,294.0,1121.3999999999999,446.4599999999999,16.0,714.72,False,-268.2600000000001,2026-05,4
2026-05-29,BKK_Sukhumvit,PassionFruit,64,4160.0,1233.92,384,384.0,1248.0,910.0799999999999,6.0,151.68,False,758.3999999999999,2026-05,4
2026-05-29,BKK_Sukhumvit,Pineapple,113,5537.0,880.27,678,565.0,1661.1,1752.63,2.0,27.58,False,1725.0500000000002,2026-05,4
2026-05-29,BKK_Sukhumvit,Watermelon,177,7965.0,1281.48,1062,885.0,1911.6,2824.92,8.0,105.92,False,2719.0,2026-05,4
2026-05-29,Pattaya_Beach,Guava,82,4018.0,786.38,492,451.0,1205.4,1083.22,4.0,62.36,False,1020.86,2026-05,4
2026-05-29,Pattaya_Beach,MixedBerryPremium,43,3827.0,1576.8100000000002,344,301.0,1148.1,457.0899999999999,13.0,580.71,False,-123.62000000000012,2026-05,4
2026-05-29,Pattaya_Beach,PassionFruit,69,4485.0,1330.3200000000002,414,414.0,1345.5,981.1799999999998,8.0,202.24,False,778.9399999999998,2026-05,4
2026-05-29,Pattaya_Beach,Pineapple,133,6517.0,1036.07,798,665.0,1955.1,2062.8300000000004,7.0,96.53,False,1966.3000000000004,2026-05,4
2026-05-29,Pattaya_Beach,Watermelon,224,10080.0,1621.76,1344,1120.0,2419.2,3575.04,5.0,66.2,False,3508.84,2026-05,4
2026-05-29,Pattaya_Central,Guava,100,4900.0,959.0,600,550.0,1470.0,1321.0,8.0,124.72,False,1196.28,2026-05,4
2026-05-29,Pattaya_Central,MixedBerryPremium,50,4450.0,1833.5,400,350.0,1335.0,531.4999999999999,7.0,312.69,False,218.8099999999999,2026-05,4
2026-05-29,Pattaya_Central,PassionFruit,90,5850.0,1735.2,540,540.0,1404.0,1630.8,8.0,202.24,False,1428.56,2026-05,4
2026-05-29,Pattaya_Central,Pineapple,167,8183.0,1300.93,1002,835.0,2454.8999999999996,2590.17,12.0,165.48,False,2424.69,2026-05,4
2026-05-29,Pattaya_Central,Watermelon,236,10620.0,1708.6399999999999,1416,1180.0,3186.0,3129.36,11.0,145.64,False,2983.7200000000003,2026-05,4
2026-05-30,BKK_Ladprao,Guava,44,2156.0,421.96,264,242.0,517.44,710.5999999999999,3.0,46.77,False,663.8299999999999,2026-05,5
2026-05-30,BKK_Ladprao,MixedBerryPremium,20,1780.0,733.4000000000001,160,140.0,534.0,212.59999999999994,8.0,357.36,False,-144.76000000000008,2026-05,5
2026-05-30,BKK_Ladprao,PassionFruit,41,2665.0,790.48,246,246.0,799.5,583.02,8.0,202.24,False,380.78,2026-05,5
2026-05-30,BKK_Ladprao,Pineapple,78,3822.0,607.62,468,390.0,1146.6,1209.7800000000002,8.0,110.32,False,1099.4600000000003,2026-05,5
2026-05-30,BKK_Ladprao,Watermelon,125,5625.0,905.0,750,625.0,1687.5,1657.5,8.0,105.92,False,1551.58,2026-05,5
2026-05-30,BKK_Sukhumvit,Guava,85,4165.0,815.15,510,467.5,1249.5,1122.8500000000001,4.0,62.36,False,1060.4900000000002,2026-05,5
2026-05-30,BKK_Sukhumvit,MixedBerryPremium,59,5251.0,2163.53,472,413.0,1260.24,942.2299999999999,13.0,580.71,False,361.51999999999987,2026-05,5
2026-05-30,BKK_Sukhumvit,PassionFruit,70,4550.0,1349.6000000000001,420,420.0,1092.0,1268.4,7.0,176.96,False,1091.44,2026-05,5
2026-05-30,BKK_Sukhumvit,Pineapple,119,5831.0,927.01,714,595.0,1399.44,2195.55,4.0,55.16,False,2140.3900000000003,2026-05,5
2026-05-30,BKK_Sukhumvit,Watermelon,203,9135.0,1469.72,1218,1015.0,2192.4,3239.88,7.0,92.68,False,3147.2000000000003,2026-05,5
2026-05-30,Pattaya_Beach,Guava,94,4606.0,901.46,564,517.0,1381.8,1241.74,3.0,46.77,False,1194.97,2026-05,5
2026-05-30,Pattaya_Beach,MixedBerryPremium,43,3827.0,1576.8100000000002,344,301.0,1148.1,457.0899999999999,7.0,312.69,False,144.39999999999992,2026-05,5
2026-05-30,Pattaya_Beach,PassionFruit,79,5135.0,1523.1200000000001,474,474.0,1232.3999999999999,1431.4799999999998,5.0,126.4,False,1305.0799999999997,2026-05,5
2026-05-30,Pattaya_Beach,Pineapple,180,8820.0,1402.2,1080,900.0,2116.7999999999997,3321.0,9.0,124.11,False,3196.89,2026-05,5
2026-05-30,Pattaya_Beach,Watermelon,253,11385.0,1831.72,1518,1265.0,2732.3999999999996,4037.88,11.0,145.64,False,3892.2400000000002,2026-05,5
2026-05-30,Pattaya_Central,Guava,126,6174.0,1208.34,756,693.0,1481.76,2034.8999999999999,5.0,77.95,False,1956.9499999999998,2026-05,5
2026-05-30,Pattaya_Central,MixedBerryPremium,70,6230.0,2566.9,560,490.0,1869.0,744.1000000000001,10.0,446.7,False,297.40000000000015,2026-05,5
2026-05-30,Pattaya_Central,PassionFruit,94,6110.0,1812.3200000000002,564,564.0,1466.4,1703.28,10.0,252.8,False,1450.48,2026-05,5
2026-05-30,Pattaya_Central,Pineapple,211,10339.0,1643.69,1266,1055.0,3101.7,3272.61,8.0,110.32,False,3162.29,2026-05,5
2026-05-30,Pattaya_Central,Watermelon,299,13455.0,2164.76,1794,1495.0,4036.5,3964.7400000000002,9.0,119.16,False,3845.5800000000004,2026-05,5
2026-05-31,BKK_Ladprao,Guava,51,2499.0,489.09,306,280.5,749.7,673.71,5.0,77.95,False,595.76,2026-05,6
2026-05-31,BKK_Ladprao,MixedBerryPremium,26,2314.0,953.4200000000001,208,182.0,555.36,415.22,24.0,1072.08,False,-656.8599999999999,2026-05,6
2026-05-31,BKK_Ladprao,PassionFruit,35,2275.0,674.8000000000001,210,210.0,546.0,634.2,5.0,126.4,False,507.80000000000007,2026-05,6
2026-05-31,BKK_Ladprao,Pineapple,77,3773.0,599.83,462,385.0,1131.8999999999999,1194.2700000000002,5.0,68.95,False,1125.3200000000002,2026-05,6
2026-05-31,BKK_Ladprao,Watermelon,114,5130.0,825.36,684,570.0,1231.2,1819.44,7.0,92.68,False,1726.76,2026-05,6
2026-05-31,BKK_Sukhumvit,Guava,89,4361.0,853.51,534,489.5,1308.3,1175.69,5.0,77.95,False,1097.74,2026-05,6
2026-05-31,BKK_Sukhumvit,MixedBerryPremium,37,3293.0,1356.79,296,259.0,987.9,393.30999999999995,7.0,312.69,False,80.61999999999995,2026-05,6
2026-05-31,BKK_Sukhumvit,PassionFruit,70,4550.0,1349.6000000000001,420,420.0,1365.0,995.3999999999999,5.0,126.4,False,868.9999999999999,2026-05,6
2026-05-31,BKK_Sukhumvit,Pineapple,152,7448.0,1184.08,912,760.0,2234.4,2357.5200000000004,2.0,27.58,False,2329.9400000000005,2026-05,6
2026-05-31,BKK_Sukhumvit,Watermelon,211,9495.0,1527.6399999999999,1266,1055.0,2278.7999999999997,3367.56,9.0,119.16,False,3248.4,2026-05,6
2026-05-31,Pattaya_Beach,Guava,113,5537.0,1083.67,678,621.5,1328.8799999999999,1824.9499999999998,8.0,124.72,False,1700.2299999999998,2026-05,6
2026-05-31,Pattaya_Beach,MixedBerryPremium,54,4806.0,1980.18,432,378.0,1153.44,862.3799999999999,11.0,491.37,False,371.0099999999999,2026-05,6
2026-05-31,Pattaya_Beach,PassionFruit,109,7085.0,2101.52,654,654.0,2125.5,1549.9799999999998,10.0,252.8,False,1297.1799999999998,2026-05,6
2026-05-31,Pattaya_Beach,Pineapple,175,8575.0,1363.25,1050,875.0,2572.5,2714.25,4.0,55.16,False,2659.09,2026-05,6
2026-05-31,Pattaya_Beach,Watermelon,241,10845.0,1744.84,1446,1205.0,3253.5,3195.66,10.0,132.4,False,3063.2599999999998,2026-05,6
2026-05-31,Pattaya_Central,Guava,145,7105.0,1390.55,870,797.5,1705.2,2341.75,9.0,140.31,False,2201.44,2026-05,6
2026-05-31,Pattaya_Central,MixedBerryPremium,54,4806.0,1980.18,432,378.0,1441.8,574.02,13.0,580.71,False,-6.690000000000055,2026-05,6
2026-05-31,Pattaya_Central,PassionFruit,112,7280.0,2159.36,672,672.0,1747.2,2029.44,16.0,404.48,False,1624.96,2026-05,6
2026-05-31,Pattaya_Central,Pineapple,194,9506.0,1511.26,1164,970.0,2281.44,3579.3,5.0,68.95,False,3510.3500000000004,2026-05,6
2026-05-31,Pattaya_Central,Watermelon,291,13095.0,2106.84,1746,1455.0,3928.5,3858.66,4.0,52.96,False,3805.7,2026-05,6
2026-06-01,BKK_Ladprao,Guava,29,1421.0,301.02000000000004,174,159.5,426.3,360.18000000000006,3.0,49.14,False,311.0400000000001,2026-06,0
2026-06-01,BKK_Ladprao,MixedBerryPremium,19,1437.35,746.6999999999999,152,133.0,344.964,60.68600000000009,11.0,520.3,False,-459.61399999999986,2026-06,0
2026-06-01,BKK_Ladprao,PassionFruit,34,2210.0,907.46,204,204.0,530.4,364.13999999999993,3.0,98.07,False,266.06999999999994,2026-06,0
2026-06-01,BKK_Ladprao,Pineapple,60,2940.0,460.2,360,300.0,705.6,1114.2,5.0,68.35,False,1045.8500000000001,2026-06,0
2026-06-01,BKK_Ladprao,Watermelon,71,3195.0,593.56,426,355.0,766.8,1053.6400000000003,5.0,71.8,False,981.8400000000004,2026-06,0
2026-06-01,BKK_Sukhumvit,Guava,59,2891.0,612.4200000000001,354,324.5,693.8399999999999,906.24,3.0,49.14,False,857.1,2026-06,0
2026-06-01,BKK_Sukhumvit,MixedBerryPremium,36,2723.4,1414.8,288,252.0,817.02,-48.4199999999999,7.0,331.1,False,-379.5199999999999,2026-06,0
2026-06-01,BKK_Sukhumvit,PassionFruit,34,2210.0,907.46,204,204.0,530.4,364.14,3.0,98.07,False,266.07,2026-06,0
2026-06-01,BKK_Sukhumvit,Pineapple,101,4949.0,774.67,606,505.0,1187.76,1875.5700000000002,3.0,41.01,False,1834.5600000000002,2026-06,0
2026-06-01,BKK_Sukhumvit,Watermelon,152,6840.0,1270.72,912,760.0,1641.6,2255.6800000000003,6.0,86.16,False,2169.5200000000004,2026-06,0
2026-06-01,Pattaya_Beach,Guava,50,2450.0,519.0,300,275.0,588.0,768.0,4.0,65.52,False,702.48,2026-06,0
2026-06-01,Pattaya_Beach,MixedBerryPremium,27,2042.55,1061.1,216,189.0,490.21200000000005,86.23800000000013,2.0,94.6,False,-8.361999999999867,2026-06,0
2026-06-01,Pattaya_Beach,PassionFruit,56,3640.0,1494.64,336,336.0,1092.0,381.36,4.0,130.76,False,250.60000000000002,2026-06,0
2026-06-01,Pattaya_Beach,Pineapple,92,4508.0,705.64,552,460.0,1081.92,1708.44,3.0,41.01,False,1667.43,2026-06,0
2026-06-01,Pattaya_Beach,Watermelon,128,5760.0,1070.08,768,640.0,1382.3999999999999,1899.5200000000002,3.0,43.08,False,1856.4400000000003,2026-06,0
2026-06-01,Pattaya_Central,Guava,71,3479.0,736.98,426,390.5,834.96,1090.56,4.0,65.52,False,1025.04,2026-06,0
2026-06-01,Pattaya_Central,MixedBerryPremium,38,2874.7,1493.3999999999999,304,266.0,689.928,121.37200000000021,14.0,662.2,False,-540.8279999999999,2026-06,0
2026-06-01,Pattaya_Central,PassionFruit,65,4225.0,1734.8500000000001,390,390.0,1267.5,442.6499999999999,10.0,326.9,False,115.74999999999994,2026-06,0
2026-06-01,Pattaya_Central,Pineapple,121,5929.0,928.07,726,605.0,1422.96,2246.9700000000003,5.0,68.35,False,2178.6200000000003,2026-06,0
2026-06-01,Pattaya_Central,Watermelon,180,8100.0,1504.8,1080,900.0,1944.0,2671.2,5.0,71.8,False,2599.3999999999996,2026-06,0
2026-06-02,BKK_Ladprao,Guava,35,1715.0,363.3,210,192.5,411.59999999999997,537.6,3.0,49.14,False,488.46000000000004,2026-06,1
2026-06-02,BKK_Ladprao,MixedBerryPremium,9,801.0,353.7,72,63.0,240.3,72.00000000000003,4.0,189.2,False,-117.19999999999996,2026-06,1
2026-06-02,BKK_Ladprao,PassionFruit,34,2210.0,907.46,204,204.0,530.4,364.14,4.0,130.76,False,233.38,2026-06,1
2026-06-02,BKK_Ladprao,Pineapple,63,3087.0,483.21,378,315.0,926.1,984.6899999999998,5.0,68.35,False,916.3399999999998,2026-06,1
2026-06-02,BKK_Ladprao,Watermelon,90,4050.0,752.4,540,450.0,972.0,1335.6000000000001,3.0,43.08,False,1292.5200000000002,2026-06,1
2026-06-02,BKK_Sukhumvit,Guava,48,2352.0,498.24,288,264.0,705.5999999999999,596.16,3.0,49.14,False,547.02,2026-06,1
2026-06-02,BKK_Sukhumvit,MixedBerryPremium,29,2581.0,1139.6999999999998,232,203.0,619.4399999999999,386.8600000000001,3.0,141.9,False,244.96000000000012,2026-06,1
2026-06-02,BKK_Sukhumvit,PassionFruit,44,2860.0,1174.3600000000001,264,264.0,686.4,471.2399999999999,4.0,130.76,False,340.4799999999999,2026-06,1
2026-06-02,BKK_Sukhumvit,Pineapple,84,4116.0,644.28,504,420.0,1234.8,1312.9199999999998,2.0,27.34,False,1285.58,2026-06,1
2026-06-02,BKK_Sukhumvit,Watermelon,132,5940.0,1103.52,792,660.0,1782.0,1602.48,3.0,43.08,False,1559.4,2026-06,1
2026-06-02,Pattaya_Beach,Guava,62,3038.0,643.5600000000001,372,341.0,911.4,770.04,2.0,32.76,False,737.28,2026-06,1
2026-06-02,Pattaya_Beach,MixedBerryPremium,23,2047.0,903.9,184,161.0,614.1,184.0,3.0,141.9,False,42.099999999999994,2026-06,1
2026-06-02,Pattaya_Beach,PassionFruit,40,2600.0,1067.6000000000001,240,240.0,624.0,428.3999999999999,4.0,130.76,False,297.63999999999993,2026-06,1
2026-06-02,Pattaya_Beach,Pineapple,97,4753.0,743.99,582,485.0,1425.8999999999999,1516.11,5.0,68.35,False,1447.76,2026-06,1
2026-06-02,Pattaya_Beach,Watermelon,135,6075.0,1128.6,810,675.0,1458.0,2003.4,2.0,28.72,False,1974.68,2026-06,1
2026-06-02,Pattaya_Central,Guava,79,3871.0,820.0200000000001,474,434.5,1161.3,981.18,5.0,81.9,False,899.28,2026-06,1
2026-06-02,Pattaya_Central,MixedBerryPremium,42,3738.0,1650.6,336,294.0,1121.3999999999999,336.0000000000001,10.0,473.0,False,-136.9999999999999,2026-06,1
2026-06-02,Pattaya_Central,PassionFruit,57,3705.0,1521.3300000000002,342,342.0,1111.5,388.1700000000001,2.0,65.38,False,322.7900000000001,2026-06,1
2026-06-02,Pattaya_Central,Pineapple,110,5390.0,843.6999999999999,660,550.0,1617.0,1719.3,5.0,68.35,False,1650.95,2026-06,1
2026-06-02,Pattaya_Central,Watermelon,158,7110.0,1320.8799999999999,948,790.0,1706.4,2344.7200000000003,6.0,86.16,False,2258.5600000000004,2026-06,1
2026-06-03,BKK_Ladprao,Guava,32,1568.0,332.16,192,176.0,470.4,397.44000000000005,3.0,49.14,False,348.30000000000007,2026-06,2
2026-06-03,BKK_Ladprao,MixedBerryPremium,17,1513.0,668.0999999999999,136,119.0,363.12,226.78000000000006,4.0,189.2,False,37.58000000000007,2026-06,2
2026-06-03,BKK_Ladprao,PassionFruit,30,1950.0,800.7,180,180.0,585.0,204.3,6.0,196.14,False,8.160000000000025,2026-06,2
2026-06-03,BKK_Ladprao,Pineapple,60,2940.0,460.2,360,300.0,705.6,1114.2,5.0,68.35,False,1045.8500000000001,2026-06,2
2026-06-03,BKK_Ladprao,Watermelon,80,3600.0,668.8,480,400.0,1080.0,971.2,3.0,43.08,False,928.12,2026-06,2
2026-06-03,BKK_Sukhumvit,Guava,55,2695.0,570.9000000000001,330,302.5,808.5,683.0999999999999,3.0,49.14,False,633.9599999999999,2026-06,2
2026-06-03,BKK_Sukhumvit,MixedBerryPremium,23,2047.0,903.9,184,161.0,614.0999999999999,184.00000000000014,7.0,331.1,False,-147.09999999999988,2026-06,2
2026-06-03,BKK_Sukhumvit,PassionFruit,60,3900.0,1601.4,360,360.0,936.0,642.5999999999998,4.0,130.76,False,511.8399999999998,2026-06,2
2026-06-03,BKK_Sukhumvit,Pineapple,87,4263.0,667.29,522,435.0,1278.9,1359.8099999999997,1.0,13.67,False,1346.1399999999996,2026-06,2
2026-06-03,BKK_Sukhumvit,Watermelon,100,4500.0,836.0,600,500.0,1350.0,1214.0,2.0,28.72,False,1185.28,2026-06,2
2026-06-03,Pattaya_Beach,Guava,54,2646.0,560.52,324,297.0,635.04,829.44,4.0,65.52,False,763.9200000000001,2026-06,2
2026-06-03,Pattaya_Beach,MixedBerryPremium,30,2670.0,1179.0,240,210.0,801.0,240.00000000000014,8.0,378.4,False,-138.39999999999984,2026-06,2
2026-06-03,Pattaya_Beach,PassionFruit,47,3055.0,1254.43,282,282.0,733.1999999999999,503.36999999999995,6.0,196.14,False,307.22999999999996,2026-06,2
2026-06-03,Pattaya_Beach,Pineapple,84,4116.0,644.28,504,420.0,1234.8,1312.9199999999998,4.0,54.68,False,1258.2399999999998,2026-06,2
2026-06-03,Pattaya_Beach,Watermelon,175,7875.0,1462.9999999999998,1050,875.0,2362.5,2124.5,4.0,57.44,False,2067.06,2026-06,2
2026-06-03,Pattaya_Central,Guava,74,3626.0,768.1200000000001,444,407.0,870.24,1136.6399999999999,7.0,114.66,False,1021.9799999999999,2026-06,2
2026-06-03,Pattaya_Central,MixedBerryPremium,37,3293.0,1454.1,296,259.0,790.3199999999999,493.58000000000027,5.0,236.5,False,257.08000000000027,2026-06,2
2026-06-03,Pattaya_Central,PassionFruit,41,2665.0,1094.29,246,246.0,799.5,279.21000000000004,3.0,98.07,False,181.14000000000004,2026-06,2
2026-06-03,Pattaya_Central,Pineapple,103,5047.0,790.01,618,515.0,1211.28,1912.7100000000003,5.0,68.35,False,1844.3600000000004,2026-06,2
2026-06-03,Pattaya_Central,Watermelon,166,7470.0,1387.76,996,830.0,2241.0,2015.2400000000002,7.0,100.52,False,1914.7200000000003,2026-06,2
2026-06-04,BKK_Ladprao,Guava,33,1617.0,342.54,198,181.5,388.08,506.88,4.0,65.52,False,441.36,2026-06,3
2026-06-04,BKK_Ladprao,MixedBerryPremium,12,1068.0,471.59999999999997,96,84.0,256.32,160.08000000000004,8.0,378.4,False,-218.31999999999994,2026-06,3
2026-06-04,BKK_Ladprao,PassionFruit,19,1235.0,507.11,114,114.0,370.5,129.39000000000004,3.0,98.07,False,31.32000000000005,2026-06,3
2026-06-04,BKK_Ladprao,Pineapple,52,2548.0,398.84,312,260.0,764.4,812.7599999999999,3.0,41.01,False,771.7499999999999,2026-06,3
2026-06-04,BKK_Ladprao,Watermelon,77,3465.0,643.7199999999999,462,385.0,1039.5,934.7800000000001,4.0,57.44,False,877.3400000000001,2026-06,3
2026-06-04,BKK_Sukhumvit,Guava,62,3038.0,643.5600000000001,372,341.0,729.12,952.3199999999999,1.0,16.38,False,935.9399999999999,2026-06,3
2026-06-04,BKK_Sukhumvit,MixedBerryPremium,21,1869.0,825.3,168,147.0,448.56,280.1400000000001,5.0,236.5,False,43.6400000000001,2026-06,3
2026-06-04,BKK_Sukhumvit,PassionFruit,40,2600.0,1067.6000000000001,240,240.0,624.0,428.3999999999999,4.0,130.76,False,297.63999999999993,2026-06,3
2026-06-04,BKK_Sukhumvit,Pineapple,70,3430.0,536.9,420,350.0,1029.0,1094.1,3.0,41.01,False,1053.09,2026-06,3
2026-06-04,BKK_Sukhumvit,Watermelon,125,5625.0,1045.0,750,625.0,1687.5,1517.5,4.0,57.44,False,1460.06,2026-06,3
2026-06-04,Pattaya_Beach,Guava,65,3185.0,674.7,390,357.5,764.4,998.4,2.0,32.76,False,965.64,2026-06,3
2026-06-04,Pattaya_Beach,MixedBerryPremium,32,2848.0,1257.6,256,224.0,683.52,426.8800000000002,2.0,94.6,False,332.2800000000002,2026-06,3
2026-06-04,Pattaya_Beach,PassionFruit,46,2990.0,1227.74,276,276.0,897.0,313.2599999999999,5.0,163.45,False,149.8099999999999,2026-06,3
2026-06-04,Pattaya_Beach,Pineapple,97,4753.0,743.99,582,485.0,1425.8999999999999,1516.11,3.0,41.01,False,1475.1,2026-06,3
2026-06-04,Pattaya_Beach,Watermelon,148,6660.0,1237.28,888,740.0,1598.3999999999999,2196.32,4.0,57.44,False,2138.88,2026-06,3
2026-06-04,Pattaya_Central,Guava,74,3626.0,768.1200000000001,444,407.0,1087.8,919.0799999999999,3.0,49.14,False,869.9399999999999,2026-06,3
2026-06-04,Pattaya_Central,MixedBerryPremium,36,3204.0,1414.8,288,252.0,961.2,288.00000000000006,12.0,567.6,False,-279.59999999999997,2026-06,3
2026-06-04,Pattaya_Central,PassionFruit,50,3250.0,1334.5,300,300.0,975.0,340.5,6.0,196.14,False,144.36,2026-06,3
2026-06-04,Pattaya_Central,Pineapple,112,5488.0,859.04,672,560.0,1646.3999999999999,1750.56,7.0,95.69,False,1654.87,2026-06,3
2026-06-04,Pattaya_Central,Watermelon,180,8100.0,1504.8,1080,900.0,2430.0,2185.2000000000003,4.0,57.44,False,2127.76,2026-06,3
2026-06-05,BKK_Ladprao,Guava,34,1466.08,352.92,204,187.0,351.8592,370.3007999999999,3.0,49.14,False,321.16079999999994,2026-06,4
2026-06-05,BKK_Ladprao,MixedBerryPremium,19,1488.08,746.6999999999999,152,133.0,357.13919999999996,99.24079999999992,6.0,283.8,False,-184.5592000000001,2026-06,4
2026-06-05,BKK_Ladprao,PassionFruit,32,1830.4,854.0800000000002,192,192.0,549.12,43.2000000000001,7.0,228.83,False,-185.6299999999999,2026-06,4
2026-06-05,BKK_Ladprao,Pineapple,72,3104.64,552.24,432,360.0,931.3919999999999,829.0079999999999,4.0,54.68,False,774.328,2026-06,4
2026-06-05,BKK_Ladprao,Watermelon,103,4078.8,861.0799999999999,618,515.0,1223.64,861.0800000000002,5.0,71.8,False,789.2800000000002,2026-06,4
2026-06-05,BKK_Sukhumvit,Guava,55,2371.6,570.9000000000001,330,302.5,569.184,599.0159999999998,3.0,49.14,False,549.8759999999999,2026-06,4
2026-06-05,BKK_Sukhumvit,MixedBerryPremium,21,1644.7199999999998,825.3,168,147.0,493.416,11.004000000000076,3.0,141.9,False,-130.89599999999993,2026-06,4
2026-06-05,BKK_Sukhumvit,PassionFruit,53,3031.6,1414.5700000000002,318,318.0,909.4799999999999,71.55000000000001,4.0,130.76,False,-59.20999999999998,2026-06,4
2026-06-05,BKK_Sukhumvit,Pineapple,105,4527.599999999999,805.35,630,525.0,1358.28,1208.97,3.0,41.01,False,1167.96,2026-06,4
2026-06-05,BKK_Sukhumvit,Watermelon,162,6415.2,1354.32,972,810.0,1924.56,1354.32,4.0,57.44,False,1296.8799999999999,2026-06,4
2026-06-05,Pattaya_Beach,Guava,75,3234.0,778.5,450,412.5,776.16,816.8399999999999,5.0,81.9,False,734.9399999999999,2026-06,4
2026-06-05,Pattaya_Beach,MixedBerryPremium,34,2662.88,1336.1999999999998,272,238.0,798.864,17.81600000000006,4.0,189.2,False,-171.38399999999993,2026-06,4
2026-06-05,Pattaya_Beach,PassionFruit,53,3031.6,1414.5700000000002,318,318.0,727.584,253.4459999999999,3.0,98.07,False,155.37599999999992,2026-06,4
2026-06-05,Pattaya_Beach,Pineapple,124,5346.88,951.08,744,620.0,1283.2512,1748.5488,6.0,82.02,False,1666.5288,2026-06,4
2026-06-05,Pattaya_Beach,Watermelon,152,6019.2,1270.7199999999998,912,760.0,1444.608,1631.872,6.0,86.16,False,1545.712,2026-06,4
2026-06-05,Pattaya_Central,Guava,70,3018.4,726.6,420,385.0,724.4159999999999,762.3839999999998,3.0,49.14,False,713.2439999999998,2026-06,4
2026-06-05,Pattaya_Central,MixedBerryPremium,24,1879.6799999999998,943.1999999999999,192,168.0,563.904,12.576000000000022,3.0,141.9,False,-129.32399999999998,2026-06,4
2026-06-05,Pattaya_Central,PassionFruit,67,3832.4,1788.23,402,402.0,919.776,320.3939999999999,9.0,294.21,False,26.183999999999912,2026-06,4
2026-06-05,Pattaya_Central,Pineapple,134,5778.08,1027.78,804,670.0,1386.7392,1889.5608000000002,5.0,68.35,False,1821.2108000000003,2026-06,4
2026-06-05,Pattaya_Central,Watermelon,182,7207.2,1521.52,1092,910.0,1729.7279999999998,1953.9520000000002,7.0,100.52,False,1853.4320000000002,2026-06,4
2026-06-06,BKK_Ladprao,Guava,67,2626.4,695.46,402,368.5,787.92,372.5200000000001,5.0,81.9,False,290.6200000000001,2026-06,5
2026-06-06,BKK_Ladprao,MixedBerryPremium,24,1708.8,943.1999999999999,192,168.0,512.64,-107.03999999999982,7.0,331.1,False,-438.1399999999999,2026-06,5
2026-06-06,BKK_Ladprao,PassionFruit,51,2652.0,1361.19,306,306.0,795.6,-116.79000000000009,9.0,294.21,False,-411.00000000000006,2026-06,5
2026-06-06,BKK_Ladprao,Pineapple,87,3410.4,667.29,522,435.0,818.496,967.614,4.0,54.68,False,912.9340000000001,2026-06,5
2026-06-06,BKK_Ladprao,Watermelon,180,6480.0,1504.8,1080,900.0,1555.1999999999998,1440.0,11.0,157.96,False,1282.04,2026-06,5
2026-06-06,BKK_Sukhumvit,Guava,109,4272.8,1131.42,654,599.5,1025.472,862.4079999999998,7.0,114.66,False,747.7479999999998,2026-06,5
2026-06-06,BKK_Sukhumvit,MixedBerryPremium,54,3844.8,2122.2,432,378.0,922.752,-10.151999999999987,17.0,804.1,False,-814.252,2026-06,5
2026-06-06,BKK_Sukhumvit,PassionFruit,61,3172.0,1628.0900000000001,366,366.0,761.28,50.62999999999977,8.0,261.52,False,-210.8900000000002,2026-06,5
2026-06-06,BKK_Sukhumvit,Pineapple,177,6938.4,1357.59,1062,885.0,2081.52,1552.2900000000004,6.0,82.02,False,1470.2700000000004,2026-06,5
2026-06-06,BKK_Sukhumvit,Watermelon,206,7416.0,1722.1599999999999,1236,1030.0,1779.84,1648.0,7.0,100.52,False,1547.48,2026-06,5
2026-06-06,Pattaya_Beach,Guava,125,4900.0,1297.5,750,687.5,1470.0,695.0000000000001,7.0,114.66,False,580.3400000000001,2026-06,5
2026-06-06,Pattaya_Beach,MixedBerryPremium,61,4343.2,2397.2999999999997,488,427.0,1042.368,-11.468000000000046,15.0,709.5,False,-720.9680000000001,2026-06,5
2026-06-06,Pattaya_Beach,PassionFruit,96,4992.0,2562.2400000000002,576,576.0,1497.6,-219.84000000000043,4.0,130.76,False,-350.6000000000004,2026-06,5
2026-06-06,Pattaya_Beach,Pineapple,230,9016.0,1764.1,1380,1150.0,2704.8,2017.1000000000004,6.0,82.02,False,1935.0800000000004,2026-06,5
2026-06-06,Pattaya_Beach,Watermelon,283,10188.0,2365.88,1698,1415.0,2445.12,2264.0,10.0,143.6,False,2120.4,2026-06,5
2026-06-06,Pattaya_Central,Guava,135,5292.0,1401.3000000000002,810,742.5,1587.6,750.6000000000001,8.0,131.04,False,619.5600000000002,2026-06,5
2026-06-06,Pattaya_Central,MixedBerryPremium,89,6336.8,3497.7,712,623.0,1520.8319999999999,-16.731999999999942,29.0,1371.7,False,-1388.432,2026-06,5
2026-06-06,Pattaya_Central,PassionFruit,113,5876.0,3015.9700000000003,678,678.0,1762.8,-258.7700000000003,16.0,523.04,False,-781.8100000000003,2026-06,5
2026-06-06,Pattaya_Central,Pineapple,237,9290.4,1817.79,1422,1185.0,2229.696,2635.9139999999998,10.0,136.7,False,2499.214,2026-06,5
2026-06-06,Pattaya_Central,Watermelon,349,12564.0,2917.64,2094,1745.0,3769.2,2038.1600000000005,11.0,157.96,False,1880.2000000000005,2026-06,5
2026-06-07,BKK_Ladprao,Guava,42,2058.0,435.96000000000004,252,231.0,617.4,521.64,5.0,81.9,False,439.74,2026-06,6
2026-06-07,BKK_Ladprao,MixedBerryPremium,13,1157.0,510.9,104,91.0,277.68,173.4200000000001,3.0,141.9,False,31.520000000000095,2026-06,6
2026-06-07,BKK_Ladprao,PassionFruit,25,1625.0,667.25,150,150.0,390.0,267.74999999999994,2.0,65.38,False,202.36999999999995,2026-06,6
2026-06-07,BKK_Ladprao,Pineapple,42,2058.0,322.14,252,210.0,493.91999999999996,779.94,2.0,27.34,False,752.6,2026-06,6
2026-06-07,BKK_Ladprao,Watermelon,80,3600.0,668.8,480,400.0,1080.0,971.2,5.0,71.8,False,899.4000000000001,2026-06,6
2026-06-07,BKK_Sukhumvit,Guava,63,3087.0,653.94,378,346.5,740.88,967.68,3.0,49.14,False,918.54,2026-06,6
2026-06-07,BKK_Sukhumvit,MixedBerryPremium,27,2403.0,1061.1,216,189.0,720.9,216.00000000000003,5.0,236.5,False,-20.49999999999997,2026-06,6
2026-06-07,BKK_Sukhumvit,PassionFruit,45,2925.0,1201.0500000000002,270,270.0,877.5,306.45,6.0,196.14,False,110.31,2026-06,6
2026-06-07,BKK_Sukhumvit,Pineapple,109,5341.0,836.03,654,545.0,1281.84,2024.13,3.0,41.01,False,1983.1200000000001,2026-06,6
2026-06-07,BKK_Sukhumvit,Watermelon,135,6075.0,1128.6,810,675.0,1458.0,2003.4,4.0,57.44,False,1945.96,2026-06,6
2026-06-07,Pattaya_Beach,Guava,58,2842.0,602.0400000000001,348,319.0,682.0799999999999,890.88,2.0,32.76,False,858.12,2026-06,6
2026-06-07,Pattaya_Beach,MixedBerryPremium,37,3293.0,1454.1,296,259.0,987.9,296.0000000000001,11.0,520.3,False,-224.29999999999984,2026-06,6
2026-06-07,Pattaya_Beach,PassionFruit,73,4745.0,1948.3700000000001,438,438.0,1138.8,781.8299999999998,8.0,261.52,False,520.3099999999998,2026-06,6
2026-06-07,Pattaya_Beach,Pineapple,134,6566.0,1027.78,804,670.0,1575.84,2488.38,3.0,41.01,False,2447.37,2026-06,6
2026-06-07,Pattaya_Beach,Watermelon,175,7875.0,1463.0,1050,875.0,1890.0,2597.0000000000005,5.0,71.8,False,2525.2000000000003,2026-06,6
2026-06-07,Pattaya_Central,Guava,87,4263.0,903.0600000000001,522,478.5,1278.8999999999999,1080.54,4.0,65.52,False,1015.02,2026-06,6
2026-06-07,Pattaya_Central,MixedBerryPremium,29,2581.0,1139.6999999999998,232,203.0,774.3,232.0000000000001,6.0,283.8,False,-51.7999999999999,2026-06,6
2026-06-07,Pattaya_Central,PassionFruit,60,3900.0,1601.4,360,360.0,936.0,642.5999999999999,5.0,163.45,False,479.1499999999999,2026-06,6
2026-06-07,Pattaya_Central,Pineapple,134,6566.0,1027.78,804,670.0,1969.8,2094.42,8.0,109.36,False,1985.0600000000002,2026-06,6
2026-06-07,Pattaya_Central,Watermelon,215,9675.0,1797.3999999999999,1290,1075.0,2902.5,2610.1,12.0,172.32,False,2437.7799999999997,2026-06,6
2026-06-08,BKK_Ladprao,Guava,28,1372.0,286.16,168,154.0,411.6,352.24,3.0,48.66,False,303.58000000000004,2026-06,0
2026-06-08,BKK_Ladprao,MixedBerryPremium,24,2136.0,1005.36,192,168.0,640.8,129.83999999999995,10.0,498.9,False,-369.06000000000006,2026-06,0
2026-06-08,BKK_Ladprao,PassionFruit,28,1820.0,830.7600000000001,168,168.0,436.8,216.4399999999999,5.0,178.35,False,38.08999999999992,2026-06,0
2026-06-08,BKK_Ladprao,Pineapple,62,3038.0,450.73999999999995,372,310.0,729.12,1176.1399999999999,7.0,92.89,False,1083.2499999999998,2026-06,0
2026-06-08,BKK_Ladprao,Watermelon,82,3690.0,633.86,492,410.0,885.5999999999999,1268.54,5.0,68.65,False,1199.8899999999999,2026-06,0
2026-06-08,BKK_Sukhumvit,Guava,56,2744.0,572.32,336,308.0,823.2,704.48,3.0,48.66,False,655.82,2026-06,0
2026-06-08,BKK_Sukhumvit,MixedBerryPremium,22,1958.0,921.58,176,154.0,469.91999999999996,236.5,2.0,99.78,False,136.72,2026-06,0
2026-06-08,BKK_Sukhumvit,PassionFruit,54,3510.0,1602.18,324,324.0,1053.0,206.81999999999994,5.0,178.35,False,28.469999999999942,2026-06,0
2026-06-08,BKK_Sukhumvit,Pineapple,95,4655.0,690.65,570,475.0,1396.5,1522.8500000000001,4.0,53.08,False,1469.7700000000002,2026-06,0
2026-06-08,BKK_Sukhumvit,Watermelon,139,6255.0,1074.47,834,695.0,1876.5,1775.03,6.0,82.38,False,1692.65,2026-06,0
2026-06-08,Pattaya_Beach,Guava,55,2695.0,562.1,330,302.5,808.5,691.9000000000001,3.0,48.66,False,643.2400000000001,2026-06,0
2026-06-08,Pattaya_Beach,MixedBerryPremium,27,2403.0,1131.03,216,189.0,720.9,146.0699999999999,7.0,349.23,False,-203.1600000000001,2026-06,0
2026-06-08,Pattaya_Beach,PassionFruit,38,2470.0,1127.46,228,228.0,741.0,145.53999999999996,5.0,178.35,False,-32.81000000000003,2026-06,0
2026-06-08,Pattaya_Beach,Pineapple,89,4361.0,647.03,534,445.0,1308.3,1426.67,4.0,53.08,False,1373.5900000000001,2026-06,0
2026-06-08,Pattaya_Beach,Watermelon,139,6255.0,1074.47,834,695.0,1501.1999999999998,2150.33,5.0,68.65,False,2081.68,2026-06,0
2026-06-08,Pattaya_Central,Guava,69,3381.0,705.1800000000001,414,379.5,1014.3,868.0200000000001,2.0,32.44,False,835.5800000000002,2026-06,0
2026-06-08,Pattaya_Central,MixedBerryPremium,34,3026.0,1424.26,272,238.0,907.8,183.9399999999999,6.0,299.34,False,-115.40000000000006,2026-06,0
2026-06-08,Pattaya_Central,PassionFruit,45,2925.0,1335.15,270,270.0,702.0,347.84999999999985,2.0,71.34,False,276.5099999999999,2026-06,0
2026-06-08,Pattaya_Central,Pineapple,95,4655.0,690.65,570,475.0,1117.2,1802.15,4.0,53.08,False,1749.0700000000002,2026-06,0
2026-06-08,Pattaya_Central,Watermelon,161,7245.0,1244.5300000000002,966,805.0,2173.5,2055.97,4.0,54.92,False,2001.0499999999997,2026-06,0
2026-06-09,BKK_Ladprao,Guava,34,1666.0,347.48,204,187.0,499.8,427.72,3.0,48.66,False,379.06000000000006,2026-06,1
2026-06-09,BKK_Ladprao,MixedBerryPremium,10,756.5,418.9,80,70.0,226.95,-39.35000000000002,5.0,249.45,False,-288.8,2026-06,1
2026-06-09,BKK_Ladprao,PassionFruit,26,1690.0,771.4200000000001,156,156.0,507.0,99.58000000000003,2.0,71.34,False,28.240000000000023,2026-06,1
2026-06-09,BKK_Ladprao,Pineapple,59,2891.0,428.92999999999995,354,295.0,867.3,945.7700000000001,4.0,53.08,False,892.69,2026-06,1
2026-06-09,BKK_Ladprao,Watermelon,77,3465.0,595.21,462,385.0,831.5999999999999,1191.19,4.0,54.92,False,1136.27,2026-06,1
2026-06-09,BKK_Sukhumvit,Guava,52,2548.0,531.44,312,286.0,611.52,807.0400000000002,4.0,64.88,False,742.1600000000002,2026-06,1
2026-06-09,BKK_Sukhumvit,MixedBerryPremium,31,2345.15,1298.59,248,217.0,562.836,18.72399999999989,6.0,299.34,False,-280.6160000000001,2026-06,1
2026-06-09,BKK_Sukhumvit,PassionFruit,45,2925.0,1335.15,270,270.0,877.5,172.35,3.0,107.01,False,65.33999999999999,2026-06,1
2026-06-09,BKK_Sukhumvit,Pineapple,75,3675.0,545.25,450,375.0,1102.5,1202.25,3.0,39.81,False,1162.44,2026-06,1
2026-06-09,BKK_Sukhumvit,Watermelon,140,6300.0,1082.2,840,700.0,1890.0,1787.8,4.0,54.92,False,1732.8799999999999,2026-06,1
2026-06-09,Pattaya_Beach,Guava,64,3136.0,654.08,384,352.0,940.8,805.12,3.0,48.66,False,756.46,2026-06,1
2026-06-09,Pattaya_Beach,MixedBerryPremium,37,2799.05,1549.93,296,259.0,671.772,22.347999999999885,7.0,349.23,False,-326.8820000000001,2026-06,1
2026-06-09,Pattaya_Beach,PassionFruit,55,3575.0,1631.8500000000001,330,330.0,858.0,425.14999999999986,9.0,321.03,False,104.11999999999989,2026-06,1
2026-06-09,Pattaya_Beach,Pineapple,100,4900.0,727.0,600,500.0,1176.0,1897.0,4.0,53.08,False,1843.92,2026-06,1
2026-06-09,Pattaya_Beach,Watermelon,133,5985.0,1028.0900000000001,798,665.0,1795.5,1698.4099999999999,3.0,41.19,False,1657.2199999999998,2026-06,1
2026-06-09,Pattaya_Central,Guava,70,3430.0,715.4000000000001,420,385.0,1029.0,880.6,5.0,81.1,False,799.5,2026-06,1
2026-06-09,Pattaya_Central,MixedBerryPremium,47,3555.55,1968.83,376,329.0,1066.665,-184.9450000000001,14.0,698.46,False,-883.4050000000002,2026-06,1
2026-06-09,Pattaya_Central,PassionFruit,48,3120.0,1424.16,288,288.0,748.8,371.03999999999985,3.0,107.01,False,264.02999999999986,2026-06,1
2026-06-09,Pattaya_Central,Pineapple,119,5831.0,865.13,714,595.0,1749.3,1907.5700000000002,5.0,66.35,False,1841.2200000000003,2026-06,1
2026-06-09,Pattaya_Central,Watermelon,189,8505.0,1460.97,1134,945.0,2041.1999999999998,2923.83,6.0,82.38,False,2841.45,2026-06,1
2026-06-10,BKK_Ladprao,Guava,32,1568.0,327.04,192,176.0,470.4,402.56,2.0,32.44,False,370.12,2026-06,2
2026-06-10,BKK_Ladprao,MixedBerryPremium,12,1068.0,502.68,96,84.0,320.4,64.91999999999996,6.0,299.34,False,-234.42000000000002,2026-06,2
2026-06-10,BKK_Ladprao,PassionFruit,22,1430.0,652.74,132,132.0,429.0,84.25999999999995,4.0,142.68,False,-58.42000000000006,2026-06,2
2026-06-10,BKK_Ladprao,Pineapple,61,2989.0,443.46999999999997,366,305.0,896.7,977.83,4.0,53.08,False,924.75,2026-06,2
2026-06-10,BKK_Ladprao,Watermelon,88,3960.0,680.24,528,440.0,1188.0,1123.76,4.0,54.92,False,1068.84,2026-06,2
2026-06-10,BKK_Sukhumvit,Guava,56,2744.0,572.32,336,308.0,823.1999999999999,704.48,4.0,64.88,False,639.6,2026-06,2
2026-06-10,BKK_Sukhumvit,MixedBerryPremium,31,2759.0,1298.5900000000001,248,217.0,662.16,333.25,3.0,149.67,False,183.58,2026-06,2
2026-06-10,BKK_Sukhumvit,PassionFruit,49,3185.0,1453.8300000000002,294,294.0,955.5,187.67,3.0,107.01,False,80.65999999999998,2026-06,2
2026-06-10,BKK_Sukhumvit,Pineapple,100,4900.0,727.0,600,500.0,1470.0,1603.0,6.0,79.62,False,1523.38,2026-06,2
2026-06-10,BKK_Sukhumvit,Watermelon,125,5625.0,966.25,750,625.0,1687.5,1596.25,4.0,54.92,False,1541.33,2026-06,2
2026-06-10,Pattaya_Beach,Guava,57,2793.0,582.5400000000001,342,313.5,670.3199999999999,884.6400000000001,3.0,48.66,False,835.9800000000001,2026-06,2
2026-06-10,Pattaya_Beach,MixedBerryPremium,32,2848.0,1340.48,256,224.0,854.4,173.11999999999992,8.0,399.12,False,-226.00000000000009,2026-06,2
2026-06-10,Pattaya_Beach,PassionFruit,46,2990.0,1364.8200000000002,276,276.0,717.6,355.5799999999999,5.0,178.35,False,177.22999999999993,2026-06,2
2026-06-10,Pattaya_Beach,Pineapple,89,4361.0,647.03,534,445.0,1308.3,1426.67,2.0,26.54,False,1400.13,2026-06,2
2026-06-10,Pattaya_Beach,Watermelon,156,7020.0,1205.88,936,780.0,1684.8,2413.3199999999997,4.0,54.92,False,2358.3999999999996,2026-06,2
2026-06-10,Pattaya_Central,Guava,72,3528.0,735.84,432,396.0,846.72,1117.44,3.0,48.66,False,1068.78,2026-06,2
2026-06-10,Pattaya_Central,MixedBerryPremium,28,2492.0,1172.92,224,196.0,598.0799999999999,301.0,6.0,299.34,False,1.660000000000025,2026-06,2
2026-06-10,Pattaya_Central,PassionFruit,61,3965.0,1809.8700000000001,366,366.0,1189.5,233.63,6.0,214.02,False,19.609999999999985,2026-06,2
2026-06-10,Pattaya_Central,Pineapple,127,6223.0,923.29,762,635.0,1493.52,2409.19,5.0,66.35,False,2342.84,2026-06,2
2026-06-10,Pattaya_Central,Watermelon,166,7470.0,1283.18,996,830.0,2241.0,2119.82,2.0,27.46,False,2092.36,2026-06,2
2026-06-11,BKK_Ladprao,Guava,24,1176.0,245.28000000000003,144,132.0,352.79999999999995,301.91999999999996,1.0,16.22,False,285.69999999999993,2026-06,3
2026-06-11,BKK_Ladprao,MixedBerryPremium,18,1602.0,754.02,144,126.0,480.59999999999997,97.37999999999994,5.0,249.45,False,-152.07000000000005,2026-06,3
2026-06-11,BKK_Ladprao,PassionFruit,32,2080.0,949.44,192,192.0,624.0,122.55999999999996,8.0,285.36,False,-162.80000000000007,2026-06,3
2026-06-11,BKK_Ladprao,Pineapple,56,2744.0,407.11999999999995,336,280.0,823.1999999999999,897.6800000000001,2.0,26.54,False,871.1400000000001,2026-06,3
2026-06-11,BKK_Ladprao,Watermelon,87,3915.0,672.51,522,435.0,1174.5,1110.9899999999998,2.0,27.46,False,1083.5299999999997,2026-06,3
2026-06-11,BKK_Sukhumvit,Guava,58,2842.0,592.7600000000001,348,319.0,852.6,729.64,4.0,64.88,False,664.76,2026-06,3
2026-06-11,BKK_Sukhumvit,MixedBerryPremium,38,3382.0,1591.82,304,266.0,1014.5999999999999,205.5799999999999,11.0,548.79,False,-343.21000000000004,2026-06,3
2026-06-11,BKK_Sukhumvit,PassionFruit,48,3120.0,1424.16,288,288.0,748.8,371.0399999999999,7.0,249.69,False,121.34999999999991,2026-06,3
2026-06-11,BKK_Sukhumvit,Pineapple,85,4165.0,617.9499999999999,510,425.0,1249.5,1362.5500000000002,5.0,66.35,False,1296.2000000000003,2026-06,3
2026-06-11,BKK_Sukhumvit,Watermelon,145,6525.0,1120.8500000000001,870,725.0,1566.0,2243.15,5.0,68.65,False,2174.5,2026-06,3
2026-06-11,Pattaya_Beach,Guava,59,2891.0,602.98,354,324.5,867.3,742.22,3.0,48.66,False,693.5600000000001,2026-06,3
2026-06-11,Pattaya_Beach,MixedBerryPremium,20,1780.0,837.8,160,140.0,534.0,108.19999999999993,6.0,299.34,False,-191.14000000000004,2026-06,3
2026-06-11,Pattaya_Beach,PassionFruit,49,3185.0,1453.8300000000002,294,294.0,955.5,187.66999999999996,5.0,178.35,False,9.319999999999965,2026-06,3
2026-06-11,Pattaya_Beach,Pineapple,118,5782.0,857.8599999999999,708,590.0,1734.6,1891.54,4.0,53.08,False,1838.46,2026-06,3
2026-06-11,Pattaya_Beach,Watermelon,150,6750.0,1159.5,900,750.0,2025.0,1915.5,7.0,96.11,False,1819.39,2026-06,3
2026-06-11,Pattaya_Central,Guava,70,3430.0,715.4000000000001,420,385.0,823.1999999999999,1086.4,3.0,48.66,False,1037.74,2026-06,3
2026-06-11,Pattaya_Central,MixedBerryPremium,34,3026.0,1424.26,272,238.0,726.24,365.5,3.0,149.67,False,215.83,2026-06,3
2026-06-11,Pattaya_Central,PassionFruit,53,3445.0,1572.51,318,318.0,1033.5,202.99,5.0,178.35,False,24.640000000000015,2026-06,3
2026-06-11,Pattaya_Central,Pineapple,112,5488.0,814.24,672,560.0,1317.12,2124.64,5.0,66.35,False,2058.29,2026-06,3
2026-06-11,Pattaya_Central,Watermelon,179,8055.0,1383.67,1074,895.0,1933.2,2769.13,8.0,109.84,False,2659.29,2026-06,3
2026-06-12,BKK_Ladprao,Guava,34,1666.0,347.48,204,187.0,499.79999999999995,427.71999999999997,4.0,64.88,False,362.84,2026-06,4
2026-06-12,BKK_Ladprao,MixedBerryPremium,14,1246.0,586.46,112,98.0,299.03999999999996,150.5,0.0,0.0,False,150.5,2026-06,4
2026-06-12,BKK_Ladprao,PassionFruit,26,1690.0,771.4200000000001,156,156.0,405.59999999999997,200.9799999999999,3.0,107.01,False,93.9699999999999,2026-06,4
2026-06-12,BKK_Ladprao,Pineapple,56,2744.0,407.12,336,280.0,658.56,1062.32,6.0,79.62,False,982.6999999999999,2026-06,4
2026-06-12,BKK_Ladprao,Watermelon,100,4500.0,773.0,600,500.0,1080.0,1547.0,6.0,82.38,False,1464.62,2026-06,4
2026-06-12,BKK_Sukhumvit,Guava,55,2695.0,562.1,330,302.5,808.5,691.9,2.0,32.44,False,659.46,2026-06,4
2026-06-12,BKK_Sukhumvit,MixedBerryPremium,23,2047.0,963.47,184,161.0,614.1,124.42999999999992,6.0,299.34,False,-174.91000000000005,2026-06,4
2026-06-12,BKK_Sukhumvit,PassionFruit,54,3510.0,1602.18,324,324.0,842.4,417.41999999999985,5.0,178.35,False,239.06999999999985,2026-06,4
2026-06-12,BKK_Sukhumvit,Pineapple,91,4459.0,661.5699999999999,546,455.0,1337.7,1458.73,2.0,26.54,False,1432.19,2026-06,4
2026-06-12,BKK_Sukhumvit,Watermelon,111,4995.0,858.0300000000001,666,555.0,1498.5,1417.4699999999998,4.0,54.92,False,1362.5499999999997,2026-06,4
2026-06-12,Pattaya_Beach,Guava,65,3185.0,664.3000000000001,390,357.5,955.5,817.7,4.0,64.88,False,752.82,2026-06,4
2026-06-12,Pattaya_Beach,MixedBerryPremium,30,2670.0,1256.7,240,210.0,640.8,322.5,11.0,548.79,False,-226.28999999999996,2026-06,4
2026-06-12,Pattaya_Beach,PassionFruit,46,2990.0,1364.8200000000002,276,276.0,717.6,355.57999999999987,5.0,178.35,False,177.22999999999988,2026-06,4
2026-06-12,Pattaya_Beach,Pineapple,98,4802.0,712.4599999999999,588,490.0,1152.48,1859.0600000000002,4.0,53.08,False,1805.9800000000002,2026-06,4
2026-06-12,Pattaya_Beach,Watermelon,139,6255.0,1074.47,834,695.0,1501.1999999999998,2150.33,2.0,27.46,False,2122.87,2026-06,4
2026-06-12,Pattaya_Central,Guava,78,3822.0,797.1600000000001,468,429.0,917.28,1210.56,4.0,64.88,False,1145.6799999999998,2026-06,4
2026-06-12,Pattaya_Central,MixedBerryPremium,33,2937.0,1382.3700000000001,264,231.0,881.1,178.5299999999999,8.0,399.12,False,-220.59000000000012,2026-06,4
2026-06-12,Pattaya_Central,PassionFruit,58,3770.0,1720.8600000000001,348,348.0,1131.0,222.13999999999987,7.0,249.69,False,-27.550000000000125,2026-06,4
2026-06-12,Pattaya_Central,Pineapple,98,4802.0,712.4599999999999,588,490.0,1440.6,1570.94,7.0,92.89,False,1478.05,2026-06,4
2026-06-12,Pattaya_Central,Watermelon,171,7695.0,1321.8300000000002,1026,855.0,2308.5,2183.67,4.0,54.92,False,2128.75,2026-06,4
2026-06-13,BKK_Ladprao,Guava,31,1519.0,316.82,186,170.5,455.7,389.97999999999996,4.0,64.88,False,325.09999999999997,2026-06,5
2026-06-13,BKK_Ladprao,MixedBerryPremium,16,1424.0,670.24,128,112.0,427.2,86.55999999999995,3.0,149.67,False,-63.11000000000004,2026-06,5
2026-06-13,BKK_Ladprao,PassionFruit,23,1495.0,682.4100000000001,138,138.0,448.5,88.08999999999997,2.0,71.34,False,16.74999999999997,2026-06,5
2026-06-13,BKK_Ladprao,Pineapple,55,2695.0,399.84999999999997,330,275.0,646.8,1043.35,5.0,66.35,False,976.9999999999999,2026-06,5
2026-06-13,BKK_Ladprao,Watermelon,90,4050.0,695.7,540,450.0,1215.0,1149.3,7.0,96.11,False,1053.19,2026-06,5
2026-06-13,BKK_Sukhumvit,Guava,53,2597.0,541.6600000000001,318,291.5,779.1,666.74,3.0,48.66,False,618.08,2026-06,5
2026-06-13,BKK_Sukhumvit,MixedBerryPremium,25,2225.0,1047.25,200,175.0,667.5,135.24999999999991,6.0,299.34,False,-164.09000000000006,2026-06,5
2026-06-13,BKK_Sukhumvit,PassionFruit,46,2990.0,1364.8200000000002,276,276.0,897.0,176.17999999999998,3.0,107.01,False,69.16999999999997,2026-06,5
2026-06-13,BKK_Sukhumvit,Pineapple,114,5586.0,828.78,684,570.0,1340.6399999999999,2162.58,5.0,66.35,False,2096.23,2026-06,5
2026-06-13,BKK_Sukhumvit,Watermelon,138,6210.0,1066.74,828,690.0,1490.3999999999999,2134.86,5.0,68.65,False,2066.21,2026-06,5
2026-06-13,Pattaya_Beach,Guava,60,2940.0,613.2,360,330.0,882.0,754.8000000000001,1.0,16.22,False,738.58,2026-06,5
2026-06-13,Pattaya_Beach,MixedBerryPremium,29,2581.0,1214.81,232,203.0,619.4399999999999,311.75,2.0,99.78,False,211.97,2026-06,5
2026-06-13,Pattaya_Beach,PassionFruit,77,5005.0,2284.59,462,462.0,1501.5,294.91,8.0,285.36,False,9.550000000000011,2026-06,5
2026-06-13,Pattaya_Beach,Pineapple,129,6321.0,937.8299999999999,774,645.0,1896.3,2067.8700000000003,3.0,39.81,False,2028.0600000000004,2026-06,5
2026-06-13,Pattaya_Beach,Watermelon,159,7155.0,1229.0700000000002,954,795.0,2146.5,2030.4299999999998,7.0,96.11,False,1934.32,2026-06,5
2026-06-13,Pattaya_Central,Guava,105,5145.0,1073.1000000000001,630,577.5,1543.5,1320.9,5.0,81.1,False,1239.8000000000002,2026-06,5
2026-06-13,Pattaya_Central,MixedBerryPremium,36,3204.0,1508.04,288,252.0,768.96,387.0,12.0,598.68,False,-211.67999999999995,2026-06,5
2026-06-13,Pattaya_Central,PassionFruit,59,3835.0,1750.5300000000002,354,354.0,1150.5,225.96999999999997,5.0,178.35,False,47.619999999999976,2026-06,5
2026-06-13,Pattaya_Central,Pineapple,126,6174.0,916.02,756,630.0,1852.1999999999998,2019.78,9.0,119.43,False,1900.35,2026-06,5
2026-06-13,Pattaya_Central,Watermelon,218,9810.0,1685.14,1308,1090.0,2943.0,2783.86,4.0,54.92,False,2728.94,2026-06,5
2026-06-14,BKK_Ladprao,Guava,27,1323.0,275.94,162,148.5,396.9,339.65999999999997,3.0,48.66,False,291.0,2026-06,6
2026-06-14,BKK_Ladprao,MixedBerryPremium,19,1691.0,795.91,152,133.0,507.3,102.78999999999994,18.0,898.02,False,-795.23,2026-06,6
2026-06-14,BKK_Ladprao,PassionFruit,28,1820.0,830.7600000000001,168,168.0,546.0,107.23999999999998,6.0,214.02,False,-106.78000000000003,2026-06,6
2026-06-14,BKK_Ladprao,Pineapple,61,2989.0,443.46999999999997,366,305.0,896.7,977.83,4.0,53.08,False,924.75,2026-06,6
2026-06-14,BKK_Ladprao,Watermelon,82,3690.0,633.86,492,410.0,1107.0,1047.1399999999999,5.0,68.65,False,978.4899999999999,2026-06,6
2026-06-14,BKK_Sukhumvit,Guava,45,2205.0,459.90000000000003,270,247.5,529.2,698.4000000000001,3.0,48.66,False,649.7400000000001,2026-06,6
2026-06-14,BKK_Sukhumvit,MixedBerryPremium,29,2581.0,1214.81,232,203.0,774.3,156.8899999999999,10.0,498.9,False,-342.0100000000001,2026-06,6
2026-06-14,BKK_Sukhumvit,PassionFruit,40,2600.0,1186.8000000000002,240,240.0,624.0,309.19999999999993,3.0,107.01,False,202.18999999999994,2026-06,6
2026-06-14,BKK_Sukhumvit,Pineapple,91,4459.0,661.5699999999999,546,455.0,1070.1599999999999,1726.2700000000002,4.0,53.08,False,1673.1900000000003,2026-06,6
2026-06-14,BKK_Sukhumvit,Watermelon,146,6570.0,1128.58,876,730.0,1971.0,1864.4199999999998,6.0,82.38,False,1782.04,2026-06,6
2026-06-14,Pattaya_Beach,Guava,73,3577.0,746.0600000000001,438,401.5,1073.1,918.34,3.0,48.66,False,869.6800000000001,2026-06,6
2026-06-14,Pattaya_Beach,MixedBerryPremium,34,3026.0,1424.26,272,238.0,726.24,365.5,7.0,349.23,False,16.269999999999982,2026-06,6
2026-06-14,Pattaya_Beach,PassionFruit,61,3965.0,1809.8700000000001,366,366.0,951.6,471.52999999999986,5.0,178.35,False,293.17999999999984,2026-06,6
2026-06-14,Pattaya_Beach,Pineapple,102,4998.0,741.54,612,510.0,1499.4,1635.0600000000002,4.0,53.08,False,1581.9800000000002,2026-06,6
2026-06-14,Pattaya_Beach,Watermelon,179,8055.0,1383.67,1074,895.0,2416.5,2285.83,6.0,82.38,False,2203.45,2026-06,6
2026-06-14,Pattaya_Central,Guava,90,4410.0,919.8000000000001,540,495.0,1058.4,1396.8000000000002,8.0,129.76,False,1267.0400000000002,2026-06,6
2026-06-14,Pattaya_Central,MixedBerryPremium,34,3026.0,1424.26,272,238.0,907.8,183.9399999999999,7.0,349.23,False,-165.2900000000001,2026-06,6
2026-06-14,Pattaya_Central,PassionFruit,51,3315.0,1513.17,306,306.0,795.6,394.2299999999999,3.0,107.01,False,287.2199999999999,2026-06,6
2026-06-14,Pattaya_Central,Pineapple,126,6174.0,916.02,756,630.0,1481.76,2390.2200000000003,5.0,66.35,False,2323.8700000000003,2026-06,6
2026-06-14,Pattaya_Central,Watermelon,223,10035.0,1723.7900000000002,1338,1115.0,3010.5,2847.71,5.0,68.65,False,2779.06,2026-06,6
2026-06-15,BKK_Ladprao,Guava,30,1470.0,334.8,180,165.0,441.0,349.19999999999993,2.0,34.32,False,314.87999999999994,2026-06,0
2026-06-15,BKK_Ladprao,MixedBerryPremium,14,1246.0,581.2800000000001,112,98.0,373.8,80.92000000000002,8.0,396.16,False,-315.24,2026-06,0
2026-06-15,BKK_Ladprao,PassionFruit,21,1365.0,582.75,126,126.0,327.59999999999997,202.64999999999998,4.0,135.0,False,67.64999999999998,2026-06,0
2026-06-15,BKK_Ladprao,Pineapple,71,3479.0,612.73,426,355.0,834.9599999999999,1250.31,8.0,117.04,False,1133.27,2026-06,0
2026-06-15,BKK_Ladprao,Watermelon,75,3375.0,615.0,450,375.0,810.0,1125.0,4.0,56.8,False,1068.2,2026-06,0
2026-06-15,BKK_Sukhumvit,Guava,62,3038.0,691.9200000000001,372,341.0,729.12,903.9599999999999,3.0,51.48,False,852.4799999999999,2026-06,0
2026-06-15,BKK_Sukhumvit,MixedBerryPremium,19,1691.0,788.88,152,133.0,405.84,211.2800000000001,7.0,346.64,False,-135.3599999999999,2026-06,0
2026-06-15,BKK_Sukhumvit,PassionFruit,39,2535.0,1082.25,234,234.0,760.5,224.25,3.0,101.25,False,123.0,2026-06,0
2026-06-15,BKK_Sukhumvit,Pineapple,85,4165.0,733.5500000000001,510,425.0,999.5999999999999,1496.8500000000001,2.0,29.26,False,1467.5900000000001,2026-06,0
2026-06-15,BKK_Sukhumvit,Watermelon,139,6255.0,1139.8,834,695.0,1876.5,1709.7,5.0,71.0,False,1638.7,2026-06,0
2026-06-15,Pattaya_Beach,Guava,60,2940.0,669.6,360,330.0,882.0,698.4,4.0,68.64,False,629.76,2026-06,0
2026-06-15,Pattaya_Beach,MixedBerryPremium,19,1691.0,788.8800000000001,152,133.0,507.29999999999995,109.82,6.0,297.12,False,-187.3,2026-06,0
2026-06-15,Pattaya_Beach,PassionFruit,48,3120.0,1332.0,288,288.0,936.0,276.0,5.0,168.75,False,107.25,2026-06,0
2026-06-15,Pattaya_Beach,Pineapple,97,4753.0,837.11,582,485.0,1140.72,1708.17,2.0,29.26,False,1678.91,2026-06,0
2026-06-15,Pattaya_Beach,Watermelon,133,5985.0,1090.6,798,665.0,1436.3999999999999,1995.0,6.0,85.2,False,1909.8,2026-06,0
2026-06-15,Pattaya_Central,Guava,74,3626.0,825.84,444,407.0,870.24,1078.92,3.0,51.48,False,1027.44,2026-06,0
2026-06-15,Pattaya_Central,MixedBerryPremium,39,3471.0,1619.2800000000002,312,273.0,1041.3,225.42000000000002,8.0,396.16,False,-170.74,2026-06,0
2026-06-15,Pattaya_Central,PassionFruit,61,3965.0,1692.75,366,366.0,1189.5,350.75,5.0,168.75,False,182.0,2026-06,0
2026-06-15,Pattaya_Central,Pineapple,114,5586.0,983.82,684,570.0,1675.7999999999997,1672.3799999999999,4.0,58.52,False,1613.86,2026-06,0
2026-06-15,Pattaya_Central,Watermelon,177,7965.0,1451.3999999999999,1062,885.0,1911.6,2655.0,5.0,71.0,False,2584.0,2026-06,0
2026-06-16,BKK_Ladprao,Guava,29,1421.0,323.64,174,159.5,426.29999999999995,337.56,3.0,51.48,False,286.08,2026-06,1
2026-06-16,BKK_Ladprao,MixedBerryPremium,16,1424.0,664.32,128,112.0,427.2,92.48000000000002,1.0,49.52,False,42.960000000000015,2026-06,1
2026-06-16,BKK_Ladprao,PassionFruit,22,1430.0,610.5,132,132.0,343.2,212.29999999999995,3.0,101.25,False,111.04999999999995,2026-06,1
2026-06-16,BKK_Ladprao,Pineapple,51,2499.0,440.13000000000005,306,255.0,749.6999999999999,748.1700000000001,3.0,43.89,False,704.2800000000001,2026-06,1
2026-06-16,BKK_Ladprao,Watermelon,93,4185.0,762.5999999999999,558,465.0,1255.5,1143.9,7.0,99.4,False,1044.5,2026-06,1
2026-06-16,BKK_Sukhumvit,Guava,53,2597.0,591.48,318,291.5,779.0999999999999,616.92,3.0,51.48,False,565.4399999999999,2026-06,1
2026-06-16,BKK_Sukhumvit,MixedBerryPremium,18,1602.0,747.36,144,126.0,384.48,200.16000000000008,5.0,247.6,False,-47.43999999999991,2026-06,1
2026-06-16,BKK_Sukhumvit,PassionFruit,43,2795.0,1193.25,258,258.0,838.5,247.25,4.0,135.0,False,112.25,2026-06,1
2026-06-16,BKK_Sukhumvit,Pineapple,103,5047.0,888.8900000000001,618,515.0,1514.1,1511.01,3.0,43.89,False,1467.12,2026-06,1
2026-06-16,BKK_Sukhumvit,Watermelon,150,6750.0,1230.0,900,750.0,2025.0,1845.0,6.0,85.2,False,1759.8,2026-06,1
2026-06-16,Pattaya_Beach,Guava,64,3136.0,714.24,384,352.0,940.8,744.9599999999999,3.0,51.48,False,693.4799999999999,2026-06,1
2026-06-16,Pattaya_Beach,MixedBerryPremium,31,2759.0,1287.1200000000001,248,217.0,827.6999999999999,179.18,8.0,396.16,False,-216.98000000000002,2026-06,1
2026-06-16,Pattaya_Beach,PassionFruit,45,2925.0,1248.75,270,270.0,702.0,434.2499999999999,3.0,101.25,False,332.9999999999999,2026-06,1
2026-06-16,Pattaya_Beach,Pineapple,96,4704.0,828.48,576,480.0,1411.2,1408.32,3.0,43.89,False,1364.4299999999998,2026-06,1
2026-06-16,Pattaya_Beach,Watermelon,151,6795.0,1238.1999999999998,906,755.0,1630.8,2265.0,4.0,56.8,False,2208.2,2026-06,1
2026-06-16,Pattaya_Central,Guava,71,3479.0,792.36,426,390.5,1043.7,826.4399999999999,3.0,51.48,False,774.9599999999999,2026-06,1
2026-06-16,Pattaya_Central,MixedBerryPremium,26,2314.0,1079.52,208,182.0,555.36,289.1200000000001,4.0,198.08,False,91.0400000000001,2026-06,1
2026-06-16,Pattaya_Central,PassionFruit,54,3510.0,1498.5,324,324.0,1053.0,310.5,5.0,168.75,False,141.75,2026-06,1
2026-06-16,Pattaya_Central,Pineapple,112,5488.0,966.5600000000001,672,560.0,1646.3999999999999,1643.04,6.0,87.78,False,1555.26,2026-06,1
2026-06-16,Pattaya_Central,Watermelon,171,7695.0,1402.1999999999998,1026,855.0,2308.5,2103.3,5.0,71.0,False,2032.3000000000002,2026-06,1
2026-06-17,BKK_Ladprao,Guava,36,1552.32,401.76,216,198.0,465.69599999999997,270.86400000000003,3.0,51.48,False,219.38400000000004,2026-06,2
2026-06-17,BKK_Ladprao,MixedBerryPremium,13,1018.16,539.76,104,91.0,244.35839999999996,39.04159999999993,9.0,445.68,False,-406.63840000000005,2026-06,2
2026-06-17,BKK_Ladprao,PassionFruit,37,2044.25,1026.75,222,222.0,613.275,-39.77500000000002,5.0,168.75,False,-208.52500000000003,2026-06,2
2026-06-17,BKK_Ladprao,Pineapple,68,2932.16,586.84,408,340.0,703.7184,893.6016,5.0,73.15,False,820.4516,2026-06,2
2026-06-17,BKK_Ladprao,Watermelon,110,4356.0,901.9999999999999,660,550.0,1306.8,937.2,4.0,56.8,False,880.4000000000001,2026-06,2
2026-06-17,BKK_Sukhumvit,Guava,56,2414.72,624.96,336,308.0,724.4159999999999,421.34399999999994,2.0,34.32,False,387.02399999999994,2026-06,2
2026-06-17,BKK_Sukhumvit,MixedBerryPremium,26,2036.32,1079.52,208,182.0,610.896,-44.09600000000023,5.0,247.6,False,-291.69600000000025,2026-06,2
2026-06-17,BKK_Sukhumvit,PassionFruit,67,3701.75,1859.25,402,402.0,1110.5249999999999,-72.0249999999999,9.0,303.75,False,-375.7749999999999,2026-06,2
2026-06-17,BKK_Sukhumvit,Pineapple,118,5088.16,1018.34,708,590.0,1221.1584,1550.6616,8.0,117.04,False,1433.6216,2026-06,2
2026-06-17,BKK_Sukhumvit,Watermelon,167,6613.2,1369.3999999999999,1002,835.0,1587.168,1819.632,4.0,56.8,False,1762.832,2026-06,2
2026-06-17,Pattaya_Beach,Guava,71,3061.52,792.36,426,390.5,918.4559999999999,534.2040000000001,5.0,85.8,False,448.40400000000005,2026-06,2
2026-06-17,Pattaya_Beach,MixedBerryPremium,31,2427.92,1287.1200000000001,248,217.0,582.7008,93.09919999999988,7.0,346.64,False,-253.5408000000001,2026-06,2
2026-06-17,Pattaya_Beach,PassionFruit,69,3812.25,1914.75,414,414.0,914.94,154.56000000000003,4.0,135.0,False,19.56000000000003,2026-06,2
2026-06-17,Pattaya_Beach,Pineapple,118,5088.16,1018.34,708,590.0,1526.4479999999999,1245.372,4.0,58.52,False,1186.852,2026-06,2
2026-06-17,Pattaya_Beach,Watermelon,195,7722.0,1599.0,1170,975.0,1853.2799999999997,2124.7200000000003,8.0,113.6,False,2011.1200000000003,2026-06,2
2026-06-17,Pattaya_Central,Guava,80,3449.6,892.8,480,440.0,827.904,808.896,3.0,51.48,False,757.4159999999999,2026-06,2
2026-06-17,Pattaya_Central,MixedBerryPremium,33,2584.56,1370.16,264,231.0,620.2944,99.10559999999987,3.0,148.56,False,-49.454400000000135,2026-06,2
2026-06-17,Pattaya_Central,PassionFruit,81,4475.25,2247.75,486,486.0,1074.06,181.44000000000008,3.0,101.25,False,80.19000000000008,2026-06,2
2026-06-17,Pattaya_Central,Pineapple,107,4613.84,923.4100000000001,642,535.0,1384.1519999999998,1129.278,3.0,43.89,False,1085.388,2026-06,2
2026-06-17,Pattaya_Central,Watermelon,221,8751.6,1812.1999999999998,1326,1105.0,2625.48,1882.92,4.0,56.8,False,1826.1200000000001,2026-06,2
2026-06-18,BKK_Ladprao,Guava,35,1715.0,390.6,210,192.5,411.6,510.29999999999995,4.0,68.64,False,441.65999999999997,2026-06,3
2026-06-18,BKK_Ladprao,MixedBerryPremium,8,712.0,332.16,64,56.0,213.6,46.24000000000001,3.0,148.56,False,-102.32,2026-06,3
2026-06-18,BKK_Ladprao,PassionFruit,23,1495.0,638.25,138,138.0,448.5,132.25,3.0,101.25,False,31.0,2026-06,3
2026-06-18,BKK_Ladprao,Pineapple,64,3136.0,552.32,384,320.0,940.8,938.88,3.0,43.89,False,894.99,2026-06,3
2026-06-18,BKK_Ladprao,Watermelon,97,4365.0,795.3999999999999,582,485.0,1047.6,1455.0,3.0,42.6,False,1412.4,2026-06,3
2026-06-18,BKK_Sukhumvit,Guava,52,2548.0,580.32,312,286.0,764.4,605.28,3.0,51.48,False,553.8,2026-06,3
2026-06-18,BKK_Sukhumvit,MixedBerryPremium,28,2492.0,1162.56,224,196.0,747.5999999999999,161.84000000000003,6.0,297.12,False,-135.27999999999997,2026-06,3
2026-06-18,BKK_Sukhumvit,PassionFruit,40,2600.0,1110.0,240,240.0,780.0,230.0,3.0,101.25,False,128.75,2026-06,3
2026-06-18,BKK_Sukhumvit,Pineapple,86,4214.0,742.1800000000001,516,430.0,1011.36,1514.46,3.0,43.89,False,1470.57,2026-06,3
2026-06-18,BKK_Sukhumvit,Watermelon,140,6300.0,1148.0,840,700.0,1890.0,1722.0,6.0,85.2,False,1636.8,2026-06,3
2026-06-18,Pattaya_Beach,Guava,63,3087.0,703.08,378,346.5,740.88,918.54,3.0,51.48,False,867.06,2026-06,3
2026-06-18,Pattaya_Beach,MixedBerryPremium,30,2670.0,1245.6,240,210.0,640.8,333.60000000000014,5.0,247.6,False,86.00000000000014,2026-06,3
2026-06-18,Pattaya_Beach,PassionFruit,60,3900.0,1665.0,360,360.0,936.0,578.9999999999999,4.0,135.0,False,443.9999999999999,2026-06,3
2026-06-18,Pattaya_Beach,Pineapple,84,4116.0,724.9200000000001,504,420.0,987.8399999999999,1479.24,2.0,29.26,False,1449.98,2026-06,3
2026-06-18,Pattaya_Beach,Watermelon,128,5760.0,1049.6,768,640.0,1728.0,1574.4,5.0,71.0,False,1503.4,2026-06,3
2026-06-18,Pattaya_Central,Guava,68,3332.0,758.88,408,374.0,799.68,991.4399999999999,4.0,68.64,False,922.8,2026-06,3
2026-06-18,Pattaya_Central,MixedBerryPremium,38,3382.0,1577.76,304,266.0,811.68,422.5600000000001,8.0,396.16,False,26.40000000000009,2026-06,3
2026-06-18,Pattaya_Central,PassionFruit,41,2665.0,1137.75,246,246.0,799.5,235.75,5.0,168.75,False,67.0,2026-06,3
2026-06-18,Pattaya_Central,Pineapple,107,5243.0,923.4100000000001,642,535.0,1258.32,1884.2700000000002,4.0,58.52,False,1825.7500000000002,2026-06,3
2026-06-18,Pattaya_Central,Watermelon,171,7695.0,1402.1999999999998,1026,855.0,1846.8,2565.0,7.0,99.4,False,2465.6,2026-06,3
2026-06-19,BKK_Ladprao,Guava,33,1617.0,368.28000000000003,198,181.5,485.09999999999997,384.12,3.0,51.48,False,332.64,2026-06,4
2026-06-19,BKK_Ladprao,MixedBerryPremium,20,1780.0,830.4000000000001,160,140.0,534.0,115.60000000000002,11.0,544.72,False,-429.12,2026-06,4
2026-06-19,BKK_Ladprao,PassionFruit,31,2015.0,860.25,186,186.0,604.5,178.25,5.0,168.75,False,9.5,2026-06,4
2026-06-19,BKK_Ladprao,Pineapple,43,2107.0,371.09000000000003,258,215.0,505.68,757.23,3.0,43.89,False,713.34,2026-06,4
2026-06-19,BKK_Ladprao,Watermelon,85,3825.0,697.0,510,425.0,918.0,1275.0,4.0,56.8,False,1218.2,2026-06,4
2026-06-19,BKK_Sukhumvit,Guava,62,3038.0,691.9200000000001,372,341.0,729.12,903.9599999999999,2.0,34.32,False,869.6399999999999,2026-06,4
2026-06-19,BKK_Sukhumvit,MixedBerryPremium,26,2314.0,1079.52,208,182.0,694.1999999999999,150.28,6.0,297.12,False,-146.84,2026-06,4
2026-06-19,BKK_Sukhumvit,PassionFruit,39,2535.0,1082.25,234,234.0,608.4,376.34999999999997,4.0,135.0,False,241.34999999999997,2026-06,4
2026-06-19,BKK_Sukhumvit,Pineapple,89,4361.0,768.07,534,445.0,1308.3,1305.6299999999999,3.0,43.89,False,1261.7399999999998,2026-06,4
2026-06-19,BKK_Sukhumvit,Watermelon,128,5760.0,1049.6,768,640.0,1728.0,1574.4,4.0,56.8,False,1517.6000000000001,2026-06,4
2026-06-19,Pattaya_Beach,Guava,55,2695.0,613.8000000000001,330,302.5,646.8,801.8999999999999,2.0,34.32,False,767.5799999999998,2026-06,4
2026-06-19,Pattaya_Beach,MixedBerryPremium,23,2047.0,954.96,184,161.0,614.1,132.94000000000003,5.0,247.6,False,-114.65999999999997,2026-06,4
2026-06-19,Pattaya_Beach,PassionFruit,56,3640.0,1554.0,336,336.0,1092.0,322.0,8.0,270.0,False,52.0,2026-06,4
2026-06-19,Pattaya_Beach,Pineapple,78,3822.0,673.1400000000001,468,390.0,1146.6,1144.26,3.0,43.89,False,1100.37,2026-06,4
2026-06-19,Pattaya_Beach,Watermelon,150,6750.0,1230.0,900,750.0,1620.0,2250.0,5.0,71.0,False,2179.0,2026-06,4
2026-06-19,Pattaya_Central,Guava,59,2891.0,658.44,354,324.5,693.8399999999999,860.2199999999999,5.0,85.8,False,774.42,2026-06,4
2026-06-19,Pattaya_Central,MixedBerryPremium,40,3560.0,1660.8000000000002,320,280.0,854.4,444.8000000000001,6.0,297.12,False,147.68000000000012,2026-06,4
2026-06-19,Pattaya_Central,PassionFruit,62,4030.0,1720.5,372,372.0,1209.0,356.5,4.0,135.0,False,221.5,2026-06,4
2026-06-19,Pattaya_Central,Pineapple,137,6713.0,1182.3100000000002,822,685.0,1611.12,2412.57,8.0,117.04,False,2295.53,2026-06,4
2026-06-19,Pattaya_Central,Watermelon,175,7875.0,1435.0,1050,875.0,2362.5,2152.5,7.0,99.4,False,2053.1,2026-06,4
2026-06-20,BKK_Ladprao,Guava,27,1323.0,301.32,162,148.5,396.9,314.28,3.0,51.48,False,262.79999999999995,2026-06,5
2026-06-20,BKK_Ladprao,MixedBerryPremium,19,1691.0,788.8800000000001,152,133.0,405.84,211.2800000000001,6.0,297.12,False,-85.83999999999992,2026-06,5
2026-06-20,BKK_Ladprao,PassionFruit,25,1625.0,693.75,150,150.0,390.0,241.24999999999994,5.0,168.75,False,72.49999999999994,2026-06,5
2026-06-20,BKK_Ladprao,Pineapple,65,3185.0,560.95,390,325.0,955.5,953.55,2.0,29.26,False,924.29,2026-06,5
2026-06-20,BKK_Ladprao,Watermelon,84,3780.0,688.8,504,420.0,1134.0,1033.2,6.0,85.2,False,948.0,2026-06,5
2026-06-20,BKK_Sukhumvit,Guava,51,2499.0,569.16,306,280.5,749.7,593.64,3.0,51.48,False,542.16,2026-06,5
2026-06-20,BKK_Sukhumvit,MixedBerryPremium,30,2670.0,1245.6000000000001,240,210.0,640.8,333.6,4.0,198.08,False,135.52,2026-06,5
2026-06-20,BKK_Sukhumvit,PassionFruit,58,3770.0,1609.5,348,348.0,904.8,559.6999999999999,9.0,303.75,False,255.94999999999993,2026-06,5
2026-06-20,BKK_Sukhumvit,Pineapple,80,3920.0,690.4000000000001,480,400.0,940.8,1408.8,4.0,58.52,False,1350.28,2026-06,5
2026-06-20,BKK_Sukhumvit,Watermelon,137,6165.0,1123.3999999999999,822,685.0,1479.6,2055.0,5.0,71.0,False,1984.0,2026-06,5
2026-06-20,Pattaya_Beach,Guava,69,3381.0,770.0400000000001,414,379.5,811.4399999999999,1006.0199999999999,4.0,68.64,False,937.3799999999999,2026-06,5
2026-06-20,Pattaya_Beach,MixedBerryPremium,35,3115.0,1453.2,280,245.0,747.6,389.2,9.0,445.68,False,-56.48000000000002,2026-06,5
2026-06-20,Pattaya_Beach,PassionFruit,42,2730.0,1165.5,252,252.0,819.0,241.5,6.0,202.5,False,39.0,2026-06,5
2026-06-20,Pattaya_Beach,Pineapple,134,6566.0,1156.42,804,670.0,1969.8,1965.78,6.0,87.78,False,1878.0,2026-06,5
2026-06-20,Pattaya_Beach,Watermelon,187,8415.0,1533.3999999999999,1122,935.0,2524.5,2300.1,3.0,42.6,False,2257.5,2026-06,5
2026-06-20,Pattaya_Central,Guava,84,4116.0,937.4399999999999,504,462.0,987.8399999999999,1224.72,5.0,85.8,False,1138.92,2026-06,5
2026-06-20,Pattaya_Central,MixedBerryPremium,39,3471.0,1619.2800000000002,312,273.0,1041.3,225.42,11.0,544.72,False,-319.30000000000007,2026-06,5
2026-06-20,Pattaya_Central,PassionFruit,89,5785.0,2469.75,534,534.0,1735.5,511.75,5.0,168.75,False,343.0,2026-06,5
2026-06-20,Pattaya_Central,Pineapple,115,5635.0,992.45,690,575.0,1690.5,1687.05,4.0,58.52,False,1628.53,2026-06,5
2026-06-20,Pattaya_Central,Watermelon,203,9135.0,1664.6,1218,1015.0,2192.4,3045.0,9.0,127.8,False,2917.2,2026-06,5
2026-06-21,BKK_Ladprao,Guava,49,2401.0,546.84,294,269.5,720.3,570.3599999999999,5.0,85.8,False,484.5599999999999,2026-06,6
2026-06-21,BKK_Ladprao,MixedBerryPremium,11,979.0,456.72,88,77.0,234.95999999999998,122.32000000000005,6.0,297.12,False,-174.79999999999995,2026-06,6
2026-06-21,BKK_Ladprao,PassionFruit,29,1885.0,804.75,174,174.0,452.4,279.84999999999997,6.0,202.5,False,77.34999999999997,2026-06,6
2026-06-21,BKK_Ladprao,Pineapple,47,2303.0,405.61,282,235.0,552.72,827.67,3.0,43.89,False,783.78,2026-06,6
2026-06-21,BKK_Ladprao,Watermelon,89,4005.0,729.8,534,445.0,1201.5,1094.7,6.0,85.2,False,1009.5,2026-06,6
2026-06-21,BKK_Sukhumvit,Guava,59,2891.0,658.44,354,324.5,693.84,860.2199999999999,5.0,85.8,False,774.42,2026-06,6
2026-06-21,BKK_Sukhumvit,MixedBerryPremium,23,2047.0,954.96,184,161.0,491.28,255.7600000000001,8.0,396.16,False,-140.39999999999992,2026-06,6
2026-06-21,BKK_Sukhumvit,PassionFruit,50,3250.0,1387.5,300,300.0,975.0,287.5,3.0,101.25,False,186.25,2026-06,6
2026-06-21,BKK_Sukhumvit,Pineapple,101,4949.0,871.6300000000001,606,505.0,1187.76,1778.6100000000001,3.0,43.89,False,1734.72,2026-06,6
2026-06-21,BKK_Sukhumvit,Watermelon,148,6660.0,1213.6,888,740.0,1998.0,1820.3999999999999,6.0,85.2,False,1735.1999999999998,2026-06,6
2026-06-21,Pattaya_Beach,Guava,83,4067.0,926.2800000000001,498,456.5,976.0799999999999,1210.1399999999999,2.0,34.32,False,1175.82,2026-06,6
2026-06-21,Pattaya_Beach,MixedBerryPremium,35,3115.0,1453.2,280,245.0,934.5,202.3,7.0,346.64,False,-144.33999999999997,2026-06,6
2026-06-21,Pattaya_Beach,PassionFruit,50,3250.0,1387.5,300,300.0,780.0,482.4999999999999,6.0,202.5,False,279.9999999999999,2026-06,6
2026-06-21,Pattaya_Beach,Pineapple,118,5782.0,1018.3400000000001,708,590.0,1387.68,2077.98,5.0,73.15,False,2004.83,2026-06,6
2026-06-21,Pattaya_Beach,Watermelon,182,8190.0,1492.3999999999999,1092,910.0,2457.0,2238.6000000000004,9.0,127.8,False,2110.8,2026-06,6
2026-06-21,Pattaya_Central,Guava,87,4263.0,970.9200000000001,522,478.5,1023.12,1268.46,5.0,85.8,False,1182.66,2026-06,6
2026-06-21,Pattaya_Central,MixedBerryPremium,37,3293.0,1536.24,296,259.0,987.9,213.86,8.0,396.16,False,-182.3,2026-06,6
2026-06-21,Pattaya_Central,PassionFruit,61,3965.0,1692.75,366,366.0,951.6,588.65,5.0,168.75,False,419.9,2026-06,6
2026-06-21,Pattaya_Central,Pineapple,151,7399.0,1303.13,906,755.0,2219.7,2215.17,5.0,73.15,False,2142.02,2026-06,6
2026-06-21,Pattaya_Central,Watermelon,214,9630.0,1754.8,1284,1070.0,2889.0,2632.2,8.0,113.6,False,2518.6,2026-06,6
2026-06-22,BKK_Ladprao,Guava,41,2009.0,413.69,246,225.5,602.6999999999999,521.11,4.0,64.36,False,456.75,2026-06,0
2026-06-22,BKK_Ladprao,MixedBerryPremium,12,1068.0,521.64,96,84.0,320.4,45.95999999999998,6.0,308.82,False,-262.86,2026-06,0
2026-06-22,BKK_Ladprao,PassionFruit,22,1430.0,572.6600000000001,132,132.0,343.2,250.13999999999996,3.0,96.09,False,154.04999999999995,2026-06,0
2026-06-22,BKK_Ladprao,Pineapple,47,2303.0,388.22,282,235.0,690.9,706.8800000000001,5.0,71.3,False,635.5800000000002,2026-06,0
2026-06-22,BKK_Ladprao,Watermelon,94,4230.0,772.6800000000001,564,470.0,1269.0,1154.3200000000002,6.0,85.32,False,1069.0000000000002,2026-06,0
2026-06-22,BKK_Sukhumvit,Guava,46,2254.0,464.14,276,253.0,676.2,584.6600000000001,3.0,48.27,False,536.3900000000001,2026-06,0
2026-06-22,BKK_Sukhumvit,MixedBerryPremium,21,1869.0,912.87,168,147.0,448.56,192.57000000000002,5.0,257.35,False,-64.78,2026-06,0
2026-06-22,BKK_Sukhumvit,PassionFruit,53,3445.0,1379.5900000000001,318,318.0,826.8,602.61,3.0,96.09,False,506.52,2026-06,0
2026-06-22,BKK_Sukhumvit,Pineapple,97,4753.0,801.22,582,485.0,1425.8999999999999,1458.8800000000003,6.0,85.56,False,1373.3200000000004,2026-06,0
2026-06-22,BKK_Sukhumvit,Watermelon,141,6345.0,1159.02,846,705.0,1903.5,1731.4799999999998,5.0,71.1,False,1660.3799999999999,2026-06,0
2026-06-22,Pattaya_Beach,Guava,74,3626.0,746.66,444,407.0,1087.8,940.5400000000001,2.0,32.18,False,908.3600000000001,2026-06,0
2026-06-22,Pattaya_Beach,MixedBerryPremium,30,2670.0,1304.1,240,210.0,640.8,275.1,5.0,257.35,False,17.75,2026-06,0
2026-06-22,Pattaya_Beach,PassionFruit,50,3250.0,1301.5,300,300.0,780.0,568.5,7.0,224.21,False,344.28999999999996,2026-06,0
2026-06-22,Pattaya_Beach,Pineapple,94,4606.0,776.4399999999999,564,470.0,1381.8,1413.7600000000002,3.0,42.78,False,1370.9800000000002,2026-06,0
2026-06-22,Pattaya_Beach,Watermelon,157,7065.0,1290.5400000000002,942,785.0,1695.6,2351.8599999999997,6.0,85.32,False,2266.5399999999995,2026-06,0
2026-06-22,Pattaya_Central,Guava,81,3969.0,817.29,486,445.5,1190.7,1029.51,5.0,80.45,False,949.06,2026-06,0
2026-06-22,Pattaya_Central,MixedBerryPremium,24,2136.0,1043.28,192,168.0,512.64,220.07999999999993,6.0,308.82,False,-88.74000000000007,2026-06,0
2026-06-22,Pattaya_Central,PassionFruit,40,2600.0,1041.2,240,240.0,780.0,298.79999999999995,2.0,64.06,False,234.73999999999995,2026-06,0
2026-06-22,Pattaya_Central,Pineapple,105,5145.0,867.3,630,525.0,1543.5,1579.2,2.0,28.52,False,1550.68,2026-06,0
2026-06-22,Pattaya_Central,Watermelon,175,7875.0,1438.5,1050,875.0,1890.0,2621.5,4.0,56.88,False,2564.62,2026-06,0
2026-06-23,BKK_Ladprao,Guava,36,1764.0,363.24,216,198.0,529.2,457.56,4.0,64.36,False,393.2,2026-06,1
2026-06-23,BKK_Ladprao,MixedBerryPremium,16,1424.0,695.52,128,112.0,427.2,61.27999999999999,6.0,308.82,False,-247.54000000000002,2026-06,1
2026-06-23,BKK_Ladprao,PassionFruit,29,1885.0,754.87,174,174.0,565.5,216.63,5.0,160.15,False,56.47999999999999,2026-06,1
2026-06-23,BKK_Ladprao,Pineapple,64,3136.0,528.64,384,320.0,752.64,1150.72,3.0,42.78,False,1107.94,2026-06,1
2026-06-23,BKK_Ladprao,Watermelon,93,4185.0,764.46,558,465.0,1004.4,1393.14,7.0,99.54,False,1293.6000000000001,2026-06,1
2026-06-23,BKK_Sukhumvit,Guava,54,2646.0,544.86,324,297.0,793.8,686.3400000000001,3.0,48.27,False,638.0700000000002,2026-06,1
2026-06-23,BKK_Sukhumvit,MixedBerryPremium,24,2136.0,1043.28,192,168.0,512.64,220.07999999999998,7.0,360.29,False,-140.21000000000004,2026-06,1
2026-06-23,BKK_Sukhumvit,PassionFruit,47,3055.0,1223.41,282,282.0,733.1999999999999,534.3900000000001,5.0,160.15,False,374.2400000000001,2026-06,1
2026-06-23,BKK_Sukhumvit,Pineapple,103,5047.0,850.78,618,515.0,1211.28,1851.94,2.0,28.52,False,1823.42,2026-06,1
2026-06-23,BKK_Sukhumvit,Watermelon,112,5040.0,920.6400000000001,672,560.0,1209.6,1677.76,2.0,28.44,False,1649.32,2026-06,1
2026-06-23,Pattaya_Beach,Guava,60,2940.0,605.4,360,330.0,882.0,762.6,1.0,16.09,False,746.51,2026-06,1
2026-06-23,Pattaya_Beach,MixedBerryPremium,27,2403.0,1173.69,216,189.0,720.9,103.40999999999998,6.0,308.82,False,-205.41000000000003,2026-06,1
2026-06-23,Pattaya_Beach,PassionFruit,49,3185.0,1275.47,294,294.0,764.4,557.1300000000001,6.0,192.18,False,364.9500000000001,2026-06,1
2026-06-23,Pattaya_Beach,Pineapple,77,3773.0,636.02,462,385.0,905.52,1384.46,5.0,71.3,False,1313.16,2026-06,1
2026-06-23,Pattaya_Beach,Watermelon,137,6165.0,1126.14,822,685.0,1849.5,1682.36,3.0,42.66,False,1639.6999999999998,2026-06,1
2026-06-23,Pattaya_Central,Guava,62,3038.0,625.58,372,341.0,911.4,788.0200000000001,3.0,48.27,False,739.7500000000001,2026-06,1
2026-06-23,Pattaya_Central,MixedBerryPremium,39,3471.0,1695.33,312,273.0,1041.3,149.37,8.0,411.76,False,-262.39,2026-06,1
2026-06-23,Pattaya_Central,PassionFruit,63,4095.0,1639.89,378,378.0,982.8,716.3100000000001,10.0,320.3,False,396.01000000000005,2026-06,1
2026-06-23,Pattaya_Central,Pineapple,128,6272.0,1057.28,768,640.0,1881.6,1925.1200000000001,4.0,57.04,False,1868.0800000000002,2026-06,1
2026-06-23,Pattaya_Central,Watermelon,171,7695.0,1405.6200000000001,1026,855.0,1846.8,2561.58,2.0,28.44,False,2533.14,2026-06,1
2026-06-24,BKK_Ladprao,Guava,34,1666.0,343.06,204,187.0,499.79999999999995,432.14000000000004,3.0,48.27,False,383.87000000000006,2026-06,2
2026-06-24,BKK_Ladprao,MixedBerryPremium,15,1335.0,652.05,120,105.0,400.5,57.449999999999974,6.0,308.82,False,-251.37,2026-06,2
2026-06-24,BKK_Ladprao,PassionFruit,36,2340.0,937.08,216,216.0,702.0,268.91999999999996,5.0,160.15,False,108.76999999999995,2026-06,2
2026-06-24,BKK_Ladprao,Pineapple,63,3087.0,520.38,378,315.0,926.1,947.5200000000001,5.0,71.3,False,876.2200000000001,2026-06,2
2026-06-24,BKK_Ladprao,Watermelon,81,3645.0,665.82,486,405.0,1093.5,994.6800000000001,3.0,42.66,False,952.0200000000001,2026-06,2
2026-06-24,BKK_Sukhumvit,Guava,68,3332.0,686.12,408,374.0,799.68,1064.2,4.0,64.36,False,999.84,2026-06,2
2026-06-24,BKK_Sukhumvit,MixedBerryPremium,34,3026.0,1477.98,272,238.0,907.8,130.21999999999997,6.0,308.82,False,-178.60000000000002,2026-06,2
2026-06-24,BKK_Sukhumvit,PassionFruit,40,2600.0,1041.2,240,240.0,780.0,298.79999999999995,4.0,128.12,False,170.67999999999995,2026-06,2
2026-06-24,BKK_Sukhumvit,Pineapple,103,5047.0,850.78,618,515.0,1211.28,1851.94,4.0,57.04,False,1794.9,2026-06,2
2026-06-24,BKK_Sukhumvit,Watermelon,150,6750.0,1233.0,900,750.0,1620.0,2247.0,3.0,42.66,False,2204.34,2026-06,2
2026-06-24,Pattaya_Beach,Guava,46,2254.0,464.14,276,253.0,676.2,584.66,1.0,16.09,False,568.5699999999999,2026-06,2
2026-06-24,Pattaya_Beach,MixedBerryPremium,25,2225.0,1086.75,200,175.0,534.0,229.24999999999997,9.0,463.23,False,-233.98000000000005,2026-06,2
2026-06-24,Pattaya_Beach,PassionFruit,51,3315.0,1327.53,306,306.0,994.5,380.96999999999997,7.0,224.21,False,156.75999999999996,2026-06,2
2026-06-24,Pattaya_Beach,Pineapple,70,3430.0,578.2,420,350.0,1029.0,1052.8000000000002,4.0,57.04,False,995.7600000000002,2026-06,2
2026-06-24,Pattaya_Beach,Watermelon,153,6885.0,1257.66,918,765.0,2065.5,1878.84,6.0,85.32,False,1793.52,2026-06,2
2026-06-24,Pattaya_Central,Guava,81,3969.0,817.29,486,445.5,1190.7,1029.51,4.0,64.36,False,965.15,2026-06,2
2026-06-24,Pattaya_Central,MixedBerryPremium,29,2581.0,1260.6299999999999,232,203.0,774.3,111.06999999999996,4.0,205.88,False,-94.81000000000003,2026-06,2
2026-06-24,Pattaya_Central,PassionFruit,61,3965.0,1587.8300000000002,366,366.0,1189.5,455.66999999999996,5.0,160.15,False,295.52,2026-06,2
2026-06-24,Pattaya_Central,Pineapple,102,4998.0,842.52,612,510.0,1199.52,1833.96,4.0,57.04,False,1776.92,2026-06,2
2026-06-24,Pattaya_Central,Watermelon,178,8010.0,1463.16,1068,890.0,1922.3999999999999,2666.44,6.0,85.32,False,2581.12,2026-06,2
2026-06-25,BKK_Ladprao,Guava,43,1854.1599999999999,433.87,258,236.5,444.99839999999995,480.79159999999985,3.0,48.27,False,432.52159999999986,2026-06,3
2026-06-25,BKK_Ladprao,MixedBerryPremium,20,1566.3999999999999,869.4,160,140.0,469.91999999999996,-72.92000000000002,16.0,823.52,False,-896.44,2026-06,3
2026-06-25,BKK_Ladprao,PassionFruit,33,1887.6000000000001,858.99,198,198.0,566.28,66.33000000000013,8.0,256.24,False,-189.90999999999988,2026-06,3
2026-06-25,BKK_Ladprao,Pineapple,60,2587.2,495.59999999999997,360,300.0,620.928,810.6720000000001,4.0,57.04,False,753.6320000000002,2026-06,3
2026-06-25,BKK_Ladprao,Watermelon,89,3524.4,731.58,534,445.0,1057.32,756.4999999999999,6.0,85.32,False,671.1799999999998,2026-06,3
2026-06-25,BKK_Sukhumvit,Guava,64,2759.6800000000003,645.76,384,352.0,827.9039999999999,550.0160000000001,2.0,32.18,False,517.8360000000001,2026-06,3
2026-06-25,BKK_Sukhumvit,MixedBerryPremium,20,1566.3999999999999,869.4,160,140.0,375.936,21.064000000000078,4.0,205.88,False,-184.81599999999992,2026-06,3
2026-06-25,BKK_Sukhumvit,PassionFruit,53,3031.6,1379.5900000000001,318,318.0,909.48,106.53000000000009,6.0,192.18,False,-85.64999999999992,2026-06,3
2026-06-25,BKK_Sukhumvit,Pineapple,119,5131.28,982.9399999999999,714,595.0,1539.3839999999998,1299.9560000000001,7.0,99.82,False,1200.1360000000002,2026-06,3
2026-06-25,BKK_Sukhumvit,Watermelon,153,6058.8,1257.66,918,765.0,1817.6399999999999,1300.4999999999998,6.0,85.32,False,1215.1799999999998,2026-06,3
2026-06-25,Pattaya_Beach,Guava,67,2889.04,676.03,402,368.5,693.3696,749.1403999999999,2.0,32.18,False,716.9603999999999,2026-06,3
2026-06-25,Pattaya_Beach,MixedBerryPremium,31,2427.92,1347.57,248,217.0,582.7008,32.64920000000001,4.0,205.88,False,-173.2308,2026-06,3
2026-06-25,Pattaya_Beach,PassionFruit,52,2974.4,1353.56,312,312.0,892.3199999999999,104.52000000000004,4.0,128.12,False,-23.599999999999966,2026-06,3
2026-06-25,Pattaya_Beach,Pineapple,110,4743.2,908.6,660,550.0,1422.9599999999998,1201.64,5.0,71.3,False,1130.3400000000001,2026-06,3
2026-06-25,Pattaya_Beach,Watermelon,184,7286.4,1512.4800000000002,1104,920.0,2185.9199999999996,1563.9999999999998,5.0,71.1,False,1492.8999999999999,2026-06,3
2026-06-25,Pattaya_Central,Guava,82,3535.84,827.38,492,451.0,1060.752,704.708,5.0,80.45,False,624.2579999999999,2026-06,3
2026-06-25,Pattaya_Central,MixedBerryPremium,38,2976.16,1651.86,304,266.0,714.2783999999999,40.02159999999998,8.0,411.76,False,-371.7384,2026-06,3
2026-06-25,Pattaya_Central,PassionFruit,68,3889.6,1770.0400000000002,408,408.0,1166.8799999999999,136.68000000000004,7.0,224.21,False,-87.52999999999997,2026-06,3
2026-06-25,Pattaya_Central,Pineapple,116,5001.92,958.16,696,580.0,1500.5759999999998,1267.184,5.0,71.3,False,1195.884,2026-06,3
2026-06-25,Pattaya_Central,Watermelon,204,8078.4,1676.88,1224,1020.0,1938.8159999999998,2218.7039999999997,8.0,113.76,False,2104.9439999999995,2026-06,3
2026-06-26,BKK_Ladprao,Guava,36,1764.0,363.24,216,198.0,423.36,563.4,4.0,64.36,False,499.03999999999996,2026-06,4
2026-06-26,BKK_Ladprao,MixedBerryPremium,24,1815.6,1043.28,192,168.0,544.68,-132.36,10.0,514.7,False,-647.0600000000001,2026-06,4
2026-06-26,BKK_Ladprao,PassionFruit,30,1950.0,780.9000000000001,180,180.0,468.0,341.1,4.0,128.12,False,212.98000000000002,2026-06,4
2026-06-26,BKK_Ladprao,Pineapple,60,2940.0,495.6,360,300.0,882.0,902.4000000000002,2.0,28.52,False,873.8800000000002,2026-06,4
2026-06-26,BKK_Ladprao,Watermelon,86,3870.0,706.9200000000001,516,430.0,928.8,1288.28,3.0,42.66,False,1245.62,2026-06,4
2026-06-26,BKK_Sukhumvit,Guava,64,3136.0,645.76,384,352.0,940.8,813.44,3.0,48.27,False,765.1700000000001,2026-06,4
2026-06-26,BKK_Sukhumvit,MixedBerryPremium,33,2496.4500000000003,1434.51,264,231.0,748.935,-181.99499999999978,7.0,360.29,False,-542.2849999999999,2026-06,4
2026-06-26,BKK_Sukhumvit,PassionFruit,48,3120.0,1249.44,288,288.0,748.8,545.7600000000001,6.0,192.18,False,353.5800000000001,2026-06,4
2026-06-26,BKK_Sukhumvit,Pineapple,105,5145.0,867.3,630,525.0,1234.8,1887.9,5.0,71.3,False,1816.6000000000001,2026-06,4
2026-06-26,BKK_Sukhumvit,Watermelon,137,6165.0,1126.14,822,685.0,1479.6,2052.2599999999998,4.0,56.88,False,1995.3799999999997,2026-06,4
2026-06-26,Pattaya_Beach,Guava,58,2842.0,585.22,348,319.0,682.08,907.6999999999999,3.0,48.27,False,859.43,2026-06,4
2026-06-26,Pattaya_Beach,MixedBerryPremium,27,2042.55,1173.69,216,189.0,612.765,-148.90499999999992,9.0,463.23,False,-612.135,2026-06,4
2026-06-26,Pattaya_Beach,PassionFruit,45,2925.0,1171.3500000000001,270,270.0,702.0,511.65,6.0,192.18,False,319.46999999999997,2026-06,4
2026-06-26,Pattaya_Beach,Pineapple,103,5047.0,850.78,618,515.0,1211.28,1851.94,5.0,71.3,False,1780.64,2026-06,4
2026-06-26,Pattaya_Beach,Watermelon,137,6165.0,1126.14,822,685.0,1849.5,1682.36,3.0,42.66,False,1639.6999999999998,2026-06,4
2026-06-26,Pattaya_Central,Guava,59,2891.0,595.31,354,324.5,867.3,749.8900000000001,1.0,16.09,False,733.8000000000001,2026-06,4
2026-06-26,Pattaya_Central,MixedBerryPremium,30,2269.5,1304.1,240,210.0,680.85,-165.44999999999976,7.0,360.29,False,-525.7399999999998,2026-06,4
2026-06-26,Pattaya_Central,PassionFruit,63,4095.0,1639.89,378,378.0,1228.5,470.60999999999996,6.0,192.18,False,278.42999999999995,2026-06,4
2026-06-26,Pattaya_Central,Pineapple,123,6027.0,1015.98,738,615.0,1808.1,1849.9200000000005,5.0,71.3,False,1778.6200000000006,2026-06,4
2026-06-26,Pattaya_Central,Watermelon,201,9045.0,1652.22,1206,1005.0,2713.5,2468.2799999999997,11.0,156.42,False,2311.8599999999997,2026-06,4
2026-06-27,BKK_Ladprao,Guava,28,1372.0,282.52,168,154.0,411.59999999999997,355.88,3.0,48.27,False,307.61,2026-06,5
2026-06-27,BKK_Ladprao,MixedBerryPremium,14,1246.0,608.5799999999999,112,98.0,373.8,53.619999999999976,3.0,154.41,False,-100.79000000000002,2026-06,5
2026-06-27,BKK_Ladprao,PassionFruit,21,1365.0,546.63,126,126.0,327.59999999999997,238.76999999999998,4.0,128.12,False,110.64999999999998,2026-06,5
2026-06-27,BKK_Ladprao,Pineapple,56,2744.0,462.56,336,280.0,823.1999999999999,842.2400000000002,3.0,42.78,False,799.4600000000003,2026-06,5
2026-06-27,BKK_Ladprao,Watermelon,90,4050.0,739.8000000000001,540,450.0,1215.0,1105.2,3.0,42.66,False,1062.54,2026-06,5
2026-06-27,BKK_Sukhumvit,Guava,63,3087.0,635.6700000000001,378,346.5,926.1,800.73,3.0,48.27,False,752.46,2026-06,5
2026-06-27,BKK_Sukhumvit,MixedBerryPremium,26,2314.0,1130.22,208,182.0,555.36,238.42000000000002,2.0,102.94,False,135.48000000000002,2026-06,5
2026-06-27,BKK_Sukhumvit,PassionFruit,49,3185.0,1275.47,294,294.0,955.5,366.03000000000003,4.0,128.12,False,237.91000000000003,2026-06,5
2026-06-27,BKK_Sukhumvit,Pineapple,111,5439.0,916.86,666,555.0,1631.7,1669.4400000000003,4.0,57.04,False,1612.4000000000003,2026-06,5
2026-06-27,BKK_Sukhumvit,Watermelon,128,5760.0,1052.16,768,640.0,1382.3999999999999,1917.44,5.0,71.1,False,1846.3400000000001,2026-06,5
2026-06-27,Pattaya_Beach,Guava,75,3675.0,756.75,450,412.5,1102.5,953.25,5.0,80.45,False,872.8,2026-06,5
2026-06-27,Pattaya_Beach,MixedBerryPremium,21,1869.0,912.87,168,147.0,560.7,80.42999999999999,5.0,257.35,False,-176.92000000000002,2026-06,5
2026-06-27,Pattaya_Beach,PassionFruit,57,3705.0,1483.71,342,342.0,889.2,648.09,3.0,96.09,False,552.0,2026-06,5
2026-06-27,Pattaya_Beach,Pineapple,121,5929.0,999.46,726,605.0,1778.6999999999998,1819.8400000000004,6.0,85.56,False,1734.2800000000004,2026-06,5
2026-06-27,Pattaya_Beach,Watermelon,201,9045.0,1652.2200000000003,1206,1005.0,2170.7999999999997,3010.98,10.0,142.2,False,2868.78,2026-06,5
2026-06-27,Pattaya_Central,Guava,86,4214.0,867.74,516,473.0,1011.36,1345.9,4.0,64.36,False,1281.5400000000002,2026-06,5
2026-06-27,Pattaya_Central,MixedBerryPremium,44,3916.0,1912.6799999999998,352,308.0,1174.8,168.51999999999992,5.0,257.35,False,-88.8300000000001,2026-06,5
2026-06-27,Pattaya_Central,PassionFruit,62,4030.0,1613.8600000000001,372,372.0,1209.0,463.1399999999999,4.0,128.12,False,335.01999999999987,2026-06,5
2026-06-27,Pattaya_Central,Pineapple,135,6615.0,1115.1,810,675.0,1984.5,2030.4000000000003,9.0,128.34,False,1902.0600000000004,2026-06,5
2026-06-27,Pattaya_Central,Watermelon,210,9450.0,1726.2,1260,1050.0,2835.0,2578.8,5.0,71.1,False,2507.7000000000003,2026-06,5
2026-06-28,BKK_Ladprao,Guava,40,1960.0,403.6,240,220.0,588.0,508.4,2.0,32.18,False,476.21999999999997,2026-06,6
2026-06-28,BKK_Ladprao,MixedBerryPremium,20,1780.0,869.4,160,140.0,534.0,76.59999999999997,4.0,205.88,False,-129.28000000000003,2026-06,6
2026-06-28,BKK_Ladprao,PassionFruit,29,1885.0,754.87,174,174.0,452.4,329.72999999999996,5.0,160.15,False,169.57999999999996,2026-06,6
2026-06-28,BKK_Ladprao,Pineapple,57,2793.0,470.82,342,285.0,837.9,857.2800000000002,2.0,28.52,False,828.7600000000002,2026-06,6
2026-06-28,BKK_Ladprao,Watermelon,81,3645.0,665.82,486,405.0,1093.5,994.6800000000001,6.0,85.32,False,909.3600000000001,2026-06,6
2026-06-28,BKK_Sukhumvit,Guava,55,2695.0,554.95,330,302.5,808.5,699.0500000000001,2.0,32.18,False,666.8700000000001,2026-06,6
2026-06-28,BKK_Sukhumvit,MixedBerryPremium,29,2581.0,1260.6299999999999,232,203.0,619.4399999999999,265.93000000000006,7.0,360.29,False,-94.35999999999996,2026-06,6
2026-06-28,BKK_Sukhumvit,PassionFruit,50,3250.0,1301.5,300,300.0,780.0,568.5,4.0,128.12,False,440.38,2026-06,6
2026-06-28,BKK_Sukhumvit,Pineapple,100,4900.0,826.0,600,500.0,1176.0,1798.0000000000002,4.0,57.04,False,1740.9600000000003,2026-06,6
2026-06-28,BKK_Sukhumvit,Watermelon,138,6210.0,1134.3600000000001,828,690.0,1863.0,1694.6399999999999,3.0,42.66,False,1651.9799999999998,2026-06,6
2026-06-28,Pattaya_Beach,Guava,66,3234.0,665.9399999999999,396,363.0,776.16,1032.9,4.0,64.36,False,968.5400000000001,2026-06,6
2026-06-28,Pattaya_Beach,MixedBerryPremium,29,2581.0,1260.6299999999999,232,203.0,774.3,111.06999999999995,8.0,411.76,False,-300.69000000000005,2026-06,6
2026-06-28,Pattaya_Beach,PassionFruit,77,5005.0,2004.3100000000002,462,462.0,1201.2,875.4899999999999,9.0,288.27,False,587.2199999999999,2026-06,6
2026-06-28,Pattaya_Beach,Pineapple,108,5292.0,892.08,648,540.0,1270.08,1941.8400000000001,5.0,71.3,False,1870.5400000000002,2026-06,6
2026-06-28,Pattaya_Beach,Watermelon,175,7875.0,1438.5000000000002,1050,875.0,2362.5,2149.0,8.0,113.76,False,2035.24,2026-06,6
2026-06-28,Pattaya_Central,Guava,94,4606.0,948.46,564,517.0,1381.8,1194.7400000000002,5.0,80.45,False,1114.2900000000002,2026-06,6
2026-06-28,Pattaya_Central,MixedBerryPremium,40,3560.0,1738.8,320,280.0,1068.0,153.20000000000002,10.0,514.7,False,-361.5,2026-06,6
2026-06-28,Pattaya_Central,PassionFruit,66,4290.0,1717.98,396,396.0,1029.6,750.42,5.0,160.15,False,590.27,2026-06,6
2026-06-28,Pattaya_Central,Pineapple,134,6566.0,1106.84,804,670.0,1575.84,2409.32,4.0,57.04,False,2352.28,2026-06,6
2026-06-28,Pattaya_Central,Watermelon,199,8955.0,1635.7800000000002,1194,995.0,2686.5,2443.72,5.0,71.1,False,2372.62,2026-06,6
2026-06-29,BKK_Ladprao,Guava,30,1470.0,294.3,180,165.0,441.0,389.6999999999999,2.0,31.62,False,358.07999999999987,2026-06,0
2026-06-29,BKK_Ladprao,MixedBerryPremium,15,1335.0,690.0,120,105.0,320.4,99.60000000000002,9.0,486.0,False,-386.4,2026-06,0
2026-06-29,BKK_Ladprao,PassionFruit,22,1430.0,575.3,132,132.0,343.2,247.5,6.0,192.9,False,54.599999999999994,2026-06,0
2026-06-29,BKK_Ladprao,Pineapple,51,2499.0,443.7,306,255.0,749.7,744.6000000000001,5.0,73.5,False,671.1000000000001,2026-06,0
2026-06-29,BKK_Ladprao,Watermelon,100,4500.0,781.0,600,500.0,1350.0,1269.0,4.0,55.24,False,1213.76,2026-06,0
2026-06-29,BKK_Sukhumvit,Guava,50,2450.0,490.5,300,275.0,735.0,649.4999999999998,3.0,47.43,False,602.0699999999998,2026-06,0
2026-06-29,BKK_Sukhumvit,MixedBerryPremium,20,1780.0,920.0,160,140.0,534.0,25.999999999999943,7.0,378.0,False,-352.00000000000006,2026-06,0
2026-06-29,BKK_Sukhumvit,PassionFruit,59,3835.0,1542.85,354,354.0,1150.5,433.6500000000001,6.0,192.9,False,240.75000000000009,2026-06,0
2026-06-29,BKK_Sukhumvit,Pineapple,88,4312.0,765.5999999999999,528,440.0,1293.6,1284.8000000000004,3.0,44.1,False,1240.7000000000005,2026-06,0
2026-06-29,BKK_Sukhumvit,Watermelon,137,6165.0,1069.97,822,685.0,1849.5,1738.53,7.0,96.67,False,1641.86,2026-06,0
2026-06-29,Pattaya_Beach,Guava,56,2744.0,549.36,336,308.0,823.2,727.4399999999998,2.0,31.62,False,695.8199999999998,2026-06,0
2026-06-29,Pattaya_Beach,MixedBerryPremium,24,2136.0,1104.0,192,168.0,512.64,159.36000000000004,3.0,162.0,False,-2.639999999999958,2026-06,0
2026-06-29,Pattaya_Beach,PassionFruit,41,2665.0,1072.1499999999999,246,246.0,639.6,461.25,3.0,96.45,False,364.8,2026-06,0
2026-06-29,Pattaya_Beach,Pineapple,93,4557.0,809.0999999999999,558,465.0,1367.1,1357.8000000000002,3.0,44.1,False,1313.7000000000003,2026-06,0
2026-06-29,Pattaya_Beach,Watermelon,142,6390.0,1109.02,852,710.0,1917.0,1801.98,3.0,41.43,False,1760.55,2026-06,0
2026-06-29,Pattaya_Central,Guava,89,4361.0,873.09,534,489.5,1046.6399999999999,1417.7699999999998,6.0,94.86,False,1322.9099999999999,2026-06,0
2026-06-29,Pattaya_Central,MixedBerryPremium,40,3560.0,1840.0,320,280.0,854.4,265.59999999999997,7.0,378.0,False,-112.40000000000003,2026-06,0
2026-06-29,Pattaya_Central,PassionFruit,50,3250.0,1307.5,300,300.0,975.0,367.50000000000006,5.0,160.75,False,206.75000000000006,2026-06,0
2026-06-29,Pattaya_Central,Pineapple,95,4655.0,826.5,570,475.0,1396.5,1387.0000000000002,7.0,102.9,False,1284.1000000000001,2026-06,0
2026-06-29,Pattaya_Central,Watermelon,174,7830.0,1358.9399999999998,1044,870.0,2349.0,2208.06,3.0,41.43,False,2166.63,2026-06,0
2026-06-30,BKK_Ladprao,Guava,37,1813.0,362.97,222,203.5,435.12,589.41,2.0,31.62,False,557.79,2026-06,1
2026-06-30,BKK_Ladprao,MixedBerryPremium,14,1246.0,644.0,112,98.0,299.03999999999996,92.96000000000001,7.0,378.0,False,-285.03999999999996,2026-06,1
2026-06-30,BKK_Ladprao,PassionFruit,23,1495.0,601.4499999999999,138,138.0,358.79999999999995,258.75,3.0,96.45,False,162.3,2026-06,1
2026-06-30,BKK_Ladprao,Pineapple,46,2254.0,400.19999999999993,276,230.0,540.96,806.8399999999999,4.0,58.8,False,748.04,2026-06,1
2026-06-30,BKK_Ladprao,Watermelon,68,3060.0,531.0799999999999,408,340.0,734.4,1046.52,2.0,27.62,False,1018.9,2026-06,1
2026-06-30,BKK_Sukhumvit,Guava,56,2744.0,549.36,336,308.0,658.56,892.0799999999998,4.0,63.24,False,828.8399999999998,2026-06,1
2026-06-30,BKK_Sukhumvit,MixedBerryPremium,21,1869.0,966.0,168,147.0,448.56,139.44000000000003,6.0,324.0,False,-184.55999999999997,2026-06,1
2026-06-30,BKK_Sukhumvit,PassionFruit,50,3250.0,1307.5,300,300.0,780.0,562.5,3.0,96.45,False,466.05,2026-06,1
2026-06-30,BKK_Sukhumvit,Pineapple,88,4312.0,765.5999999999999,528,440.0,1034.8799999999999,1543.52,3.0,44.1,False,1499.42,2026-06,1
2026-06-30,BKK_Sukhumvit,Watermelon,149,6705.0,1163.6899999999998,894,745.0,2011.5,1890.8100000000002,7.0,96.67,False,1794.14,2026-06,1
2026-06-30,Pattaya_Beach,Guava,55,2695.0,539.55,330,302.5,646.8,876.1499999999999,1.0,15.81,False,860.3399999999999,2026-06,1
2026-06-30,Pattaya_Beach,MixedBerryPremium,29,2581.0,1334.0,232,203.0,774.3,37.69999999999993,6.0,324.0,False,-286.30000000000007,2026-06,1
2026-06-30,Pattaya_Beach,PassionFruit,54,3510.0,1412.1,324,324.0,842.4,607.5,2.0,64.3,False,543.2,2026-06,1
2026-06-30,Pattaya_Beach,Pineapple,117,5733.0,1017.9,702,585.0,1719.8999999999999,1708.2,7.0,102.9,False,1605.3,2026-06,1
2026-06-30,Pattaya_Beach,Watermelon,160,7200.0,1249.6,960,800.0,2160.0,2030.4,5.0,69.05,False,1961.3500000000001,2026-06,1
2026-06-30,Pattaya_Central,Guava,81,3969.0,794.61,486,445.5,1190.7,1052.1899999999998,5.0,79.05,False,973.1399999999999,2026-06,1
2026-06-30,Pattaya_Central,MixedBerryPremium,23,2047.0,1058.0,184,161.0,614.1,29.899999999999906,6.0,324.0,False,-294.1000000000001,2026-06,1
2026-06-30,Pattaya_Central,PassionFruit,54,3510.0,1412.1,324,324.0,1053.0,396.9000000000002,7.0,225.05,False,171.8500000000002,2026-06,1
2026-06-30,Pattaya_Central,Pineapple,118,5782.0,1026.6,708,590.0,1734.6,1722.8000000000002,7.0,102.9,False,1619.9,2026-06,1
2026-06-30,Pattaya_Central,Watermelon,162,7290.0,1265.22,972,810.0,2187.0,2055.78,5.0,69.05,False,1986.7300000000002,2026-06,1
2026-07-01,BKK_Ladprao,Guava,27,1164.24,264.87,162,148.5,349.272,239.59799999999993,1.0,15.81,False,223.78799999999993,2026-07,2
2026-07-01,BKK_Ladprao,MixedBerryPremium,10,783.1999999999999,460.0,80,70.0,234.95999999999998,-61.760000000000005,4.0,216.0,False,-277.76,2026-07,2
2026-07-01,BKK_Ladprao,PassionFruit,29,1658.8,758.3499999999999,174,174.0,398.11199999999997,154.33800000000008,2.0,64.3,False,90.03800000000008,2026-07,2
2026-07-01,BKK_Ladprao,Pineapple,75,3234.0,652.4999999999999,450,375.0,776.16,980.34,4.0,58.8,False,921.5400000000001,2026-07,2
2026-07-01,BKK_Ladprao,Watermelon,88,3484.8,687.28,528,440.0,836.352,993.1680000000001,4.0,55.24,False,937.9280000000001,2026-07,2
2026-07-01,BKK_Sukhumvit,Guava,56,2414.72,549.36,336,308.0,579.5328,641.8272,2.0,31.62,False,610.2072,2026-07,2
2026-07-01,BKK_Sukhumvit,MixedBerryPremium,29,2271.28,1334.0,232,203.0,545.1071999999999,-42.82719999999992,4.0,216.0,False,-258.82719999999995,2026-07,2
2026-07-01,BKK_Sukhumvit,PassionFruit,42,2402.4,1098.3,252,252.0,576.576,223.52400000000011,1.0,32.15,False,191.3740000000001,2026-07,2
2026-07-01,BKK_Sukhumvit,Pineapple,112,4829.4400000000005,974.4,672,560.0,1448.8319999999999,1174.2080000000003,4.0,58.8,False,1115.4080000000004,2026-07,2
2026-07-01,BKK_Sukhumvit,Watermelon,154,6098.4,1202.74,924,770.0,1829.52,1372.1400000000003,6.0,82.86,False,1289.2800000000004,2026-07,2
2026-07-01,Pattaya_Beach,Guava,50,2156.0,490.5,300,275.0,646.8,443.6999999999998,3.0,47.43,False,396.2699999999998,2026-07,2
2026-07-01,Pattaya_Beach,MixedBerryPremium,24,1879.6799999999998,1104.0,192,168.0,563.904,-148.224,7.0,378.0,False,-526.2239999999999,2026-07,2
2026-07-01,Pattaya_Beach,PassionFruit,44,2516.8,1150.6,264,264.0,755.04,83.16000000000004,6.0,192.9,False,-109.73999999999997,2026-07,2
2026-07-01,Pattaya_Beach,Pineapple,107,4613.84,930.8999999999999,642,535.0,1384.1519999999998,1121.7880000000002,2.0,29.4,False,1092.3880000000001,2026-07,2
2026-07-01,Pattaya_Beach,Watermelon,148,5860.8,1155.8799999999999,888,740.0,1758.24,1318.6800000000003,5.0,69.05,False,1249.6300000000003,2026-07,2
2026-07-01,Pattaya_Central,Guava,88,3794.56,863.2800000000001,528,484.0,1138.368,780.9119999999997,7.0,110.67,False,670.2419999999997,2026-07,2
2026-07-01,Pattaya_Central,MixedBerryPremium,32,2506.24,1472.0,256,224.0,751.872,-197.63200000000003,8.0,432.0,False,-629.6320000000001,2026-07,2
2026-07-01,Pattaya_Central,PassionFruit,72,4118.4,1882.8,432,432.0,1235.52,136.08,5.0,160.75,False,-24.669999999999987,2026-07,2
2026-07-01,Pattaya_Central,Pineapple,106,4570.72,922.1999999999999,636,530.0,1371.216,1111.3040000000003,3.0,44.1,False,1067.2040000000004,2026-07,2
2026-07-01,Pattaya_Central,Watermelon,187,7405.2,1460.4699999999998,1122,935.0,1777.248,2110.4820000000004,5.0,69.05,False,2041.4320000000005,2026-07,2
2026-07-02,BKK_Ladprao,Guava,37,1813.0,362.97,222,203.5,543.9,480.6299999999999,3.0,47.43,False,433.1999999999999,2026-07,3
2026-07-02,BKK_Ladprao,MixedBerryPremium,9,801.0,414.0,72,63.0,240.3,11.699999999999974,4.0,216.0,False,-204.3,2026-07,3
2026-07-02,BKK_Ladprao,PassionFruit,32,2080.0,836.8,192,192.0,624.0,235.20000000000007,1.0,32.15,False,203.05000000000007,2026-07,3
2026-07-02,BKK_Ladprao,Pineapple,61,2989.0,530.6999999999999,366,305.0,896.6999999999999,890.6000000000001,7.0,102.9,False,787.7000000000002,2026-07,3
2026-07-02,BKK_Ladprao,Watermelon,91,3480.75,710.7099999999999,546,455.0,1044.225,724.815,4.0,55.24,False,669.575,2026-07,3
2026-07-02,BKK_Sukhumvit,Guava,47,2303.0,461.07000000000005,282,258.5,690.9,610.5299999999999,1.0,15.81,False,594.7199999999999,2026-07,3
2026-07-02,BKK_Sukhumvit,MixedBerryPremium,15,1335.0,690.0,120,105.0,400.5,19.499999999999957,2.0,108.0,False,-88.50000000000004,2026-07,3
2026-07-02,BKK_Sukhumvit,PassionFruit,46,2990.0,1202.8999999999999,276,276.0,717.6,517.5,8.0,257.2,False,260.3,2026-07,3
2026-07-02,BKK_Sukhumvit,Pineapple,88,4312.0,765.5999999999999,528,440.0,1293.6,1284.8000000000002,6.0,88.2,False,1196.6000000000001,2026-07,3
2026-07-02,BKK_Sukhumvit,Watermelon,159,6081.75,1241.79,954,795.0,1824.5249999999999,1266.4350000000002,4.0,55.24,False,1211.1950000000002,2026-07,3
2026-07-02,Pattaya_Beach,Guava,47,2303.0,461.07000000000005,282,258.5,552.72,748.7099999999999,2.0,31.62,False,717.0899999999999,2026-07,3
2026-07-02,Pattaya_Beach,MixedBerryPremium,23,2047.0,1058.0,184,161.0,614.0999999999999,29.89999999999992,5.0,270.0,False,-240.10000000000008,2026-07,3
2026-07-02,Pattaya_Beach,PassionFruit,46,2990.0,1202.8999999999999,276,276.0,897.0,338.10000000000014,3.0,96.45,False,241.65000000000015,2026-07,3
2026-07-02,Pattaya_Beach,Pineapple,93,4557.0,809.0999999999999,558,465.0,1093.68,1631.22,4.0,58.8,False,1572.42,2026-07,3
2026-07-02,Pattaya_Beach,Watermelon,176,6732.0,1374.56,1056,880.0,2019.6,1401.8400000000001,4.0,55.24,False,1346.6000000000001,2026-07,3
2026-07-02,Pattaya_Central,Guava,71,3479.0,696.51,426,390.5,834.96,1131.03,3.0,47.43,False,1083.6,2026-07,3
2026-07-02,Pattaya_Central,MixedBerryPremium,29,2581.0,1334.0,232,203.0,774.3,37.6999999999999,3.0,162.0,False,-124.3000000000001,2026-07,3
2026-07-02,Pattaya_Central,PassionFruit,61,3965.0,1595.1499999999999,366,366.0,951.6,686.25,4.0,128.6,False,557.65,2026-07,3
2026-07-02,Pattaya_Central,Pineapple,106,5194.0,922.1999999999999,636,530.0,1246.56,1859.24,5.0,73.5,False,1785.74,2026-07,3
2026-07-02,Pattaya_Central,Watermelon,198,7573.5,1546.3799999999999,1188,990.0,2272.05,1577.0700000000002,5.0,69.05,False,1508.0200000000002,2026-07,3
2026-07-03,BKK_Ladprao,Guava,28,1372.0,274.68,168,154.0,411.59999999999997,363.7199999999999,3.0,47.43,False,316.2899999999999,2026-07,4
2026-07-03,BKK_Ladprao,MixedBerryPremium,9,801.0,414.0,72,63.0,240.3,11.699999999999974,2.0,108.0,False,-96.30000000000003,2026-07,4
2026-07-03,BKK_Ladprao,PassionFruit,25,1625.0,653.7499999999999,150,150.0,390.0,281.25,4.0,128.6,False,152.65,2026-07,4
2026-07-03,BKK_Ladprao,Pineapple,54,2646.0,469.79999999999995,324,270.0,793.8,788.4000000000001,3.0,44.1,False,744.3000000000001,2026-07,4
2026-07-03,BKK_Ladprao,Watermelon,58,2610.0,452.97999999999996,348,290.0,626.4,892.62,3.0,41.43,False,851.19,2026-07,4
2026-07-03,BKK_Sukhumvit,Guava,53,2597.0,519.9300000000001,318,291.5,623.28,844.2899999999998,3.0,47.43,False,796.8599999999999,2026-07,4
2026-07-03,BKK_Sukhumvit,MixedBerryPremium,22,1958.0,1012.0,176,154.0,587.4,28.599999999999937,8.0,432.0,False,-403.4000000000001,2026-07,4
2026-07-03,BKK_Sukhumvit,PassionFruit,54,3510.0,1412.1,324,324.0,1053.0,396.9000000000001,5.0,160.75,False,236.1500000000001,2026-07,4
2026-07-03,BKK_Sukhumvit,Pineapple,84,4116.0,730.8,504,420.0,1234.8,1226.4,4.0,58.8,False,1167.6000000000001,2026-07,4
2026-07-03,BKK_Sukhumvit,Watermelon,116,5220.0,905.9599999999999,696,580.0,1566.0,1472.04,6.0,82.86,False,1389.18,2026-07,4
2026-07-03,Pattaya_Beach,Guava,67,3283.0,657.27,402,368.5,984.9,870.3299999999998,3.0,47.43,False,822.8999999999999,2026-07,4
2026-07-03,Pattaya_Beach,MixedBerryPremium,35,3115.0,1610.0,280,245.0,934.5,45.4999999999999,4.0,216.0,False,-170.5000000000001,2026-07,4
2026-07-03,Pattaya_Beach,PassionFruit,49,3185.0,1281.35,294,294.0,955.5,360.1500000000001,3.0,96.45,False,263.7000000000001,2026-07,4
2026-07-03,Pattaya_Beach,Pineapple,88,4312.0,765.5999999999999,528,440.0,1293.6,1284.8000000000002,3.0,44.1,False,1240.7000000000003,2026-07,4
2026-07-03,Pattaya_Beach,Watermelon,142,6390.0,1109.02,852,710.0,1533.6,2185.38,4.0,55.24,False,2130.1400000000003,2026-07,4
2026-07-03,Pattaya_Central,Guava,61,2989.0,598.4100000000001,366,335.5,896.7,792.3899999999999,4.0,63.24,False,729.1499999999999,2026-07,4
2026-07-03,Pattaya_Central,MixedBerryPremium,25,2225.0,1150.0,200,175.0,667.5,32.49999999999987,6.0,324.0,False,-291.5000000000001,2026-07,4
2026-07-03,Pattaya_Central,PassionFruit,53,3445.0,1385.9499999999998,318,318.0,1033.5,389.5500000000001,4.0,128.6,False,260.95000000000016,2026-07,4
2026-07-03,Pattaya_Central,Pineapple,93,4557.0,809.0999999999999,558,465.0,1367.1,1357.8000000000002,5.0,73.5,False,1284.3000000000002,2026-07,4
2026-07-03,Pattaya_Central,Watermelon,154,6930.0,1202.74,924,770.0,1663.1999999999998,2370.06,3.0,41.43,False,2328.63,2026-07,4
2026-07-04,BKK_Ladprao,Guava,23,1127.0,225.63,138,126.5,270.48,366.39,2.0,31.62,False,334.77,2026-07,5
2026-07-04,BKK_Ladprao,MixedBerryPremium,9,801.0,414.0,72,63.0,192.24,59.76000000000002,4.0,216.0,False,-156.23999999999998,2026-07,5
2026-07-04,BKK_Ladprao,PassionFruit,23,1495.0,601.4499999999999,138,138.0,358.8,258.75,1.0,32.15,False,226.6,2026-07,5
2026-07-04,BKK_Ladprao,Pineapple,47,2303.0,408.9,282,235.0,552.72,824.38,2.0,29.4,False,794.98,2026-07,5
2026-07-04,BKK_Ladprao,Watermelon,63,2835.0,492.03,378,315.0,850.5,799.4699999999999,3.0,41.43,False,758.04,2026-07,5
2026-07-04,BKK_Sukhumvit,Guava,60,2940.0,588.6,360,330.0,705.6,955.8,3.0,47.43,False,908.37,2026-07,5
2026-07-04,BKK_Sukhumvit,MixedBerryPremium,27,2403.0,1242.0,216,189.0,576.72,179.2800000000001,3.0,162.0,False,17.280000000000086,2026-07,5
2026-07-04,BKK_Sukhumvit,PassionFruit,43,2795.0,1124.4499999999998,258,258.0,838.5,316.05000000000007,5.0,160.75,False,155.30000000000007,2026-07,5
2026-07-04,BKK_Sukhumvit,Pineapple,84,4116.0,730.8,504,420.0,1234.8,1226.4000000000003,6.0,88.2,False,1138.2000000000003,2026-07,5
2026-07-04,BKK_Sukhumvit,Watermelon,109,4905.0,851.29,654,545.0,1177.2,1677.51,5.0,69.05,False,1608.46,2026-07,5
2026-07-04,Pattaya_Beach,Guava,62,3038.0,608.22,372,341.0,911.4,805.3799999999998,5.0,79.05,False,726.3299999999998,2026-07,5
2026-07-04,Pattaya_Beach,MixedBerryPremium,22,1958.0,1012.0,176,154.0,587.4,28.599999999999895,5.0,270.0,False,-241.4000000000001,2026-07,5
2026-07-04,Pattaya_Beach,PassionFruit,53,3445.0,1385.9499999999998,318,318.0,826.8,596.25,4.0,128.6,False,467.65,2026-07,5
2026-07-04,Pattaya_Beach,Pineapple,93,4557.0,809.1,558,465.0,1093.6799999999998,1631.22,5.0,73.5,False,1557.72,2026-07,5
2026-07-04,Pattaya_Beach,Watermelon,192,8640.0,1499.52,1152,960.0,2592.0,2436.48,5.0,69.05,False,2367.43,2026-07,5
2026-07-04,Pattaya_Central,Guava,75,3675.0,735.75,450,412.5,1102.5,974.2499999999998,3.0,47.43,False,926.8199999999998,2026-07,5
2026-07-04,Pattaya_Central,MixedBerryPremium,33,2937.0,1518.0,264,231.0,881.1,42.89999999999989,5.0,270.0,False,-227.1000000000001,2026-07,5
2026-07-04,Pattaya_Central,PassionFruit,53,3445.0,1385.9499999999998,318,318.0,826.8,596.25,6.0,192.9,False,403.35,2026-07,5
2026-07-04,Pattaya_Central,Pineapple,142,6958.0,1235.3999999999999,852,710.0,2087.3999999999996,2073.2000000000003,2.0,29.4,False,2043.8000000000002,2026-07,5
2026-07-04,Pattaya_Central,Watermelon,199,8955.0,1554.1899999999998,1194,995.0,2149.2,3062.61,6.0,82.86,False,2979.75,2026-07,5
2026-07-05,BKK_Ladprao,Guava,33,1617.0,323.73,198,181.5,485.1,428.6699999999999,4.0,63.24,False,365.4299999999999,2026-07,6
2026-07-05,BKK_Ladprao,MixedBerryPremium,13,1157.0,598.0,104,91.0,347.09999999999997,16.89999999999995,4.0,216.0,False,-199.10000000000005,2026-07,6
2026-07-05,BKK_Ladprao,PassionFruit,21,1365.0,549.15,126,126.0,409.5,154.35000000000002,2.0,64.3,False,90.05000000000003,2026-07,6
2026-07-05,BKK_Ladprao,Pineapple,54,2646.0,469.79999999999995,324,270.0,635.04,947.1600000000001,6.0,88.2,False,858.96,2026-07,6
2026-07-05,BKK_Ladprao,Watermelon,72,3240.0,562.3199999999999,432,360.0,972.0,913.6799999999998,4.0,55.24,False,858.4399999999998,2026-07,6
2026-07-05,BKK_Sukhumvit,Guava,56,2744.0,549.36,336,308.0,658.56,892.0799999999999,5.0,79.05,False,813.03,2026-07,6
2026-07-05,BKK_Sukhumvit,MixedBerryPremium,29,2581.0,1334.0,232,203.0,774.3,37.6999999999999,13.0,702.0,False,-664.3000000000001,2026-07,6
2026-07-05,BKK_Sukhumvit,PassionFruit,42,2730.0,1098.3,252,252.0,655.2,472.5,4.0,128.6,False,343.9,2026-07,6
2026-07-05,BKK_Sukhumvit,Pineapple,106,5194.0,922.1999999999999,636,530.0,1246.56,1859.24,4.0,58.8,False,1800.44,2026-07,6
2026-07-05,BKK_Sukhumvit,Watermelon,148,6660.0,1155.8799999999999,888,740.0,1998.0,1878.12,3.0,41.43,False,1836.6899999999998,2026-07,6
2026-07-05,Pattaya_Beach,Guava,55,2695.0,539.5500000000001,330,302.5,808.5,714.4499999999998,2.0,31.62,False,682.8299999999998,2026-07,6
2026-07-05,Pattaya_Beach,MixedBerryPremium,22,1958.0,1012.0,176,154.0,587.4,28.599999999999923,3.0,162.0,False,-133.4000000000001,2026-07,6
2026-07-05,Pattaya_Beach,PassionFruit,65,4225.0,1699.75,390,390.0,1267.5,477.7500000000001,5.0,160.75,False,317.0000000000001,2026-07,6
2026-07-05,Pattaya_Beach,Pineapple,115,5635.0,1000.4999999999999,690,575.0,1690.5,1679.0000000000002,4.0,58.8,False,1620.2000000000003,2026-07,6
2026-07-05,Pattaya_Beach,Watermelon,147,6615.0,1148.07,882,735.0,1984.5,1865.43,5.0,69.05,False,1796.38,2026-07,6
2026-07-05,Pattaya_Central,Guava,77,3773.0,755.37,462,423.5,1131.8999999999999,1000.2299999999999,2.0,31.62,False,968.6099999999999,2026-07,6
2026-07-05,Pattaya_Central,MixedBerryPremium,38,3382.0,1748.0,304,266.0,1014.6,49.39999999999989,7.0,378.0,False,-328.60000000000014,2026-07,6
2026-07-05,Pattaya_Central,PassionFruit,62,4030.0,1621.3,372,372.0,967.2,697.5,4.0,128.6,False,568.9,2026-07,6
2026-07-05,Pattaya_Central,Pineapple,133,6517.0,1157.1,798,665.0,1955.1,1941.8000000000002,5.0,73.5,False,1868.3000000000002,2026-07,6
2026-07-05,Pattaya_Central,Watermelon,235,10575.0,1835.35,1410,1175.0,3172.5,2982.15,7.0,96.67,False,2885.48,2026-07,6
2026-07-06,BKK_Ladprao,Guava,38,1862.0,401.28000000000003,228,209.0,446.88,576.8399999999999,0.0,0.0,False,576.8399999999999,2026-07,0
2026-07-06,BKK_Ladprao,MixedBerryPremium,19,1691.0,852.53,152,133.0,405.84,147.6300000000002,9.0,475.83,False,-328.1999999999998,2026-07,0
2026-07-06,BKK_Ladprao,PassionFruit,27,1755.0,788.1300000000001,162,162.0,526.5,116.37000000000006,3.0,105.57,False,10.800000000000068,2026-07,0
2026-07-06,BKK_Ladprao,Pineapple,56,2744.0,524.16,336,280.0,658.56,945.2800000000001,5.0,76.8,False,868.4800000000001,2026-07,0
2026-07-06,BKK_Ladprao,Watermelon,59,2655.0,455.48,354,295.0,637.1999999999999,913.32,3.0,41.16,False,872.1600000000001,2026-07,0
2026-07-06,BKK_Sukhumvit,Guava,51,2499.0,538.5600000000001,306,280.5,749.6999999999999,624.2399999999999,3.0,49.68,False,574.56,2026-07,0
2026-07-06,BKK_Sukhumvit,MixedBerryPremium,19,1691.0,852.53,152,133.0,507.29999999999995,46.17000000000013,5.0,264.35,False,-218.1799999999999,2026-07,0
2026-07-06,BKK_Sukhumvit,PassionFruit,30,1950.0,875.7,180,180.0,585.0,129.30000000000007,2.0,70.38,False,58.92000000000007,2026-07,0
2026-07-06,BKK_Sukhumvit,Pineapple,89,4361.0,833.04,534,445.0,1046.6399999999999,1502.3200000000002,4.0,61.44,False,1440.88,2026-07,0
2026-07-06,BKK_Sukhumvit,Watermelon,123,5535.0,949.5600000000001,738,615.0,1660.5,1571.94,4.0,54.88,False,1517.06,2026-07,0
2026-07-06,Pattaya_Beach,Guava,68,3332.0,718.08,408,374.0,999.5999999999999,832.3199999999997,4.0,66.24,False,766.0799999999997,2026-07,0
2026-07-06,Pattaya_Beach,MixedBerryPremium,23,2047.0,1032.01,184,161.0,491.28,178.7100000000002,10.0,528.7,False,-349.98999999999984,2026-07,0
2026-07-06,Pattaya_Beach,PassionFruit,50,3250.0,1459.5,300,300.0,975.0,215.5,6.0,211.14,False,4.360000000000014,2026-07,0
2026-07-06,Pattaya_Beach,Pineapple,78,3822.0,730.0799999999999,468,390.0,1146.6,1087.3200000000002,4.0,61.44,False,1025.88,2026-07,0
2026-07-06,Pattaya_Beach,Watermelon,138,6210.0,1065.36,828,690.0,1863.0,1763.64,5.0,68.6,False,1695.0400000000002,2026-07,0
2026-07-06,Pattaya_Central,Guava,52,2548.0,549.12,312,286.0,611.52,789.3599999999999,3.0,49.68,False,739.68,2026-07,0
2026-07-06,Pattaya_Central,MixedBerryPremium,23,2047.0,1032.01,184,161.0,614.0999999999999,55.89000000000016,10.0,528.7,False,-472.8099999999999,2026-07,0
2026-07-06,Pattaya_Central,PassionFruit,57,3705.0,1663.8300000000002,342,342.0,1111.5,245.66999999999996,3.0,105.57,False,140.09999999999997,2026-07,0
2026-07-06,Pattaya_Central,Pineapple,99,4851.0,926.64,594,495.0,1455.3,1380.06,7.0,107.52,False,1272.54,2026-07,0
2026-07-06,Pattaya_Central,Watermelon,165,7425.0,1273.8,990,825.0,1782.0,2554.2000000000003,6.0,82.32,False,2471.88,2026-07,0
2026-07-07,BKK_Ladprao,Guava,69,2704.8,728.64,414,379.5,649.1519999999999,533.5079999999999,5.0,82.8,False,450.7079999999999,2026-07,1
2026-07-07,BKK_Ladprao,MixedBerryPremium,24,1708.8,1076.8799999999999,192,168.0,512.64,-240.71999999999974,10.0,528.7,False,-769.4199999999998,2026-07,1
2026-07-07,BKK_Ladprao,PassionFruit,35,1820.0,1021.6500000000001,210,210.0,436.8,-58.45000000000002,4.0,140.76,False,-199.21,2026-07,1
2026-07-07,BKK_Ladprao,Pineapple,69,2704.8,645.8399999999999,414,345.0,811.4399999999999,488.5200000000002,4.0,61.44,False,427.0800000000002,2026-07,1
2026-07-07,BKK_Ladprao,Watermelon,137,4932.0,1057.64,822,685.0,1479.6,887.7600000000001,5.0,68.6,False,819.1600000000001,2026-07,1
2026-07-07,BKK_Sukhumvit,Guava,106,4155.2,1119.3600000000001,636,583.0,1246.56,570.28,7.0,115.92,False,454.35999999999996,2026-07,1
2026-07-07,BKK_Sukhumvit,MixedBerryPremium,32,2278.4,1435.84,256,224.0,546.816,-184.2559999999998,3.0,158.61,False,-342.8659999999998,2026-07,1
2026-07-07,BKK_Sukhumvit,PassionFruit,88,4576.0,2568.7200000000003,528,528.0,1372.8,-421.5200000000002,6.0,211.14,False,-632.6600000000002,2026-07,1
2026-07-07,BKK_Sukhumvit,Pineapple,178,6977.6,1666.08,1068,890.0,1674.6239999999998,1678.896,8.0,122.88,False,1556.016,2026-07,1
2026-07-07,BKK_Sukhumvit,Watermelon,185,6660.0,1428.2,1110,925.0,1598.3999999999999,1598.4,3.0,41.16,False,1557.24,2026-07,1
2026-07-07,Pattaya_Beach,Guava,105,4116.0,1108.8,630,577.5,987.8399999999999,811.8599999999999,8.0,132.48,False,679.3799999999999,2026-07,1
2026-07-07,Pattaya_Beach,MixedBerryPremium,51,3631.2,2288.37,408,357.0,1089.36,-511.52999999999975,13.0,687.31,False,-1198.8399999999997,2026-07,1
2026-07-07,Pattaya_Beach,PassionFruit,92,4784.0,2685.48,552,552.0,1148.16,-153.6400000000002,10.0,351.9,False,-505.5400000000002,2026-07,1
2026-07-07,Pattaya_Beach,Pineapple,169,6624.799999999999,1581.84,1014,845.0,1987.4399999999998,1196.5200000000002,9.0,138.24,False,1058.2800000000002,2026-07,1
2026-07-07,Pattaya_Beach,Watermelon,204,7344.0,1574.88,1224,1020.0,2203.2,1321.92,6.0,82.32,False,1239.6000000000001,2026-07,1
2026-07-07,Pattaya_Central,Guava,123,4821.6,1298.88,738,676.5,1446.48,661.7399999999999,6.0,99.36,False,562.3799999999999,2026-07,1
2026-07-07,Pattaya_Central,MixedBerryPremium,59,4200.8,2647.33,472,413.0,1008.192,-339.72199999999987,9.0,475.83,False,-815.5519999999999,2026-07,1
2026-07-07,Pattaya_Central,PassionFruit,110,5720.0,3210.9,660,660.0,1716.0,-526.9000000000003,11.0,387.09,False,-913.9900000000002,2026-07,1
2026-07-07,Pattaya_Central,Pineapple,176,6899.2,1647.36,1056,880.0,2069.7599999999998,1246.0800000000004,8.0,122.88,False,1123.2000000000003,2026-07,1
2026-07-07,Pattaya_Central,Watermelon,265,9540.0,2045.8,1590,1325.0,2289.6,2289.6000000000004,7.0,96.04,False,2193.5600000000004,2026-07,1
2026-07-08,BKK_Ladprao,Guava,30,1470.0,316.8,180,165.0,441.0,367.19999999999993,1.0,16.56,False,350.63999999999993,2026-07,2
2026-07-08,BKK_Ladprao,MixedBerryPremium,26,2314.0,1166.62,208,182.0,694.1999999999999,63.18000000000018,9.0,475.83,False,-412.6499999999998,2026-07,2
2026-07-08,BKK_Ladprao,PassionFruit,20,1300.0,583.8000000000001,120,120.0,312.0,164.2,5.0,175.95,False,-11.75,2026-07,2
2026-07-08,BKK_Ladprao,Pineapple,54,2646.0,505.43999999999994,324,270.0,793.8,752.76,3.0,46.08,False,706.68,2026-07,2
2026-07-08,BKK_Ladprao,Watermelon,81,3645.0,625.32,486,405.0,1093.5,1035.18,4.0,54.88,False,980.3000000000001,2026-07,2
2026-07-08,BKK_Sukhumvit,Guava,50,2450.0,528.0,300,275.0,735.0,611.9999999999999,2.0,33.12,False,578.8799999999999,2026-07,2
2026-07-08,BKK_Sukhumvit,MixedBerryPremium,33,2937.0,1480.7099999999998,264,231.0,881.0999999999999,80.19000000000023,12.0,634.44,False,-554.2499999999998,2026-07,2
2026-07-08,BKK_Sukhumvit,PassionFruit,37,2405.0,1080.03,222,222.0,721.5,159.4699999999999,4.0,140.76,False,18.709999999999923,2026-07,2
2026-07-08,BKK_Sukhumvit,Pineapple,89,4361.0,833.04,534,445.0,1308.3,1240.66,4.0,61.44,False,1179.22,2026-07,2
2026-07-08,BKK_Sukhumvit,Watermelon,106,4770.0,818.3199999999999,636,530.0,1431.0,1354.68,3.0,41.16,False,1313.52,2026-07,2
2026-07-08,Pattaya_Beach,Guava,50,2450.0,528.0,300,275.0,735.0,611.9999999999999,3.0,49.68,False,562.3199999999999,2026-07,2
2026-07-08,Pattaya_Beach,MixedBerryPremium,27,2403.0,1211.49,216,189.0,720.9,65.61000000000018,6.0,317.22,False,-251.60999999999984,2026-07,2
2026-07-08,Pattaya_Beach,PassionFruit,51,3315.0,1488.69,306,306.0,994.5,219.81000000000006,6.0,211.14,False,8.670000000000073,2026-07,2
2026-07-08,Pattaya_Beach,Pineapple,105,5145.0,982.8,630,525.0,1543.5,1463.7000000000003,3.0,46.08,False,1417.6200000000003,2026-07,2
2026-07-08,Pattaya_Beach,Watermelon,126,5670.0,972.72,756,630.0,1360.8,1950.48,6.0,82.32,False,1868.16,2026-07,2
2026-07-08,Pattaya_Central,Guava,55,2695.0,580.8000000000001,330,302.5,808.5,673.1999999999999,2.0,33.12,False,640.0799999999999,2026-07,2
2026-07-08,Pattaya_Central,MixedBerryPremium,31,2759.0,1390.9699999999998,248,217.0,662.16,240.87000000000018,6.0,317.22,False,-76.34999999999985,2026-07,2
2026-07-08,Pattaya_Central,PassionFruit,46,2990.0,1342.74,276,276.0,717.6,377.6599999999999,3.0,105.57,False,272.0899999999999,2026-07,2
2026-07-08,Pattaya_Central,Pineapple,105,5145.0,982.8,630,525.0,1234.8,1772.4,3.0,46.08,False,1726.3200000000002,2026-07,2
2026-07-08,Pattaya_Central,Watermelon,173,7785.0,1335.56,1038,865.0,1868.3999999999999,2678.04,5.0,68.6,False,2609.44,2026-07,2
2026-07-09,BKK_Ladprao,Guava,35,1715.0,369.6,210,192.5,411.6,531.3,3.0,49.68,False,481.61999999999995,2026-07,3
2026-07-09,BKK_Ladprao,MixedBerryPremium,10,890.0,448.7,80,70.0,267.0,24.300000000000068,4.0,211.48,False,-187.17999999999992,2026-07,3
2026-07-09,BKK_Ladprao,PassionFruit,27,1755.0,788.1300000000001,162,162.0,421.2,221.66999999999996,3.0,105.57,False,116.09999999999997,2026-07,3
2026-07-09,BKK_Ladprao,Pineapple,55,2695.0,514.8,330,275.0,808.5,766.6999999999999,5.0,76.8,False,689.9,2026-07,3
2026-07-09,BKK_Ladprao,Watermelon,81,3645.0,625.3199999999999,486,405.0,1093.5,1035.18,6.0,82.32,False,952.8600000000001,2026-07,3
2026-07-09,BKK_Sukhumvit,Guava,47,2303.0,496.32000000000005,282,258.5,690.9,575.2799999999999,2.0,33.12,False,542.1599999999999,2026-07,3
2026-07-09,BKK_Sukhumvit,MixedBerryPremium,24,2136.0,1076.8799999999999,192,168.0,512.64,186.48000000000025,5.0,264.35,False,-77.86999999999978,2026-07,3
2026-07-09,BKK_Sukhumvit,PassionFruit,47,3055.0,1371.93,282,282.0,733.1999999999999,385.8699999999999,7.0,246.33,False,139.53999999999988,2026-07,3
2026-07-09,BKK_Sukhumvit,Pineapple,67,3283.0,627.12,402,335.0,984.9,933.98,3.0,46.08,False,887.9,2026-07,3
2026-07-09,BKK_Sukhumvit,Watermelon,132,5940.0,1019.04,792,660.0,1782.0,1686.96,4.0,54.88,False,1632.08,2026-07,3
2026-07-09,Pattaya_Beach,Guava,61,2989.0,644.1600000000001,366,335.5,896.6999999999999,746.6399999999999,5.0,82.8,False,663.8399999999999,2026-07,3
2026-07-09,Pattaya_Beach,MixedBerryPremium,20,1780.0,897.4,160,140.0,534.0,48.600000000000136,5.0,264.35,False,-215.7499999999999,2026-07,3
2026-07-09,Pattaya_Beach,PassionFruit,47,3055.0,1371.93,282,282.0,916.5,202.57,5.0,175.95,False,26.620000000000005,2026-07,3
2026-07-09,Pattaya_Beach,Pineapple,104,5096.0,973.4399999999999,624,520.0,1223.04,1755.5200000000002,5.0,76.8,False,1678.7200000000003,2026-07,3
2026-07-09,Pattaya_Beach,Watermelon,145,6525.0,1119.4,870,725.0,1566.0,2244.6000000000004,5.0,68.6,False,2176.0000000000005,2026-07,3
2026-07-09,Pattaya_Central,Guava,63,3087.0,665.28,378,346.5,926.1,771.1199999999998,3.0,49.68,False,721.4399999999998,2026-07,3
2026-07-09,Pattaya_Central,MixedBerryPremium,30,2670.0,1346.1,240,210.0,640.8,233.10000000000025,9.0,475.83,False,-242.72999999999973,2026-07,3
2026-07-09,Pattaya_Central,PassionFruit,49,3185.0,1430.3100000000002,294,294.0,764.4,402.28999999999996,3.0,105.57,False,296.71999999999997,2026-07,3
2026-07-09,Pattaya_Central,Pineapple,122,5978.0,1141.9199999999998,732,610.0,1793.3999999999999,1700.6799999999998,5.0,76.8,False,1623.8799999999999,2026-07,3
2026-07-09,Pattaya_Central,Watermelon,162,7290.0,1250.64,972,810.0,2187.0,2070.36,4.0,54.88,False,2015.48,2026-07,3
2026-07-10,BKK_Ladprao,Guava,35,1715.0,369.6,210,192.5,411.59999999999997,531.3,3.0,49.68,False,481.61999999999995,2026-07,4
2026-07-10,BKK_Ladprao,MixedBerryPremium,6,534.0,269.21999999999997,48,42.0,128.16,46.62000000000006,2.0,105.74,False,-59.11999999999993,2026-07,4
2026-07-10,BKK_Ladprao,PassionFruit,24,1560.0,700.5600000000001,144,144.0,468.0,103.44000000000005,5.0,175.95,False,-72.50999999999993,2026-07,4
2026-07-10,BKK_Ladprao,Pineapple,49,2401.0,458.64,294,245.0,576.24,827.1200000000001,3.0,46.08,False,781.0400000000001,2026-07,4
2026-07-10,BKK_Ladprao,Watermelon,89,4005.0,687.08,534,445.0,1201.5,1137.42,6.0,82.32,False,1055.1000000000001,2026-07,4
2026-07-10,BKK_Sukhumvit,Guava,54,2646.0,570.24,324,297.0,793.8,660.9599999999998,1.0,16.56,False,644.3999999999999,2026-07,4
2026-07-10,BKK_Sukhumvit,MixedBerryPremium,20,1780.0,897.4,160,140.0,427.2,155.4000000000002,2.0,105.74,False,49.66000000000021,2026-07,4
2026-07-10,BKK_Sukhumvit,PassionFruit,44,2860.0,1284.3600000000001,264,264.0,858.0,189.64000000000004,4.0,140.76,False,48.88000000000005,2026-07,4
2026-07-10,BKK_Sukhumvit,Pineapple,84,4116.0,786.24,504,420.0,987.8399999999999,1417.92,2.0,30.72,False,1387.2,2026-07,4
2026-07-10,BKK_Sukhumvit,Watermelon,107,4815.0,826.04,642,535.0,1155.6,1656.3600000000004,2.0,27.44,False,1628.9200000000003,2026-07,4
2026-07-10,Pattaya_Beach,Guava,43,2107.0,454.08000000000004,258,236.5,505.68,652.7399999999999,2.0,33.12,False,619.6199999999999,2026-07,4
2026-07-10,Pattaya_Beach,MixedBerryPremium,30,2670.0,1346.1,240,210.0,801.0,72.90000000000015,13.0,687.31,False,-614.4099999999999,2026-07,4
2026-07-10,Pattaya_Beach,PassionFruit,41,2665.0,1196.7900000000002,246,246.0,799.5,176.70999999999998,3.0,105.57,False,71.13999999999999,2026-07,4
2026-07-10,Pattaya_Beach,Pineapple,74,3626.0,692.64,444,370.0,1087.8,1031.56,4.0,61.44,False,970.1199999999999,2026-07,4
2026-07-10,Pattaya_Beach,Watermelon,140,6300.0,1080.8,840,700.0,1890.0,1789.2,4.0,54.88,False,1734.32,2026-07,4
2026-07-10,Pattaya_Central,Guava,60,2940.0,633.6,360,330.0,705.6,910.7999999999998,5.0,82.8,False,827.9999999999999,2026-07,4
2026-07-10,Pattaya_Central,MixedBerryPremium,18,1602.0,807.66,144,126.0,384.48,139.86000000000013,3.0,158.61,False,-18.749999999999886,2026-07,4
2026-07-10,Pattaya_Central,PassionFruit,52,3380.0,1517.88,312,312.0,1014.0,224.12,5.0,175.95,False,48.170000000000016,2026-07,4
2026-07-10,Pattaya_Central,Pineapple,105,5145.0,982.8,630,525.0,1234.8,1772.4000000000003,3.0,46.08,False,1726.3200000000004,2026-07,4
2026-07-10,Pattaya_Central,Watermelon,181,8145.0,1397.32,1086,905.0,1954.8,2801.88,2.0,27.44,False,2774.44,2026-07,4
2026-07-11,BKK_Ladprao,Guava,42,2058.0,443.52000000000004,252,231.0,617.4,514.0799999999998,4.0,66.24,False,447.8399999999998,2026-07,5
2026-07-11,BKK_Ladprao,MixedBerryPremium,7,623.0,314.09,56,49.0,149.51999999999998,54.39000000000007,4.0,211.48,False,-157.08999999999992,2026-07,5
2026-07-11,BKK_Ladprao,PassionFruit,28,1820.0,817.32,168,168.0,546.0,120.68000000000006,4.0,140.76,False,-20.079999999999927,2026-07,5
2026-07-11,BKK_Ladprao,Pineapple,53,2597.0,496.08,318,265.0,779.1,738.8199999999999,2.0,30.72,False,708.0999999999999,2026-07,5
2026-07-11,BKK_Ladprao,Watermelon,71,3195.0,548.12,426,355.0,766.8,1099.0800000000002,5.0,68.6,False,1030.4800000000002,2026-07,5
2026-07-11,BKK_Sukhumvit,Guava,54,2646.0,570.24,324,297.0,793.8,660.9599999999998,3.0,49.68,False,611.2799999999999,2026-07,5
2026-07-11,BKK_Sukhumvit,MixedBerryPremium,23,2047.0,1032.01,184,161.0,491.28,178.7100000000002,7.0,370.09,False,-191.37999999999977,2026-07,5
2026-07-11,BKK_Sukhumvit,PassionFruit,44,2860.0,1284.3600000000001,264,264.0,858.0,189.63999999999993,2.0,70.38,False,119.25999999999993,2026-07,5
2026-07-11,BKK_Sukhumvit,Pineapple,94,4606.0,879.8399999999999,564,470.0,1105.44,1586.7200000000003,3.0,46.08,False,1540.6400000000003,2026-07,5
2026-07-11,BKK_Sukhumvit,Watermelon,117,5265.0,903.24,702,585.0,1579.5,1495.26,5.0,68.6,False,1426.66,2026-07,5
2026-07-11,Pattaya_Beach,Guava,76,3724.0,802.5600000000001,456,418.0,893.76,1153.6799999999998,5.0,82.8,False,1070.8799999999999,2026-07,5
2026-07-11,Pattaya_Beach,MixedBerryPremium,30,2670.0,1346.1,240,210.0,801.0,72.90000000000015,6.0,317.22,False,-244.31999999999988,2026-07,5
2026-07-11,Pattaya_Beach,PassionFruit,56,3640.0,1634.64,336,336.0,873.6,459.7599999999999,6.0,211.14,False,248.6199999999999,2026-07,5
2026-07-11,Pattaya_Beach,Pineapple,100,4900.0,936.0,600,500.0,1470.0,1394.0,3.0,46.08,False,1347.92,2026-07,5
2026-07-11,Pattaya_Beach,Watermelon,136,6120.0,1049.92,816,680.0,1468.8,2105.28,4.0,54.88,False,2050.4,2026-07,5
2026-07-11,Pattaya_Central,Guava,101,4949.0,1066.56,606,555.5,1484.7,1236.2399999999998,7.0,115.92,False,1120.3199999999997,2026-07,5
2026-07-11,Pattaya_Central,MixedBerryPremium,36,3204.0,1615.32,288,252.0,961.2,87.48000000000019,10.0,528.7,False,-441.21999999999986,2026-07,5
2026-07-11,Pattaya_Central,PassionFruit,68,4420.0,1984.92,408,408.0,1060.8,558.2799999999999,2.0,70.38,False,487.89999999999986,2026-07,5
2026-07-11,Pattaya_Central,Pineapple,135,6615.0,1263.6,810,675.0,1587.6,2278.8,4.0,61.44,False,2217.36,2026-07,5
2026-07-11,Pattaya_Central,Watermelon,185,8325.0,1428.2,1110,925.0,2497.5,2364.3,5.0,68.6,False,2295.7000000000003,2026-07,5
2026-07-12,BKK_Ladprao,Guava,37,1813.0,390.72,222,203.5,543.9,452.8799999999999,2.0,33.12,False,419.7599999999999,2026-07,6
2026-07-12,BKK_Ladprao,MixedBerryPremium,6,534.0,269.21999999999997,48,42.0,160.2,14.580000000000041,3.0,158.61,False,-144.02999999999997,2026-07,6
2026-07-12,BKK_Ladprao,PassionFruit,28,1820.0,817.32,168,168.0,436.8,229.88,1.0,35.19,False,194.69,2026-07,6
2026-07-12,BKK_Ladprao,Pineapple,58,2842.0,542.88,348,290.0,682.0799999999999,979.0400000000001,2.0,30.72,False,948.32,2026-07,6
2026-07-12,BKK_Ladprao,Watermelon,82,3690.0,633.04,492,410.0,885.5999999999999,1269.3600000000001,4.0,54.88,False,1214.48,2026-07,6
2026-07-12,BKK_Sukhumvit,Guava,50,2450.0,528.0,300,275.0,735.0,611.9999999999998,3.0,49.68,False,562.3199999999998,2026-07,6
2026-07-12,BKK_Sukhumvit,MixedBerryPremium,21,1869.0,942.27,168,147.0,560.6999999999999,51.03000000000014,4.0,211.48,False,-160.44999999999985,2026-07,6
2026-07-12,BKK_Sukhumvit,PassionFruit,45,2925.0,1313.5500000000002,270,270.0,702.0,369.44999999999993,4.0,140.76,False,228.68999999999994,2026-07,6
2026-07-12,BKK_Sukhumvit,Pineapple,69,3381.0,645.8399999999999,414,345.0,1014.3,961.8599999999999,3.0,46.08,False,915.7799999999999,2026-07,6
2026-07-12,BKK_Sukhumvit,Watermelon,135,6075.0,1042.2,810,675.0,1822.5,1725.3000000000002,5.0,68.6,False,1656.7000000000003,2026-07,6
2026-07-12,Pattaya_Beach,Guava,77,3773.0,813.12,462,423.5,1131.8999999999999,942.4799999999999,4.0,66.24,False,876.2399999999999,2026-07,6
2026-07-12,Pattaya_Beach,MixedBerryPremium,23,2047.0,1032.01,184,161.0,614.1,55.89000000000016,3.0,158.61,False,-102.71999999999986,2026-07,6
2026-07-12,Pattaya_Beach,PassionFruit,54,3510.0,1576.2600000000002,324,324.0,842.4,443.33999999999986,4.0,140.76,False,302.57999999999987,2026-07,6
2026-07-12,Pattaya_Beach,Pineapple,111,5439.0,1038.96,666,555.0,1631.6999999999998,1547.3400000000001,5.0,76.8,False,1470.5400000000002,2026-07,6
2026-07-12,Pattaya_Beach,Watermelon,159,7155.0,1227.48,954,795.0,1717.1999999999998,2461.32,4.0,54.88,False,2406.44,2026-07,6
2026-07-12,Pattaya_Central,Guava,81,3969.0,855.36,486,445.5,1190.7,991.4399999999998,4.0,66.24,False,925.1999999999998,2026-07,6
2026-07-12,Pattaya_Central,MixedBerryPremium,41,3649.0,1839.6699999999998,328,287.0,875.76,318.57000000000016,9.0,475.83,False,-157.25999999999982,2026-07,6
2026-07-12,Pattaya_Central,PassionFruit,70,4550.0,2043.3000000000002,420,420.0,1365.0,301.7,4.0,140.76,False,160.94,2026-07,6
2026-07-12,Pattaya_Central,Pineapple,125,6125.0,1170.0,750,625.0,1837.5,1742.5,4.0,61.44,False,1681.06,2026-07,6
2026-07-12,Pattaya_Central,Watermelon,188,8460.0,1451.36,1128,940.0,2538.0,2402.64,5.0,68.6,False,2334.04,2026-07,6
2026-07-13,BKK_Ladprao,Guava,28,1372.0,317.24,168,154.0,329.28,403.4800000000001,1.0,17.33,False,386.1500000000001,2026-07,0
2026-07-13,BKK_Ladprao,MixedBerryPremium,12,1068.0,521.64,96,84.0,320.4,45.959999999999994,6.0,308.82,False,-262.86,2026-07,0
2026-07-13,BKK_Ladprao,PassionFruit,21,1365.0,581.28,126,126.0,327.59999999999997,204.12000000000003,2.0,67.36,False,136.76000000000005,2026-07,0
2026-07-13,BKK_Ladprao,Pineapple,56,2744.0,590.8000000000001,336,280.0,658.56,878.6399999999999,3.0,49.65,False,828.9899999999999,2026-07,0
2026-07-13,BKK_Ladprao,Watermelon,70,3150.0,549.5,420,350.0,945.0,885.5,6.0,83.1,False,802.4,2026-07,0
2026-07-13,BKK_Sukhumvit,Guava,61,2989.0,691.13,366,335.5,717.36,879.0100000000001,4.0,69.32,False,809.69,2026-07,0
2026-07-13,BKK_Sukhumvit,MixedBerryPremium,24,2136.0,1043.28,192,168.0,512.64,220.07999999999998,6.0,308.82,False,-88.74000000000001,2026-07,0
2026-07-13,BKK_Sukhumvit,PassionFruit,40,2600.0,1107.2,240,240.0,624.0,388.8000000000002,3.0,101.04,False,287.76000000000016,2026-07,0
2026-07-13,BKK_Sukhumvit,Pineapple,92,4508.0,970.6,552,460.0,1081.92,1443.4799999999998,3.0,49.65,False,1393.8299999999997,2026-07,0
2026-07-13,BKK_Sukhumvit,Watermelon,128,5760.0,1004.8,768,640.0,1382.3999999999999,1964.8000000000002,3.0,41.55,False,1923.2500000000002,2026-07,0
2026-07-13,Pattaya_Beach,Guava,63,3087.0,713.7900000000001,378,346.5,740.88,907.83,4.0,69.32,False,838.51,2026-07,0
2026-07-13,Pattaya_Beach,MixedBerryPremium,18,1602.0,782.46,144,126.0,480.59999999999997,68.93999999999998,5.0,257.35,False,-188.41000000000003,2026-07,0
2026-07-13,Pattaya_Beach,PassionFruit,52,3380.0,1439.36,312,312.0,1014.0,302.6400000000001,3.0,101.04,False,201.60000000000008,2026-07,0
2026-07-13,Pattaya_Beach,Pineapple,85,4165.0,896.75,510,425.0,999.5999999999999,1333.6499999999999,4.0,66.2,False,1267.4499999999998,2026-07,0
2026-07-13,Pattaya_Beach,Watermelon,134,6030.0,1051.8999999999999,804,670.0,1447.1999999999998,2056.9,4.0,55.4,False,2001.5,2026-07,0
2026-07-13,Pattaya_Central,Guava,53,2597.0,600.49,318,291.5,623.28,763.73,1.0,17.33,False,746.4,2026-07,0
2026-07-13,Pattaya_Central,MixedBerryPremium,19,1691.0,825.93,152,133.0,405.84,174.23000000000002,5.0,257.35,False,-83.12,2026-07,0
2026-07-13,Pattaya_Central,PassionFruit,40,2600.0,1107.2,240,240.0,780.0,232.80000000000007,2.0,67.36,False,165.44000000000005,2026-07,0
2026-07-13,Pattaya_Central,Pineapple,119,5831.0,1255.45,714,595.0,1399.44,1867.11,5.0,82.75,False,1784.36,2026-07,0
2026-07-13,Pattaya_Central,Watermelon,150,6750.0,1177.5,900,750.0,1620.0,2302.5000000000005,3.0,41.55,False,2260.9500000000003,2026-07,0
2026-07-14,BKK_Ladprao,Guava,32,1568.0,362.56,192,176.0,470.4,367.03999999999996,2.0,34.66,False,332.38,2026-07,1
2026-07-14,BKK_Ladprao,MixedBerryPremium,11,979.0,478.16999999999996,88,77.0,293.7,42.12999999999998,5.0,257.35,False,-215.22000000000003,2026-07,1
2026-07-14,BKK_Ladprao,PassionFruit,19,1235.0,525.92,114,114.0,370.5,110.58000000000003,2.0,67.36,False,43.22000000000003,2026-07,1
2026-07-14,BKK_Ladprao,Pineapple,75,3123.75,791.25,450,375.0,937.125,570.3749999999998,7.0,115.85,False,454.52499999999975,2026-07,1
2026-07-14,BKK_Ladprao,Watermelon,68,3060.0,533.8,408,340.0,918.0,860.2,3.0,41.55,False,818.6500000000001,2026-07,1
2026-07-14,BKK_Sukhumvit,Guava,56,2744.0,634.48,336,308.0,658.56,806.96,4.0,69.32,False,737.6400000000001,2026-07,1
2026-07-14,BKK_Sukhumvit,MixedBerryPremium,23,2047.0,999.81,184,161.0,491.28,210.91,3.0,154.41,False,56.5,2026-07,1
2026-07-14,BKK_Sukhumvit,PassionFruit,48,3120.0,1328.6399999999999,288,288.0,936.0,279.36000000000007,4.0,134.72,False,144.64000000000007,2026-07,1
2026-07-14,BKK_Sukhumvit,Pineapple,117,4873.05,1234.3500000000001,702,585.0,1461.915,889.785,6.0,99.3,False,790.485,2026-07,1
2026-07-14,BKK_Sukhumvit,Watermelon,165,7425.0,1295.25,990,825.0,2227.5,2087.25,5.0,69.25,False,2018.0,2026-07,1
2026-07-14,Pattaya_Beach,Guava,50,2450.0,566.5,300,275.0,588.0,720.5000000000001,5.0,86.65,False,633.8500000000001,2026-07,1
2026-07-14,Pattaya_Beach,MixedBerryPremium,21,1869.0,912.87,168,147.0,448.56,192.57000000000002,4.0,205.88,False,-13.309999999999974,2026-07,1
2026-07-14,Pattaya_Beach,PassionFruit,43,2795.0,1190.24,258,258.0,838.5,250.26000000000008,3.0,101.04,False,149.22000000000008,2026-07,1
2026-07-14,Pattaya_Beach,Pineapple,127,5289.55,1339.8500000000001,762,635.0,1269.492,1283.208,4.0,66.2,False,1217.008,2026-07,1
2026-07-14,Pattaya_Beach,Watermelon,134,6030.0,1051.8999999999999,804,670.0,1809.0,1695.1,4.0,55.4,False,1639.6999999999998,2026-07,1
2026-07-14,Pattaya_Central,Guava,86,4214.0,974.38,516,473.0,1264.2,986.42,3.0,51.99,False,934.43,2026-07,1
2026-07-14,Pattaya_Central,MixedBerryPremium,28,2492.0,1217.1599999999999,224,196.0,598.0799999999999,256.76,9.0,463.23,False,-206.47000000000003,2026-07,1
2026-07-14,Pattaya_Central,PassionFruit,59,3835.0,1633.12,354,354.0,1150.5,343.3800000000001,8.0,269.44,False,73.94000000000011,2026-07,1
2026-07-14,Pattaya_Central,Pineapple,128,5331.2,1350.4,768,640.0,1599.36,973.4399999999999,5.0,82.75,False,890.6899999999999,2026-07,1
2026-07-14,Pattaya_Central,Watermelon,179,8055.0,1405.1499999999999,1074,895.0,1933.2,2747.6500000000005,5.0,69.25,False,2678.4000000000005,2026-07,1
2026-07-15,BKK_Ladprao,Guava,29,1421.0,328.57,174,159.5,341.04,417.89,2.0,34.66,False,383.23,2026-07,2
2026-07-15,BKK_Ladprao,MixedBerryPremium,14,1246.0,608.5799999999999,112,98.0,373.8,53.619999999999976,8.0,411.76,False,-358.14,2026-07,2
2026-07-15,BKK_Ladprao,PassionFruit,23,1495.0,636.64,138,138.0,358.8,223.5600000000001,5.0,168.4,False,55.16000000000008,2026-07,2
2026-07-15,BKK_Ladprao,Pineapple,56,2744.0,590.8000000000001,336,280.0,658.56,878.6399999999999,5.0,82.75,False,795.8899999999999,2026-07,2
2026-07-15,BKK_Ladprao,Watermelon,80,3600.0,628.0,480,400.0,1080.0,1012.0,5.0,69.25,False,942.75,2026-07,2
2026-07-15,BKK_Sukhumvit,Guava,58,2842.0,657.14,348,319.0,852.6,665.26,3.0,51.99,False,613.27,2026-07,2
2026-07-15,BKK_Sukhumvit,MixedBerryPremium,17,1513.0,738.99,136,119.0,363.12,155.89,2.0,102.94,False,52.94999999999999,2026-07,2
2026-07-15,BKK_Sukhumvit,PassionFruit,43,2795.0,1190.24,258,258.0,838.5,250.26000000000005,4.0,134.72,False,115.54000000000005,2026-07,2
2026-07-15,BKK_Sukhumvit,Pineapple,98,4802.0,1033.9,588,490.0,1440.6,1249.5,5.0,82.75,False,1166.75,2026-07,2
2026-07-15,BKK_Sukhumvit,Watermelon,134,6030.0,1051.8999999999999,804,670.0,1447.1999999999998,2056.9,5.0,69.25,False,1987.65,2026-07,2
2026-07-15,Pattaya_Beach,Guava,59,2891.0,668.47,354,324.5,867.3,676.7299999999999,4.0,69.32,False,607.4099999999999,2026-07,2
2026-07-15,Pattaya_Beach,MixedBerryPremium,31,2759.0,1347.57,248,217.0,662.16,284.27,9.0,463.23,False,-178.96000000000004,2026-07,2
2026-07-15,Pattaya_Beach,PassionFruit,46,2990.0,1273.28,276,276.0,897.0,267.7200000000001,5.0,168.4,False,99.32000000000008,2026-07,2
2026-07-15,Pattaya_Beach,Pineapple,80,3920.0,844.0000000000001,480,400.0,1176.0,1020.0,3.0,49.65,False,970.35,2026-07,2
2026-07-15,Pattaya_Beach,Watermelon,143,6435.0,1122.55,858,715.0,1544.3999999999999,2195.05,4.0,55.4,False,2139.65,2026-07,2
2026-07-15,Pattaya_Central,Guava,68,3332.0,770.44,408,374.0,799.68,979.8800000000001,4.0,69.32,False,910.5600000000002,2026-07,2
2026-07-15,Pattaya_Central,MixedBerryPremium,24,2136.0,1043.28,192,168.0,640.8,91.91999999999999,6.0,308.82,False,-216.9,2026-07,2
2026-07-15,Pattaya_Central,PassionFruit,61,3965.0,1688.48,366,366.0,1189.5,355.0200000000001,7.0,235.76,False,119.2600000000001,2026-07,2
2026-07-15,Pattaya_Central,Pineapple,121,5929.0,1276.5500000000002,726,605.0,1778.7,1542.75,5.0,82.75,False,1460.0,2026-07,2
2026-07-15,Pattaya_Central,Watermelon,179,8055.0,1405.1499999999999,1074,895.0,1933.2,2747.65,4.0,55.4,False,2692.25,2026-07,2
2026-07-16,BKK_Ladprao,Guava,20,980.0,226.6,120,110.0,235.2,288.20000000000005,2.0,34.66,False,253.54000000000005,2026-07,3
2026-07-16,BKK_Ladprao,MixedBerryPremium,12,1068.0,521.64,96,84.0,256.32,110.04,7.0,360.29,False,-250.25,2026-07,3
2026-07-16,BKK_Ladprao,PassionFruit,30,1950.0,830.4,180,180.0,585.0,174.60000000000005,6.0,202.08,False,-27.47999999999996,2026-07,3
2026-07-16,BKK_Ladprao,Pineapple,53,2597.0,559.15,318,265.0,779.1,675.75,2.0,33.1,False,642.65,2026-07,3
2026-07-16,BKK_Ladprao,Watermelon,77,3465.0,604.4499999999999,462,385.0,831.5999999999999,1181.9500000000003,3.0,41.55,False,1140.4000000000003,2026-07,3
2026-07-16,BKK_Sukhumvit,Guava,63,3087.0,713.7900000000001,378,346.5,740.88,907.83,2.0,34.66,False,873.1700000000001,2026-07,3
2026-07-16,BKK_Sukhumvit,MixedBerryPremium,16,1424.0,695.52,128,112.0,427.2,61.27999999999997,2.0,102.94,False,-41.660000000000025,2026-07,3
2026-07-16,BKK_Sukhumvit,PassionFruit,48,3120.0,1328.6399999999999,288,288.0,936.0,279.36000000000007,5.0,168.4,False,110.96000000000006,2026-07,3
2026-07-16,BKK_Sukhumvit,Pineapple,87,4263.0,917.85,522,435.0,1023.12,1365.0299999999997,5.0,82.75,False,1282.2799999999997,2026-07,3
2026-07-16,BKK_Sukhumvit,Watermelon,117,5265.0,918.4499999999999,702,585.0,1263.6,1795.9500000000003,1.0,13.85,False,1782.1000000000004,2026-07,3
2026-07-16,Pattaya_Beach,Guava,55,2695.0,623.15,330,302.5,646.8,792.5500000000001,4.0,69.32,False,723.23,2026-07,3
2026-07-16,Pattaya_Beach,MixedBerryPremium,22,1958.0,956.3399999999999,176,154.0,587.4,84.25999999999995,6.0,308.82,False,-224.56000000000006,2026-07,3
2026-07-16,Pattaya_Beach,PassionFruit,48,3120.0,1328.6399999999999,288,288.0,748.8,466.56000000000006,9.0,303.12,False,163.44000000000005,2026-07,3
2026-07-16,Pattaya_Beach,Pineapple,101,4949.0,1065.55,606,505.0,1484.6999999999998,1287.75,1.0,16.55,False,1271.2,2026-07,3
2026-07-16,Pattaya_Beach,Watermelon,118,5310.0,926.3,708,590.0,1274.3999999999999,1811.3000000000002,4.0,55.4,False,1755.9,2026-07,3
2026-07-16,Pattaya_Central,Guava,56,2744.0,634.48,336,308.0,658.56,806.96,2.0,34.66,False,772.3000000000001,2026-07,3
2026-07-16,Pattaya_Central,MixedBerryPremium,36,3204.0,1564.92,288,252.0,961.1999999999999,137.87999999999994,6.0,308.82,False,-170.94000000000005,2026-07,3
2026-07-16,Pattaya_Central,PassionFruit,55,3575.0,1522.4,330,330.0,858.0,534.6000000000001,6.0,202.08,False,332.5200000000001,2026-07,3
2026-07-16,Pattaya_Central,Pineapple,111,5439.0,1171.05,666,555.0,1631.7,1415.25,4.0,66.2,False,1349.05,2026-07,3
2026-07-16,Pattaya_Central,Watermelon,172,7740.0,1350.1999999999998,1032,860.0,1857.6,2640.2000000000003,7.0,96.95,False,2543.2500000000005,2026-07,3
2026-07-17,BKK_Ladprao,Guava,25,1225.0,283.25,150,137.5,367.5,286.75,1.0,17.33,False,269.42,2026-07,4
2026-07-17,BKK_Ladprao,MixedBerryPremium,9,801.0,391.23,72,63.0,240.29999999999998,34.47,6.0,308.82,False,-274.35,2026-07,4
2026-07-17,BKK_Ladprao,PassionFruit,28,1820.0,775.04,168,168.0,436.8,272.1600000000001,4.0,134.72,False,137.44000000000008,2026-07,4
2026-07-17,BKK_Ladprao,Pineapple,56,2744.0,590.8000000000001,336,280.0,823.1999999999999,714.0,3.0,49.65,False,664.35,2026-07,4
2026-07-17,BKK_Ladprao,Watermelon,78,3510.0,612.3,468,390.0,842.4,1197.3000000000002,4.0,55.4,False,1141.9,2026-07,4
2026-07-17,BKK_Sukhumvit,Guava,43,2107.0,487.19,258,236.5,505.68,619.63,4.0,69.32,False,550.31,2026-07,4
2026-07-17,BKK_Sukhumvit,MixedBerryPremium,22,1958.0,956.3399999999999,176,154.0,587.4,84.25999999999998,5.0,257.35,False,-173.09000000000003,2026-07,4
2026-07-17,BKK_Sukhumvit,PassionFruit,45,2925.0,1245.6,270,270.0,702.0,437.4000000000001,4.0,134.72,False,302.68000000000006,2026-07,4
2026-07-17,BKK_Sukhumvit,Pineapple,72,3528.0,759.6,432,360.0,846.72,1129.6799999999998,3.0,49.65,False,1080.0299999999997,2026-07,4
2026-07-17,BKK_Sukhumvit,Watermelon,153,6885.0,1201.05,918,765.0,1652.3999999999999,2348.5500000000006,6.0,83.1,False,2265.4500000000007,2026-07,4
2026-07-17,Pattaya_Beach,Guava,53,2597.0,600.49,318,291.5,623.28,763.7300000000001,5.0,86.65,False,677.0800000000002,2026-07,4
2026-07-17,Pattaya_Beach,MixedBerryPremium,27,2403.0,1173.69,216,189.0,576.72,247.59,9.0,463.23,False,-215.64000000000001,2026-07,4
2026-07-17,Pattaya_Beach,PassionFruit,46,2990.0,1273.28,276,276.0,897.0,267.7200000000001,4.0,134.72,False,133.00000000000009,2026-07,4
2026-07-17,Pattaya_Beach,Pineapple,94,4606.0,991.7,564,470.0,1105.44,1474.86,4.0,66.2,False,1408.6599999999999,2026-07,4
2026-07-17,Pattaya_Beach,Watermelon,152,6840.0,1193.1999999999998,912,760.0,2052.0,1922.8,2.0,27.7,False,1895.1,2026-07,4
2026-07-17,Pattaya_Central,Guava,60,2940.0,679.8000000000001,360,330.0,705.6,864.6,3.0,51.99,False,812.61,2026-07,4
2026-07-17,Pattaya_Central,MixedBerryPremium,20,1780.0,869.4,160,140.0,534.0,76.59999999999997,6.0,308.82,False,-232.22000000000003,2026-07,4
2026-07-17,Pattaya_Central,PassionFruit,52,3380.0,1439.36,312,312.0,811.1999999999999,505.44000000000017,6.0,202.08,False,303.3600000000001,2026-07,4
2026-07-17,Pattaya_Central,Pineapple,118,5782.0,1244.9,708,590.0,1734.6,1504.5,5.0,82.75,False,1421.75,2026-07,4
2026-07-17,Pattaya_Central,Watermelon,169,7605.0,1326.6499999999999,1014,845.0,2281.5,2137.85,4.0,55.4,False,2082.45,2026-07,4
2026-07-18,BKK_Ladprao,Guava,38,1862.0,430.54,228,209.0,446.88,547.58,2.0,34.66,False,512.9200000000001,2026-07,5
2026-07-18,BKK_Ladprao,MixedBerryPremium,13,1157.0,565.11,104,91.0,347.09999999999997,49.78999999999998,6.0,308.82,False,-259.03000000000003,2026-07,5
2026-07-18,BKK_Ladprao,PassionFruit,21,1365.0,581.28,126,126.0,409.5,122.22000000000003,3.0,101.04,False,21.18000000000002,2026-07,5
2026-07-18,BKK_Ladprao,Pineapple,43,2107.0,453.65000000000003,258,215.0,505.68,674.6699999999998,3.0,49.65,False,625.0199999999999,2026-07,5
2026-07-18,BKK_Ladprao,Watermelon,76,3420.0,596.5999999999999,456,380.0,820.8,1166.6000000000001,2.0,27.7,False,1138.9,2026-07,5
2026-07-18,BKK_Sukhumvit,Guava,50,2450.0,566.5,300,275.0,735.0,573.5,1.0,17.33,False,556.17,2026-07,5
2026-07-18,BKK_Sukhumvit,MixedBerryPremium,24,2136.0,1043.28,192,168.0,512.64,220.07999999999998,3.0,154.41,False,65.66999999999999,2026-07,5
2026-07-18,BKK_Sukhumvit,PassionFruit,35,2275.0,968.8,210,210.0,682.5,203.70000000000007,3.0,101.04,False,102.66000000000007,2026-07,5
2026-07-18,BKK_Sukhumvit,Pineapple,75,3675.0,791.25,450,375.0,882.0,1176.7499999999998,4.0,66.2,False,1110.5499999999997,2026-07,5
2026-07-18,BKK_Sukhumvit,Watermelon,145,6525.0,1138.25,870,725.0,1957.5,1834.25,7.0,96.95,False,1737.3,2026-07,5
2026-07-18,Pattaya_Beach,Guava,67,3283.0,759.11,402,368.5,787.92,965.47,4.0,69.32,False,896.1500000000001,2026-07,5
2026-07-18,Pattaya_Beach,MixedBerryPremium,29,2581.0,1260.6299999999999,232,203.0,619.4399999999999,265.92999999999995,5.0,257.35,False,8.579999999999927,2026-07,5
2026-07-18,Pattaya_Beach,PassionFruit,52,3380.0,1439.36,312,312.0,1014.0,302.6400000000001,4.0,134.72,False,167.9200000000001,2026-07,5
2026-07-18,Pattaya_Beach,Pineapple,92,4508.0,970.6,552,460.0,1352.4,1173.0,3.0,49.65,False,1123.35,2026-07,5
2026-07-18,Pattaya_Beach,Watermelon,183,8235.0,1436.55,1098,915.0,1976.3999999999999,2809.05,3.0,41.55,False,2767.5,2026-07,5
2026-07-18,Pattaya_Central,Guava,75,3675.0,849.75,450,412.5,882.0,1080.75,4.0,69.32,False,1011.4300000000001,2026-07,5
2026-07-18,Pattaya_Central,MixedBerryPremium,35,3115.0,1521.45,280,245.0,747.6,320.95,8.0,411.76,False,-90.81,2026-07,5
2026-07-18,Pattaya_Central,PassionFruit,66,4290.0,1826.8799999999999,396,396.0,1287.0,384.1200000000001,7.0,235.76,False,148.36000000000013,2026-07,5
2026-07-18,Pattaya_Central,Pineapple,134,6566.0,1413.7,804,670.0,1575.84,2102.46,6.0,99.3,False,2003.16,2026-07,5
2026-07-18,Pattaya_Central,Watermelon,202,9090.0,1585.6999999999998,1212,1010.0,2181.6,3100.7000000000003,9.0,124.65,False,2976.05,2026-07,5
2026-07-19,BKK_Ladprao,Guava,23,1127.0,260.59000000000003,138,126.5,338.1,263.80999999999995,2.0,34.66,False,229.14999999999995,2026-07,6
2026-07-19,BKK_Ladprao,MixedBerryPremium,22,1664.3000000000002,956.3399999999999,176,154.0,499.28999999999996,-121.32999999999981,8.0,411.76,False,-533.0899999999998,2026-07,6
2026-07-19,BKK_Ladprao,PassionFruit,31,2015.0,858.0799999999999,186,186.0,604.5,180.42000000000002,3.0,101.04,False,79.38000000000001,2026-07,6
2026-07-19,BKK_Ladprao,Pineapple,64,3136.0,675.2,384,320.0,752.64,1004.1599999999999,7.0,115.85,False,888.3099999999998,2026-07,6
2026-07-19,BKK_Ladprao,Watermelon,71,3195.0,557.3499999999999,426,355.0,958.5,898.15,2.0,27.7,False,870.4499999999999,2026-07,6
2026-07-19,BKK_Sukhumvit,Guava,55,2695.0,623.15,330,302.5,646.8,792.5500000000001,1.0,17.33,False,775.22,2026-07,6
2026-07-19,BKK_Sukhumvit,MixedBerryPremium,20,1513.0,869.4,160,140.0,363.12,-19.519999999999982,4.0,205.88,False,-225.39999999999998,2026-07,6
2026-07-19,BKK_Sukhumvit,PassionFruit,26,1690.0,719.68,156,156.0,507.0,151.32000000000002,4.0,134.72,False,16.600000000000023,2026-07,6
2026-07-19,BKK_Sukhumvit,Pineapple,84,4116.0,886.2,504,420.0,1234.8,1071.0,3.0,49.65,False,1021.35,2026-07,6
2026-07-19,BKK_Sukhumvit,Watermelon,119,5355.0,934.15,714,595.0,1606.5,1505.3500000000001,6.0,83.1,False,1422.2500000000002,2026-07,6
2026-07-19,Pattaya_Beach,Guava,67,3283.0,759.11,402,368.5,984.9,768.49,2.0,34.66,False,733.83,2026-07,6
2026-07-19,Pattaya_Beach,MixedBerryPremium,48,3631.2000000000003,2086.56,384,336.0,871.488,-46.847999999999956,18.0,926.46,False,-973.308,2026-07,6
2026-07-19,Pattaya_Beach,PassionFruit,45,2925.0,1245.6,270,270.0,702.0,437.4000000000001,4.0,134.72,False,302.68000000000006,2026-07,6
2026-07-19,Pattaya_Beach,Pineapple,116,5684.0,1223.8000000000002,696,580.0,1364.1599999999999,1820.04,3.0,49.65,False,1770.3899999999999,2026-07,6
2026-07-19,Pattaya_Beach,Watermelon,141,6345.0,1106.85,846,705.0,1522.8,2164.3500000000004,6.0,83.1,False,2081.2500000000005,2026-07,6
2026-07-19,Pattaya_Central,Guava,70,3430.0,793.1,420,385.0,1029.0,802.8999999999999,3.0,51.99,False,750.9099999999999,2026-07,6
2026-07-19,Pattaya_Central,MixedBerryPremium,46,3479.9,1999.62,368,322.0,1043.97,-253.69,18.0,926.46,False,-1180.15,2026-07,6
2026-07-19,Pattaya_Central,PassionFruit,57,3705.0,1577.76,342,342.0,889.1999999999999,554.0400000000003,7.0,235.76,False,318.2800000000003,2026-07,6
2026-07-19,Pattaya_Central,Pineapple,135,6615.0,1424.25,810,675.0,1984.5,1721.25,4.0,66.2,False,1655.05,2026-07,6
2026-07-19,Pattaya_Central,Watermelon,167,7515.0,1310.95,1002,835.0,2254.5,2112.55,7.0,96.95,False,2015.6000000000001,2026-07,6
2026-07-20,BKK_Ladprao,Guava,38,1862.0,364.42,228,209.0,446.88,613.6999999999999,4.0,62.36,False,551.3399999999999,2026-07,0
2026-07-20,BKK_Ladprao,MixedBerryPremium,17,1513.0,713.66,136,119.0,363.12,181.21999999999997,6.0,299.88,False,-118.66000000000003,2026-07,0
2026-07-20,BKK_Ladprao,PassionFruit,17,1105.0,482.63,102,102.0,331.5,86.86999999999999,4.0,137.56,False,-50.69000000000001,2026-07,0
2026-07-20,BKK_Ladprao,Pineapple,49,2401.0,463.54,294,245.0,720.3,678.16,4.0,61.84,False,616.3199999999999,2026-07,0
2026-07-20,BKK_Ladprao,Watermelon,89,4005.0,677.2900000000001,534,445.0,1201.5,1147.21,7.0,95.27,False,1051.94,2026-07,0
2026-07-20,BKK_Sukhumvit,Guava,56,2744.0,537.04,336,308.0,823.1999999999999,739.76,2.0,31.18,False,708.58,2026-07,0
2026-07-20,BKK_Sukhumvit,MixedBerryPremium,19,1691.0,797.6199999999999,152,133.0,405.84,202.53999999999996,4.0,199.92,False,2.619999999999976,2026-07,0
2026-07-20,BKK_Sukhumvit,PassionFruit,42,2730.0,1192.38,252,252.0,655.1999999999999,378.42,5.0,171.95,False,206.47000000000003,2026-07,0
2026-07-20,BKK_Sukhumvit,Pineapple,80,3920.0,756.8000000000001,480,400.0,940.8,1342.3999999999999,5.0,77.3,False,1265.1,2026-07,0
2026-07-20,BKK_Sukhumvit,Watermelon,130,5850.0,989.3000000000001,780,650.0,1755.0,1675.6999999999998,4.0,54.44,False,1621.2599999999998,2026-07,0
2026-07-20,Pattaya_Beach,Guava,55,2695.0,527.4499999999999,330,302.5,808.5,726.5500000000001,3.0,46.77,False,679.7800000000001,2026-07,0
2026-07-20,Pattaya_Beach,MixedBerryPremium,16,1424.0,671.68,128,112.0,341.76,170.56,4.0,199.92,False,-29.359999999999985,2026-07,0
2026-07-20,Pattaya_Beach,PassionFruit,44,2860.0,1249.16,264,264.0,686.4,396.44,6.0,206.34,False,190.1,2026-07,0
2026-07-20,Pattaya_Beach,Pineapple,79,3871.0,747.34,474,395.0,1161.3,1093.36,4.0,61.84,False,1031.52,2026-07,0
2026-07-20,Pattaya_Beach,Watermelon,147,6615.0,1118.67,882,735.0,1984.5,1894.83,2.0,27.22,False,1867.61,2026-07,0
2026-07-20,Pattaya_Central,Guava,64,3136.0,613.76,384,352.0,752.64,1033.6000000000001,5.0,77.95,False,955.6500000000001,2026-07,0
2026-07-20,Pattaya_Central,MixedBerryPremium,15,1335.0,629.6999999999999,120,105.0,320.4,159.89999999999995,2.0,99.96,False,59.939999999999955,2026-07,0
2026-07-20,Pattaya_Central,PassionFruit,46,2990.0,1305.94,276,276.0,717.6,414.46,5.0,171.95,False,242.51,2026-07,0
2026-07-20,Pattaya_Central,Pineapple,94,4606.0,889.2400000000001,564,470.0,1381.8,1300.96,3.0,46.38,False,1254.58,2026-07,0
2026-07-20,Pattaya_Central,Watermelon,172,7740.0,1308.92,1032,860.0,2322.0,2217.08,6.0,81.66,False,2135.42,2026-07,0
2026-07-21,BKK_Ladprao,Guava,32,1568.0,306.88,192,176.0,376.32,516.8,2.0,31.18,False,485.61999999999995,2026-07,1
2026-07-21,BKK_Ladprao,MixedBerryPremium,4,356.0,167.92,32,28.0,106.8,21.28000000000003,1.0,49.98,False,-28.699999999999967,2026-07,1
2026-07-21,BKK_Ladprao,PassionFruit,24,1560.0,681.36,144,144.0,374.4,216.23999999999998,4.0,137.56,False,78.67999999999998,2026-07,1
2026-07-21,BKK_Ladprao,Pineapple,32,1568.0,302.72,192,160.0,470.4,442.88000000000005,3.0,46.38,False,396.50000000000006,2026-07,1
2026-07-21,BKK_Ladprao,Watermelon,76,3420.0,578.36,456,380.0,1026.0,979.64,4.0,54.44,False,925.2,2026-07,1
2026-07-21,BKK_Sukhumvit,Guava,55,2695.0,527.45,330,302.5,808.5,726.5500000000001,3.0,46.77,False,679.7800000000001,2026-07,1
2026-07-21,BKK_Sukhumvit,MixedBerryPremium,23,2047.0,965.54,184,161.0,491.28,245.18,6.0,299.88,False,-54.69999999999999,2026-07,1
2026-07-21,BKK_Sukhumvit,PassionFruit,42,2730.0,1192.3799999999999,252,252.0,819.0,214.62,5.0,171.95,False,42.670000000000016,2026-07,1
2026-07-21,BKK_Sukhumvit,Pineapple,82,4018.0,775.7200000000001,492,410.0,1205.3999999999999,1134.88,2.0,30.92,False,1103.96,2026-07,1
2026-07-21,BKK_Sukhumvit,Watermelon,135,6075.0,1027.3500000000001,810,675.0,1458.0,2104.65,4.0,54.44,False,2050.21,2026-07,1
2026-07-21,Pattaya_Beach,Guava,58,2842.0,556.22,348,319.0,682.0799999999999,936.7,4.0,62.36,False,874.34,2026-07,1
2026-07-21,Pattaya_Beach,MixedBerryPremium,20,1780.0,839.5999999999999,160,140.0,534.0,106.40000000000013,3.0,149.94,False,-43.539999999999864,2026-07,1
2026-07-21,Pattaya_Beach,PassionFruit,42,2730.0,1192.38,252,252.0,819.0,214.6199999999999,4.0,137.56,False,77.05999999999989,2026-07,1
2026-07-21,Pattaya_Beach,Pineapple,89,4361.0,841.94,534,445.0,1308.3,1231.7600000000002,5.0,77.3,False,1154.4600000000003,2026-07,1
2026-07-21,Pattaya_Beach,Watermelon,142,6390.0,1080.6200000000001,852,710.0,1533.6,2213.78,4.0,54.44,False,2159.34,2026-07,1
2026-07-21,Pattaya_Central,Guava,59,2891.0,565.81,354,324.5,867.3,779.3900000000001,3.0,46.77,False,732.6200000000001,2026-07,1
2026-07-21,Pattaya_Central,MixedBerryPremium,28,2492.0,1175.4399999999998,224,196.0,747.5999999999999,148.96000000000015,5.0,249.9,False,-100.93999999999986,2026-07,1
2026-07-21,Pattaya_Central,PassionFruit,58,3770.0,1646.6200000000001,348,348.0,1131.0,296.3799999999998,5.0,171.95,False,124.42999999999984,2026-07,1
2026-07-21,Pattaya_Central,Pineapple,105,5145.0,993.3000000000001,630,525.0,1543.5,1453.2,3.0,46.38,False,1406.82,2026-07,1
2026-07-21,Pattaya_Central,Watermelon,187,8415.0,1423.0700000000002,1122,935.0,2524.5,2410.43,5.0,68.05,False,2342.3799999999997,2026-07,1
2026-07-22,BKK_Ladprao,Guava,32,1568.0,306.88,192,176.0,470.4,422.72,3.0,46.77,False,375.95000000000005,2026-07,2
2026-07-22,BKK_Ladprao,MixedBerryPremium,6,534.0,251.88,48,42.0,160.2,31.920000000000044,4.0,199.92,False,-167.99999999999994,2026-07,2
2026-07-22,BKK_Ladprao,PassionFruit,23,1495.0,652.97,138,138.0,358.8,207.22999999999996,5.0,171.95,False,35.27999999999997,2026-07,2
2026-07-22,BKK_Ladprao,Pineapple,61,2989.0,577.0600000000001,366,305.0,717.36,1023.5799999999999,3.0,46.38,False,977.1999999999999,2026-07,2
2026-07-22,BKK_Ladprao,Watermelon,76,3420.0,578.36,456,380.0,1026.0,979.64,4.0,54.44,False,925.2,2026-07,2
2026-07-22,BKK_Sukhumvit,Guava,53,2597.0,508.27,318,291.5,779.1,700.1300000000001,2.0,31.18,False,668.9500000000002,2026-07,2
2026-07-22,BKK_Sukhumvit,MixedBerryPremium,18,1602.0,755.64,144,126.0,480.59999999999997,95.7600000000001,5.0,249.9,False,-154.1399999999999,2026-07,2
2026-07-22,BKK_Sukhumvit,PassionFruit,40,2600.0,1135.6,240,240.0,624.0,360.4,4.0,137.56,False,222.83999999999997,2026-07,2
2026-07-22,BKK_Sukhumvit,Pineapple,81,3969.0,766.2600000000001,486,405.0,952.56,1359.18,1.0,15.46,False,1343.72,2026-07,2
2026-07-22,BKK_Sukhumvit,Watermelon,122,5490.0,928.4200000000001,732,610.0,1647.0,1572.58,4.0,54.44,False,1518.1399999999999,2026-07,2
2026-07-22,Pattaya_Beach,Guava,61,2989.0,584.99,366,335.5,717.36,985.15,2.0,31.18,False,953.97,2026-07,2
2026-07-22,Pattaya_Beach,MixedBerryPremium,22,1958.0,923.56,176,154.0,587.4,117.04000000000013,7.0,349.86,False,-232.81999999999988,2026-07,2
2026-07-22,Pattaya_Beach,PassionFruit,48,3120.0,1362.72,288,288.0,936.0,245.27999999999992,2.0,68.78,False,176.49999999999991,2026-07,2
2026-07-22,Pattaya_Beach,Pineapple,81,3969.0,766.2600000000001,486,405.0,952.56,1359.18,3.0,46.38,False,1312.8,2026-07,2
2026-07-22,Pattaya_Beach,Watermelon,140,6300.0,1065.4,840,700.0,1512.0,2182.6,3.0,40.83,False,2141.77,2026-07,2
2026-07-22,Pattaya_Central,Guava,88,4312.0,843.92,528,484.0,1293.6,1162.48,3.0,46.77,False,1115.71,2026-07,2
2026-07-22,Pattaya_Central,MixedBerryPremium,33,2937.0,1385.34,264,231.0,881.1,175.5600000000002,11.0,549.78,False,-374.2199999999998,2026-07,2
2026-07-22,Pattaya_Central,PassionFruit,48,3120.0,1362.72,288,288.0,936.0,245.2799999999999,4.0,137.56,False,107.71999999999989,2026-07,2
2026-07-22,Pattaya_Central,Pineapple,115,5635.0,1087.9,690,575.0,1690.5,1591.6,3.0,46.38,False,1545.2199999999998,2026-07,2
2026-07-22,Pattaya_Central,Watermelon,167,7515.0,1270.8700000000001,1002,835.0,2254.5,2152.63,3.0,40.83,False,2111.8,2026-07,2
2026-07-23,BKK_Ladprao,Guava,33,1617.0,316.47,198,181.5,485.1,435.92999999999995,4.0,62.36,False,373.56999999999994,2026-07,3
2026-07-23,BKK_Ladprao,MixedBerryPremium,12,1068.0,503.75999999999993,96,84.0,256.32,127.91999999999996,4.0,199.92,False,-72.00000000000003,2026-07,3
2026-07-23,BKK_Ladprao,PassionFruit,27,1755.0,766.53,162,162.0,421.2,243.26999999999998,5.0,171.95,False,71.32,2026-07,3
2026-07-23,BKK_Ladprao,Pineapple,41,2009.0,387.86,246,205.0,482.15999999999997,687.98,3.0,46.38,False,641.6,2026-07,3
2026-07-23,BKK_Ladprao,Watermelon,82,3690.0,624.0200000000001,492,410.0,1107.0,1056.98,0.0,0.0,,1056.98,2026-07,3
2026-07-23,BKK_Sukhumvit,Guava,57,2793.0,546.63,342,313.5,670.3199999999999,920.55,2.0,31.18,False,889.37,2026-07,3
2026-07-23,BKK_Sukhumvit,MixedBerryPremium,16,1424.0,671.68,128,112.0,341.76,170.55999999999997,3.0,149.94,False,20.619999999999976,2026-07,3
2026-07-23,BKK_Sukhumvit,PassionFruit,42,2730.0,1192.3799999999999,252,252.0,819.0,214.62,4.0,137.56,False,77.06,2026-07,3
2026-07-23,BKK_Sukhumvit,Pineapple,76,3724.0,718.96,456,380.0,893.76,1275.28,3.0,46.38,False,1228.8999999999999,2026-07,3
2026-07-23,BKK_Sukhumvit,Watermelon,134,6030.0,1019.7400000000001,804,670.0,1447.1999999999998,2089.0600000000004,4.0,54.44,False,2034.6200000000003,2026-07,3
2026-07-23,Pattaya_Beach,Guava,53,2597.0,508.27,318,291.5,623.28,855.95,1.0,15.59,False,840.36,2026-07,3
2026-07-23,Pattaya_Beach,MixedBerryPremium,18,1602.0,755.64,144,126.0,384.48,191.87999999999997,6.0,299.88,False,-108.00000000000003,2026-07,3
2026-07-23,Pattaya_Beach,PassionFruit,49,3185.0,1391.1100000000001,294,294.0,764.4,441.49,5.0,171.95,False,269.54,2026-07,3
2026-07-23,Pattaya_Beach,Pineapple,84,4116.0,794.6400000000001,504,420.0,1234.8,1162.56,3.0,46.38,False,1116.1799999999998,2026-07,3
2026-07-23,Pattaya_Beach,Watermelon,126,5670.0,958.8600000000001,756,630.0,1701.0,1624.1399999999999,2.0,27.22,False,1596.9199999999998,2026-07,3
2026-07-23,Pattaya_Central,Guava,72,3528.0,690.48,432,396.0,846.72,1162.8,2.0,31.18,False,1131.62,2026-07,3
2026-07-23,Pattaya_Central,MixedBerryPremium,36,3204.0,1511.28,288,252.0,768.96,383.76,6.0,299.88,False,83.88,2026-07,3
2026-07-23,Pattaya_Central,PassionFruit,57,3705.0,1618.23,342,342.0,889.2,513.5699999999999,3.0,103.17,False,410.3999999999999,2026-07,3
2026-07-23,Pattaya_Central,Pineapple,100,4900.0,946.0000000000001,600,500.0,1470.0,1384.0,7.0,108.22,False,1275.78,2026-07,3
2026-07-23,Pattaya_Central,Watermelon,156,7020.0,1187.16,936,780.0,1684.8,2432.04,3.0,40.83,False,2391.21,2026-07,3
2026-07-24,BKK_Ladprao,Guava,33,1617.0,316.47,198,181.5,485.1,435.93,4.0,62.36,False,373.57,2026-07,4
2026-07-24,BKK_Ladprao,MixedBerryPremium,8,712.0,335.84,64,56.0,213.6,42.56000000000006,1.0,49.98,False,-7.419999999999938,2026-07,4
2026-07-24,BKK_Ladprao,PassionFruit,32,1768.0,908.48,192,192.0,424.32,51.200000000000074,5.0,171.95,False,-120.74999999999991,2026-07,4
2026-07-24,BKK_Ladprao,Pineapple,58,2842.0,548.6800000000001,348,290.0,682.08,973.24,3.0,46.38,False,926.86,2026-07,4
2026-07-24,BKK_Ladprao,Watermelon,84,3780.0,639.24,504,420.0,907.1999999999999,1309.5600000000002,4.0,54.44,False,1255.1200000000001,2026-07,4
2026-07-24,BKK_Sukhumvit,Guava,58,2842.0,556.22,348,319.0,682.0799999999999,936.6999999999999,3.0,46.77,False,889.93,2026-07,4
2026-07-24,BKK_Sukhumvit,MixedBerryPremium,15,1335.0,629.6999999999999,120,105.0,400.5,79.80000000000008,1.0,49.98,False,29.820000000000086,2026-07,4
2026-07-24,BKK_Sukhumvit,PassionFruit,53,2928.25,1504.67,318,318.0,702.78,84.8000000000001,3.0,103.17,False,-18.369999999999905,2026-07,4
2026-07-24,BKK_Sukhumvit,Pineapple,113,5537.0,1068.98,678,565.0,1661.1,1563.92,1.0,15.46,False,1548.46,2026-07,4
2026-07-24,BKK_Sukhumvit,Watermelon,121,5445.0,920.8100000000001,726,605.0,1306.8,1886.39,2.0,27.22,False,1859.17,2026-07,4
2026-07-24,Pattaya_Beach,Guava,56,2744.0,537.04,336,308.0,823.2,739.76,3.0,46.77,False,692.99,2026-07,4
2026-07-24,Pattaya_Beach,MixedBerryPremium,28,2492.0,1175.4399999999998,224,196.0,598.0799999999999,298.47999999999996,4.0,199.92,False,98.55999999999997,2026-07,4
2026-07-24,Pattaya_Beach,PassionFruit,57,3149.25,1618.23,342,342.0,944.775,-97.75500000000014,3.0,103.17,False,-200.92500000000013,2026-07,4
2026-07-24,Pattaya_Beach,Pineapple,78,3822.0,737.8800000000001,468,390.0,917.28,1308.84,4.0,61.84,False,1247.0,2026-07,4
2026-07-24,Pattaya_Beach,Watermelon,116,5220.0,882.7600000000001,696,580.0,1252.8,1808.44,4.0,54.44,False,1754.0,2026-07,4
2026-07-24,Pattaya_Central,Guava,77,3773.0,738.43,462,423.5,905.52,1243.55,5.0,77.95,False,1165.6,2026-07,4
2026-07-24,Pattaya_Central,MixedBerryPremium,24,2136.0,1007.52,192,168.0,640.8,127.68000000000015,6.0,299.88,False,-172.19999999999985,2026-07,4
2026-07-24,Pattaya_Central,PassionFruit,80,4420.0,2271.2000000000003,480,480.0,1060.8,128.0000000000001,8.0,275.12,False,-147.1199999999999,2026-07,4
2026-07-24,Pattaya_Central,Pineapple,97,4753.0,917.6200000000001,582,485.0,1140.72,1627.66,4.0,61.84,False,1565.8200000000002,2026-07,4
2026-07-24,Pattaya_Central,Watermelon,159,7155.0,1209.9900000000002,954,795.0,1717.2,2478.81,8.0,108.88,False,2369.93,2026-07,4
2026-07-25,BKK_Ladprao,Guava,36,1552.32,345.24,216,198.0,465.6959999999999,327.384,2.0,31.18,False,296.204,2026-07,5
2026-07-25,BKK_Ladprao,MixedBerryPremium,7,548.24,293.85999999999996,56,49.0,164.47199999999998,-15.092000000000041,4.0,199.92,False,-215.01200000000003,2026-07,5
2026-07-25,BKK_Ladprao,PassionFruit,29,1658.8000000000002,823.3100000000001,174,174.0,497.64,-10.149999999999892,2.0,68.78,False,-78.9299999999999,2026-07,5
2026-07-25,BKK_Ladprao,Pineapple,58,2500.96,548.6800000000001,348,290.0,600.2304,714.0495999999999,2.0,30.92,False,683.1296,2026-07,5
2026-07-25,BKK_Ladprao,Watermelon,84,3326.4,639.2400000000001,504,420.0,997.92,765.24,4.0,54.44,False,710.8,2026-07,5
2026-07-25,BKK_Sukhumvit,Guava,48,2069.76,460.32,288,264.0,620.928,436.5120000000001,2.0,31.18,False,405.3320000000001,2026-07,5
2026-07-25,BKK_Sukhumvit,MixedBerryPremium,16,1253.12,671.68,128,112.0,375.936,-34.496000000000095,4.0,199.92,False,-234.41600000000008,2026-07,5
2026-07-25,BKK_Sukhumvit,PassionFruit,50,2860.0,1419.5,300,300.0,686.4,154.09999999999997,3.0,103.17,False,50.929999999999964,2026-07,5
2026-07-25,BKK_Sukhumvit,Pineapple,100,4312.0,946.0000000000001,600,500.0,1293.6,972.3999999999999,4.0,61.84,False,910.5599999999998,2026-07,5
2026-07-25,BKK_Sukhumvit,Watermelon,142,5623.2,1080.6200000000001,852,710.0,1349.5679999999998,1631.012,4.0,54.44,False,1576.572,2026-07,5
2026-07-25,Pattaya_Beach,Guava,85,3665.2,815.15,510,467.5,879.648,992.9019999999998,2.0,31.18,False,961.7219999999999,2026-07,5
2026-07-25,Pattaya_Beach,MixedBerryPremium,21,1644.72,881.5799999999999,168,147.0,394.7328,53.40720000000002,3.0,149.94,False,-96.53279999999998,2026-07,5
2026-07-25,Pattaya_Beach,PassionFruit,68,3889.6,1930.52,408,408.0,1166.88,-23.799999999999898,6.0,206.34,False,-230.1399999999999,2026-07,5
2026-07-25,Pattaya_Beach,Pineapple,126,5433.12,1191.96,756,630.0,1303.9488,1551.2112,4.0,61.84,False,1489.3712,2026-07,5
2026-07-25,Pattaya_Beach,Watermelon,182,7207.2,1385.0200000000002,1092,910.0,2162.16,1658.0199999999998,3.0,40.83,False,1617.1899999999998,2026-07,5
2026-07-25,Pattaya_Central,Guava,95,4096.4,911.05,570,522.5,1228.9199999999998,863.9300000000001,5.0,77.95,False,785.98,2026-07,5
2026-07-25,Pattaya_Central,MixedBerryPremium,32,2506.24,1343.36,256,224.0,751.872,-68.99200000000005,9.0,449.82,False,-518.812,2026-07,5
2026-07-25,Pattaya_Central,PassionFruit,63,3603.6,1788.57,378,378.0,864.864,194.16600000000008,7.0,240.73,False,-46.56399999999991,2026-07,5
2026-07-25,Pattaya_Central,Pineapple,148,6381.76,1400.0800000000002,888,740.0,1531.6224,1822.0575999999996,8.0,123.68,False,1698.3775999999996,2026-07,5
2026-07-25,Pattaya_Central,Watermelon,215,8514.0,1636.15,1290,1075.0,2043.36,2469.49,11.0,149.71,False,2319.7799999999997,2026-07,5
2026-07-26,BKK_Ladprao,Guava,36,1764.0,345.24,216,198.0,529.1999999999999,475.56000000000006,3.0,46.77,False,428.7900000000001,2026-07,6
2026-07-26,BKK_Ladprao,MixedBerryPremium,9,801.0,377.81999999999994,72,63.0,192.24,95.93999999999997,6.0,299.88,False,-203.94000000000003,2026-07,6
2026-07-26,BKK_Ladprao,PassionFruit,28,1820.0,794.92,168,168.0,546.0,143.07999999999998,4.0,137.56,False,5.519999999999982,2026-07,6
2026-07-26,BKK_Ladprao,Pineapple,61,2989.0,577.0600000000001,366,305.0,896.6999999999999,844.24,4.0,61.84,False,782.4,2026-07,6
2026-07-26,BKK_Ladprao,Watermelon,88,3960.0,669.6800000000001,528,440.0,1188.0,1134.32,6.0,81.66,False,1052.6599999999999,2026-07,6
2026-07-26,BKK_Sukhumvit,Guava,61,2989.0,584.99,366,335.5,896.7,805.8100000000001,4.0,62.36,False,743.45,2026-07,6
2026-07-26,BKK_Sukhumvit,MixedBerryPremium,17,1513.0,713.66,136,119.0,453.9,90.4400000000001,3.0,149.94,False,-59.4999999999999,2026-07,6
2026-07-26,BKK_Sukhumvit,PassionFruit,36,2340.0,1022.04,216,216.0,561.6,324.36,3.0,103.17,False,221.19,2026-07,6
2026-07-26,BKK_Sukhumvit,Pineapple,78,3822.0,737.88,468,390.0,917.28,1308.84,4.0,61.84,False,1247.0,2026-07,6
2026-07-26,BKK_Sukhumvit,Watermelon,121,5445.0,920.8100000000001,726,605.0,1633.5,1559.69,3.0,40.83,False,1518.8600000000001,2026-07,6
2026-07-26,Pattaya_Beach,Guava,65,3185.0,623.35,390,357.5,764.4,1049.75,2.0,31.18,False,1018.57,2026-07,6
2026-07-26,Pattaya_Beach,MixedBerryPremium,27,2403.0,1133.46,216,189.0,576.72,287.81999999999994,5.0,249.9,False,37.91999999999993,2026-07,6
2026-07-26,Pattaya_Beach,PassionFruit,61,3965.0,1731.79,366,366.0,1189.5,311.7099999999999,3.0,103.17,False,208.5399999999999,2026-07,6
2026-07-26,Pattaya_Beach,Pineapple,114,5586.0,1078.44,684,570.0,1675.8,1577.7600000000002,3.0,46.38,False,1531.38,2026-07,6
2026-07-26,Pattaya_Beach,Watermelon,154,6930.0,1171.94,924,770.0,1663.1999999999998,2400.86,7.0,95.27,False,2305.59,2026-07,6
2026-07-26,Pattaya_Central,Guava,85,4165.0,815.15,510,467.5,999.5999999999999,1372.75,4.0,62.36,False,1310.39,2026-07,6
2026-07-26,Pattaya_Central,MixedBerryPremium,37,3293.0,1553.26,296,259.0,987.9,196.8400000000002,6.0,299.88,False,-103.0399999999998,2026-07,6
2026-07-26,Pattaya_Central,PassionFruit,57,3705.0,1618.23,342,342.0,889.2,513.57,6.0,206.34,False,307.23,2026-07,6
2026-07-26,Pattaya_Central,Pineapple,136,6664.0,1286.5600000000002,816,680.0,1599.36,2282.08,4.0,61.84,False,2220.24,2026-07,6
2026-07-26,Pattaya_Central,Watermelon,210,9450.0,1598.1000000000001,1260,1050.0,2268.0,3273.9,7.0,95.27,False,3178.63,2026-07,6
2026-07-27,BKK_Ladprao,Guava,40,1960.0,420.79999999999995,240,220.0,470.4,608.8,5.0,82.6,False,526.1999999999999,2026-07,0
2026-07-27,BKK_Ladprao,MixedBerryPremium,10,890.0,442.70000000000005,80,70.0,267.0,30.30000000000001,1.0,52.27,False,-21.96999999999999,2026-07,0
2026-07-27,BKK_Ladprao,PassionFruit,31,2015.0,820.26,186,186.0,604.5,218.24,2.0,64.92,False,153.32,2026-07,0
2026-07-27,BKK_Ladprao,Pineapple,41,2009.0,425.99,246,205.0,482.15999999999997,649.85,3.0,49.17,False,600.6800000000001,2026-07,0
2026-07-27,BKK_Ladprao,Watermelon,96,4320.0,768.96,576,480.0,1296.0,1199.04,4.0,56.04,False,1143.0,2026-07,0
2026-07-27,BKK_Sukhumvit,Guava,62,3038.0,652.24,372,341.0,729.12,943.6400000000001,4.0,66.08,False,877.5600000000001,2026-07,0
2026-07-27,BKK_Sukhumvit,MixedBerryPremium,27,2403.0,1195.29,216,189.0,720.9,81.81000000000014,4.0,209.08,False,-127.26999999999987,2026-07,0
2026-07-27,BKK_Sukhumvit,PassionFruit,44,2860.0,1164.24,264,264.0,858.0,309.76,5.0,162.3,False,147.45999999999998,2026-07,0
2026-07-27,BKK_Sukhumvit,Pineapple,81,3969.0,841.59,486,405.0,952.56,1283.8500000000001,4.0,65.56,False,1218.2900000000002,2026-07,0
2026-07-27,BKK_Sukhumvit,Watermelon,131,5895.0,1049.31,786,655.0,1768.5,1636.1899999999998,4.0,56.04,False,1580.1499999999999,2026-07,0
2026-07-27,Pattaya_Beach,Guava,56,2744.0,589.12,336,308.0,823.2,687.6800000000001,4.0,66.08,False,621.6,2026-07,0
2026-07-27,Pattaya_Beach,MixedBerryPremium,18,1602.0,796.86,144,126.0,384.48,150.66000000000008,5.0,261.35,False,-110.68999999999994,2026-07,0
2026-07-27,Pattaya_Beach,PassionFruit,36,2340.0,952.56,216,216.0,702.0,253.44,3.0,97.38,False,156.06,2026-07,0
2026-07-27,Pattaya_Beach,Pineapple,86,4214.0,893.5400000000001,516,430.0,1264.2,1110.2599999999998,3.0,49.17,False,1061.0899999999997,2026-07,0
2026-07-27,Pattaya_Beach,Watermelon,136,6120.0,1089.36,816,680.0,1468.8,2065.84,4.0,56.04,False,2009.8000000000002,2026-07,0
2026-07-27,Pattaya_Central,Guava,53,2597.0,557.56,318,291.5,779.1,650.8400000000001,3.0,49.56,False,601.2800000000002,2026-07,0
2026-07-27,Pattaya_Central,MixedBerryPremium,19,1691.0,841.1300000000001,152,133.0,405.84,159.03000000000003,6.0,313.62,False,-154.58999999999997,2026-07,0
2026-07-27,Pattaya_Central,PassionFruit,49,3185.0,1296.54,294,294.0,764.4,536.06,5.0,162.3,False,373.75999999999993,2026-07,0
2026-07-27,Pattaya_Central,Pineapple,80,3920.0,831.2,480,400.0,1176.0,1032.8,5.0,81.95,False,950.8499999999999,2026-07,0
2026-07-27,Pattaya_Central,Watermelon,163,7335.0,1305.63,978,815.0,2200.5,2035.87,5.0,70.05,False,1965.82,2026-07,0
2026-07-28,BKK_Ladprao,Guava,39,1911.0,410.28,234,214.5,573.3,478.9200000000001,3.0,49.56,False,429.36000000000007,2026-07,1
2026-07-28,BKK_Ladprao,MixedBerryPremium,10,890.0,442.70000000000005,80,70.0,267.0,30.30000000000001,4.0,209.08,False,-178.78,2026-07,1
2026-07-28,BKK_Ladprao,PassionFruit,35,1933.75,926.1,210,210.0,580.125,7.5250000000000625,6.0,194.76,False,-187.23499999999993,2026-07,1
2026-07-28,BKK_Ladprao,Pineapple,50,2450.0,519.5,300,250.0,588.0,792.5,5.0,81.95,False,710.55,2026-07,1
2026-07-28,BKK_Ladprao,Watermelon,79,3555.0,632.79,474,395.0,853.1999999999999,1200.01,6.0,84.06,False,1115.95,2026-07,1
2026-07-28,BKK_Sukhumvit,Guava,60,2940.0,631.1999999999999,360,330.0,882.0,736.8000000000001,2.0,33.04,False,703.7600000000001,2026-07,1
2026-07-28,BKK_Sukhumvit,MixedBerryPremium,24,2136.0,1062.48,192,168.0,512.64,200.8800000000001,9.0,470.43,False,-269.5499999999999,2026-07,1
2026-07-28,BKK_Sukhumvit,PassionFruit,54,2983.5,1428.8400000000001,324,324.0,895.05,11.610000000000099,4.0,129.84,False,-118.2299999999999,2026-07,1
2026-07-28,BKK_Sukhumvit,Pineapple,103,5047.0,1070.17,618,515.0,1514.1,1329.73,3.0,49.17,False,1280.56,2026-07,1
2026-07-28,BKK_Sukhumvit,Watermelon,150,6750.0,1201.5,900,750.0,2025.0,1873.5,3.0,42.03,False,1831.47,2026-07,1
2026-07-28,Pattaya_Beach,Guava,78,3822.0,820.56,468,429.0,1146.6,957.8400000000001,1.0,16.52,False,941.3200000000002,2026-07,1
2026-07-28,Pattaya_Beach,MixedBerryPremium,20,1780.0,885.4000000000001,160,140.0,427.2,167.4000000000001,3.0,156.81,False,10.590000000000089,2026-07,1
2026-07-28,Pattaya_Beach,PassionFruit,50,2762.5,1323.0,300,300.0,828.75,10.750000000000199,3.0,97.38,False,-86.6299999999998,2026-07,1
2026-07-28,Pattaya_Beach,Pineapple,98,4802.0,1018.22,588,490.0,1440.6,1265.1799999999998,5.0,81.95,False,1183.2299999999998,2026-07,1
2026-07-28,Pattaya_Beach,Watermelon,141,6345.0,1129.41,846,705.0,1903.5,1761.09,4.0,56.04,False,1705.05,2026-07,1
2026-07-28,Pattaya_Central,Guava,55,2695.0,578.6,330,302.5,646.8,837.1,2.0,33.04,False,804.0600000000001,2026-07,1
2026-07-28,Pattaya_Central,MixedBerryPremium,39,3471.0,1726.5300000000002,312,273.0,1041.3,118.17000000000013,8.0,418.16,False,-299.9899999999999,2026-07,1
2026-07-28,Pattaya_Central,PassionFruit,66,3646.5,1746.3600000000001,396,396.0,1093.95,14.19000000000014,8.0,259.68,False,-245.48999999999987,2026-07,1
2026-07-28,Pattaya_Central,Pineapple,117,5733.0,1215.63,702,585.0,1719.8999999999999,1510.4700000000003,6.0,98.34,False,1412.1300000000003,2026-07,1
2026-07-28,Pattaya_Central,Watermelon,183,8235.0,1465.83,1098,915.0,1976.3999999999999,2779.77,2.0,28.02,False,2751.75,2026-07,1
2026-07-29,BKK_Ladprao,Guava,31,1519.0,326.12,186,170.5,455.7,380.68000000000006,2.0,33.04,False,347.64000000000004,2026-07,2
2026-07-29,BKK_Ladprao,MixedBerryPremium,14,1246.0,619.7800000000001,112,98.0,299.03999999999996,117.18000000000006,6.0,313.62,False,-196.43999999999994,2026-07,2
2026-07-29,BKK_Ladprao,PassionFruit,24,1560.0,635.04,144,144.0,374.4,262.55999999999995,4.0,129.84,False,132.71999999999994,2026-07,2
2026-07-29,BKK_Ladprao,Pineapple,49,2401.0,509.11,294,245.0,576.24,776.65,2.0,32.78,False,743.87,2026-07,2
2026-07-29,BKK_Ladprao,Watermelon,66,2970.0,528.66,396,330.0,891.0,824.34,2.0,28.02,False,796.32,2026-07,2
2026-07-29,BKK_Sukhumvit,Guava,53,2597.0,557.56,318,291.5,779.1,650.8400000000001,3.0,49.56,False,601.2800000000002,2026-07,2
2026-07-29,BKK_Sukhumvit,MixedBerryPremium,21,1869.0,929.6700000000001,168,147.0,448.56,175.7700000000001,5.0,261.35,False,-85.57999999999993,2026-07,2
2026-07-29,BKK_Sukhumvit,PassionFruit,41,2665.0,1084.8600000000001,246,246.0,799.5,288.64,3.0,97.38,False,191.26,2026-07,2
2026-07-29,BKK_Sukhumvit,Pineapple,94,4606.0,976.6600000000001,564,470.0,1105.44,1489.9,3.0,49.17,False,1440.73,2026-07,2
2026-07-29,BKK_Sukhumvit,Watermelon,143,6435.0,1145.43,858,715.0,1930.5,1786.07,6.0,84.06,False,1702.01,2026-07,2
2026-07-29,Pattaya_Beach,Guava,65,3185.0,683.8,390,357.5,764.4,989.3,4.0,66.08,False,923.2199999999999,2026-07,2
2026-07-29,Pattaya_Beach,MixedBerryPremium,26,2314.0,1151.02,208,182.0,694.1999999999999,78.78000000000003,5.0,261.35,False,-182.57,2026-07,2
2026-07-29,Pattaya_Beach,PassionFruit,45,2925.0,1190.7,270,270.0,702.0,492.2999999999999,3.0,97.38,False,394.9199999999999,2026-07,2
2026-07-29,Pattaya_Beach,Pineapple,104,5096.0,1080.56,624,520.0,1528.8,1342.6399999999999,5.0,81.95,False,1260.6899999999998,2026-07,2
2026-07-29,Pattaya_Beach,Watermelon,143,6435.0,1145.43,858,715.0,1544.3999999999999,2172.17,4.0,56.04,False,2116.13,2026-07,2
2026-07-29,Pattaya_Central,Guava,77,3773.0,810.04,462,423.5,1131.9,945.5600000000002,5.0,82.6,False,862.9600000000002,2026-07,2
2026-07-29,Pattaya_Central,MixedBerryPremium,22,1958.0,973.94,176,154.0,469.91999999999996,184.1400000000001,3.0,156.81,False,27.330000000000098,2026-07,2
2026-07-29,Pattaya_Central,PassionFruit,61,3965.0,1614.06,366,366.0,1189.5,429.43999999999994,5.0,162.3,False,267.13999999999993,2026-07,2
2026-07-29,Pattaya_Central,Pineapple,96,4704.0,997.44,576,480.0,1128.96,1521.6000000000001,5.0,81.95,False,1439.65,2026-07,2
2026-07-29,Pattaya_Central,Watermelon,169,7605.0,1353.69,1014,845.0,2281.5,2110.81,4.0,56.04,False,2054.77,2026-07,2
2026-07-30,BKK_Ladprao,Guava,32,1568.0,336.64,192,176.0,470.4,392.96000000000004,1.0,16.52,False,376.44000000000005,2026-07,3
2026-07-30,BKK_Ladprao,MixedBerryPremium,12,1068.0,531.24,96,84.0,256.32,100.44000000000005,7.0,365.89,False,-265.44999999999993,2026-07,3
2026-07-30,BKK_Ladprao,PassionFruit,23,1495.0,608.58,138,138.0,358.8,251.61999999999995,6.0,194.76,False,56.85999999999996,2026-07,3
2026-07-30,BKK_Ladprao,Pineapple,44,2156.0,457.16,264,220.0,646.8,568.04,3.0,49.17,False,518.87,2026-07,3
2026-07-30,BKK_Ladprao,Watermelon,67,3015.0,536.67,402,335.0,723.5999999999999,1017.73,5.0,70.05,False,947.6800000000001,2026-07,3
2026-07-30,BKK_Sukhumvit,Guava,38,1862.0,399.76,228,209.0,446.88,578.3599999999999,2.0,33.04,False,545.3199999999999,2026-07,3
2026-07-30,BKK_Sukhumvit,MixedBerryPremium,13,1157.0,575.51,104,91.0,277.68,108.81000000000006,3.0,156.81,False,-47.99999999999994,2026-07,3
2026-07-30,BKK_Sukhumvit,PassionFruit,40,2600.0,1058.4,240,240.0,624.0,437.5999999999999,4.0,129.84,False,307.7599999999999,2026-07,3
2026-07-30,BKK_Sukhumvit,Pineapple,87,4263.0,903.9300000000001,522,435.0,1278.8999999999999,1123.17,4.0,65.56,False,1057.6100000000001,2026-07,3
2026-07-30,BKK_Sukhumvit,Watermelon,130,5850.0,1041.3,780,650.0,1755.0,1623.7,4.0,56.04,False,1567.66,2026-07,3
2026-07-30,Pattaya_Beach,Guava,80,3920.0,841.5999999999999,480,440.0,1176.0,982.4000000000001,4.0,66.08,False,916.32,2026-07,3
2026-07-30,Pattaya_Beach,MixedBerryPremium,19,1691.0,841.1300000000001,152,133.0,507.3,57.57000000000002,4.0,209.08,False,-151.51,2026-07,3
2026-07-30,Pattaya_Beach,PassionFruit,39,2535.0,1031.94,234,234.0,760.5,274.56,4.0,129.84,False,144.72,2026-07,3
2026-07-30,Pattaya_Beach,Pineapple,98,4802.0,1018.22,588,490.0,1440.6,1265.1799999999998,3.0,49.17,False,1216.0099999999998,2026-07,3
2026-07-30,Pattaya_Beach,Watermelon,150,6750.0,1201.5,900,750.0,1620.0,2278.5,5.0,70.05,False,2208.45,2026-07,3
2026-07-30,Pattaya_Central,Guava,81,3969.0,852.12,486,445.5,1190.7,994.6800000000001,5.0,82.6,False,912.08,2026-07,3
2026-07-30,Pattaya_Central,MixedBerryPremium,29,2581.0,1283.8300000000002,232,203.0,619.4399999999999,242.73000000000013,5.0,261.35,False,-18.61999999999989,2026-07,3
2026-07-30,Pattaya_Central,PassionFruit,64,4160.0,1693.44,384,384.0,998.4,700.1599999999999,7.0,227.22,False,472.9399999999998,2026-07,3
2026-07-30,Pattaya_Central,Pineapple,126,6174.0,1309.14,756,630.0,1852.2,1626.66,4.0,65.56,False,1561.1000000000001,2026-07,3
2026-07-30,Pattaya_Central,Watermelon,168,7560.0,1345.68,1008,840.0,2268.0,2098.3199999999997,4.0,56.04,False,2042.2799999999997,2026-07,3
2026-07-31,BKK_Ladprao,Guava,31,1519.0,326.12,186,170.5,455.7,380.68000000000006,2.0,33.04,False,347.64000000000004,2026-07,4
2026-07-31,BKK_Ladprao,MixedBerryPremium,11,979.0,486.97,88,77.0,234.95999999999998,92.07000000000005,2.0,104.54,False,-12.469999999999956,2026-07,4
2026-07-31,BKK_Ladprao,PassionFruit,27,1755.0,714.42,162,162.0,421.2,295.37999999999994,3.0,97.38,False,197.99999999999994,2026-07,4
2026-07-31,BKK_Ladprao,Pineapple,53,2597.0,550.6700000000001,318,265.0,779.1,684.2299999999999,4.0,65.56,False,618.6699999999998,2026-07,4
2026-07-31,BKK_Ladprao,Watermelon,78,3510.0,624.78,468,390.0,842.4,1184.82,5.0,70.05,False,1114.77,2026-07,4
2026-07-31,BKK_Sukhumvit,Guava,37,1813.0,389.23999999999995,222,203.5,543.9,454.36,3.0,49.56,False,404.8,2026-07,4
2026-07-31,BKK_Sukhumvit,MixedBerryPremium,18,1602.0,796.8600000000001,144,126.0,480.59999999999997,54.53999999999999,3.0,156.81,False,-102.27000000000001,2026-07,4
2026-07-31,BKK_Sukhumvit,PassionFruit,34,2210.0,899.64,204,204.0,663.0,239.35999999999999,2.0,64.92,False,174.44,2026-07,4
2026-07-31,BKK_Sukhumvit,Pineapple,87,4263.0,903.9300000000001,522,435.0,1278.9,1123.1699999999998,4.0,65.56,False,1057.61,2026-07,4
2026-07-31,BKK_Sukhumvit,Watermelon,134,6030.0,1073.34,804,670.0,1809.0,1673.6599999999999,3.0,42.03,False,1631.6299999999999,2026-07,4
2026-07-31,Pattaya_Beach,Guava,55,2695.0,578.5999999999999,330,302.5,808.5,675.4000000000001,4.0,66.08,False,609.32,2026-07,4
2026-07-31,Pattaya_Beach,MixedBerryPremium,18,1602.0,796.86,144,126.0,480.59999999999997,54.54000000000005,5.0,261.35,False,-206.80999999999997,2026-07,4
2026-07-31,Pattaya_Beach,PassionFruit,54,3510.0,1428.8400000000001,324,324.0,842.4,590.7599999999999,5.0,162.3,False,428.45999999999987,2026-07,4
2026-07-31,Pattaya_Beach,Pineapple,97,4753.0,1007.83,582,485.0,1140.72,1537.45,2.0,32.78,False,1504.67,2026-07,4
2026-07-31,Pattaya_Beach,Watermelon,127,5715.0,1017.27,762,635.0,1714.5,1586.23,2.0,28.02,False,1558.21,2026-07,4
2026-07-31,Pattaya_Central,Guava,76,3724.0,799.52,456,418.0,893.76,1156.72,7.0,115.64,False,1041.08,2026-07,4
2026-07-31,Pattaya_Central,MixedBerryPremium,26,2314.0,1151.02,208,182.0,555.36,217.62000000000006,6.0,313.62,False,-95.99999999999994,2026-07,4
2026-07-31,Pattaya_Central,PassionFruit,47,3055.0,1243.62,282,282.0,916.5,330.88,5.0,162.3,False,168.57999999999998,2026-07,4
2026-07-31,Pattaya_Central,Pineapple,116,5684.0,1205.24,696,580.0,1364.1599999999999,1838.6000000000001,2.0,32.78,False,1805.8200000000002,2026-07,4
2026-07-31,Pattaya_Central,Watermelon,156,7020.0,1249.56,936,780.0,1684.8,2369.64,7.0,98.07,False,2271.5699999999997,2026-07,4
2026-08-01,BKK_Ladprao,Guava,25,1225.0,263.0,150,137.5,294.0,380.5,2.0,33.04,False,347.46,2026-08,5
2026-08-01,BKK_Ladprao,MixedBerryPremium,12,1068.0,531.24,96,84.0,256.32,100.44000000000005,10.0,522.7,False,-422.26,2026-08,5
2026-08-01,BKK_Ladprao,PassionFruit,29,1885.0,767.34,174,174.0,565.5,204.16,4.0,129.84,False,74.32,2026-08,5
2026-08-01,BKK_Ladprao,Pineapple,48,2352.0,498.72,288,240.0,705.6,619.68,3.0,49.17,False,570.51,2026-08,5
2026-08-01,BKK_Ladprao,Watermelon,76,3420.0,608.76,456,380.0,1026.0,949.24,5.0,70.05,False,879.19,2026-08,5
2026-08-01,BKK_Sukhumvit,Guava,55,2695.0,578.6,330,302.5,808.5,675.4000000000001,4.0,66.08,False,609.32,2026-08,5
2026-08-01,BKK_Sukhumvit,MixedBerryPremium,24,2136.0,1062.48,192,168.0,512.64,200.88000000000005,6.0,313.62,False,-112.73999999999995,2026-08,5
2026-08-01,BKK_Sukhumvit,PassionFruit,37,2405.0,979.02,222,222.0,721.5,260.47999999999996,5.0,162.3,False,98.17999999999995,2026-08,5
2026-08-01,BKK_Sukhumvit,Pineapple,101,4949.0,1049.39,606,505.0,1484.6999999999998,1303.9099999999999,4.0,65.56,False,1238.35,2026-08,5
2026-08-01,BKK_Sukhumvit,Watermelon,136,6120.0,1089.3600000000001,816,680.0,1468.8,2065.84,4.0,56.04,False,2009.8000000000002,2026-08,5
2026-08-01,Pattaya_Beach,Guava,65,3185.0,683.8,390,357.5,955.5,798.2,5.0,82.6,False,715.6,2026-08,5
2026-08-01,Pattaya_Beach,MixedBerryPremium,27,2403.0,1195.2900000000002,216,189.0,720.9,81.81000000000009,10.0,522.7,False,-440.89,2026-08,5
2026-08-01,Pattaya_Beach,PassionFruit,60,3900.0,1587.6000000000001,360,360.0,936.0,656.3999999999999,5.0,162.3,False,494.09999999999985,2026-08,5
2026-08-01,Pattaya_Beach,Pineapple,115,5635.0,1194.8500000000001,690,575.0,1690.5,1484.6499999999996,2.0,32.78,False,1451.8699999999997,2026-08,5
2026-08-01,Pattaya_Beach,Watermelon,180,8100.0,1441.8,1080,900.0,2430.0,2248.2,4.0,56.04,False,2192.16,2026-08,5
2026-08-01,Pattaya_Central,Guava,80,3920.0,841.5999999999999,480,440.0,1176.0,982.4000000000001,6.0,99.12,False,883.2800000000001,2026-08,5
2026-08-01,Pattaya_Central,MixedBerryPremium,24,2136.0,1062.48,192,168.0,640.8,72.72000000000003,3.0,156.81,False,-84.08999999999997,2026-08,5
2026-08-01,Pattaya_Central,PassionFruit,73,4745.0,1931.58,438,438.0,1138.8,798.6199999999999,5.0,162.3,False,636.3199999999999,2026-08,5
2026-08-01,Pattaya_Central,Pineapple,136,6664.0,1413.0400000000002,816,680.0,1599.36,2155.6,5.0,81.95,False,2073.65,2026-08,5
2026-08-01,Pattaya_Central,Watermelon,209,9405.0,1674.09,1254,1045.0,2257.2,3174.71,8.0,112.08,False,3062.63,2026-08,5
2026-08-02,BKK_Ladprao,Guava,30,1470.0,315.59999999999997,180,165.0,441.0,368.40000000000003,3.0,49.56,False,318.84000000000003,2026-08,6
2026-08-02,BKK_Ladprao,MixedBerryPremium,10,890.0,442.70000000000005,80,70.0,267.0,30.30000000000004,6.0,313.62,False,-283.31999999999994,2026-08,6
2026-08-02,BKK_Ladprao,PassionFruit,20,1300.0,529.2,120,120.0,312.0,218.79999999999995,2.0,64.92,False,153.87999999999994,2026-08,6
2026-08-02,BKK_Ladprao,Pineapple,48,2352.0,498.72,288,240.0,564.48,760.8000000000001,4.0,65.56,False,695.24,2026-08,6
2026-08-02,BKK_Ladprao,Watermelon,90,4050.0,720.9,540,450.0,1215.0,1124.1000000000001,5.0,70.05,False,1054.0500000000002,2026-08,6
2026-08-02,BKK_Sukhumvit,Guava,54,2646.0,568.0799999999999,324,297.0,793.8,663.1200000000001,3.0,49.56,False,613.5600000000002,2026-08,6
2026-08-02,BKK_Sukhumvit,MixedBerryPremium,13,1157.0,575.51,104,91.0,277.68,108.81000000000006,3.0,156.81,False,-47.99999999999994,2026-08,6
2026-08-02,BKK_Sukhumvit,PassionFruit,53,3445.0,1402.3799999999999,318,318.0,826.8,579.8199999999999,2.0,64.92,False,514.9,2026-08,6
2026-08-02,BKK_Sukhumvit,Pineapple,75,3675.0,779.25,450,375.0,882.0,1188.75,2.0,32.78,False,1155.97,2026-08,6
2026-08-02,BKK_Sukhumvit,Watermelon,123,5535.0,985.23,738,615.0,1328.3999999999999,1868.37,2.0,28.02,False,1840.35,2026-08,6
2026-08-02,Pattaya_Beach,Guava,75,3675.0,789.0,450,412.5,882.0,1141.5,3.0,49.56,False,1091.94,2026-08,6
2026-08-02,Pattaya_Beach,MixedBerryPremium,29,2581.0,1283.8300000000002,232,203.0,619.4399999999999,242.73000000000013,4.0,209.08,False,33.65000000000012,2026-08,6
2026-08-02,Pattaya_Beach,PassionFruit,61,3965.0,1614.06,366,366.0,1189.5,429.44,5.0,162.3,False,267.14,2026-08,6
2026-08-02,Pattaya_Beach,Pineapple,116,5684.0,1205.24,696,580.0,1705.2,1497.56,7.0,114.73,False,1382.83,2026-08,6
2026-08-02,Pattaya_Beach,Watermelon,161,7245.0,1289.61,966,805.0,1738.8,2445.59,4.0,56.04,False,2389.55,2026-08,6
2026-08-02,Pattaya_Central,Guava,61,2989.0,641.72,366,335.5,896.7,749.08,1.0,16.52,False,732.5600000000001,2026-08,6
2026-08-02,Pattaya_Central,MixedBerryPremium,22,1958.0,973.94,176,154.0,469.91999999999996,184.1400000000001,8.0,418.16,False,-234.01999999999992,2026-08,6
2026-08-02,Pattaya_Central,PassionFruit,63,4095.0,1666.98,378,378.0,1228.5,443.5199999999999,5.0,162.3,False,281.2199999999999,2026-08,6
2026-08-02,Pattaya_Central,Pineapple,120,5880.0,1246.8000000000002,720,600.0,1764.0,1549.1999999999998,3.0,49.17,False,1500.0299999999997,2026-08,6
2026-08-02,Pattaya_Central,Watermelon,213,9585.0,1706.13,1278,1065.0,2300.4,3235.47,3.0,42.03,False,3193.4399999999996,2026-08,6
2026-08-03,BKK_Ladprao,Guava,42,2058.0,402.78,252,231.0,617.4,554.82,2.0,31.18,False,523.6400000000001,2026-08,0
2026-08-03,BKK_Ladprao,MixedBerryPremium,9,801.0,426.59999999999997,72,63.0,240.29999999999998,-0.8999999999999488,7.0,387.8,False,-388.69999999999993,2026-08,0
2026-08-03,BKK_Ladprao,PassionFruit,28,1820.0,732.1999999999999,168,168.0,436.8,315.00000000000006,5.0,160.75,False,154.25000000000006,2026-08,0
2026-08-03,BKK_Ladprao,Pineapple,44,2156.0,461.12,264,220.0,517.44,693.4399999999999,3.0,49.44,False,644.0,2026-08,0
2026-08-03,BKK_Ladprao,Watermelon,62,2790.0,506.53999999999996,372,310.0,669.5999999999999,931.86,3.0,42.51,False,889.35,2026-08,0
2026-08-03,BKK_Sukhumvit,Guava,61,2989.0,584.99,366,335.5,717.36,985.15,2.0,31.18,False,953.97,2026-08,0
2026-08-03,BKK_Sukhumvit,MixedBerryPremium,17,1513.0,805.8,136,119.0,363.12,89.08000000000015,5.0,277.0,False,-187.91999999999985,2026-08,0
2026-08-03,BKK_Sukhumvit,PassionFruit,36,2340.0,941.4,216,216.0,702.0,264.6000000000001,4.0,128.6,False,136.00000000000009,2026-08,0
2026-08-03,BKK_Sukhumvit,Pineapple,86,4214.0,901.2800000000001,516,430.0,1264.2,1102.52,3.0,49.44,False,1053.08,2026-08,0
2026-08-03,BKK_Sukhumvit,Watermelon,127,5715.0,1037.59,762,635.0,1714.5,1565.91,2.0,28.34,False,1537.5700000000002,2026-08,0
2026-08-03,Pattaya_Beach,Guava,64,3136.0,613.76,384,352.0,940.8,845.44,3.0,46.77,False,798.6700000000001,2026-08,0
2026-08-03,Pattaya_Beach,MixedBerryPremium,22,1958.0,1042.8,176,154.0,587.4,-2.1999999999998465,5.0,277.0,False,-279.1999999999998,2026-08,0
2026-08-03,Pattaya_Beach,PassionFruit,49,3185.0,1281.35,294,294.0,955.5,360.1500000000001,3.0,96.45,False,263.7000000000001,2026-08,0
2026-08-03,Pattaya_Beach,Pineapple,86,4214.0,901.2800000000001,516,430.0,1264.2,1102.52,1.0,16.48,False,1086.04,2026-08,0
2026-08-03,Pattaya_Beach,Watermelon,129,5805.0,1053.93,774,645.0,1741.5,1590.5700000000002,4.0,56.68,False,1533.89,2026-08,0
2026-08-03,Pattaya_Central,Guava,58,2842.0,556.22,348,319.0,852.6,766.1800000000001,5.0,77.95,False,688.23,2026-08,0
2026-08-03,Pattaya_Central,MixedBerryPremium,24,2136.0,1137.6,192,168.0,512.64,125.76000000000022,6.0,332.4,False,-206.63999999999976,2026-08,0
2026-08-03,Pattaya_Central,PassionFruit,61,3965.0,1595.1499999999999,366,366.0,1189.5,448.35000000000014,8.0,257.2,False,191.15000000000015,2026-08,0
2026-08-03,Pattaya_Central,Pineapple,111,5439.0,1163.28,666,555.0,1305.36,1749.3600000000001,3.0,49.44,False,1699.92,2026-08,0
2026-08-03,Pattaya_Central,Watermelon,149,6705.0,1217.33,894,745.0,1609.2,2239.4700000000003,5.0,70.85,False,2168.6200000000003,2026-08,0
2026-08-04,BKK_Ladprao,Guava,27,1323.0,258.93,162,148.5,396.9,356.67,2.0,31.18,False,325.49,2026-08,1
2026-08-04,BKK_Ladprao,MixedBerryPremium,15,1335.0,711.0,120,105.0,320.4,78.60000000000014,3.0,166.2,False,-87.59999999999985,2026-08,1
2026-08-04,BKK_Ladprao,PassionFruit,15,975.0,392.25,90,90.0,234.0,168.75,4.0,128.6,False,40.150000000000006,2026-08,1
2026-08-04,BKK_Ladprao,Pineapple,53,2597.0,555.44,318,265.0,623.28,835.28,6.0,98.88,False,736.4,2026-08,1
2026-08-04,BKK_Ladprao,Watermelon,60,2700.0,490.2,360,300.0,810.0,739.8,2.0,28.34,False,711.4599999999999,2026-08,1
2026-08-04,BKK_Sukhumvit,Guava,49,2401.0,469.90999999999997,294,269.5,576.24,791.35,2.0,31.18,False,760.1700000000001,2026-08,1
2026-08-04,BKK_Sukhumvit,MixedBerryPremium,20,1780.0,948.0,160,140.0,427.2,104.80000000000018,3.0,166.2,False,-61.39999999999981,2026-08,1
2026-08-04,BKK_Sukhumvit,PassionFruit,35,2275.0,915.2499999999999,210,210.0,682.5,257.25000000000006,3.0,96.45,False,160.80000000000007,2026-08,1
2026-08-04,BKK_Sukhumvit,Pineapple,95,4655.0,995.6,570,475.0,1396.5,1217.9,1.0,16.48,False,1201.42,2026-08,1
2026-08-04,BKK_Sukhumvit,Watermelon,138,6210.0,1127.46,828,690.0,1490.3999999999999,2074.14,4.0,56.68,False,2017.4599999999998,2026-08,1
2026-08-04,Pattaya_Beach,Guava,51,2499.0,489.09,306,280.5,749.6999999999999,673.71,4.0,62.36,False,611.35,2026-08,1
2026-08-04,Pattaya_Beach,MixedBerryPremium,23,2047.0,1090.2,184,161.0,491.28,120.52000000000021,8.0,443.2,False,-322.6799999999998,2026-08,1
2026-08-04,Pattaya_Beach,PassionFruit,57,3705.0,1490.55,342,342.0,889.1999999999999,641.25,4.0,128.6,False,512.65,2026-08,1
2026-08-04,Pattaya_Beach,Pineapple,94,4606.0,985.1200000000001,564,470.0,1381.8,1205.0800000000002,5.0,82.4,False,1122.68,2026-08,1
2026-08-04,Pattaya_Beach,Watermelon,147,6615.0,1200.99,882,735.0,1984.5,1812.5100000000002,6.0,85.02,False,1727.4900000000002,2026-08,1
2026-08-04,Pattaya_Central,Guava,62,3038.0,594.58,372,341.0,911.4,819.0200000000001,3.0,46.77,False,772.2500000000001,2026-08,1
2026-08-04,Pattaya_Central,MixedBerryPremium,23,2047.0,1090.1999999999998,184,161.0,614.0999999999999,-2.299999999999784,4.0,221.6,False,-223.89999999999978,2026-08,1
2026-08-04,Pattaya_Central,PassionFruit,49,3185.0,1281.35,294,294.0,764.4,551.25,4.0,128.6,False,422.65,2026-08,1
2026-08-04,Pattaya_Central,Pineapple,120,5880.0,1257.6000000000001,720,600.0,1411.2,1891.1999999999998,3.0,49.44,False,1841.7599999999998,2026-08,1
2026-08-04,Pattaya_Central,Watermelon,175,7875.0,1429.75,1050,875.0,2362.5,2157.75,5.0,70.85,False,2086.9,2026-08,1
2026-08-05,BKK_Ladprao,Guava,18,882.0,172.62,108,99.0,211.68,290.7,1.0,15.59,False,275.11,2026-08,2
2026-08-05,BKK_Ladprao,MixedBerryPremium,9,801.0,426.6,72,63.0,240.3,-0.8999999999999488,3.0,166.2,False,-167.09999999999994,2026-08,2
2026-08-05,BKK_Ladprao,PassionFruit,26,1690.0,679.9,156,156.0,507.0,191.10000000000008,3.0,96.45,False,94.65000000000008,2026-08,2
2026-08-05,BKK_Ladprao,Pineapple,52,2548.0,544.96,312,260.0,764.4,666.64,5.0,82.4,False,584.24,2026-08,2
2026-08-05,BKK_Ladprao,Watermelon,73,3285.0,596.41,438,365.0,788.4,1097.19,3.0,42.51,False,1054.68,2026-08,2
2026-08-05,BKK_Sukhumvit,Guava,51,2499.0,489.09,306,280.5,749.7,673.71,2.0,31.18,False,642.5300000000001,2026-08,2
2026-08-05,BKK_Sukhumvit,MixedBerryPremium,19,1691.0,900.5999999999999,152,133.0,507.29999999999995,-1.8999999999998067,3.0,166.2,False,-168.0999999999998,2026-08,2
2026-08-05,BKK_Sukhumvit,PassionFruit,53,3445.0,1385.95,318,318.0,826.8,596.25,7.0,225.05,False,371.2,2026-08,2
2026-08-05,BKK_Sukhumvit,Pineapple,94,4606.0,985.12,564,470.0,1105.44,1481.44,3.0,49.44,False,1432.0,2026-08,2
2026-08-05,BKK_Sukhumvit,Watermelon,171,7695.0,1397.07,1026,855.0,2308.5,2108.4300000000003,7.0,99.19,False,2009.2400000000002,2026-08,2
2026-08-05,Pattaya_Beach,Guava,74,3626.0,709.66,444,407.0,1087.8,977.5400000000001,5.0,77.95,False,899.59,2026-08,2
2026-08-05,Pattaya_Beach,MixedBerryPremium,24,2136.0,1137.6,192,168.0,512.64,125.76000000000022,7.0,387.8,False,-262.0399999999998,2026-08,2
2026-08-05,Pattaya_Beach,PassionFruit,44,2860.0,1150.6,264,264.0,858.0,323.4000000000001,4.0,128.6,False,194.8000000000001,2026-08,2
2026-08-05,Pattaya_Beach,Pineapple,76,3724.0,796.48,456,380.0,893.76,1197.76,3.0,49.44,False,1148.32,2026-08,2
2026-08-05,Pattaya_Beach,Watermelon,169,7605.0,1380.73,1014,845.0,2281.5,2083.77,7.0,99.19,False,1984.58,2026-08,2
2026-08-05,Pattaya_Central,Guava,66,3234.0,632.9399999999999,396,363.0,970.1999999999999,871.8600000000001,4.0,62.36,False,809.5000000000001,2026-08,2
2026-08-05,Pattaya_Central,MixedBerryPremium,26,2314.0,1232.3999999999999,208,182.0,694.1999999999999,-2.599999999999767,3.0,166.2,False,-168.79999999999976,2026-08,2
2026-08-05,Pattaya_Central,PassionFruit,49,3185.0,1281.35,294,294.0,764.4,551.25,3.0,96.45,False,454.8,2026-08,2
2026-08-05,Pattaya_Central,Pineapple,112,5488.0,1173.76,672,560.0,1646.3999999999999,1435.84,5.0,82.4,False,1353.4399999999998,2026-08,2
2026-08-05,Pattaya_Central,Watermelon,164,7380.0,1339.88,984,820.0,2214.0,2022.1200000000001,7.0,99.19,False,1922.93,2026-08,2
2026-08-06,BKK_Ladprao,Guava,35,1715.0,335.65,210,192.5,411.59999999999997,565.25,4.0,62.36,False,502.89,2026-08,3
2026-08-06,BKK_Ladprao,MixedBerryPremium,13,1157.0,616.1999999999999,104,91.0,347.09999999999997,-1.299999999999926,3.0,166.2,False,-167.49999999999991,2026-08,3
2026-08-06,BKK_Ladprao,PassionFruit,22,1430.0,575.3,132,132.0,429.0,161.70000000000005,2.0,64.3,False,97.40000000000005,2026-08,3
2026-08-06,BKK_Ladprao,Pineapple,53,2597.0,555.44,318,265.0,779.1,679.46,2.0,32.96,False,646.5,2026-08,3
2026-08-06,BKK_Ladprao,Watermelon,83,3735.0,678.11,498,415.0,1120.5,1023.3900000000001,3.0,42.51,False,980.8800000000001,2026-08,3
2026-08-06,BKK_Sukhumvit,Guava,64,3136.0,613.76,384,352.0,940.8,845.44,2.0,31.18,False,814.2600000000001,2026-08,3
2026-08-06,BKK_Sukhumvit,MixedBerryPremium,21,1869.0,995.4,168,147.0,448.56,110.04000000000019,4.0,221.6,False,-111.5599999999998,2026-08,3
2026-08-06,BKK_Sukhumvit,PassionFruit,59,3835.0,1542.85,354,354.0,1150.5,433.6500000000001,6.0,192.9,False,240.75000000000009,2026-08,3
2026-08-06,BKK_Sukhumvit,Pineapple,86,4214.0,901.2800000000001,516,430.0,1011.36,1355.3600000000001,1.0,16.48,False,1338.88,2026-08,3
2026-08-06,BKK_Sukhumvit,Watermelon,137,6165.0,1119.29,822,685.0,1849.5,1689.2100000000003,4.0,56.68,False,1632.5300000000002,2026-08,3
2026-08-06,Pattaya_Beach,Guava,56,2744.0,537.04,336,308.0,823.1999999999999,739.76,2.0,31.18,False,708.58,2026-08,3
2026-08-06,Pattaya_Beach,MixedBerryPremium,15,1335.0,711.0,120,105.0,320.4,78.60000000000014,2.0,110.8,False,-32.19999999999986,2026-08,3
2026-08-06,Pattaya_Beach,PassionFruit,45,2925.0,1176.75,270,270.0,877.5,330.75000000000006,4.0,128.6,False,202.15000000000006,2026-08,3
2026-08-06,Pattaya_Beach,Pineapple,79,3871.0,827.9200000000001,474,395.0,1161.3,1012.78,5.0,82.4,False,930.38,2026-08,3
2026-08-06,Pattaya_Beach,Watermelon,133,5985.0,1086.61,798,665.0,1436.3999999999999,1998.99,4.0,56.68,False,1942.31,2026-08,3
2026-08-06,Pattaya_Central,Guava,63,3087.0,604.17,378,346.5,926.1,832.23,5.0,77.95,False,754.28,2026-08,3
2026-08-06,Pattaya_Central,MixedBerryPremium,12,1068.0,568.8,96,84.0,256.32,62.88000000000011,2.0,110.8,False,-47.91999999999989,2026-08,3
2026-08-06,Pattaya_Central,PassionFruit,49,3185.0,1281.35,294,294.0,955.5,360.1500000000001,2.0,64.3,False,295.8500000000001,2026-08,3
2026-08-06,Pattaya_Central,Pineapple,98,4802.0,1027.04,588,490.0,1152.48,1544.48,4.0,65.92,False,1478.56,2026-08,3
2026-08-06,Pattaya_Central,Watermelon,157,7065.0,1282.69,942,785.0,2119.5,1935.81,3.0,42.51,False,1893.3,2026-08,3
2026-08-07,BKK_Ladprao,Guava,29,1421.0,278.11,174,159.5,426.29999999999995,383.09000000000003,2.0,31.18,False,351.91,2026-08,4
2026-08-07,BKK_Ladprao,MixedBerryPremium,19,1691.0,900.5999999999999,152,133.0,507.29999999999995,-1.899999999999892,6.0,332.4,False,-334.29999999999984,2026-08,4
2026-08-07,BKK_Ladprao,PassionFruit,20,1300.0,523.0,120,120.0,312.0,225.0,2.0,64.3,False,160.7,2026-08,4
2026-08-07,BKK_Ladprao,Pineapple,64,3136.0,670.72,384,320.0,752.64,1008.6399999999999,5.0,82.4,False,926.2399999999999,2026-08,4
2026-08-07,BKK_Ladprao,Watermelon,58,2610.0,473.86,348,290.0,626.4,871.74,4.0,56.68,False,815.0600000000001,2026-08,4
2026-08-07,BKK_Sukhumvit,Guava,52,2548.0,498.68,312,286.0,611.52,839.8,3.0,46.77,False,793.03,2026-08,4
2026-08-07,BKK_Sukhumvit,MixedBerryPremium,14,1246.0,663.6,112,98.0,373.8,-1.399999999999892,4.0,221.6,False,-222.9999999999999,2026-08,4
2026-08-07,BKK_Sukhumvit,PassionFruit,31,2015.0,810.65,186,186.0,604.5,227.85000000000008,3.0,96.45,False,131.4000000000001,2026-08,4
2026-08-07,BKK_Sukhumvit,Pineapple,88,4312.0,922.24,528,440.0,1034.8799999999999,1386.88,3.0,49.44,False,1337.44,2026-08,4
2026-08-07,BKK_Sukhumvit,Watermelon,121,5445.0,988.57,726,605.0,1306.8,1818.63,4.0,56.68,False,1761.95,2026-08,4
2026-08-07,Pattaya_Beach,Guava,53,2597.0,508.27,318,291.5,623.28,855.95,5.0,77.95,False,778.0,2026-08,4
2026-08-07,Pattaya_Beach,MixedBerryPremium,20,1780.0,948.0,160,140.0,534.0,-1.999999999999801,9.0,498.6,False,-500.5999999999998,2026-08,4
2026-08-07,Pattaya_Beach,PassionFruit,55,3575.0,1438.2499999999998,330,330.0,858.0,618.75,5.0,160.75,False,458.0,2026-08,4
2026-08-07,Pattaya_Beach,Pineapple,81,3969.0,848.88,486,405.0,952.56,1276.56,4.0,65.92,False,1210.6399999999999,2026-08,4
2026-08-07,Pattaya_Beach,Watermelon,157,7065.0,1282.69,942,785.0,2119.5,1935.8100000000002,4.0,56.68,False,1879.13,2026-08,4
2026-08-07,Pattaya_Central,Guava,69,3381.0,661.71,414,379.5,1014.3,911.4900000000001,3.0,46.77,False,864.7200000000001,2026-08,4
2026-08-07,Pattaya_Central,MixedBerryPremium,31,2759.0,1469.3999999999999,248,217.0,662.16,162.44000000000023,7.0,387.8,False,-225.3599999999998,2026-08,4
2026-08-07,Pattaya_Central,PassionFruit,54,3510.0,1412.1,324,324.0,1053.0,396.9000000000001,6.0,192.9,False,204.00000000000009,2026-08,4
2026-08-07,Pattaya_Central,Pineapple,91,4459.0,953.6800000000001,546,455.0,1070.1599999999999,1434.16,3.0,49.44,False,1384.72,2026-08,4
2026-08-07,Pattaya_Central,Watermelon,164,7380.0,1339.8799999999999,984,820.0,1771.2,2464.92,4.0,56.68,False,2408.2400000000002,2026-08,4
2026-08-08,BKK_Ladprao,Guava,56,2195.2,537.04,336,308.0,526.848,487.3120000000001,4.0,62.36,False,424.9520000000001,2026-08,5
2026-08-08,BKK_Ladprao,MixedBerryPremium,18,1281.6000000000001,853.1999999999999,144,126.0,384.48,-226.07999999999979,6.0,332.4,False,-558.4799999999998,2026-08,5
2026-08-08,BKK_Ladprao,PassionFruit,44,2288.0,1150.6,264,264.0,549.12,60.280000000000115,4.0,128.6,False,-68.31999999999988,2026-08,5
2026-08-08,BKK_Ladprao,Pineapple,89,3488.8,932.72,534,445.0,837.3119999999999,739.768,10.0,164.8,False,574.9680000000001,2026-08,5
2026-08-08,BKK_Ladprao,Watermelon,140,5040.0,1143.8,840,700.0,1512.0,844.2,13.0,184.21,False,659.99,2026-08,5
2026-08-08,BKK_Sukhumvit,Guava,94,3684.8,901.46,564,517.0,1105.44,596.9000000000002,6.0,93.54,False,503.3600000000002,2026-08,5
2026-08-08,BKK_Sukhumvit,MixedBerryPremium,52,3702.4,2464.7999999999997,416,364.0,888.576,-430.9759999999999,17.0,941.8,False,-1372.7759999999998,2026-08,5
2026-08-08,BKK_Sukhumvit,PassionFruit,69,3588.0,1804.3499999999997,414,414.0,861.12,94.53000000000026,7.0,225.05,False,-130.51999999999975,2026-08,5
2026-08-08,BKK_Sukhumvit,Pineapple,142,5566.4,1488.16,852,710.0,1669.9199999999998,846.3199999999999,5.0,82.4,False,763.92,2026-08,5
2026-08-08,BKK_Sukhumvit,Watermelon,230,8280.0,1879.1,1380,1150.0,1987.1999999999998,1883.7000000000003,3.0,42.51,False,1841.1900000000003,2026-08,5
2026-08-08,Pattaya_Beach,Guava,145,5684.0,1390.55,870,797.5,1364.1599999999999,1261.79,7.0,109.13,False,1152.6599999999999,2026-08,5
2026-08-08,Pattaya_Beach,MixedBerryPremium,65,4628.0,3081.0,520,455.0,1388.3999999999999,-816.3999999999996,12.0,664.8,False,-1481.1999999999996,2026-08,5
2026-08-08,Pattaya_Beach,PassionFruit,110,5720.0,2876.5,660,660.0,1372.8,150.70000000000027,14.0,450.1,False,-299.39999999999975,2026-08,5
2026-08-08,Pattaya_Beach,Pineapple,177,6938.4,1854.96,1062,885.0,1665.216,1471.2240000000006,9.0,148.32,False,1322.9040000000007,2026-08,5
2026-08-08,Pattaya_Beach,Watermelon,333,11988.0,2720.61,1998,1665.0,3596.3999999999996,2007.99,16.0,226.72,False,1781.27,2026-08,5
2026-08-08,Pattaya_Central,Guava,148,5801.6,1419.32,888,814.0,1392.384,1287.8960000000004,13.0,202.67,False,1085.2260000000003,2026-08,5
2026-08-08,Pattaya_Central,MixedBerryPremium,49,3488.8,2322.6,392,343.0,1046.6399999999999,-615.4399999999997,8.0,443.2,False,-1058.6399999999996,2026-08,5
2026-08-08,Pattaya_Central,PassionFruit,131,6812.0,3425.6499999999996,786,786.0,2043.6,-229.24999999999972,11.0,353.65,False,-582.8999999999996,2026-08,5
2026-08-08,Pattaya_Central,Pineapple,204,7996.8,2137.92,1224,1020.0,1919.232,1695.6480000000001,6.0,98.88,False,1596.768,2026-08,5
2026-08-08,Pattaya_Central,Watermelon,344,12384.0,2810.48,2064,1720.0,3715.2,2074.32,8.0,113.36,False,1960.9600000000003,2026-08,5
2026-08-09,BKK_Ladprao,Guava,28,1372.0,268.52,168,154.0,329.28,452.2,3.0,46.77,False,405.43,2026-08,6
2026-08-09,BKK_Ladprao,MixedBerryPremium,18,1602.0,853.1999999999999,144,126.0,384.48,94.32000000000016,6.0,332.4,False,-238.0799999999998,2026-08,6
2026-08-09,BKK_Ladprao,PassionFruit,29,1885.0,758.3499999999999,174,174.0,452.4,326.25,4.0,128.6,False,197.65,2026-08,6
2026-08-09,BKK_Ladprao,Pineapple,49,2401.0,513.52,294,245.0,720.3,628.1800000000001,3.0,49.44,False,578.74,2026-08,6
2026-08-09,BKK_Ladprao,Watermelon,81,3645.0,661.77,486,405.0,874.8,1217.43,5.0,70.85,False,1146.5800000000002,2026-08,6
2026-08-09,BKK_Sukhumvit,Guava,58,2842.0,556.22,348,319.0,682.08,936.6999999999999,3.0,46.77,False,889.93,2026-08,6
2026-08-09,BKK_Sukhumvit,MixedBerryPremium,12,1068.0,568.8,96,84.0,320.4,-1.1999999999999318,4.0,221.6,False,-222.79999999999993,2026-08,6
2026-08-09,BKK_Sukhumvit,PassionFruit,45,2925.0,1176.75,270,270.0,877.5,330.7500000000001,4.0,128.6,False,202.15000000000012,2026-08,6
2026-08-09,BKK_Sukhumvit,Pineapple,88,4312.0,922.2400000000001,528,440.0,1293.6,1128.16,4.0,65.92,False,1062.24,2026-08,6
2026-08-09,BKK_Sukhumvit,Watermelon,124,5580.0,1013.08,744,620.0,1339.2,1863.72,3.0,42.51,False,1821.21,2026-08,6
2026-08-09,Pattaya_Beach,Guava,61,2989.0,584.99,366,335.5,717.36,985.15,3.0,46.77,False,938.38,2026-08,6
2026-08-09,Pattaya_Beach,MixedBerryPremium,35,3115.0,1659.0,280,245.0,934.5,-3.499999999999659,8.0,443.2,False,-446.69999999999965,2026-08,6
2026-08-09,Pattaya_Beach,PassionFruit,46,2990.0,1202.8999999999999,276,276.0,897.0,338.10000000000014,2.0,64.3,False,273.8000000000001,2026-08,6
2026-08-09,Pattaya_Beach,Pineapple,84,4116.0,880.32,504,420.0,987.8399999999999,1323.8400000000001,3.0,49.44,False,1274.4,2026-08,6
2026-08-09,Pattaya_Beach,Watermelon,166,7470.0,1356.22,996,830.0,2241.0,2046.7800000000002,4.0,56.68,False,1990.1000000000001,2026-08,6
2026-08-09,Pattaya_Central,Guava,78,3822.0,748.02,468,429.0,1146.6,1030.38,5.0,77.95,False,952.4300000000001,2026-08,6
2026-08-09,Pattaya_Central,MixedBerryPremium,39,3471.0,1848.6,312,273.0,833.04,204.36000000000035,4.0,221.6,False,-17.23999999999964,2026-08,6
2026-08-09,Pattaya_Central,PassionFruit,60,3900.0,1569.0,360,360.0,936.0,675.0,4.0,128.6,False,546.4,2026-08,6
2026-08-09,Pattaya_Central,Pineapple,116,5684.0,1215.68,696,580.0,1364.1599999999999,1828.16,4.0,65.92,False,1762.24,2026-08,6
2026-08-09,Pattaya_Central,Watermelon,209,9405.0,1707.53,1254,1045.0,2821.5,2576.9700000000003,5.0,70.85,False,2506.1200000000003,2026-08,6
2026-08-10,BKK_Ladprao,Guava,42,1811.04,433.86,252,231.0,543.312,350.86800000000005,3.0,48.99,False,301.87800000000004,2026-08,0
2026-08-10,BKK_Ladprao,MixedBerryPremium,15,1174.8,763.8000000000001,120,105.0,352.44,-166.44000000000005,4.0,235.68,False,-402.12000000000006,2026-08,0
2026-08-10,BKK_Ladprao,PassionFruit,38,2173.6,1076.54,228,228.0,652.0799999999999,-11.019999999999897,4.0,137.32,False,-148.3399999999999,2026-08,0
2026-08-10,BKK_Ladprao,Pineapple,57,2457.84,547.1999999999999,342,285.0,589.8815999999999,693.7584000000002,4.0,62.4,False,631.3584000000002,2026-08,0
2026-08-10,BKK_Ladprao,Watermelon,94,3722.4,744.48,564,470.0,1116.72,827.1999999999998,5.0,69.6,False,757.5999999999998,2026-08,0
2026-08-10,BKK_Sukhumvit,Guava,64,2759.68,661.12,384,352.0,662.3231999999999,700.2368,1.0,16.33,False,683.9068,2026-08,0
2026-08-10,BKK_Sukhumvit,MixedBerryPremium,22,1723.04,1120.24,176,154.0,413.52959999999996,-140.72960000000018,6.0,353.52,False,-494.24960000000016,2026-08,0
2026-08-10,BKK_Sukhumvit,PassionFruit,57,3260.4,1614.81,342,342.0,978.12,-16.529999999999802,7.0,240.31,False,-256.8399999999998,2026-08,0
2026-08-10,BKK_Sukhumvit,Pineapple,96,4139.5199999999995,921.5999999999999,576,480.0,993.4848,1168.4352000000001,4.0,62.4,False,1106.0352,2026-08,0
2026-08-10,BKK_Sukhumvit,Watermelon,171,6771.6,1354.32,1026,855.0,2031.48,1504.7999999999997,6.0,83.52,False,1421.2799999999997,2026-08,0
2026-08-10,Pattaya_Beach,Guava,80,3449.6,826.4,480,440.0,827.904,875.2959999999999,3.0,48.99,False,826.3059999999999,2026-08,0
2026-08-10,Pattaya_Beach,MixedBerryPremium,16,1253.12,814.72,128,112.0,375.936,-177.536,3.0,176.76,False,-354.296,2026-08,0
2026-08-10,Pattaya_Beach,PassionFruit,62,3546.4,1756.4599999999998,372,372.0,1063.9199999999998,-17.97999999999982,5.0,171.65,False,-189.62999999999982,2026-08,0
2026-08-10,Pattaya_Beach,Pineapple,112,4829.44,1075.2,672,560.0,1159.0656,1363.1744,5.0,78.0,False,1285.1744,2026-08,0
2026-08-10,Pattaya_Beach,Watermelon,158,6256.8,1251.36,948,790.0,1501.6319999999998,1765.8080000000002,5.0,69.6,False,1696.2080000000003,2026-08,0
2026-08-10,Pattaya_Central,Guava,76,3277.12,785.08,456,418.0,983.1359999999999,634.9040000000001,1.0,16.33,False,618.5740000000001,2026-08,0
2026-08-10,Pattaya_Central,MixedBerryPremium,26,2036.32,1323.92,208,182.0,488.7168,-166.31680000000017,7.0,412.44,False,-578.7568000000001,2026-08,0
2026-08-10,Pattaya_Central,PassionFruit,51,2917.2,1444.83,306,306.0,700.1279999999999,160.2420000000001,6.0,205.98,False,-45.737999999999886,2026-08,0
2026-08-10,Pattaya_Central,Pineapple,132,5691.84,1267.2,792,660.0,1707.552,1265.0879999999997,3.0,46.8,False,1218.2879999999998,2026-08,0
2026-08-10,Pattaya_Central,Watermelon,195,7722.0,1544.3999999999999,1170,975.0,1853.28,2179.32,6.0,83.52,False,2095.8,2026-08,0
2026-08-11,BKK_Ladprao,Guava,36,1764.0,371.88,216,198.0,423.36,554.76,4.0,65.32,False,489.44,2026-08,1
2026-08-11,BKK_Ladprao,MixedBerryPremium,8,712.0,407.36,64,56.0,213.6,-28.960000000000036,3.0,176.76,False,-205.72000000000003,2026-08,1
2026-08-11,BKK_Ladprao,PassionFruit,36,2340.0,1019.8799999999999,216,216.0,702.0,186.11999999999998,4.0,137.32,False,48.79999999999998,2026-08,1
2026-08-11,BKK_Ladprao,Pineapple,47,2303.0,451.2,282,235.0,690.9,643.9000000000001,4.0,62.4,False,581.5000000000001,2026-08,1
2026-08-11,BKK_Ladprao,Watermelon,82,3690.0,649.44,492,410.0,885.5999999999999,1252.96,3.0,41.76,False,1211.2,2026-08,1
2026-08-11,BKK_Sukhumvit,Guava,67,3283.0,692.11,402,368.5,984.9,835.49,4.0,65.32,False,770.1700000000001,2026-08,1
2026-08-11,BKK_Sukhumvit,MixedBerryPremium,15,1335.0,763.8000000000001,120,105.0,400.5,-54.30000000000007,5.0,294.6,False,-348.9000000000001,2026-08,1
2026-08-11,BKK_Sukhumvit,PassionFruit,54,3510.0,1529.82,324,324.0,842.4,489.7800000000001,6.0,205.98,False,283.80000000000007,2026-08,1
2026-08-11,BKK_Sukhumvit,Pineapple,83,4067.0,796.8,498,415.0,976.0799999999999,1381.1200000000001,3.0,46.8,False,1334.3200000000002,2026-08,1
2026-08-11,BKK_Sukhumvit,Watermelon,134,6030.0,1061.28,804,670.0,1447.1999999999998,2047.52,6.0,83.52,False,1964.0,2026-08,1
2026-08-11,Pattaya_Beach,Guava,50,2450.0,516.5,300,275.0,588.0,770.5,4.0,65.32,False,705.1800000000001,2026-08,1
2026-08-11,Pattaya_Beach,MixedBerryPremium,25,2225.0,1273.0,200,175.0,534.0,43.000000000000114,6.0,353.52,False,-310.51999999999987,2026-08,1
2026-08-11,Pattaya_Beach,PassionFruit,45,2925.0,1274.85,270,270.0,877.5,232.6500000000001,5.0,171.65,False,61.000000000000085,2026-08,1
2026-08-11,Pattaya_Beach,Pineapple,81,3969.0,777.5999999999999,486,405.0,952.56,1347.84,4.0,62.4,False,1285.4399999999998,2026-08,1
2026-08-11,Pattaya_Beach,Watermelon,145,6525.0,1148.4,870,725.0,1566.0,2215.6,5.0,69.6,False,2146.0,2026-08,1
2026-08-11,Pattaya_Central,Guava,70,3430.0,723.1,420,385.0,1029.0,872.9,3.0,48.99,False,823.91,2026-08,1
2026-08-11,Pattaya_Central,MixedBerryPremium,22,1958.0,1120.24,176,154.0,469.91999999999996,37.83999999999995,6.0,353.52,False,-315.68000000000006,2026-08,1
2026-08-11,Pattaya_Central,PassionFruit,65,4225.0,1841.4499999999998,390,390.0,1014.0,589.5500000000001,6.0,205.98,False,383.57000000000005,2026-08,1
2026-08-11,Pattaya_Central,Pineapple,107,5243.0,1027.2,642,535.0,1572.8999999999999,1465.9000000000003,5.0,78.0,False,1387.9000000000003,2026-08,1
2026-08-11,Pattaya_Central,Watermelon,150,6750.0,1188.0,900,750.0,2025.0,1887.0000000000002,4.0,55.68,False,1831.3200000000002,2026-08,1
2026-08-12,BKK_Ladprao,Guava,27,1323.0,278.91,162,148.5,317.52,416.07000000000005,3.0,48.99,False,367.08000000000004,2026-08,2
2026-08-12,BKK_Ladprao,MixedBerryPremium,9,801.0,458.28000000000003,72,63.0,240.29999999999998,-32.58000000000004,5.0,294.6,False,-327.18000000000006,2026-08,2
2026-08-12,BKK_Ladprao,PassionFruit,23,1495.0,651.5899999999999,138,138.0,358.8,208.61,5.0,171.65,False,36.96000000000001,2026-08,2
2026-08-12,BKK_Ladprao,Pineapple,66,3234.0,633.6,396,330.0,776.16,1098.24,4.0,62.4,False,1035.84,2026-08,2
2026-08-12,BKK_Ladprao,Watermelon,75,3375.0,594.0,450,375.0,1012.5,943.5,6.0,83.52,False,859.98,2026-08,2
2026-08-12,BKK_Sukhumvit,Guava,48,2352.0,495.84000000000003,288,264.0,564.48,739.6800000000001,2.0,32.66,False,707.0200000000001,2026-08,2
2026-08-12,BKK_Sukhumvit,MixedBerryPremium,20,1780.0,1018.4,160,140.0,427.2,34.400000000000006,3.0,176.76,False,-142.35999999999999,2026-08,2
2026-08-12,BKK_Sukhumvit,PassionFruit,44,2860.0,1246.52,264,264.0,686.4,399.08000000000004,3.0,102.99,False,296.09000000000003,2026-08,2
2026-08-12,BKK_Sukhumvit,Pineapple,97,4753.0,931.2,582,485.0,1140.72,1614.0800000000002,3.0,46.8,False,1567.2800000000002,2026-08,2
2026-08-12,BKK_Sukhumvit,Watermelon,141,6345.0,1116.72,846,705.0,1903.5,1773.78,7.0,97.44,False,1676.34,2026-08,2
2026-08-12,Pattaya_Beach,Guava,74,3626.0,764.4200000000001,444,407.0,870.24,1140.3400000000001,2.0,32.66,False,1107.68,2026-08,2
2026-08-12,Pattaya_Beach,MixedBerryPremium,27,2403.0,1374.8400000000001,216,189.0,720.9,-97.74000000000012,2.0,117.84,False,-215.58000000000013,2026-08,2
2026-08-12,Pattaya_Beach,PassionFruit,40,2600.0,1133.2,240,240.0,780.0,206.8,3.0,102.99,False,103.81000000000002,2026-08,2
2026-08-12,Pattaya_Beach,Pineapple,63,3087.0,604.8,378,315.0,926.1,863.1000000000001,3.0,46.8,False,816.3000000000002,2026-08,2
2026-08-12,Pattaya_Beach,Watermelon,133,5985.0,1053.36,798,665.0,1436.3999999999999,2032.24,4.0,55.68,False,1976.56,2026-08,2
2026-08-12,Pattaya_Central,Guava,66,3234.0,681.78,396,363.0,970.1999999999999,823.02,4.0,65.32,False,757.7,2026-08,2
2026-08-12,Pattaya_Central,MixedBerryPremium,23,2047.0,1171.16,184,161.0,614.1,-83.2600000000001,2.0,117.84,False,-201.1000000000001,2026-08,2
2026-08-12,Pattaya_Central,PassionFruit,65,4225.0,1841.4499999999998,390,390.0,1014.0,589.5500000000001,8.0,274.64,False,314.9100000000001,2026-08,2
2026-08-12,Pattaya_Central,Pineapple,118,5782.0,1132.8,708,590.0,1734.6,1616.6000000000001,2.0,31.2,False,1585.4,2026-08,2
2026-08-12,Pattaya_Central,Watermelon,148,6660.0,1172.16,888,740.0,1598.3999999999999,2261.44,5.0,69.6,False,2191.84,2026-08,2
2026-08-13,BKK_Ladprao,Guava,21,1029.0,216.93,126,115.5,308.7,261.87,3.0,48.99,False,212.88,2026-08,3
2026-08-13,BKK_Ladprao,MixedBerryPremium,13,1157.0,661.96,104,91.0,347.1,-47.06000000000006,7.0,412.44,False,-459.50000000000006,2026-08,3
2026-08-13,BKK_Ladprao,PassionFruit,23,1495.0,651.5899999999999,138,138.0,358.8,208.61,3.0,102.99,False,105.62000000000002,2026-08,3
2026-08-13,BKK_Ladprao,Pineapple,58,2842.0,556.8,348,290.0,852.6,794.6000000000001,4.0,62.4,False,732.2000000000002,2026-08,3
2026-08-13,BKK_Ladprao,Watermelon,82,3690.0,649.44,492,410.0,1107.0,1031.56,4.0,55.68,False,975.88,2026-08,3
2026-08-13,BKK_Sukhumvit,Guava,66,3234.0,681.78,396,363.0,970.1999999999999,823.02,3.0,48.99,False,774.03,2026-08,3
2026-08-13,BKK_Sukhumvit,MixedBerryPremium,14,1246.0,712.88,112,98.0,373.8,-50.680000000000064,4.0,235.68,False,-286.36000000000007,2026-08,3
2026-08-13,BKK_Sukhumvit,PassionFruit,42,2730.0,1189.86,252,252.0,819.0,217.14000000000004,1.0,34.33,False,182.81000000000006,2026-08,3
2026-08-13,BKK_Sukhumvit,Pineapple,72,3528.0,691.1999999999999,432,360.0,846.7199999999999,1198.0800000000002,3.0,46.8,False,1151.2800000000002,2026-08,3
2026-08-13,BKK_Sukhumvit,Watermelon,120,5400.0,950.4,720,600.0,1296.0,1833.6,4.0,55.68,False,1777.9199999999998,2026-08,3
2026-08-13,Pattaya_Beach,Guava,61,2989.0,630.13,366,335.5,896.7,760.67,4.0,65.32,False,695.3499999999999,2026-08,3
2026-08-13,Pattaya_Beach,MixedBerryPremium,24,2136.0,1222.08,192,168.0,512.64,41.27999999999997,8.0,471.36,False,-430.08000000000004,2026-08,3
2026-08-13,Pattaya_Beach,PassionFruit,48,3120.0,1359.84,288,288.0,748.8,435.36000000000007,4.0,137.32,False,298.0400000000001,2026-08,3
2026-08-13,Pattaya_Beach,Pineapple,77,3773.0,739.1999999999999,462,385.0,905.52,1281.28,2.0,31.2,False,1250.08,2026-08,3
2026-08-13,Pattaya_Beach,Watermelon,148,6660.0,1172.1599999999999,888,740.0,1998.0,1861.8400000000001,5.0,69.6,False,1792.2400000000002,2026-08,3
2026-08-13,Pattaya_Central,Guava,72,3528.0,743.76,432,396.0,846.7199999999999,1109.52,4.0,65.32,False,1044.2,2026-08,3
2026-08-13,Pattaya_Central,MixedBerryPremium,16,1424.0,814.72,128,112.0,427.2,-57.92000000000007,4.0,235.68,False,-293.6000000000001,2026-08,3
2026-08-13,Pattaya_Central,PassionFruit,66,4290.0,1869.7799999999997,396,396.0,1287.0,341.22,9.0,308.97,False,32.25,2026-08,3
2026-08-13,Pattaya_Central,Pineapple,114,5586.0,1094.4,684,570.0,1675.8,1561.8000000000002,6.0,93.6,False,1468.2000000000003,2026-08,3
2026-08-13,Pattaya_Central,Watermelon,164,7380.0,1298.88,984,820.0,2214.0,2063.1200000000003,5.0,69.6,False,1993.5200000000004,2026-08,3
2026-08-14,BKK_Ladprao,Guava,36,1764.0,371.88,216,198.0,529.1999999999999,448.91999999999996,4.0,65.32,False,383.59999999999997,2026-08,4
2026-08-14,BKK_Ladprao,MixedBerryPremium,10,890.0,509.20000000000005,80,70.0,213.6,17.19999999999999,3.0,176.76,False,-159.56,2026-08,4
2026-08-14,BKK_Ladprao,PassionFruit,24,1560.0,679.92,144,144.0,468.0,124.08000000000003,4.0,137.32,False,-13.239999999999966,2026-08,4
2026-08-14,BKK_Ladprao,Pineapple,53,2597.0,508.79999999999995,318,265.0,779.1,726.1,2.0,31.2,False,694.9,2026-08,4
2026-08-14,BKK_Ladprao,Watermelon,73,3285.0,578.16,438,365.0,788.4,1115.44,3.0,41.76,False,1073.68,2026-08,4
2026-08-14,BKK_Sukhumvit,Guava,68,3332.0,702.44,408,374.0,799.68,1047.88,2.0,32.66,False,1015.2200000000001,2026-08,4
2026-08-14,BKK_Sukhumvit,MixedBerryPremium,22,1958.0,1120.24,176,154.0,469.91999999999996,37.84000000000003,2.0,117.84,False,-79.99999999999997,2026-08,4
2026-08-14,BKK_Sukhumvit,PassionFruit,46,2990.0,1303.1799999999998,276,276.0,897.0,237.82000000000005,4.0,137.32,False,100.50000000000006,2026-08,4
2026-08-14,BKK_Sukhumvit,Pineapple,96,4704.0,921.6,576,480.0,1411.1999999999998,1315.2000000000003,4.0,62.4,False,1252.8000000000002,2026-08,4
2026-08-14,BKK_Sukhumvit,Watermelon,132,5940.0,1045.44,792,660.0,1425.6,2016.96,4.0,55.68,False,1961.28,2026-08,4
2026-08-14,Pattaya_Beach,Guava,64,3136.0,661.12,384,352.0,940.8,798.0799999999999,2.0,32.66,False,765.42,2026-08,4
2026-08-14,Pattaya_Beach,MixedBerryPremium,27,2403.0,1374.8400000000001,216,189.0,720.9,-97.74000000000012,6.0,353.52,False,-451.2600000000001,2026-08,4
2026-08-14,Pattaya_Beach,PassionFruit,43,2795.0,1218.1899999999998,258,258.0,838.5,222.31,4.0,137.32,False,84.99000000000001,2026-08,4
2026-08-14,Pattaya_Beach,Pineapple,84,4116.0,806.4,504,420.0,1234.8,1150.8000000000002,3.0,46.8,False,1104.0000000000002,2026-08,4
2026-08-14,Pattaya_Beach,Watermelon,134,6030.0,1061.28,804,670.0,1447.2,2047.52,5.0,69.6,False,1977.92,2026-08,4
2026-08-14,Pattaya_Central,Guava,75,3675.0,774.75,450,412.5,882.0,1155.75,3.0,48.99,False,1106.76,2026-08,4
2026-08-14,Pattaya_Central,MixedBerryPremium,27,2403.0,1374.8400000000001,216,189.0,576.72,46.43999999999997,3.0,176.76,False,-130.32000000000002,2026-08,4
2026-08-14,Pattaya_Central,PassionFruit,41,2665.0,1161.53,246,246.0,639.6,371.87000000000006,3.0,102.99,False,268.88000000000005,2026-08,4
2026-08-14,Pattaya_Central,Pineapple,97,4753.0,931.1999999999999,582,485.0,1425.8999999999999,1328.9000000000003,6.0,93.6,False,1235.3000000000004,2026-08,4
2026-08-14,Pattaya_Central,Watermelon,149,6705.0,1180.08,894,745.0,2011.5,1874.42,5.0,69.6,False,1804.8200000000002,2026-08,4
2026-08-15,BKK_Ladprao,Guava,29,1421.0,299.57,174,159.5,426.3,361.63,2.0,32.66,False,328.97,2026-08,5
2026-08-15,BKK_Ladprao,MixedBerryPremium,7,623.0,356.44,56,49.0,149.51999999999998,12.039999999999992,4.0,235.68,False,-223.64000000000001,2026-08,5
2026-08-15,BKK_Ladprao,PassionFruit,32,2080.0,906.56,192,192.0,499.2,290.24000000000007,5.0,171.65,False,118.59000000000006,2026-08,5
2026-08-15,BKK_Ladprao,Pineapple,59,2891.0,566.4,354,295.0,693.84,981.76,6.0,93.6,False,888.16,2026-08,5
2026-08-15,BKK_Ladprao,Watermelon,75,3375.0,594.0,450,375.0,810.0,1146.0,4.0,55.68,False,1090.32,2026-08,5
2026-08-15,BKK_Sukhumvit,Guava,52,2548.0,537.16,312,286.0,611.52,801.32,3.0,48.99,False,752.33,2026-08,5
2026-08-15,BKK_Sukhumvit,MixedBerryPremium,24,2136.0,1222.08,192,168.0,512.64,41.28,5.0,294.6,False,-253.32000000000002,2026-08,5
2026-08-15,BKK_Sukhumvit,PassionFruit,39,2535.0,1104.87,234,234.0,608.4,353.7300000000001,4.0,137.32,False,216.41000000000008,2026-08,5
2026-08-15,BKK_Sukhumvit,Pineapple,79,3871.0,758.4,474,395.0,1161.3,1082.3000000000002,3.0,46.8,False,1035.5000000000002,2026-08,5
2026-08-15,BKK_Sukhumvit,Watermelon,144,6480.0,1140.48,864,720.0,1555.2,2200.32,6.0,83.52,False,2116.8,2026-08,5
2026-08-15,Pattaya_Beach,Guava,64,3136.0,661.12,384,352.0,940.8,798.0799999999999,3.0,48.99,False,749.0899999999999,2026-08,5
2026-08-15,Pattaya_Beach,MixedBerryPremium,23,2047.0,1171.16,184,161.0,614.1,-83.2600000000001,6.0,353.52,False,-436.7800000000001,2026-08,5
2026-08-15,Pattaya_Beach,PassionFruit,49,3185.0,1388.1699999999998,294,294.0,764.4,444.43000000000006,4.0,137.32,False,307.11000000000007,2026-08,5
2026-08-15,Pattaya_Beach,Pineapple,114,5586.0,1094.4,684,570.0,1675.8,1561.8000000000002,8.0,124.8,False,1437.0000000000002,2026-08,5
2026-08-15,Pattaya_Beach,Watermelon,164,7380.0,1298.88,984,820.0,2214.0,2063.1200000000003,3.0,41.76,False,2021.3600000000004,2026-08,5
2026-08-15,Pattaya_Central,Guava,79,3871.0,816.07,474,434.5,929.04,1217.39,6.0,97.98,False,1119.41,2026-08,5
2026-08-15,Pattaya_Central,MixedBerryPremium,25,2225.0,1273.0,200,175.0,667.5,-90.50000000000011,6.0,353.52,False,-444.0200000000001,2026-08,5
2026-08-15,Pattaya_Central,PassionFruit,62,4030.0,1756.4599999999998,372,372.0,1209.0,320.54,6.0,205.98,False,114.56000000000003,2026-08,5
2026-08-15,Pattaya_Central,Pineapple,129,6321.0,1238.3999999999999,774,645.0,1896.3,1767.3000000000002,5.0,78.0,False,1689.3000000000002,2026-08,5
2026-08-15,Pattaya_Central,Watermelon,203,9135.0,1607.76,1218,1015.0,2192.4,3101.84,5.0,69.6,False,3032.2400000000002,2026-08,5
2026-08-16,BKK_Ladprao,Guava,29,1421.0,299.57,174,159.5,341.04,446.89000000000004,2.0,32.66,False,414.23,2026-08,6
2026-08-16,BKK_Ladprao,MixedBerryPremium,8,712.0,407.36,64,56.0,213.6,-28.960000000000036,0.0,0.0,False,-28.960000000000036,2026-08,6
2026-08-16,BKK_Ladprao,PassionFruit,32,2080.0,906.56,192,192.0,499.2,290.24000000000007,3.0,102.99,False,187.25000000000006,2026-08,6
2026-08-16,BKK_Ladprao,Pineapple,35,1715.0,336.0,210,175.0,514.5,479.50000000000006,3.0,46.8,False,432.70000000000005,2026-08,6
2026-08-16,BKK_Ladprao,Watermelon,73,3285.0,578.16,438,365.0,788.4,1115.44,5.0,69.6,False,1045.8400000000001,2026-08,6
2026-08-16,BKK_Sukhumvit,Guava,53,2597.0,547.49,318,291.5,623.28,816.7300000000001,3.0,48.99,False,767.7400000000001,2026-08,6
2026-08-16,BKK_Sukhumvit,MixedBerryPremium,17,1513.0,865.64,136,119.0,363.12,29.240000000000038,5.0,294.6,False,-265.36,2026-08,6
2026-08-16,BKK_Sukhumvit,PassionFruit,40,2600.0,1133.1999999999998,240,240.0,780.0,206.8,5.0,171.65,False,35.150000000000006,2026-08,6
2026-08-16,BKK_Sukhumvit,Pineapple,83,4067.0,796.8,498,415.0,976.0799999999999,1381.1200000000001,3.0,46.8,False,1334.3200000000002,2026-08,6
2026-08-16,BKK_Sukhumvit,Watermelon,124,5580.0,982.08,744,620.0,1339.2,1894.72,5.0,69.6,False,1825.1200000000001,2026-08,6
2026-08-16,Pattaya_Beach,Guava,77,3773.0,795.41,462,423.5,1131.8999999999999,960.19,3.0,48.99,False,911.2,2026-08,6
2026-08-16,Pattaya_Beach,MixedBerryPremium,30,2670.0,1527.6000000000001,240,210.0,640.8,51.59999999999994,8.0,471.36,False,-419.7600000000001,2026-08,6
2026-08-16,Pattaya_Beach,PassionFruit,51,3315.0,1444.83,306,306.0,795.6,462.5700000000001,5.0,171.65,False,290.9200000000001,2026-08,6
2026-08-16,Pattaya_Beach,Pineapple,85,4165.0,816.0,510,425.0,1249.5,1164.5000000000002,5.0,78.0,False,1086.5000000000002,2026-08,6
2026-08-16,Pattaya_Beach,Watermelon,172,7740.0,1362.24,1032,860.0,2322.0,2163.76,6.0,83.52,False,2080.2400000000002,2026-08,6
2026-08-16,Pattaya_Central,Guava,92,4508.0,950.36,552,506.0,1352.3999999999999,1147.24,6.0,97.98,False,1049.26,2026-08,6
2026-08-16,Pattaya_Central,MixedBerryPremium,24,2136.0,1222.0800000000002,192,168.0,640.8,-86.88000000000011,4.0,235.68,False,-322.5600000000001,2026-08,6
2026-08-16,Pattaya_Central,PassionFruit,71,4615.0,2011.4299999999998,426,426.0,1384.5,367.07000000000005,5.0,171.65,False,195.42000000000004,2026-08,6
2026-08-16,Pattaya_Central,Pineapple,124,6076.0,1190.3999999999999,744,620.0,1458.24,2063.36,7.0,109.2,False,1954.16,2026-08,6
2026-08-16,Pattaya_Central,Watermelon,199,8955.0,1576.08,1194,995.0,2686.5,2503.42,4.0,55.68,False,2447.7400000000002,2026-08,6
2026-08-17,BKK_Ladprao,Guava,28,1372.0,262.35999999999996,168,154.0,329.28,458.3600000000001,3.0,46.11,False,412.2500000000001,2026-08,0
2026-08-17,BKK_Ladprao,MixedBerryPremium,10,890.0,525.7,80,70.0,213.6,0.7000000000000739,3.0,181.71,False,-181.00999999999993,2026-08,0
2026-08-17,BKK_Ladprao,PassionFruit,24,1560.0,669.5999999999999,144,144.0,374.4,228.0,3.0,101.7,False,126.3,2026-08,0
2026-08-17,BKK_Ladprao,Pineapple,52,2548.0,564.1999999999999,312,260.0,611.52,800.28,3.0,50.55,False,749.73,2026-08,0
2026-08-17,BKK_Ladprao,Watermelon,74,3330.0,579.42,444,370.0,799.1999999999999,1137.38,5.0,69.15,False,1068.23,2026-08,0
2026-08-17,BKK_Sukhumvit,Guava,62,3038.0,580.9399999999999,372,341.0,729.12,1014.9400000000002,3.0,46.11,False,968.8300000000002,2026-08,0
2026-08-17,BKK_Sukhumvit,MixedBerryPremium,24,2136.0,1261.68,192,168.0,640.8,-126.47999999999995,7.0,423.99,False,-550.4699999999999,2026-08,0
2026-08-17,BKK_Sukhumvit,PassionFruit,49,3185.0,1367.1,294,294.0,955.5,274.4000000000001,4.0,135.6,False,138.8000000000001,2026-08,0
2026-08-17,BKK_Sukhumvit,Pineapple,92,4508.0,998.1999999999999,552,460.0,1352.3999999999999,1145.4000000000003,2.0,33.7,False,1111.7000000000003,2026-08,0
2026-08-17,BKK_Sukhumvit,Watermelon,122,5490.0,955.26,732,610.0,1317.6,1875.1399999999999,3.0,41.49,False,1833.6499999999999,2026-08,0
2026-08-17,Pattaya_Beach,Guava,54,2646.0,505.97999999999996,324,297.0,793.8,725.2200000000001,3.0,46.11,False,679.1100000000001,2026-08,0
2026-08-17,Pattaya_Beach,MixedBerryPremium,27,2403.0,1419.39,216,189.0,576.72,1.890000000000029,8.0,484.56,False,-482.66999999999996,2026-08,0
2026-08-17,Pattaya_Beach,PassionFruit,46,2990.0,1283.3999999999999,276,276.0,897.0,257.6000000000001,4.0,135.6,False,122.00000000000009,2026-08,0
2026-08-17,Pattaya_Beach,Pineapple,93,4557.0,1009.05,558,465.0,1367.1,1157.8500000000001,5.0,84.25,False,1073.6000000000001,2026-08,0
2026-08-17,Pattaya_Beach,Watermelon,127,5715.0,994.41,762,635.0,1714.5,1609.09,3.0,41.49,False,1567.6,2026-08,0
2026-08-17,Pattaya_Central,Guava,63,3087.0,590.31,378,346.5,926.1,846.0900000000003,1.0,15.37,False,830.7200000000003,2026-08,0
2026-08-17,Pattaya_Central,MixedBerryPremium,29,2581.0,1524.53,232,203.0,774.3,-152.82999999999998,8.0,484.56,False,-637.39,2026-08,0
2026-08-17,Pattaya_Central,PassionFruit,60,3900.0,1674.0,360,360.0,936.0,570.0,1.0,33.9,False,536.1,2026-08,0
2026-08-17,Pattaya_Central,Pineapple,99,4851.0,1074.1499999999999,594,495.0,1164.24,1523.6100000000001,3.0,50.55,False,1473.0600000000002,2026-08,0
2026-08-17,Pattaya_Central,Watermelon,170,7650.0,1331.1,1020,850.0,1836.0,2612.9,5.0,69.15,False,2543.75,2026-08,0
2026-08-18,BKK_Ladprao,Guava,40,1960.0,374.79999999999995,240,220.0,588.0,537.2000000000002,5.0,76.85,False,460.35000000000014,2026-08,1
2026-08-18,BKK_Ladprao,MixedBerryPremium,10,890.0,525.7,80,70.0,267.0,-52.69999999999996,5.0,302.85,False,-355.54999999999995,2026-08,1
2026-08-18,BKK_Ladprao,PassionFruit,29,1885.0,809.0999999999999,174,174.0,565.5,162.40000000000006,4.0,135.6,False,26.800000000000068,2026-08,1
2026-08-18,BKK_Ladprao,Pineapple,48,2352.0,520.8,288,240.0,564.48,738.72,3.0,50.55,False,688.1700000000001,2026-08,1
2026-08-18,BKK_Ladprao,Watermelon,80,3600.0,626.4,480,400.0,1080.0,1013.6,3.0,41.49,False,972.11,2026-08,1
2026-08-18,BKK_Sukhumvit,Guava,42,2058.0,393.53999999999996,252,231.0,493.91999999999996,687.5400000000002,1.0,15.37,False,672.1700000000002,2026-08,1
2026-08-18,BKK_Sukhumvit,MixedBerryPremium,25,2225.0,1314.25,200,175.0,534.0,1.7500000000000995,4.0,242.28,False,-240.52999999999992,2026-08,1
2026-08-18,BKK_Sukhumvit,PassionFruit,42,2730.0,1171.8,252,252.0,819.0,235.2000000000001,2.0,67.8,False,167.4000000000001,2026-08,1
2026-08-18,BKK_Sukhumvit,Pineapple,85,4165.0,922.25,510,425.0,999.6,1308.15,3.0,50.55,False,1257.6000000000001,2026-08,1
2026-08-18,BKK_Sukhumvit,Watermelon,128,5760.0,1002.24,768,640.0,1728.0,1621.76,3.0,41.49,False,1580.27,2026-08,1
2026-08-18,Pattaya_Beach,Guava,51,2499.0,477.86999999999995,306,280.5,749.6999999999999,684.9300000000002,4.0,61.48,False,623.4500000000002,2026-08,1
2026-08-18,Pattaya_Beach,MixedBerryPremium,18,1602.0,946.26,144,126.0,480.59999999999997,-94.85999999999994,3.0,181.71,False,-276.56999999999994,2026-08,1
2026-08-18,Pattaya_Beach,PassionFruit,43,2795.0,1199.6999999999998,258,258.0,670.8,408.50000000000006,4.0,135.6,False,272.9000000000001,2026-08,1
2026-08-18,Pattaya_Beach,Pineapple,96,4704.0,1041.6,576,480.0,1411.1999999999998,1195.2000000000003,4.0,67.4,False,1127.8000000000002,2026-08,1
2026-08-18,Pattaya_Beach,Watermelon,157,7065.0,1229.31,942,785.0,1695.6,2413.0899999999997,4.0,55.32,False,2357.7699999999995,2026-08,1
2026-08-18,Pattaya_Central,Guava,71,3479.0,665.27,426,390.5,1043.7,953.5300000000002,3.0,46.11,False,907.4200000000002,2026-08,1
2026-08-18,Pattaya_Central,MixedBerryPremium,26,2314.0,1366.82,208,182.0,555.36,1.820000000000121,7.0,423.99,False,-422.1699999999999,2026-08,1
2026-08-18,Pattaya_Central,PassionFruit,65,4225.0,1813.4999999999998,390,390.0,1267.5,364.00000000000017,4.0,135.6,False,228.40000000000018,2026-08,1
2026-08-18,Pattaya_Central,Pineapple,112,5488.0,1215.2,672,560.0,1317.12,1723.68,5.0,84.25,False,1639.43,2026-08,1
2026-08-18,Pattaya_Central,Watermelon,173,7785.0,1354.59,1038,865.0,1868.3999999999999,2659.0099999999998,8.0,110.64,False,2548.37,2026-08,1
2026-08-19,BKK_Ladprao,Guava,36,1764.0,337.32,216,198.0,529.1999999999999,483.48000000000013,3.0,46.11,False,437.3700000000001,2026-08,2
2026-08-19,BKK_Ladprao,MixedBerryPremium,10,890.0,525.7,80,70.0,267.0,-52.69999999999996,4.0,242.28,False,-294.97999999999996,2026-08,2
2026-08-19,BKK_Ladprao,PassionFruit,29,1885.0,809.0999999999999,174,174.0,565.5,162.40000000000006,3.0,101.7,False,60.70000000000006,2026-08,2
2026-08-19,BKK_Ladprao,Pineapple,56,2744.0,607.6,336,280.0,658.56,861.8399999999999,2.0,33.7,False,828.1399999999999,2026-08,2
2026-08-19,BKK_Ladprao,Watermelon,84,3780.0,657.72,504,420.0,907.1999999999999,1291.0800000000002,6.0,82.98,False,1208.1000000000001,2026-08,2
2026-08-19,BKK_Sukhumvit,Guava,53,2597.0,496.60999999999996,318,291.5,623.28,867.6100000000002,2.0,30.74,False,836.8700000000002,2026-08,2
2026-08-19,BKK_Sukhumvit,MixedBerryPremium,23,2047.0,1209.1100000000001,184,161.0,614.1,-121.20999999999998,5.0,302.85,False,-424.06,2026-08,2
2026-08-19,BKK_Sukhumvit,PassionFruit,45,2925.0,1255.5,270,270.0,702.0,427.50000000000006,6.0,203.4,False,224.10000000000005,2026-08,2
2026-08-19,BKK_Sukhumvit,Pineapple,81,3969.0,878.85,486,405.0,952.56,1246.5900000000001,3.0,50.55,False,1196.0400000000002,2026-08,2
2026-08-19,BKK_Sukhumvit,Watermelon,119,5355.0,931.77,714,595.0,1285.2,1829.03,3.0,41.49,False,1787.54,2026-08,2
2026-08-19,Pattaya_Beach,Guava,56,2744.0,524.7199999999999,336,308.0,823.2,752.0800000000002,4.0,61.48,False,690.6000000000001,2026-08,2
2026-08-19,Pattaya_Beach,MixedBerryPremium,19,1691.0,998.83,152,133.0,507.29999999999995,-100.12999999999997,2.0,121.14,False,-221.26999999999998,2026-08,2
2026-08-19,Pattaya_Beach,PassionFruit,47,3055.0,1311.3,282,282.0,733.1999999999999,446.5,5.0,169.5,False,277.0,2026-08,2
2026-08-19,Pattaya_Beach,Pineapple,85,4165.0,922.25,510,425.0,999.5999999999999,1308.15,2.0,33.7,False,1274.45,2026-08,2
2026-08-19,Pattaya_Beach,Watermelon,120,5400.0,939.6,720,600.0,1296.0,1844.4,2.0,27.66,False,1816.74,2026-08,2
2026-08-19,Pattaya_Central,Guava,60,2940.0,562.1999999999999,360,330.0,705.6,982.2000000000003,3.0,46.11,False,936.0900000000003,2026-08,2
2026-08-19,Pattaya_Central,MixedBerryPremium,30,2670.0,1577.1000000000001,240,210.0,801.0,-158.09999999999994,12.0,726.84,False,-884.9399999999999,2026-08,2
2026-08-19,Pattaya_Central,PassionFruit,56,3640.0,1562.3999999999999,336,336.0,873.6,532.0,5.0,169.5,False,362.5,2026-08,2
2026-08-19,Pattaya_Central,Pineapple,99,4851.0,1074.1499999999999,594,495.0,1164.24,1523.6100000000001,3.0,50.55,False,1473.0600000000002,2026-08,2
2026-08-19,Pattaya_Central,Watermelon,165,7425.0,1291.95,990,825.0,1782.0,2536.05,6.0,82.98,False,2453.07,2026-08,2
2026-08-20,BKK_Ladprao,Guava,30,1470.0,281.09999999999997,180,165.0,441.0,402.9000000000001,2.0,30.74,False,372.1600000000001,2026-08,3
2026-08-20,BKK_Ladprao,MixedBerryPremium,14,1246.0,735.98,112,98.0,299.03999999999996,0.9800000000000608,3.0,181.71,False,-180.72999999999996,2026-08,3
2026-08-20,BKK_Ladprao,PassionFruit,26,1690.0,725.4,156,156.0,405.6,247.0,2.0,67.8,False,179.2,2026-08,3
2026-08-20,BKK_Ladprao,Pineapple,51,2499.0,553.35,306,255.0,599.76,784.89,3.0,50.55,False,734.34,2026-08,3
2026-08-20,BKK_Ladprao,Watermelon,87,3915.0,681.21,522,435.0,939.5999999999999,1337.19,6.0,82.98,False,1254.21,2026-08,3
2026-08-20,BKK_Sukhumvit,Guava,51,2499.0,477.86999999999995,306,280.5,749.6999999999999,684.9300000000003,3.0,46.11,False,638.8200000000003,2026-08,3
2026-08-20,BKK_Sukhumvit,MixedBerryPremium,23,2047.0,1209.11,184,161.0,614.1,-121.20999999999991,5.0,302.85,False,-424.05999999999995,2026-08,3
2026-08-20,BKK_Sukhumvit,PassionFruit,32,2080.0,892.8,192,192.0,624.0,179.20000000000007,2.0,67.8,False,111.40000000000008,2026-08,3
2026-08-20,BKK_Sukhumvit,Pineapple,99,4851.0,1074.1499999999999,594,495.0,1455.3,1232.5500000000002,3.0,50.55,False,1182.0000000000002,2026-08,3
2026-08-20,BKK_Sukhumvit,Watermelon,147,6615.0,1151.01,882,735.0,1984.5,1862.49,6.0,82.98,False,1779.51,2026-08,3
2026-08-20,Pattaya_Beach,Guava,65,3185.0,609.05,390,357.5,955.5,872.9500000000002,4.0,61.48,False,811.4700000000001,2026-08,3
2026-08-20,Pattaya_Beach,MixedBerryPremium,24,2136.0,1261.68,192,168.0,640.8,-126.47999999999993,4.0,242.28,False,-368.75999999999993,2026-08,3
2026-08-20,Pattaya_Beach,PassionFruit,40,2600.0,1116.0,240,240.0,624.0,380.00000000000006,2.0,67.8,False,312.20000000000005,2026-08,3
2026-08-20,Pattaya_Beach,Pineapple,86,4214.0,933.0999999999999,516,430.0,1264.2,1070.7,3.0,50.55,False,1020.1500000000001,2026-08,3
2026-08-20,Pattaya_Beach,Watermelon,149,6705.0,1166.67,894,745.0,2011.5,1887.83,6.0,82.98,False,1804.85,2026-08,3
2026-08-20,Pattaya_Central,Guava,83,4067.0,777.7099999999999,498,456.5,1220.1,1114.69,5.0,76.85,False,1037.8400000000001,2026-08,3
2026-08-20,Pattaya_Central,MixedBerryPremium,27,2403.0,1419.39,216,189.0,720.9,-142.28999999999996,13.0,787.41,False,-929.6999999999999,2026-08,3
2026-08-20,Pattaya_Central,PassionFruit,61,3965.0,1701.8999999999999,366,366.0,951.6,579.5000000000001,4.0,135.6,False,443.9000000000001,2026-08,3
2026-08-20,Pattaya_Central,Pineapple,96,4704.0,1041.6,576,480.0,1411.1999999999998,1195.2000000000003,5.0,84.25,False,1110.9500000000003,2026-08,3
2026-08-20,Pattaya_Central,Watermelon,165,7425.0,1291.95,990,825.0,2227.5,2090.5499999999997,5.0,69.15,False,2021.3999999999996,2026-08,3
2026-08-21,BKK_Ladprao,Guava,25,1225.0,234.25,150,137.5,294.0,409.2500000000001,2.0,30.74,False,378.5100000000001,2026-08,4
2026-08-21,BKK_Ladprao,MixedBerryPremium,12,1068.0,630.84,96,84.0,320.4,-63.23999999999997,7.0,423.99,False,-487.22999999999996,2026-08,4
2026-08-21,BKK_Ladprao,PassionFruit,27,1755.0,753.3,162,162.0,421.2,256.5,5.0,169.5,False,87.0,2026-08,4
2026-08-21,BKK_Ladprao,Pineapple,51,2499.0,553.35,306,255.0,749.7,634.95,4.0,67.4,False,567.5500000000001,2026-08,4
2026-08-21,BKK_Ladprao,Watermelon,78,3510.0,610.74,468,390.0,842.4,1198.8600000000001,3.0,41.49,False,1157.3700000000001,2026-08,4
2026-08-21,BKK_Sukhumvit,Guava,54,2646.0,505.97999999999996,324,297.0,793.8,725.2200000000001,2.0,30.74,False,694.4800000000001,2026-08,4
2026-08-21,BKK_Sukhumvit,MixedBerryPremium,19,1691.0,998.83,152,133.0,507.3,-100.12999999999992,5.0,302.85,False,-402.97999999999996,2026-08,4
2026-08-21,BKK_Sukhumvit,PassionFruit,49,3185.0,1367.1,294,294.0,955.5,274.40000000000015,5.0,169.5,False,104.90000000000015,2026-08,4
2026-08-21,BKK_Sukhumvit,Pineapple,92,4508.0,998.1999999999999,552,460.0,1081.9199999999998,1415.88,3.0,50.55,False,1365.3300000000002,2026-08,4
2026-08-21,BKK_Sukhumvit,Watermelon,128,5760.0,1002.24,768,640.0,1382.3999999999999,1967.3600000000001,1.0,13.83,False,1953.5300000000002,2026-08,4
2026-08-21,Pattaya_Beach,Guava,52,2548.0,487.23999999999995,312,286.0,764.4,698.3600000000001,3.0,46.11,False,652.2500000000001,2026-08,4
2026-08-21,Pattaya_Beach,MixedBerryPremium,16,1424.0,841.12,128,112.0,341.76,1.1200000000001182,6.0,363.42,False,-362.2999999999999,2026-08,4
2026-08-21,Pattaya_Beach,PassionFruit,52,3380.0,1450.8,312,312.0,811.1999999999999,494.0,7.0,237.3,False,256.7,2026-08,4
2026-08-21,Pattaya_Beach,Pineapple,92,4508.0,998.1999999999999,552,460.0,1081.92,1415.88,4.0,67.4,False,1348.48,2026-08,4
2026-08-21,Pattaya_Beach,Watermelon,142,6390.0,1111.8600000000001,852,710.0,1917.0,1799.1399999999999,5.0,69.15,False,1729.9899999999998,2026-08,4
2026-08-21,Pattaya_Central,Guava,74,3626.0,693.3799999999999,444,407.0,870.24,1211.38,3.0,46.11,False,1165.2700000000002,2026-08,4
2026-08-21,Pattaya_Central,MixedBerryPremium,22,1958.0,1156.54,176,154.0,587.4,-115.93999999999996,5.0,302.85,False,-418.78999999999996,2026-08,4
2026-08-21,Pattaya_Central,PassionFruit,52,3380.0,1450.8,312,312.0,1014.0,291.2000000000001,7.0,237.3,False,53.90000000000009,2026-08,4
2026-08-21,Pattaya_Central,Pineapple,111,5439.0,1204.35,666,555.0,1631.7,1381.95,5.0,84.25,False,1297.7,2026-08,4
2026-08-21,Pattaya_Central,Watermelon,156,7020.0,1221.48,936,780.0,2106.0,1976.52,5.0,69.15,False,1907.37,2026-08,4
2026-08-22,BKK_Ladprao,Guava,36,1764.0,337.32,216,198.0,529.2,483.48,2.0,30.74,False,452.74,2026-08,5
2026-08-22,BKK_Ladprao,MixedBerryPremium,16,1424.0,841.12,128,112.0,427.2,-84.31999999999995,7.0,423.99,False,-508.30999999999995,2026-08,5
2026-08-22,BKK_Ladprao,PassionFruit,22,1430.0,613.8,132,132.0,429.0,123.20000000000005,5.0,169.5,False,-46.299999999999955,2026-08,5
2026-08-22,BKK_Ladprao,Pineapple,52,2548.0,564.1999999999999,312,260.0,611.52,800.28,3.0,50.55,False,749.73,2026-08,5
2026-08-22,BKK_Ladprao,Watermelon,89,4005.0,696.87,534,445.0,1201.5,1127.6299999999999,3.0,41.49,False,1086.1399999999999,2026-08,5
2026-08-22,BKK_Sukhumvit,Guava,59,2891.0,552.8299999999999,354,324.5,867.3,792.3700000000002,3.0,46.11,False,746.2600000000002,2026-08,5
2026-08-22,BKK_Sukhumvit,MixedBerryPremium,18,1602.0,946.26,144,126.0,384.48,1.2600000000000477,4.0,242.28,False,-241.01999999999995,2026-08,5
2026-08-22,BKK_Sukhumvit,PassionFruit,44,2860.0,1227.6,264,264.0,858.0,246.4000000000001,4.0,135.6,False,110.8000000000001,2026-08,5
2026-08-22,BKK_Sukhumvit,Pineapple,89,4361.0,965.65,534,445.0,1308.3,1108.0500000000002,3.0,50.55,False,1057.5000000000002,2026-08,5
2026-08-22,BKK_Sukhumvit,Watermelon,143,6435.0,1119.69,858,715.0,1930.5,1811.81,5.0,69.15,False,1742.6599999999999,2026-08,5
2026-08-22,Pattaya_Beach,Guava,71,3479.0,665.27,426,390.5,834.96,1162.2700000000002,4.0,61.48,False,1100.7900000000002,2026-08,5
2026-08-22,Pattaya_Beach,MixedBerryPremium,25,2225.0,1314.25,200,175.0,534.0,1.7500000000000995,5.0,302.85,False,-301.0999999999999,2026-08,5
2026-08-22,Pattaya_Beach,PassionFruit,44,2860.0,1227.6,264,264.0,686.4,418.00000000000006,5.0,169.5,False,248.50000000000006,2026-08,5
2026-08-22,Pattaya_Beach,Pineapple,92,4508.0,998.1999999999999,552,460.0,1081.9199999999998,1415.88,3.0,50.55,False,1365.3300000000002,2026-08,5
2026-08-22,Pattaya_Beach,Watermelon,165,7425.0,1291.95,990,825.0,1782.0,2536.0499999999997,2.0,27.66,False,2508.39,2026-08,5
2026-08-22,Pattaya_Central,Guava,84,4116.0,787.0799999999999,504,462.0,1234.8,1128.1200000000003,6.0,92.22,False,1035.9000000000003,2026-08,5
2026-08-22,Pattaya_Central,MixedBerryPremium,36,3204.0,1892.52,288,252.0,961.1999999999999,-189.71999999999997,6.0,363.42,False,-553.14,2026-08,5
2026-08-22,Pattaya_Central,PassionFruit,63,4095.0,1757.6999999999998,378,378.0,1228.5,352.8000000000001,7.0,237.3,False,115.50000000000011,2026-08,5
2026-08-22,Pattaya_Central,Pineapple,127,6223.0,1377.9499999999998,762,635.0,1493.52,1954.5300000000002,6.0,101.1,False,1853.4300000000003,2026-08,5
2026-08-22,Pattaya_Central,Watermelon,202,9090.0,1581.66,1212,1010.0,2181.6,3104.74,8.0,110.64,False,2994.1,2026-08,5
2026-08-23,BKK_Ladprao,Guava,27,1164.24,252.98999999999998,162,148.5,279.4176,321.33240000000006,2.0,30.74,False,290.59240000000005,2026-08,6
2026-08-23,BKK_Ladprao,MixedBerryPremium,17,1331.44,893.69,136,119.0,319.5456,-136.79559999999992,9.0,545.13,False,-681.9255999999999,2026-08,6
2026-08-23,BKK_Ladprao,PassionFruit,25,1430.0,697.5,150,150.0,429.0,3.5000000000000284,4.0,135.6,False,-132.09999999999997,2026-08,6
2026-08-23,BKK_Ladprao,Pineapple,47,2026.64,509.95,282,235.0,607.992,391.6979999999999,4.0,67.4,False,324.2979999999999,2026-08,6
2026-08-23,BKK_Ladprao,Watermelon,86,3405.6,673.38,516,430.0,817.3439999999999,968.8760000000002,5.0,69.15,False,899.7260000000002,2026-08,6
2026-08-23,BKK_Sukhumvit,Guava,63,2716.56,590.31,378,346.5,651.9744,749.7756000000002,3.0,46.11,False,703.6656000000002,2026-08,6
2026-08-23,BKK_Sukhumvit,MixedBerryPremium,19,1488.08,998.83,152,133.0,446.424,-242.17399999999992,3.0,181.71,False,-423.8839999999999,2026-08,6
2026-08-23,BKK_Sukhumvit,PassionFruit,35,2002.0,976.4999999999999,210,210.0,600.6,4.900000000000034,2.0,67.8,False,-62.89999999999996,2026-08,6
2026-08-23,BKK_Sukhumvit,Pineapple,105,4527.6,1139.25,630,525.0,1086.624,1146.726,5.0,84.25,False,1062.476,2026-08,6
2026-08-23,BKK_Sukhumvit,Watermelon,156,6177.6,1221.48,936,780.0,1482.6239999999998,1757.4960000000003,3.0,41.49,False,1716.0060000000003,2026-08,6
2026-08-23,Pattaya_Beach,Guava,82,3535.8399999999997,768.3399999999999,492,451.0,1060.752,763.7480000000002,5.0,76.85,False,686.8980000000001,2026-08,6
2026-08-23,Pattaya_Beach,MixedBerryPremium,24,1879.6799999999998,1261.68,192,168.0,563.904,-305.9039999999999,4.0,242.28,False,-548.1839999999999,2026-08,6
2026-08-23,Pattaya_Beach,PassionFruit,62,3546.4,1729.8,372,372.0,851.136,221.46400000000017,4.0,135.6,False,85.86400000000017,2026-08,6
2026-08-23,Pattaya_Beach,Pineapple,118,5088.16,1280.3,708,590.0,1526.4479999999999,983.4120000000001,6.0,101.1,False,882.3120000000001,2026-08,6
2026-08-23,Pattaya_Beach,Watermelon,220,8712.0,1722.6,1320,1100.0,2613.6,1955.8,10.0,138.3,False,1817.5,2026-08,6
2026-08-23,Pattaya_Central,Guava,110,4743.2,1030.6999999999998,660,605.0,1138.368,1309.1320000000003,4.0,61.48,False,1247.6520000000003,2026-08,6
2026-08-23,Pattaya_Central,MixedBerryPremium,34,2662.88,1787.38,272,238.0,798.8639999999999,-433.3639999999998,5.0,302.85,False,-736.2139999999998,2026-08,6
2026-08-23,Pattaya_Central,PassionFruit,83,4747.6,2315.7,498,498.0,1424.28,11.62000000000016,4.0,135.6,False,-123.97999999999983,2026-08,6
2026-08-23,Pattaya_Central,Pineapple,153,6597.36,1660.05,918,765.0,1979.2079999999999,1275.102,7.0,117.95,False,1157.152,2026-08,6
2026-08-23,Pattaya_Central,Watermelon,213,8434.8,1667.79,1278,1065.0,2024.3519999999999,2399.658,10.0,138.3,False,2261.3579999999997,2026-08,6
2026-08-24,BKK_Ladprao,Guava,31,1519.0,315.58,186,170.5,364.56,482.36000000000007,3.0,48.54,False,433.82000000000005,2026-08,0
2026-08-24,BKK_Ladprao,MixedBerryPremium,9,801.0,486.09,72,63.0,192.24,-12.329999999999913,5.0,310.05,False,-322.37999999999994,2026-08,0
2026-08-24,BKK_Ladprao,PassionFruit,18,1170.0,532.0799999999999,108,108.0,280.8,141.12,3.0,106.68,False,34.44,2026-08,0
2026-08-24,BKK_Ladprao,Pineapple,59,2891.0,547.52,354,295.0,867.3,827.1799999999998,5.0,76.4,False,750.7799999999999,2026-08,0
2026-08-24,BKK_Ladprao,Watermelon,79,3555.0,606.72,474,395.0,853.1999999999999,1226.0800000000002,3.0,41.04,False,1185.0400000000002,2026-08,0
2026-08-24,BKK_Sukhumvit,Guava,49,2401.0,498.82,294,269.5,720.3,618.3800000000002,2.0,32.36,False,586.0200000000002,2026-08,0
2026-08-24,BKK_Sukhumvit,MixedBerryPremium,12,1068.0,648.12,96,84.0,320.4,-80.51999999999992,2.0,124.02,False,-204.5399999999999,2026-08,0
2026-08-24,BKK_Sukhumvit,PassionFruit,48,3120.0,1418.8799999999999,288,288.0,936.0,189.11999999999995,4.0,142.24,False,46.87999999999994,2026-08,0
2026-08-24,BKK_Sukhumvit,Pineapple,96,4704.0,890.8799999999999,576,480.0,1128.96,1628.16,7.0,106.96,False,1521.2,2026-08,0
2026-08-24,BKK_Sukhumvit,Watermelon,121,5445.0,929.28,726,605.0,1633.5,1551.22,4.0,54.72,False,1496.5,2026-08,0
2026-08-24,Pattaya_Beach,Guava,61,2989.0,620.98,366,335.5,896.6999999999999,769.8200000000003,2.0,32.36,False,737.4600000000003,2026-08,0
2026-08-24,Pattaya_Beach,MixedBerryPremium,13,1157.0,702.13,104,91.0,277.68,-17.809999999999917,1.0,62.01,False,-79.81999999999991,2026-08,0
2026-08-24,Pattaya_Beach,PassionFruit,45,2925.0,1330.1999999999998,270,270.0,877.5,177.29999999999995,3.0,106.68,False,70.61999999999995,2026-08,0
2026-08-24,Pattaya_Beach,Pineapple,92,4508.0,853.76,552,460.0,1081.9199999999998,1560.3200000000002,3.0,45.84,False,1514.4800000000002,2026-08,0
2026-08-24,Pattaya_Beach,Watermelon,152,6840.0,1167.36,912,760.0,2052.0,1948.64,5.0,68.4,False,1880.24,2026-08,0
2026-08-24,Pattaya_Central,Guava,59,2891.0,600.62,354,324.5,693.84,918.0400000000002,2.0,32.36,False,885.6800000000002,2026-08,0
2026-08-24,Pattaya_Central,MixedBerryPremium,27,2403.0,1458.27,216,189.0,576.72,-36.989999999999895,9.0,558.09,False,-595.0799999999999,2026-08,0
2026-08-24,Pattaya_Central,PassionFruit,57,3705.0,1684.9199999999998,342,342.0,889.2,446.88000000000005,6.0,213.36,False,233.52000000000004,2026-08,0
2026-08-24,Pattaya_Central,Pineapple,105,5145.0,974.4,630,525.0,1234.8,1780.8000000000002,4.0,61.12,False,1719.6800000000003,2026-08,0
2026-08-24,Pattaya_Central,Watermelon,164,7380.0,1259.52,984,820.0,2214.0,2102.48,6.0,82.08,False,2020.4,2026-08,0
2026-08-25,BKK_Ladprao,Guava,39,1911.0,397.02,234,214.5,458.64,606.8400000000001,3.0,48.54,False,558.3000000000002,2026-08,1
2026-08-25,BKK_Ladprao,MixedBerryPremium,8,712.0,432.08,64,56.0,170.88,-10.959999999999923,3.0,186.03,False,-196.98999999999992,2026-08,1
2026-08-25,BKK_Ladprao,PassionFruit,23,1495.0,679.88,138,138.0,448.5,90.61999999999995,7.0,248.92,False,-158.30000000000004,2026-08,1
2026-08-25,BKK_Ladprao,Pineapple,45,2205.0,417.59999999999997,270,225.0,529.2,763.2,4.0,61.12,False,702.08,2026-08,1
2026-08-25,BKK_Ladprao,Watermelon,80,3600.0,614.4,480,400.0,1080.0,1025.6,3.0,41.04,False,984.56,2026-08,1
2026-08-25,BKK_Sukhumvit,Guava,58,2842.0,590.4399999999999,348,319.0,682.08,902.4800000000001,2.0,32.36,False,870.1200000000001,2026-08,1
2026-08-25,BKK_Sukhumvit,MixedBerryPremium,19,1691.0,1026.19,152,133.0,507.29999999999995,-127.4899999999999,3.0,186.03,False,-313.51999999999987,2026-08,1
2026-08-25,BKK_Sukhumvit,PassionFruit,47,3055.0,1389.32,282,282.0,916.5,185.18,6.0,213.36,False,-28.180000000000007,2026-08,1
2026-08-25,BKK_Sukhumvit,Pineapple,77,3773.0,714.56,462,385.0,905.52,1305.92,5.0,76.4,False,1229.52,2026-08,1
2026-08-25,BKK_Sukhumvit,Watermelon,144,6480.0,1105.92,864,720.0,1555.1999999999998,2234.88,6.0,82.08,False,2152.8,2026-08,1
2026-08-25,Pattaya_Beach,Guava,52,2548.0,529.36,312,286.0,764.4,656.2400000000002,3.0,48.54,False,607.7000000000003,2026-08,1
2026-08-25,Pattaya_Beach,MixedBerryPremium,19,1691.0,1026.19,152,133.0,405.84,-26.029999999999944,4.0,248.04,False,-274.06999999999994,2026-08,1
2026-08-25,Pattaya_Beach,PassionFruit,43,2795.0,1271.08,258,258.0,838.5,169.42000000000002,3.0,106.68,False,62.74000000000001,2026-08,1
2026-08-25,Pattaya_Beach,Pineapple,94,4606.0,872.3199999999999,564,470.0,1381.8,1317.8799999999999,4.0,61.12,False,1256.76,2026-08,1
2026-08-25,Pattaya_Beach,Watermelon,122,5490.0,936.96,732,610.0,1647.0,1564.04,2.0,27.36,False,1536.68,2026-08,1
2026-08-25,Pattaya_Central,Guava,60,2940.0,610.8,360,330.0,705.6,933.6000000000001,4.0,64.72,False,868.8800000000001,2026-08,1
2026-08-25,Pattaya_Central,MixedBerryPremium,20,1780.0,1080.2,160,140.0,427.2,-27.39999999999985,3.0,186.03,False,-213.42999999999984,2026-08,1
2026-08-25,Pattaya_Central,PassionFruit,44,2860.0,1300.6399999999999,264,264.0,858.0,173.36,4.0,142.24,False,31.120000000000005,2026-08,1
2026-08-25,Pattaya_Central,Pineapple,117,5733.0,1085.76,702,585.0,1719.9,1640.34,7.0,106.96,False,1533.3799999999999,2026-08,1
2026-08-25,Pattaya_Central,Watermelon,159,7155.0,1221.12,954,795.0,1717.2,2467.6800000000003,5.0,68.4,False,2399.28,2026-08,1
2026-08-26,BKK_Ladprao,Guava,33,1617.0,335.94,198,181.5,485.09999999999997,416.46000000000015,4.0,64.72,False,351.7400000000001,2026-08,2
2026-08-26,BKK_Ladprao,MixedBerryPremium,11,979.0,594.11,88,77.0,234.95999999999998,-15.069999999999894,6.0,372.06,False,-387.1299999999999,2026-08,2
2026-08-26,BKK_Ladprao,PassionFruit,32,2080.0,945.92,192,192.0,624.0,126.07999999999993,4.0,142.24,False,-16.160000000000082,2026-08,2
2026-08-26,BKK_Ladprao,Pineapple,58,2842.0,538.24,348,290.0,852.5999999999999,813.1599999999999,5.0,76.4,False,736.7599999999999,2026-08,2
2026-08-26,BKK_Ladprao,Watermelon,75,3375.0,576.0,450,375.0,1012.5,961.5000000000001,4.0,54.72,False,906.7800000000001,2026-08,2
2026-08-26,BKK_Sukhumvit,Guava,59,2891.0,600.62,354,324.5,693.8399999999999,918.0400000000002,3.0,48.54,False,869.5000000000002,2026-08,2
2026-08-26,BKK_Sukhumvit,MixedBerryPremium,18,1602.0,972.18,144,126.0,384.48,-24.65999999999987,4.0,248.04,False,-272.6999999999999,2026-08,2
2026-08-26,BKK_Sukhumvit,PassionFruit,45,2925.0,1330.1999999999998,270,270.0,702.0,352.8000000000001,4.0,142.24,False,210.56000000000012,2026-08,2
2026-08-26,BKK_Sukhumvit,Pineapple,82,4018.0,760.9599999999999,492,410.0,1205.4,1149.6399999999999,4.0,61.12,False,1088.52,2026-08,2
2026-08-26,BKK_Sukhumvit,Watermelon,121,5445.0,929.28,726,605.0,1306.8,1877.92,4.0,54.72,False,1823.2,2026-08,2
2026-08-26,Pattaya_Beach,Guava,56,2744.0,570.0799999999999,336,308.0,658.56,871.3600000000001,3.0,48.54,False,822.8200000000002,2026-08,2
2026-08-26,Pattaya_Beach,MixedBerryPremium,18,1602.0,972.18,144,126.0,384.48,-24.659999999999826,6.0,372.06,False,-396.7199999999998,2026-08,2
2026-08-26,Pattaya_Beach,PassionFruit,46,2990.0,1359.76,276,276.0,717.6,360.6400000000001,5.0,177.8,False,182.8400000000001,2026-08,2
2026-08-26,Pattaya_Beach,Pineapple,96,4704.0,890.8799999999999,576,480.0,1411.2,1345.92,4.0,61.12,False,1284.8000000000002,2026-08,2
2026-08-26,Pattaya_Beach,Watermelon,135,6075.0,1036.8,810,675.0,1822.5,1730.6999999999998,5.0,68.4,False,1662.2999999999997,2026-08,2
2026-08-26,Pattaya_Central,Guava,91,4459.0,926.38,546,500.5,1337.7,1148.4200000000003,3.0,48.54,False,1099.8800000000003,2026-08,2
2026-08-26,Pattaya_Central,MixedBerryPremium,23,2047.0,1242.23,184,161.0,614.1,-154.32999999999993,3.0,186.03,False,-340.3599999999999,2026-08,2
2026-08-26,Pattaya_Central,PassionFruit,55,3575.0,1625.8,330,330.0,858.0,431.20000000000005,4.0,142.24,False,288.96000000000004,2026-08,2
2026-08-26,Pattaya_Central,Pineapple,107,5243.0,992.9599999999999,642,535.0,1572.8999999999999,1500.14,5.0,76.4,False,1423.74,2026-08,2
2026-08-26,Pattaya_Central,Watermelon,163,7335.0,1251.84,978,815.0,1760.3999999999999,2529.76,6.0,82.08,False,2447.6800000000003,2026-08,2
2026-08-27,BKK_Ladprao,Guava,40,1960.0,407.2,240,220.0,470.4,622.4000000000001,4.0,64.72,False,557.6800000000001,2026-08,3
2026-08-27,BKK_Ladprao,MixedBerryPremium,11,979.0,594.11,88,77.0,293.7,-73.80999999999993,7.0,434.07,False,-507.87999999999994,2026-08,3
2026-08-27,BKK_Ladprao,PassionFruit,26,1690.0,768.56,156,156.0,507.0,102.43999999999994,4.0,142.24,False,-39.80000000000007,2026-08,3
2026-08-27,BKK_Ladprao,Pineapple,47,2303.0,436.15999999999997,282,235.0,552.72,797.1200000000001,3.0,45.84,False,751.2800000000001,2026-08,3
2026-08-27,BKK_Ladprao,Watermelon,90,4050.0,691.1999999999999,540,450.0,972.0,1396.8000000000002,5.0,68.4,False,1328.4,2026-08,3
2026-08-27,BKK_Sukhumvit,Guava,52,2548.0,529.36,312,286.0,611.52,809.1200000000001,3.0,48.54,False,760.5800000000002,2026-08,3
2026-08-27,BKK_Sukhumvit,MixedBerryPremium,22,1958.0,1188.22,176,154.0,587.4,-147.61999999999986,5.0,310.05,False,-457.66999999999985,2026-08,3
2026-08-27,BKK_Sukhumvit,PassionFruit,40,2600.0,1182.3999999999999,240,240.0,780.0,157.60000000000002,4.0,142.24,False,15.360000000000014,2026-08,3
2026-08-27,BKK_Sukhumvit,Pineapple,83,4067.0,770.2399999999999,498,415.0,976.08,1407.68,2.0,30.56,False,1377.1200000000001,2026-08,3
2026-08-27,BKK_Sukhumvit,Watermelon,127,5715.0,975.36,762,635.0,1371.6,1971.0400000000002,3.0,41.04,False,1930.0000000000002,2026-08,3
2026-08-27,Pattaya_Beach,Guava,64,3136.0,651.52,384,352.0,940.8,807.6800000000002,4.0,64.72,False,742.9600000000002,2026-08,3
2026-08-27,Pattaya_Beach,MixedBerryPremium,23,2047.0,1242.23,184,161.0,491.28,-31.509999999999906,6.0,372.06,False,-403.56999999999994,2026-08,3
2026-08-27,Pattaya_Beach,PassionFruit,62,4030.0,1832.7199999999998,372,372.0,967.1999999999999,486.0800000000001,7.0,248.92,False,237.1600000000001,2026-08,3
2026-08-27,Pattaya_Beach,Pineapple,109,5341.0,1011.52,654,545.0,1281.84,1848.64,5.0,76.4,False,1772.24,2026-08,3
2026-08-27,Pattaya_Beach,Watermelon,132,5940.0,1013.76,792,660.0,1425.6,2048.6400000000003,5.0,68.4,False,1980.2400000000002,2026-08,3
2026-08-27,Pattaya_Central,Guava,47,2303.0,478.46,282,258.5,690.9,593.1400000000002,3.0,48.54,False,544.6000000000003,2026-08,3
2026-08-27,Pattaya_Central,MixedBerryPremium,17,1513.0,918.17,136,119.0,453.9,-114.06999999999991,7.0,434.07,False,-548.1399999999999,2026-08,3
2026-08-27,Pattaya_Central,PassionFruit,52,3380.0,1537.12,312,312.0,1014.0,204.88,6.0,213.36,False,-8.480000000000018,2026-08,3
2026-08-27,Pattaya_Central,Pineapple,108,5292.0,1002.2399999999999,648,540.0,1587.6,1514.1599999999999,6.0,91.68,False,1422.4799999999998,2026-08,3
2026-08-27,Pattaya_Central,Watermelon,174,7830.0,1336.32,1044,870.0,1879.1999999999998,2700.4800000000005,4.0,54.72,False,2645.7600000000007,2026-08,3
2026-08-28,BKK_Ladprao,Guava,42,2058.0,427.56,252,231.0,617.4,530.0400000000002,5.0,80.9,False,449.1400000000002,2026-08,4
2026-08-28,BKK_Ladprao,MixedBerryPremium,11,979.0,594.11,88,77.0,234.95999999999998,-15.069999999999894,2.0,124.02,False,-139.0899999999999,2026-08,4
2026-08-28,BKK_Ladprao,PassionFruit,24,1560.0,709.4399999999999,144,144.0,374.4,188.15999999999997,4.0,142.24,False,45.91999999999996,2026-08,4
2026-08-28,BKK_Ladprao,Pineapple,52,2548.0,482.55999999999995,312,260.0,764.4,729.0399999999998,1.0,15.28,False,713.7599999999999,2026-08,4
2026-08-28,BKK_Ladprao,Watermelon,75,3375.0,576.0,450,375.0,810.0,1164.0000000000002,3.0,41.04,False,1122.9600000000003,2026-08,4
2026-08-28,BKK_Sukhumvit,Guava,45,2205.0,458.09999999999997,270,247.5,529.2,700.2,4.0,64.72,False,635.48,2026-08,4
2026-08-28,BKK_Sukhumvit,MixedBerryPremium,16,1424.0,864.16,128,112.0,427.2,-107.35999999999991,3.0,186.03,False,-293.38999999999993,2026-08,4
2026-08-28,BKK_Sukhumvit,PassionFruit,34,2210.0,1005.04,204,204.0,663.0,133.95999999999992,3.0,106.68,False,27.279999999999916,2026-08,4
2026-08-28,BKK_Sukhumvit,Pineapple,83,4067.0,770.24,498,415.0,1220.1,1163.6599999999999,5.0,76.4,False,1087.2599999999998,2026-08,4
2026-08-28,BKK_Sukhumvit,Watermelon,139,6255.0,1067.52,834,695.0,1501.1999999999998,2157.28,4.0,54.72,False,2102.5600000000004,2026-08,4
2026-08-28,Pattaya_Beach,Guava,58,2842.0,590.4399999999999,348,319.0,852.6,731.9600000000003,2.0,32.36,False,699.6000000000003,2026-08,4
2026-08-28,Pattaya_Beach,MixedBerryPremium,23,2047.0,1242.23,184,161.0,614.0999999999999,-154.3299999999999,6.0,372.06,False,-526.3899999999999,2026-08,4
2026-08-28,Pattaya_Beach,PassionFruit,50,3250.0,1478.0,300,300.0,975.0,197.0000000000001,6.0,213.36,False,-16.3599999999999,2026-08,4
2026-08-28,Pattaya_Beach,Pineapple,79,3871.0,733.1199999999999,474,395.0,1161.3,1107.58,4.0,61.12,False,1046.46,2026-08,4
2026-08-28,Pattaya_Beach,Watermelon,146,6570.0,1121.28,876,730.0,1576.8,2265.92,4.0,54.72,False,2211.2000000000003,2026-08,4
2026-08-28,Pattaya_Central,Guava,81,3969.0,824.5799999999999,486,445.5,1190.7,1022.2200000000001,3.0,48.54,False,973.6800000000002,2026-08,4
2026-08-28,Pattaya_Central,MixedBerryPremium,17,1513.0,918.17,136,119.0,453.9,-114.06999999999991,3.0,186.03,False,-300.0999999999999,2026-08,4
2026-08-28,Pattaya_Central,PassionFruit,52,3380.0,1537.12,312,312.0,811.1999999999999,407.68000000000006,4.0,142.24,False,265.44000000000005,2026-08,4
2026-08-28,Pattaya_Central,Pineapple,105,5145.0,974.3999999999999,630,525.0,1234.8,1780.8000000000002,3.0,45.84,False,1734.9600000000003,2026-08,4
2026-08-28,Pattaya_Central,Watermelon,151,6795.0,1159.6799999999998,906,755.0,1630.8,2343.5200000000004,4.0,54.72,False,2288.8000000000006,2026-08,4
2026-08-29,BKK_Ladprao,Guava,38,1862.0,386.84,228,209.0,558.6,479.5600000000001,3.0,48.54,False,431.0200000000001,2026-08,5
2026-08-29,BKK_Ladprao,MixedBerryPremium,10,890.0,540.1,80,70.0,267.0,-67.09999999999994,5.0,310.05,False,-377.15,2026-08,5
2026-08-29,BKK_Ladprao,PassionFruit,21,1365.0,620.76,126,126.0,327.6,164.63999999999993,2.0,71.12,False,93.51999999999992,2026-08,5
2026-08-29,BKK_Ladprao,Pineapple,51,2499.0,473.28,306,255.0,599.76,864.96,4.0,61.12,False,803.84,2026-08,5
2026-08-29,BKK_Ladprao,Watermelon,77,3465.0,591.36,462,385.0,1039.5,987.1400000000001,1.0,13.68,False,973.4600000000002,2026-08,5
2026-08-29,BKK_Sukhumvit,Guava,53,2597.0,539.54,318,291.5,623.28,824.6800000000001,1.0,16.18,False,808.5000000000001,2026-08,5
2026-08-29,BKK_Sukhumvit,MixedBerryPremium,24,2136.0,1296.24,192,168.0,512.64,-32.879999999999896,3.0,186.03,False,-218.9099999999999,2026-08,5
2026-08-29,BKK_Sukhumvit,PassionFruit,39,2535.0,1152.84,234,234.0,760.5,153.66000000000003,4.0,142.24,False,11.420000000000016,2026-08,5
2026-08-29,BKK_Sukhumvit,Pineapple,95,4655.0,881.5999999999999,570,475.0,1396.5,1331.9,5.0,76.4,False,1255.5,2026-08,5
2026-08-29,BKK_Sukhumvit,Watermelon,130,5850.0,998.4,780,650.0,1755.0,1666.6000000000001,4.0,54.72,False,1611.88,2026-08,5
2026-08-29,Pattaya_Beach,Guava,48,2352.0,488.64,288,264.0,564.48,746.8800000000001,3.0,48.54,False,698.3400000000001,2026-08,5
2026-08-29,Pattaya_Beach,MixedBerryPremium,19,1691.0,1026.19,152,133.0,405.84,-26.0299999999999,4.0,248.04,False,-274.0699999999999,2026-08,5
2026-08-29,Pattaya_Beach,PassionFruit,61,3965.0,1803.1599999999999,366,366.0,1189.5,240.3400000000001,4.0,142.24,False,98.10000000000008,2026-08,5
2026-08-29,Pattaya_Beach,Pineapple,104,5096.0,965.1199999999999,624,520.0,1528.8,1458.08,3.0,45.84,False,1412.24,2026-08,5
2026-08-29,Pattaya_Beach,Watermelon,152,6840.0,1167.36,912,760.0,1641.6,2359.0400000000004,7.0,95.76,False,2263.28,2026-08,5
2026-08-29,Pattaya_Central,Guava,71,3479.0,722.78,426,390.5,1043.7,896.0200000000002,5.0,80.9,False,815.1200000000002,2026-08,5
2026-08-29,Pattaya_Central,MixedBerryPremium,22,1958.0,1188.22,176,154.0,469.91999999999996,-30.13999999999983,4.0,248.04,False,-278.17999999999984,2026-08,5
2026-08-29,Pattaya_Central,PassionFruit,69,4485.0,2039.6399999999999,414,414.0,1345.5,271.85999999999996,3.0,106.68,False,165.17999999999995,2026-08,5
2026-08-29,Pattaya_Central,Pineapple,127,6223.0,1178.56,762,635.0,1493.52,2153.9200000000005,7.0,106.96,False,2046.9600000000005,2026-08,5
2026-08-29,Pattaya_Central,Watermelon,188,8460.0,1443.84,1128,940.0,2538.0,2410.16,4.0,54.72,False,2355.44,2026-08,5
2026-08-30,BKK_Ladprao,Guava,53,2285.36,539.54,318,291.5,685.608,450.7120000000001,4.0,64.72,False,385.9920000000001,2026-08,6
2026-08-30,BKK_Ladprao,MixedBerryPremium,12,939.8399999999999,648.12,96,84.0,225.56159999999997,-113.84159999999986,4.0,248.04,False,-361.8815999999998,2026-08,6
2026-08-30,BKK_Ladprao,PassionFruit,26,1487.2,768.56,156,156.0,446.15999999999997,-39.519999999999925,5.0,177.8,False,-217.31999999999994,2026-08,6
2026-08-30,BKK_Ladprao,Pineapple,68,2932.16,631.04,408,340.0,703.7184,849.4016000000001,4.0,61.12,False,788.2816000000001,2026-08,6
2026-08-30,BKK_Ladprao,Watermelon,97,3841.2,744.9599999999999,582,485.0,1152.36,876.8799999999999,4.0,54.72,False,822.1599999999999,2026-08,6
2026-08-30,BKK_Sukhumvit,Guava,52,2242.24,529.36,312,286.0,672.6719999999999,442.2080000000001,2.0,32.36,False,409.84800000000007,2026-08,6
2026-08-30,BKK_Sukhumvit,MixedBerryPremium,20,1566.3999999999999,1080.2,160,140.0,469.91999999999996,-283.7199999999999,5.0,310.05,False,-593.77,2026-08,6
2026-08-30,BKK_Sukhumvit,PassionFruit,45,2574.0,1330.1999999999998,270,270.0,772.1999999999999,-68.39999999999986,3.0,106.68,False,-175.07999999999987,2026-08,6
2026-08-30,BKK_Sukhumvit,Pineapple,106,4570.72,983.68,636,530.0,1371.216,1049.824,6.0,91.68,False,958.144,2026-08,6
2026-08-30,BKK_Sukhumvit,Watermelon,142,5623.2,1090.56,852,710.0,1686.96,1283.6799999999998,5.0,68.4,False,1215.2799999999997,2026-08,6
2026-08-30,Pattaya_Beach,Guava,67,2889.04,682.06,402,368.5,693.3696,743.1104000000001,5.0,80.9,False,662.2104000000002,2026-08,6
2026-08-30,Pattaya_Beach,MixedBerryPremium,32,2506.24,1728.32,256,224.0,601.4975999999999,-303.57759999999973,5.0,310.05,False,-613.6275999999998,2026-08,6
2026-08-30,Pattaya_Beach,PassionFruit,74,4232.8,2187.4399999999996,444,444.0,1015.872,141.4880000000001,9.0,320.04,False,-178.5519999999999,2026-08,6
2026-08-30,Pattaya_Beach,Pineapple,132,5691.84,1224.96,792,660.0,1707.552,1307.328,6.0,91.68,False,1215.648,2026-08,6
2026-08-30,Pattaya_Beach,Watermelon,191,7563.6,1466.8799999999999,1146,955.0,2269.08,1726.6399999999999,9.0,123.12,False,1603.52,2026-08,6
2026-08-30,Pattaya_Central,Guava,101,4355.12,1028.18,606,555.5,1306.5359999999998,858.904,7.0,113.26,False,745.644,2026-08,6
2026-08-30,Pattaya_Central,MixedBerryPremium,31,2427.92,1674.31,248,217.0,728.376,-439.76599999999985,5.0,310.05,False,-749.8159999999998,2026-08,6
2026-08-30,Pattaya_Central,PassionFruit,81,4633.2,2394.3599999999997,486,486.0,1389.96,-123.11999999999968,7.0,248.92,False,-372.0399999999997,2026-08,6
2026-08-30,Pattaya_Central,Pineapple,139,5993.679999999999,1289.9199999999998,834,695.0,1798.1039999999998,1376.656,5.0,76.4,False,1300.2559999999999,2026-08,6
2026-08-30,Pattaya_Central,Watermelon,233,9226.8,1789.44,1398,1165.0,2768.04,2106.32,5.0,68.4,False,2037.92,2026-08,6
2026-08-31,BKK_Ladprao,Guava,20,980.0,205.59999999999997,120,110.0,294.0,250.39999999999998,1.0,16.28,False,234.11999999999998,2026-08,0
2026-08-31,BKK_Ladprao,MixedBerryPremium,12,1068.0,617.28,96,84.0,320.4,-49.679999999999964,3.0,178.32,False,-227.99999999999994,2026-08,0
2026-08-31,BKK_Ladprao,PassionFruit,22,1430.0,634.26,132,132.0,429.0,102.74000000000002,4.0,139.32,False,-36.57999999999997,2026-08,0
2026-08-31,BKK_Ladprao,Pineapple,41,2009.0,435.01,246,205.0,602.7,520.29,3.0,49.83,False,470.46,2026-08,0
2026-08-31,BKK_Ladprao,Watermelon,82,3690.0,684.6999999999999,492,410.0,1107.0,996.3000000000001,5.0,71.75,False,924.5500000000001,2026-08,0
2026-08-31,BKK_Sukhumvit,Guava,54,2646.0,555.12,324,297.0,793.8,676.0799999999999,2.0,32.56,False,643.52,2026-08,0
2026-08-31,BKK_Sukhumvit,MixedBerryPremium,16,1424.0,823.04,128,112.0,341.76,19.200000000000074,3.0,178.32,False,-159.11999999999992,2026-08,0
2026-08-31,BKK_Sukhumvit,PassionFruit,42,2730.0,1210.86,252,252.0,655.1999999999999,359.94000000000005,3.0,104.49,False,255.45000000000005,2026-08,0
2026-08-31,BKK_Sukhumvit,Pineapple,87,4263.0,923.0699999999999,522,435.0,1023.12,1359.8100000000002,3.0,49.83,False,1309.9800000000002,2026-08,0
2026-08-31,BKK_Sukhumvit,Watermelon,136,6120.0,1135.6,816,680.0,1836.0,1652.4,4.0,57.4,False,1595.0,2026-08,0
2026-08-31,Pattaya_Beach,Guava,52,2548.0,534.56,312,286.0,764.4,651.04,2.0,32.56,False,618.48,2026-08,0
2026-08-31,Pattaya_Beach,MixedBerryPremium,21,1869.0,1080.24,168,147.0,448.56,25.20000000000006,4.0,237.76,False,-212.55999999999995,2026-08,0
2026-08-31,Pattaya_Beach,PassionFruit,45,2925.0,1297.35,270,270.0,877.5,210.15,3.0,104.49,False,105.66000000000001,2026-08,0
2026-08-31,Pattaya_Beach,Pineapple,84,4116.0,891.24,504,420.0,987.8399999999999,1312.92,4.0,66.44,False,1246.48,2026-08,0
2026-08-31,Pattaya_Beach,Watermelon,160,7200.0,1336.0,960,800.0,2160.0,1944.0,8.0,114.8,False,1829.2,2026-08,0
2026-08-31,Pattaya_Central,Guava,63,3087.0,647.64,378,346.5,740.88,973.9800000000001,5.0,81.4,False,892.5800000000002,2026-08,0
2026-08-31,Pattaya_Central,MixedBerryPremium,21,1869.0,1080.24,168,147.0,448.56,25.200000000000088,4.0,237.76,False,-212.5599999999999,2026-08,0
2026-08-31,Pattaya_Central,PassionFruit,49,3185.0,1412.6699999999998,294,294.0,955.5,228.8300000000001,4.0,139.32,False,89.5100000000001,2026-08,0
2026-08-31,Pattaya_Central,Pineapple,100,4900.0,1061.0,600,500.0,1470.0,1269.0,3.0,49.83,False,1219.17,2026-08,0
2026-08-31,Pattaya_Central,Watermelon,187,8415.0,1561.4499999999998,1122,935.0,2019.6,2776.9500000000003,5.0,71.75,False,2705.2000000000003,2026-08,0
