date,kitchen,sku,dow,predicted_units,price_per_cup,commission_per_cup,effective_commission_rate,fruit_cost_per_cup_thb,packaging_cost_per_cup_thb,labor_cost_per_cup_thb,base_price_thb,waste_per_sold,month,units_sold,revenue,commission,fruit_cost,packaging_cost,labor_cost,units_wasted,waste_cost,contribution,gp
2026-09-01,BKK_Ladprao,Guava,1,35.5,47.85666666666667,13.140177070063695,0.274573596226169,10.04,6,5.5,49.0,0.08227176220806794,2026-09,35.5,1698.9116666666669,466.4762859872612,356.41999999999996,213.0,195.25,2.9206475583864115,46.84718683651804,467.7653806794058,420.9181938428877
2026-09-01,BKK_Ladprao,MixedBerryPremium,1,10.25,86.58969604863222,23.94381337386018,0.2765203536505358,52.235,8,7.0,89.0,0.4148936170212766,2026-09,10.25,887.5443844984802,245.42408708206685,535.4087499999999,82.0,71.75,4.252659574468085,256.1589494680851,-47.038452583586604,-303.1974020516717
2026-09-01,BKK_Ladprao,PassionFruit,1,25.75,63.23085034013606,16.98635714285714,0.26864034014223875,28.654999999999998,6,6.0,65.0,0.145578231292517,2026-09,25.75,1628.1943962585035,437.3986964285714,737.8662499999999,154.5,154.5,3.748639455782313,129.90910034013606,143.92944982993208,14.020349489796018
2026-09-01,BKK_Ladprao,Pineapple,1,48.25,47.845854229354735,12.786699899699096,0.2672478129119515,10.084999999999999,6,5.0,49.0,0.06920762286860582,2026-09,48.25,2308.562466566366,616.9582701604813,486.60124999999994,289.5,241.25,3.3392678034102308,53.71212261785357,674.2529464058846,620.540823788031
2026-09-01,BKK_Ladprao,Watermelon,1,75.5,44.02063492063492,12.068285714285715,0.27415065084916884,7.945,6,5.0,45.0,0.05246913580246913,2026-09,75.5,3323.5579365079366,911.1555714285714,599.8475,453.0,377.5,3.9614197530864197,55.24199845679012,982.0548650793653,926.8128666225751
2026-09-01,BKK_Sukhumvit,Guava,1,54.0,47.95304734667938,13.01283050524309,0.2713660804738032,10.04,6,5.5,49.0,0.047664442326024785,2026-09,54.0,2589.4645567206862,702.6928472831269,542.16,324.0,297.0,2.573879885605338,41.28503336510962,723.6117094375595,682.3266760724499
2026-09-01,BKK_Sukhumvit,MixedBerryPremium,1,19.75,86.75255652173914,22.990975304347824,0.26501784184984295,52.235,8,7.0,89.0,0.21565217391304348,2026-09,19.75,1713.362991304348,454.07176226086955,1031.64125,158.0,138.25,4.259130434782609,256.54872173913043,-68.60002095652135,-325.1487426956518
2026-09-01,BKK_Sukhumvit,PassionFruit,1,44.5,63.17115539452496,17.610132850241545,0.27876857309733194,28.654999999999998,6,6.0,65.0,0.09098228663446055,2026-09,44.5,2811.116415056361,783.6509118357487,1275.1474999999998,267.0,267.0,4.048711755233494,140.30810587761675,218.31800322061235,78.0098973429956
2026-09-01,BKK_Sukhumvit,Pineapple,1,85.0,47.74254871088369,12.82280334579807,0.2685822959190887,10.084999999999999,6,5.0,49.0,0.03896870694745129,2026-09,85.0,4058.1166404251135,1089.9382843928358,857.2249999999999,510.0,425.0,3.3123400905333598,53.278990356229095,1175.953356032278,1122.6743656760489
2026-09-01,BKK_Sukhumvit,Watermelon,1,136.0,44.07588018917498,11.868067787703627,0.26926445341001765,7.945,6,5.0,45.0,0.030084077771939045,2026-09,136.0,5994.319705727798,1614.0572191276933,1080.52,816.0,680.0,4.09143457698371,57.05505517603784,1803.7424866001038,1746.687431424066
2026-09-01,Pattaya_Beach,Guava,1,51.0,47.80525027808676,13.032506562847606,0.27261663702284855,10.04,6,5.5,49.0,0.05506117908787542,2026-09,51.0,2438.067764182425,664.657834705228,512.04,306.0,280.5,2.8081201334816464,45.042246941045605,674.869929477197,629.8276825361514
2026-09-01,Pattaya_Beach,MixedBerryPremium,1,21.25,86.3254953000723,23.297381344902387,0.26987833969465647,52.235,8,7.0,89.0,0.23716558206796817,2026-09,21.25,1834.4167751265365,495.06935357917575,1109.99375,170.0,148.75,5.039768618944324,303.57046276211133,-89.39632845263918,-392.9667912147505
2026-09-01,Pattaya_Beach,PassionFruit,1,47.0,63.013126945693536,17.109371497751642,0.2715207501525353,28.654999999999998,6,6.0,65.0,0.08993427879626427,2026-09,47.0,2961.616966447596,804.1404603943272,1346.7849999999999,282.0,282.0,4.2269111034244204,146.4836042891733,246.69150605326877,100.20790176409548
2026-09-01,Pattaya_Beach,Pineapple,1,91.25,47.68440197512802,13.193954352596926,0.2766932960484403,10.084999999999999,6,5.0,49.0,0.040965618141916606,2026-09,91.25,4351.2016802304315,1203.9483346744694,920.2562499999999,547.5,456.25,3.7381126554498905,60.127542062911495,1223.247095555962,1163.1195534930505
2026-09-01,Pattaya_Beach,Watermelon,1,142.75,43.95651561399389,11.924427330359238,0.2712778108955253,7.945,6,5.0,45.0,0.0308757924395398,2026-09,142.75,6274.792603897628,1702.2120014087814,1134.14875,856.5,713.75,4.407519370744306,61.46285762502935,1868.1818524888467,1806.7189948638174
2026-09-01,Pattaya_Central,Guava,1,65.75,47.82334133461354,13.24736053768603,0.27700616828498065,10.04,6,5.5,49.0,0.05400864138262122,2026-09,65.75,3144.3846927508403,871.0139553528564,660.13,394.5,361.625,3.5510681709073455,56.95913346135382,857.115737397984,800.1566039366302
2026-09-01,Pattaya_Central,MixedBerryPremium,1,22.75,86.52879332477535,23.51800436456996,0.27179397124258947,52.235,8,7.0,89.0,0.2233632862644416,2026-09,22.75,1968.5300481386391,535.0345992939666,1188.34625,182.0,159.25,5.081514762516046,306.08504172015404,-96.10080115532742,-402.18584287548146
2026-09-01,Pattaya_Central,PassionFruit,1,55.75,63.01625368731563,17.166189380530973,0.2724089163679736,28.654999999999998,6,6.0,65.0,0.08849557522123894,2026-09,55.75,3513.1561430678466,957.0150579646017,1597.51625,334.5,334.5,4.933628318584071,170.97488938053098,289.624835103245,118.64994572271402
2026-09-01,Pattaya_Central,Pineapple,1,114.0,47.78324340709306,13.039893664746893,0.2728967883919579,10.084999999999999,6,5.0,49.0,0.03925431949075477,2026-09,114.0,5447.289748408609,1486.5478777811459,1149.6899999999998,684.0,570.0,4.474992421946044,71.98025310700211,1557.0518706274634,1485.0716175204611
2026-09-01,Pattaya_Central,Watermelon,1,164.25,44.00282273983419,11.737794315041452,0.26675093969404934,7.945,6,5.0,45.0,0.029609159099881564,2026-09,164.25,7227.463635017765,1927.9327162455584,1304.96625,985.5,821.25,4.863304382155547,67.8187796091591,2187.8146687722065,2119.995889163047
2026-09-02,BKK_Ladprao,Guava,2,28.5,47.85666666666667,13.140177070063695,0.274573596226169,10.04,6,5.5,49.0,0.08227176220806794,2026-09,28.5,1363.915,374.4950464968153,286.14,171.0,156.75,2.3447452229299364,37.609713375796176,375.52995350318474,337.9202401273886
2026-09-02,BKK_Ladprao,MixedBerryPremium,2,9.75,86.58969604863222,23.94381337386018,0.2765203536505358,52.235,8,7.0,89.0,0.4148936170212766,2026-09,9.75,844.2495364741642,233.45218039513676,509.29125,78.0,68.25,4.045212765957447,243.6633909574468,-44.743893920972596,-288.40728487841943
2026-09-02,BKK_Ladprao,PassionFruit,2,27.5,63.23085034013606,16.98635714285714,0.26864034014223875,28.654999999999998,6,6.0,65.0,0.145578231292517,2026-09,27.5,1738.8483843537415,467.1248214285714,788.0124999999999,165.0,165.0,4.003401360544218,138.73787414965986,153.71106292517015,14.973188775510295
2026-09-02,BKK_Ladprao,Pineapple,2,58.0,47.845854229354735,12.786699899699096,0.2672478129119515,10.084999999999999,6,5.0,49.0,0.06920762286860582,2026-09,58.0,2775.059545302575,741.6285941825475,584.93,348.0,290.0,4.014042126379138,64.56586760280844,810.5009511200274,745.9350835172189
2026-09-02,BKK_Ladprao,Watermelon,2,76.75,44.02063492063492,12.068285714285715,0.27415065084916884,7.945,6,5.0,45.0,0.05246913580246913,2026-09,76.75,3378.58373015873,926.2409285714286,609.7787500000001,460.5,383.75,4.027006172839506,56.156601080246915,998.314051587301,942.1574505070541
2026-09-02,BKK_Sukhumvit,Guava,2,52.75,47.95304734667938,13.01283050524309,0.2713660804738032,10.04,6,5.5,49.0,0.047664442326024785,2026-09,52.75,2529.5232475373373,686.4268091515729,529.6099999999999,316.5,290.125,2.5142993326978074,40.329361296472825,706.8614383857644,666.5320770892915
2026-09-02,BKK_Sukhumvit,MixedBerryPremium,2,20.0,86.75255652173914,22.990975304347824,0.26501784184984295,52.235,8,7.0,89.0,0.21565217391304348,2026-09,20.0,1735.0511304347829,459.8195060869565,1044.7,160.0,140.0,4.3130434782608695,259.79617391304345,-69.46837565217356,-329.264549565217
2026-09-02,BKK_Sukhumvit,PassionFruit,2,46.75,63.17115539452496,17.610132850241545,0.27876857309733194,28.654999999999998,6,6.0,65.0,0.09098228663446055,2026-09,46.75,2953.251514694042,823.2737107487923,1339.62125,280.5,280.5,4.2534219001610305,147.40233595008053,229.35655394524974,81.95421799516922
2026-09-02,BKK_Sukhumvit,Pineapple,2,88.5,47.74254871088369,12.82280334579807,0.2685822959190887,10.084999999999999,6,5.0,49.0,0.03896870694745129,2026-09,88.5,4225.215560913207,1134.8180961031292,892.5224999999999,531.0,442.5,3.448730564849439,55.47283113560323,1224.374964810078,1168.9021336744747
2026-09-02,BKK_Sukhumvit,Watermelon,2,138.0,44.07588018917498,11.868067787703627,0.26926445341001765,7.945,6,5.0,45.0,0.030084077771939045,2026-09,138.0,6082.471466106147,1637.7933547031005,1096.41,828.0,690.0,4.151602732527588,57.89410010509722,1830.2681114030465,1772.3740112979492
2026-09-02,Pattaya_Beach,Guava,2,65.0,47.80525027808676,13.032506562847606,0.27261663702284855,10.04,6,5.5,49.0,0.05506117908787542,2026-09,65.0,3107.341268075639,847.1129265850944,652.5999999999999,390.0,357.5,3.578976640711902,57.40678531701891,860.1283414905447,802.7215561735258
2026-09-02,Pattaya_Beach,MixedBerryPremium,2,22.0,86.3254953000723,23.297381344902387,0.26987833969465647,52.235,8,7.0,89.0,0.23716558206796817,2026-09,22.0,1899.1608966015906,512.5423895878525,1149.17,176.0,154.0,5.2176428054952995,314.28471438900937,-92.55149298626202,-406.8362073752714
2026-09-02,Pattaya_Beach,PassionFruit,2,44.25,63.013126945693536,17.109371497751642,0.2715207501525353,28.654999999999998,6,6.0,65.0,0.08993427879626427,2026-09,44.25,2788.330867346939,757.0896887755101,1267.9837499999999,265.5,265.5,3.979591836734694,137.91275510204082,232.25742857142905,94.34467346938823
2026-09-02,Pattaya_Beach,Pineapple,2,80.0,47.68440197512802,13.193954352596926,0.2766932960484403,10.084999999999999,6,5.0,49.0,0.040965618141916606,2026-09,80.0,3814.7521580102416,1055.5163482077542,806.8,480.0,400.0,3.2772494513533283,52.71455742501829,1072.4358098024873,1019.721252377469
2026-09-02,Pattaya_Beach,Watermelon,2,139.25,43.95651561399389,11.924427330359238,0.2712778108955253,7.945,6,5.0,45.0,0.0308757924395398,2026-09,139.25,6120.944799248649,1660.476505752524,1106.34125,835.5,696.25,4.299454097205917,59.95588738553651,1822.3770434961252,1762.4211561105888
2026-09-02,Pattaya_Central,Guava,2,70.75,47.82334133461354,13.24736053768603,0.27700616828498065,10.04,6,5.5,49.0,0.05400864138262122,2026-09,70.75,3383.501399423908,937.2507580412865,710.3299999999999,424.5,389.125,3.8211113778204515,61.29062650024004,922.2956413826214,861.0050148823814
2026-09-02,Pattaya_Central,MixedBerryPremium,2,25.5,86.52879332477535,23.51800436456996,0.27179397124258947,52.235,8,7.0,89.0,0.2233632862644416,2026-09,25.5,2206.4842297817713,599.709111296534,1331.9925,204.0,178.5,5.69576379974326,343.08433247753527,-107.71738151476256,-450.80171399229783
2026-09-02,Pattaya_Central,PassionFruit,2,56.25,63.01625368731563,17.166189380530973,0.2724089163679736,28.654999999999998,6,6.0,65.0,0.08849557522123894,2026-09,56.25,3544.6642699115046,965.5981526548672,1611.8437499999998,337.5,337.5,4.977876106194691,172.508296460177,292.2223672566374,119.71407079646042
2026-09-02,Pattaya_Central,Pineapple,2,109.0,47.78324340709306,13.039893664746893,0.2728967883919579,10.084999999999999,6,5.0,49.0,0.03925431949075477,2026-09,109.0,5208.373531373143,1421.3484094574114,1099.2649999999999,654.0,545.0,4.27872082449227,68.82322446195816,1488.7601219157318,1419.9368974537736
2026-09-02,Pattaya_Central,Watermelon,2,160.0,44.00282273983419,11.737794315041452,0.26675093969404934,7.945,6,5.0,45.0,0.029609159099881564,2026-09,160.0,7040.45163837347,1878.0470904066324,1271.2,960.0,800.0,4.7374654559810505,66.06395578365576,2131.2045479668377,2065.140592183182
2026-09-03,BKK_Ladprao,Guava,3,31.5,47.85666666666667,13.140177070063695,0.274573596226169,10.04,6,5.5,49.0,0.08227176220806794,2026-09,31.5,1507.4850000000001,413.9155777070064,316.26,189.0,173.25,2.59156050955414,41.568630573248406,415.05942229299376,373.49079171974535
2026-09-03,BKK_Ladprao,MixedBerryPremium,3,12.75,86.58969604863222,23.94381337386018,0.2765203536505358,52.235,8,7.0,89.0,0.4148936170212766,2026-09,12.75,1104.0186246200608,305.2836205167173,665.99625,102.0,89.25,5.289893617021276,318.6367420212766,-58.511245896656646,-377.1479879179332
2026-09-03,BKK_Ladprao,PassionFruit,3,24.25,63.23085034013606,16.98635714285714,0.26864034014223875,28.654999999999998,6,6.0,65.0,0.145578231292517,2026-09,24.25,1533.3481207482994,411.9191607142857,694.88375,145.5,145.5,3.5302721088435374,122.34157993197279,135.54521003401373,13.203630102040947
2026-09-03,BKK_Ladprao,Pineapple,3,52.25,47.845854229354735,12.786699899699096,0.2672478129119515,10.084999999999999,6,5.0,49.0,0.06920762286860582,2026-09,52.25,2499.945883483785,668.1050697592777,526.94125,313.5,261.25,3.616098294884654,58.164941073219666,730.1495637245075,671.9846226512879
2026-09-03,BKK_Ladprao,Watermelon,3,85.5,44.02063492063492,12.068285714285715,0.27415065084916884,7.945,6,5.0,45.0,0.05246913580246913,2026-09,85.5,3763.7642857142855,1031.8384285714285,679.2975,513.0,427.5,4.486111111111111,62.55881944444444,1112.128357142857,1049.5695376984127
2026-09-03,BKK_Sukhumvit,Guava,3,58.25,47.95304734667938,13.01283050524309,0.2713660804738032,10.04,6,5.5,49.0,0.047664442326024785,2026-09,58.25,2793.2650079440737,757.9973769304099,584.8299999999999,349.5,320.375,2.7764537654909436,44.53431839847473,780.5626310136638,736.0283126151891
2026-09-03,BKK_Sukhumvit,MixedBerryPremium,3,20.0,86.75255652173914,22.990975304347824,0.26501784184984295,52.235,8,7.0,89.0,0.21565217391304348,2026-09,20.0,1735.0511304347829,459.8195060869565,1044.7,160.0,140.0,4.3130434782608695,259.79617391304345,-69.46837565217356,-329.264549565217
2026-09-03,BKK_Sukhumvit,PassionFruit,3,43.25,63.17115539452496,17.610132850241545,0.27876857309733194,28.654999999999998,6,6.0,65.0,0.09098228663446055,2026-09,43.25,2732.1524708132047,761.6382457729468,1239.32875,259.5,259.5,3.9349838969404187,136.3668669484702,212.1854750402581,75.8186080917879
2026-09-03,BKK_Sukhumvit,Pineapple,3,85.0,47.74254871088369,12.82280334579807,0.2685822959190887,10.084999999999999,6,5.0,49.0,0.03896870694745129,2026-09,85.0,4058.1166404251135,1089.9382843928358,857.2249999999999,510.0,425.0,3.3123400905333598,53.278990356229095,1175.953356032278,1122.6743656760489
2026-09-03,BKK_Sukhumvit,Watermelon,3,132.75,44.07588018917498,11.868067787703627,0.26926445341001765,7.945,6,5.0,45.0,0.030084077771939045,2026-09,132.75,5851.073095112979,1575.4859988176565,1054.69875,796.5,663.75,3.993661324224908,55.691607166316345,1760.6383462953227,1704.9467391290063
2026-09-03,Pattaya_Beach,Guava,3,61.5,47.80525027808676,13.032506562847606,0.27261663702284855,10.04,6,5.5,49.0,0.05506117908787542,2026-09,61.5,2940.022892102336,801.4991536151279,617.4599999999999,369.0,338.25,3.386262513904338,54.31565072302558,813.813738487208,759.4980877641824
2026-09-03,Pattaya_Beach,MixedBerryPremium,3,21.5,86.3254953000723,23.297381344902387,0.26987833969465647,52.235,8,7.0,89.0,0.23716558206796817,2026-09,21.5,1855.9981489515546,500.89369891540133,1123.0525,172.0,150.5,5.099060014461315,307.14187997107734,-90.44804996384664,-397.589929934924
2026-09-03,Pattaya_Beach,PassionFruit,3,48.75,63.013126945693536,17.109371497751642,0.2715207501525353,28.654999999999998,6,6.0,65.0,0.08993427879626427,2026-09,48.75,3071.88993860256,834.0818605153926,1396.9312499999999,292.5,292.5,4.384296091317883,151.93778104462123,255.87682808716772,103.93904704254649
2026-09-03,Pattaya_Beach,Pineapple,3,87.75,47.68440197512802,13.193954352596926,0.2766932960484403,10.084999999999999,6,5.0,49.0,0.040965618141916606,2026-09,87.75,4184.306273317484,1157.7694944403802,884.9587499999999,526.5,438.75,3.5947329919531823,57.82128017556694,1176.3280288771039,1118.506748701537
2026-09-03,Pattaya_Beach,Watermelon,3,140.5,43.95651561399389,11.924427330359238,0.2712778108955253,7.945,6,5.0,45.0,0.0308757924395398,2026-09,140.5,6175.890443766142,1675.382039915473,1116.2725,843.0,702.5,4.338048837755342,60.49409104249825,1838.7359038506693,1778.241812808171
2026-09-03,Pattaya_Central,Guava,3,66.25,47.82334133461354,13.24736053768603,0.27700616828498065,10.04,6,5.5,49.0,0.05400864138262122,2026-09,66.25,3168.296363418147,877.6376356216995,665.15,397.5,364.375,3.578072491598656,57.39228276524244,863.6337277964476,806.2414450312051
2026-09-03,Pattaya_Central,MixedBerryPremium,3,18.0,86.52879332477535,23.51800436456996,0.27179397124258947,52.235,8,7.0,89.0,0.2233632862644416,2026-09,18.0,1557.5182798459564,423.3240785622593,940.23,144.0,126.0,4.020539152759949,242.17717586649553,-76.0357987163029,-318.21297458279844
2026-09-03,Pattaya_Central,PassionFruit,3,57.0,63.01625368731563,17.166189380530973,0.2724089163679736,28.654999999999998,6,6.0,65.0,0.08849557522123894,2026-09,57.0,3591.926460176991,978.4727946902655,1633.3349999999998,342.0,342.0,5.04424778761062,174.80840707964603,296.1186654867256,121.31025840707957
2026-09-03,Pattaya_Central,Pineapple,3,104.0,47.78324340709306,13.039893664746893,0.2728967883919579,10.084999999999999,6,5.0,49.0,0.03925431949075477,2026-09,104.0,4969.457314337678,1356.148941133677,1048.84,624.0,520.0,4.082449227038496,65.66619581691421,1420.4683732040012,1354.8021773870869
2026-09-03,Pattaya_Central,Watermelon,3,165.0,44.00282273983419,11.737794315041452,0.26675093969404934,7.945,6,5.0,45.0,0.029609159099881564,2026-09,165.0,7260.4657520726405,1936.7360619818396,1310.925,990.0,825.0,4.885511251480458,68.12845440189498,2197.804690090801,2129.676235688906
2026-09-04,BKK_Ladprao,Guava,4,33.0,47.85666666666667,13.140177070063695,0.274573596226169,10.04,6,5.5,49.0,0.08227176220806794,2026-09,33.0,1579.27,433.62584331210195,331.32,198.0,181.5,2.7149681528662417,43.54808917197452,434.82415668789804,391.2760675159235
2026-09-04,BKK_Ladprao,MixedBerryPremium,4,13.0,86.58969604863222,23.94381337386018,0.2765203536505358,52.235,8,7.0,89.0,0.4148936170212766,2026-09,13.0,1125.666048632219,311.26957386018233,679.055,104.0,91.0,5.3936170212765955,324.8845212765957,-59.65852522796331,-384.543046504559
2026-09-04,BKK_Ladprao,PassionFruit,4,23.75,63.23085034013606,16.98635714285714,0.26864034014223875,28.654999999999998,6,6.0,65.0,0.145578231292517,2026-09,23.75,1501.7326955782314,403.4259821428571,680.55625,142.5,142.5,3.4574829931972793,119.81907312925172,132.7504634353743,12.931390306122566
2026-09-04,BKK_Ladprao,Pineapple,4,55.0,47.845854229354735,12.786699899699096,0.2672478129119515,10.084999999999999,6,5.0,49.0,0.06920762286860582,2026-09,55.0,2631.5219826145103,703.2684944834502,554.675,330.0,275.0,3.80641925777332,61.22625376128386,768.5784881310601,707.3522343697763
2026-09-04,BKK_Ladprao,Watermelon,4,71.0,44.02063492063492,12.068285714285715,0.27415065084916884,7.945,6,5.0,45.0,0.05246913580246913,2026-09,71.0,3125.4650793650794,856.8482857142857,564.095,426.0,355.0,3.7253086419753085,51.949429012345675,923.5217936507938,871.5723646384481
2026-09-04,BKK_Sukhumvit,Guava,4,54.75,47.95304734667938,13.01283050524309,0.2713660804738032,10.04,6,5.5,49.0,0.047664442326024785,2026-09,54.75,2625.429342230696,712.4524701620592,549.6899999999999,328.5,301.125,2.609628217349857,41.858436606291704,733.661872068637,691.8034354623453
2026-09-04,BKK_Sukhumvit,MixedBerryPremium,4,17.75,86.75255652173914,22.990975304347824,0.26501784184984295,52.235,8,7.0,89.0,0.21565217391304348,2026-09,17.75,1539.8578782608697,408.08981165217386,927.17125,142.0,124.25,3.827826086956522,230.56910434782608,-61.65318339130408,-292.22228773913014
2026-09-04,BKK_Sukhumvit,PassionFruit,4,40.0,63.17115539452496,17.610132850241545,0.27876857309733194,28.654999999999998,6,6.0,65.0,0.09098228663446055,2026-09,40.0,2526.846215780998,704.4053140096618,1146.1999999999998,240.0,240.0,3.639291465378422,126.11964573268922,196.24090177133667,70.12125603864745
2026-09-04,BKK_Sukhumvit,Pineapple,4,89.75,47.74254871088369,12.82280334579807,0.2685822959190887,10.084999999999999,6,5.0,49.0,0.03896870694745129,2026-09,89.75,4284.893746801811,1150.8466002853768,905.12875,538.5,448.75,3.497441448533753,56.256345699665424,1241.6683965164343,1185.412050816769
2026-09-04,BKK_Sukhumvit,Watermelon,4,130.0,44.07588018917498,11.868067787703627,0.26926445341001765,7.945,6,5.0,45.0,0.030084077771939045,2026-09,130.0,5729.864424592747,1542.8488124014714,1032.8500000000001,780.0,650.0,3.910930110352076,54.5379203888597,1724.1656121912756,1669.627691802416
2026-09-04,Pattaya_Beach,Guava,4,56.75,47.80525027808676,13.032506562847606,0.27261663702284855,10.04,6,5.5,49.0,0.05506117908787542,2026-09,56.75,2712.9479532814235,739.5947474416016,569.77,340.5,312.125,3.1247219132369297,50.12053948832035,750.9582058398219,700.8376663515015
2026-09-04,Pattaya_Beach,MixedBerryPremium,4,21.5,86.3254953000723,23.297381344902387,0.26987833969465647,52.235,8,7.0,89.0,0.23716558206796817,2026-09,21.5,1855.9981489515546,500.89369891540133,1123.0525,172.0,150.5,5.099060014461315,307.14187997107734,-90.44804996384664,-397.589929934924
2026-09-04,Pattaya_Beach,PassionFruit,4,50.0,63.013126945693536,17.109371497751642,0.2715207501525353,28.654999999999998,6,6.0,65.0,0.08993427879626427,2026-09,50.0,3150.656347284677,855.4685748875821,1432.7499999999998,300.0,300.0,4.496713939813214,155.83362158422693,262.43777239709516,106.60415081286823
2026-09-04,Pattaya_Beach,Pineapple,4,84.0,47.68440197512802,13.193954352596926,0.2766932960484403,10.084999999999999,6,5.0,49.0,0.040965618141916606,2026-09,84.0,4005.4897659107537,1108.2921656181418,847.1399999999999,504.0,420.0,3.441111923920995,55.350285296269206,1126.0576002926118,1070.7073149963426
2026-09-04,Pattaya_Beach,Watermelon,4,144.75,43.95651561399389,11.924427330359238,0.2712778108955253,7.945,6,5.0,45.0,0.0308757924395398,2026-09,144.75,6362.705635125616,1726.0608560694998,1150.03875,868.5,723.75,4.469270955623386,62.32398347616812,1894.3560290561163,1832.032045579948
2026-09-04,Pattaya_Central,Guava,4,74.75,47.82334133461354,13.24736053768603,0.27700616828498065,10.04,6,5.5,49.0,0.05400864138262122,2026-09,74.75,3574.794764762362,990.2402001920307,750.4899999999999,448.5,411.125,4.037145943350937,64.75582093134902,974.4395645703312,909.6837436389822
2026-09-04,Pattaya_Central,MixedBerryPremium,4,24.25,86.52879332477535,23.51800436456996,0.27179397124258947,52.235,8,7.0,89.0,0.2233632862644416,2026-09,24.25,2098.323238125802,570.3116058408216,1266.69875,194.0,169.75,5.416559691912709,326.266473042362,-102.43711771501967,-428.7035907573817
2026-09-04,Pattaya_Central,PassionFruit,4,49.75,63.01625368731563,17.166189380530973,0.2724089163679736,28.654999999999998,6,6.0,65.0,0.08849557522123894,2026-09,49.75,3135.0586209439525,854.0179216814159,1425.5862499999998,298.5,298.5,4.402654867256637,152.57400442477876,258.45444926253685,105.88044483775809
2026-09-04,Pattaya_Central,Pineapple,4,101.0,47.78324340709306,13.039893664746893,0.2728967883919579,10.084999999999999,6,5.0,49.0,0.03925431949075477,2026-09,101.0,4826.107584116399,1317.0292601394362,1018.5849999999999,606.0,505.0,3.964686268566232,63.77197862988784,1379.493323976963,1315.7213453470752
2026-09-04,Pattaya_Central,Watermelon,4,155.0,44.00282273983419,11.737794315041452,0.26675093969404934,7.945,6,5.0,45.0,0.029609159099881564,2026-09,155.0,6820.437524674299,1819.358118831425,1231.4750000000001,930.0,775.0,4.589419660481642,63.9994571654165,2064.6044058428743,2000.6049486774577
2026-09-05,BKK_Ladprao,Guava,5,39.75,47.85666666666667,13.140177070063695,0.274573596226169,10.04,6,5.5,49.0,0.08227176220806794,2026-09,39.75,1902.3025,522.3220385350319,399.09,238.5,218.625,3.2703025477707004,52.45565286624203,523.7654614649682,471.3098085987262
2026-09-05,BKK_Ladprao,MixedBerryPremium,5,12.75,86.58969604863222,23.94381337386018,0.2765203536505358,52.235,8,7.0,89.0,0.4148936170212766,2026-09,12.75,1104.0186246200608,305.2836205167173,665.99625,102.0,89.25,5.289893617021276,318.6367420212766,-58.511245896656646,-377.1479879179332
2026-09-05,BKK_Ladprao,PassionFruit,5,29.75,63.23085034013606,16.98635714285714,0.26864034014223875,28.654999999999998,6,6.0,65.0,0.145578231292517,2026-09,29.75,1881.1177976190477,505.34412499999996,852.4862499999999,178.5,178.5,4.3309523809523816,150.08915476190478,166.28742261904767,16.198267857142895
2026-09-05,BKK_Ladprao,Pineapple,5,62.75,47.845854229354735,12.786699899699096,0.2672478129119515,10.084999999999999,6,5.0,49.0,0.06920762286860582,2026-09,62.75,3002.3273528920095,802.3654187061182,632.8337499999999,376.5,313.75,4.342778335005016,69.85358951855568,876.8781841858913,807.0245946673356
2026-09-05,BKK_Ladprao,Watermelon,5,95.25,44.02063492063492,12.068285714285715,0.27415065084916884,7.945,6,5.0,45.0,0.05246913580246913,2026-09,95.25,4192.965476190476,1149.5042142857144,756.76125,571.5,476.25,4.997685185185185,69.69271990740741,1238.9500119047616,1169.2572919973543
2026-09-05,BKK_Sukhumvit,Guava,5,64.5,47.95304734667938,13.01283050524309,0.2713660804738032,10.04,6,5.5,49.0,0.047664442326024785,2026-09,64.5,3092.9715538608198,839.3275675881792,647.5799999999999,387.0,354.75,3.0743565300285987,49.31267874165872,864.3139862726407,815.001307530982
2026-09-05,BKK_Sukhumvit,MixedBerryPremium,5,29.5,86.75255652173914,22.990975304347824,0.26501784184984295,52.235,8,7.0,89.0,0.21565217391304348,2026-09,29.5,2559.2004173913047,678.2337714782608,1540.9325,236.0,206.5,6.361739130434783,383.19935652173916,-102.46585408695591,-485.6652106086951
2026-09-05,BKK_Sukhumvit,PassionFruit,5,47.75,63.17115539452496,17.610132850241545,0.27876857309733194,28.654999999999998,6,6.0,65.0,0.09098228663446055,2026-09,47.75,3016.422670088567,840.8838435990338,1368.27625,286.5,286.5,4.344404186795491,150.55532709339775,234.26257648953333,83.70724939613558
2026-09-05,BKK_Sukhumvit,Pineapple,5,101.25,47.74254871088369,12.82280334579807,0.2685822959190887,10.084999999999999,6,5.0,49.0,0.03896870694745129,2026-09,101.25,4833.933056976974,1298.3088387620546,1021.1062499999999,607.5,506.25,3.9455815784294432,63.464679689037595,1400.7679682149192,1337.3032885258815
2026-09-05,BKK_Sukhumvit,Watermelon,5,161.75,44.07588018917498,11.868067787703627,0.26926445341001765,7.945,6,5.0,45.0,0.030084077771939045,2026-09,161.75,7129.273620599053,1919.6599646610616,1285.10375,970.5,808.75,4.866099579611141,67.85775863767736,2145.259905937992,2077.4021473003145
2026-09-05,Pattaya_Beach,Guava,5,82.0,47.80525027808676,13.032506562847606,0.27261663702284855,10.04,6,5.5,49.0,0.05506117908787542,2026-09,82.0,3920.0305228031143,1068.6655381535038,823.28,492.0,451.0,4.515016685205784,72.42086763070077,1085.0849846496108,1012.66411701891
2026-09-05,Pattaya_Beach,MixedBerryPremium,5,33.0,86.3254953000723,23.297381344902387,0.26987833969465647,52.235,8,7.0,89.0,0.23716558206796817,2026-09,33.0,2848.741344902386,768.8135843817788,1723.7549999999999,264.0,231.0,7.82646420824295,471.4270715835141,-138.82723947939257,-610.2543110629067
2026-09-05,Pattaya_Beach,PassionFruit,5,66.0,63.013126945693536,17.109371497751642,0.2715207501525353,28.654999999999998,6,6.0,65.0,0.08993427879626427,2026-09,66.0,4158.866378415773,1129.2185188516085,1891.2299999999998,396.0,396.0,5.935662400553442,205.70038049117954,346.41785956416516,140.7174790729856
2026-09-05,Pattaya_Beach,Pineapple,5,121.75,47.68440197512802,13.193954352596926,0.2766932960484403,10.084999999999999,6,5.0,49.0,0.040965618141916606,2026-09,121.75,5805.5759404718365,1606.3639424286757,1227.8487499999999,730.5,608.75,4.987564008778347,80.22496708119971,1632.1132480431606,1551.8882809619608
2026-09-05,Pattaya_Beach,Watermelon,5,203.5,43.95651561399389,11.924427330359238,0.2712778108955253,7.945,6,5.0,45.0,0.0308757924395398,2026-09,203.5,8945.150927447758,2426.620961728105,1616.8075000000001,1221.0,1017.5,6.283223761446349,87.61955535336934,2663.222465719652,2575.6029103662827
2026-09-05,Pattaya_Central,Guava,5,95.5,47.82334133461354,13.24736053768603,0.27700616828498065,10.04,6,5.5,49.0,0.05400864138262122,2026-09,95.5,4567.129097455593,1265.1229313490157,958.8199999999999,573.0,525.25,5.157825252040327,82.73151704272685,1244.9361661065777,1162.2046490638509
2026-09-05,Pattaya_Central,MixedBerryPremium,5,33.0,86.52879332477535,23.51800436456996,0.27179397124258947,52.235,8,7.0,89.0,0.2233632862644416,2026-09,33.0,2855.4501797175867,776.0941440308087,1723.7549999999999,264.0,231.0,7.370988446726573,443.9914890885751,-139.39896431322177,-583.3904534017969
2026-09-05,Pattaya_Central,PassionFruit,5,81.25,63.01625368731563,17.166189380530973,0.2724089163679736,28.654999999999998,6,6.0,65.0,0.08849557522123894,2026-09,81.25,5120.070612094395,1394.7528871681416,2328.21875,487.5,487.5,7.1902654867256635,249.17865044247787,422.0989749262535,172.92032448377563
2026-09-05,Pattaya_Central,Pineapple,5,146.75,47.78324340709306,13.039893664746893,0.2728967883919579,10.084999999999999,6,5.0,49.0,0.03925431949075477,2026-09,146.75,7012.1909699909065,1913.6043953016065,1479.9737499999999,880.5,733.75,5.760571385268263,92.65879073204002,2004.3628246893004,1911.7040339572604
2026-09-05,Pattaya_Central,Watermelon,5,234.25,44.00282273983419,11.737794315041452,0.26675093969404934,7.945,6,5.0,45.0,0.029609159099881564,2026-09,234.25,10307.661226806158,2749.57831829846,1861.11625,1405.5,1171.25,6.935945519147256,96.72176026450849,3120.2166585076975,3023.494898243189
2026-09-06,BKK_Ladprao,Guava,6,34.25,47.85666666666667,13.140177070063695,0.274573596226169,10.04,6,5.5,49.0,0.08227176220806794,2026-09,34.25,1639.0908333333334,450.05106464968156,343.86999999999995,205.5,188.375,2.817807855626327,45.19763800424628,451.2947686836519,406.0971306794056
2026-09-06,BKK_Ladprao,MixedBerryPremium,6,13.75,86.58969604863222,23.94381337386018,0.2765203536505358,52.235,8,7.0,89.0,0.4148936170212766,2026-09,13.75,1190.608320668693,329.22743389057746,718.23125,110.0,96.25,5.704787234042553,343.62785904255315,-63.100363221884436,-406.7282222644376
2026-09-06,BKK_Ladprao,PassionFruit,6,28.0,63.23085034013606,16.98635714285714,0.26864034014223875,28.654999999999998,6,6.0,65.0,0.145578231292517,2026-09,28.0,1770.4638095238097,475.61799999999994,802.3399999999999,168.0,168.0,4.076190476190476,141.26038095238096,156.50580952380983,15.245428571428874
2026-09-06,BKK_Ladprao,Pineapple,6,49.75,47.845854229354735,12.786699899699096,0.2672478129119515,10.084999999999999,6,5.0,49.0,0.06920762286860582,2026-09,49.75,2380.331247910398,636.13832001003,501.72874999999993,298.5,248.75,3.44307923771314,55.38192953861586,695.214177900368,639.8322483617521
2026-09-06,BKK_Ladprao,Watermelon,6,84.25,44.02063492063492,12.068285714285715,0.27415065084916884,7.945,6,5.0,45.0,0.05246913580246913,2026-09,84.25,3708.738492063492,1016.7530714285715,669.36625,505.5,421.25,4.4205246913580245,61.64421682098765,1095.8691706349205,1034.2249538139329
2026-09-06,BKK_Sukhumvit,Guava,6,56.5,47.95304734667938,13.01283050524309,0.2713660804738032,10.04,6,5.5,49.0,0.047664442326024785,2026-09,56.5,2709.3471750873846,735.2249235462345,567.26,339.0,310.75,2.6930409914204003,43.19637750238322,757.11225154115,713.9158740387668
2026-09-06,BKK_Sukhumvit,MixedBerryPremium,6,17.0,86.75255652173914,22.990975304347824,0.26501784184984295,52.235,8,7.0,89.0,0.21565217391304348,2026-09,17.0,1474.7934608695653,390.846580173913,887.995,136.0,119.0,3.666086956521739,220.82674782608694,-59.048119304347665,-279.8748671304346
2026-09-06,BKK_Sukhumvit,PassionFruit,6,41.25,63.17115539452496,17.610132850241545,0.27876857309733194,28.654999999999998,6,6.0,65.0,0.09098228663446055,2026-09,41.25,2605.8101600241544,726.4179800724637,1182.01875,247.5,247.5,3.7530193236714977,130.06088466183576,202.37342995169092,72.31254528985517
2026-09-06,BKK_Sukhumvit,Pineapple,6,95.5,47.74254871088369,12.82280334579807,0.2685822959190887,10.084999999999999,6,5.0,49.0,0.03896870694745129,2026-09,95.5,4559.413401889392,1224.5777195237156,963.1175,573.0,477.5,3.721511513481598,59.860512694351506,1321.2181823656765,1261.357669671325
2026-09-06,BKK_Sukhumvit,Watermelon,6,136.5,44.07588018917498,11.868067787703627,0.26926445341001765,7.945,6,5.0,45.0,0.030084077771939045,2026-09,136.5,6016.357645822385,1619.991253021545,1084.4925,819.0,682.5,4.1064766158696795,57.26481640830268,1810.3738928008406,1753.1090763925379
2026-09-06,Pattaya_Beach,Guava,6,71.75,47.80525027808676,13.032506562847606,0.27261663702284855,10.04,6,5.5,49.0,0.05506117908787542,2026-09,71.75,3430.026707452725,935.0823458843157,720.3699999999999,430.5,394.625,3.9506395995550614,63.368259176863184,949.4493615684096,886.0811023915464
2026-09-06,Pattaya_Beach,MixedBerryPremium,6,30.25,86.3254953000723,23.297381344902387,0.26987833969465647,52.235,8,7.0,89.0,0.23716558206796817,2026-09,30.25,2611.346232827187,704.7457856832972,1580.1087499999999,242.0,211.75,7.174258857556037,432.1414822848879,-127.25830285610982,-559.3997851409977
2026-09-06,Pattaya_Beach,PassionFruit,6,58.25,63.013126945693536,17.109371497751642,0.2715207501525353,28.654999999999998,6,6.0,65.0,0.08993427879626427,2026-09,58.25,3670.5146445866485,996.6208897440331,1669.15375,349.5,349.5,5.238671739882394,181.54616914562436,305.74000484261524,124.19383569699087
2026-09-06,Pattaya_Beach,Pineapple,6,104.75,47.68440197512802,13.193954352596926,0.2766932960484403,10.084999999999999,6,5.0,49.0,0.040965618141916606,2026-09,104.75,4994.94110689466,1382.066718434528,1056.40375,628.5,523.75,4.291148500365765,69.02312362838333,1404.2206384601322,1335.197514831749
2026-09-06,Pattaya_Beach,Watermelon,6,187.25,43.95651561399389,11.924427330359238,0.2712778108955253,7.945,6,5.0,45.0,0.0308757924395398,2026-09,187.25,8230.857548720356,2232.8490176097675,1487.70125,1123.5,936.25,5.781492134303828,80.62290781286688,2450.5572811105885,2369.934373297722
2026-09-06,Pattaya_Central,Guava,6,95.25,47.82334133461354,13.24736053768603,0.27700616828498065,10.04,6,5.5,49.0,0.05400864138262122,2026-09,95.25,4555.17326212194,1261.8110912145944,956.31,571.5,523.875,5.144323091694671,82.51494239078252,1241.6771709073455,1159.162228516563
2026-09-06,Pattaya_Central,MixedBerryPremium,6,32.0,86.52879332477535,23.51800436456996,0.27179397124258947,52.235,8,7.0,89.0,0.2233632862644416,2026-09,32.0,2768.921386392811,752.5761396662388,1671.52,256.0,224.0,7.147625160462131,430.53720154043646,-135.17475327342754,-565.7119548138639
2026-09-06,Pattaya_Central,PassionFruit,6,73.75,63.01625368731563,17.166189380530973,0.2724089163679736,28.654999999999998,6,6.0,65.0,0.08849557522123894,2026-09,73.75,4647.448709439528,1266.0064668141592,2113.3062499999996,442.5,442.5,6.5265486725663715,226.1775442477876,383.135992625369,156.9584483775814
2026-09-06,Pattaya_Central,Pineapple,6,133.0,47.78324340709306,13.039893664746893,0.2728967883919579,10.084999999999999,6,5.0,49.0,0.03925431949075477,2026-09,133.0,6355.171373143377,1734.3058574113368,1341.3049999999998,798.0,665.0,5.220824492270385,83.97696195816914,1816.5605157320406,1732.5835537738715
2026-09-06,Pattaya_Central,Watermelon,6,213.5,44.00282273983419,11.737794315041452,0.26675093969404934,7.945,6,5.0,45.0,0.029609159099881564,2026-09,213.5,9394.602654954599,2506.01908626135,1696.2575000000002,1281.0,1067.5,6.321555467824714,88.15409099881565,2843.826068693248,2755.6719776944324
2026-09-07,BKK_Ladprao,Guava,0,30.25,47.85666666666667,13.140177070063695,0.274573596226169,10.04,6,5.5,49.0,0.08227176220806794,2026-09,30.25,1447.6641666666667,397.49035636942676,303.71,181.5,166.375,2.488720806794055,39.91908174097664,398.5888102972399,358.66972855626324
2026-09-07,BKK_Ladprao,MixedBerryPremium,0,11.5,86.58969604863222,23.94381337386018,0.2765203536505358,52.235,8,7.0,89.0,0.4148936170212766,2026-09,11.5,995.7815045592705,275.3538537993921,600.7025,92.0,80.5,4.7712765957446805,287.3978457446808,-52.774849240121625,-340.17269498480243
2026-09-07,BKK_Ladprao,PassionFruit,0,25.5,63.23085034013606,16.98635714285714,0.26864034014223875,28.654999999999998,6,6.0,65.0,0.145578231292517,2026-09,25.5,1612.3866836734694,433.1521071428571,730.7025,153.0,153.0,3.712244897959184,128.64784693877553,142.53207653061236,13.884229591836828
2026-09-07,BKK_Ladprao,Pineapple,0,52.25,47.845854229354735,12.786699899699096,0.2672478129119515,10.084999999999999,6,5.0,49.0,0.06920762286860582,2026-09,52.25,2499.945883483785,668.1050697592777,526.94125,313.5,261.25,3.616098294884654,58.164941073219666,730.1495637245075,671.9846226512879
2026-09-07,BKK_Ladprao,Watermelon,0,82.25,44.02063492063492,12.068285714285715,0.27415065084916884,7.945,6,5.0,45.0,0.05246913580246913,2026-09,82.25,3620.697222222222,992.6165,653.47625,493.5,411.25,4.315586419753086,60.180852623456786,1069.8544722222223,1009.6736195987655
2026-09-07,BKK_Sukhumvit,Guava,0,57.25,47.95304734667938,13.01283050524309,0.2713660804738032,10.04,6,5.5,49.0,0.047664442326024785,2026-09,57.25,2745.3119605973943,744.9845464251669,574.79,343.5,314.875,2.7287893231649187,43.76978074356529,767.1624141722275,723.3926334286622
2026-09-07,BKK_Sukhumvit,MixedBerryPremium,0,18.5,86.75255652173914,22.990975304347824,0.26501784184984295,52.235,8,7.0,89.0,0.21565217391304348,2026-09,18.5,1604.922295652174,425.33304313043476,966.3475,148.0,129.5,3.9895652173913043,240.31146086956522,-64.25824747826073,-304.56970834782595
2026-09-07,BKK_Sukhumvit,PassionFruit,0,49.0,63.17115539452496,17.610132850241545,0.27876857309733194,28.654999999999998,6,6.0,65.0,0.09098228663446055,2026-09,49.0,3095.386614331723,862.8965096618357,1404.0949999999998,294.0,294.0,4.458132045088567,154.49656602254427,240.3951046698876,85.89853864734332
2026-09-07,BKK_Sukhumvit,Pineapple,0,92.75,47.74254871088369,12.82280334579807,0.2685822959190887,10.084999999999999,6,5.0,49.0,0.03896870694745129,2026-09,92.75,4428.121392934462,1189.315010322771,935.38375,556.5,463.75,3.614347569376107,58.13678065341469,1283.1726326116914,1225.0358519582767
2026-09-07,BKK_Sukhumvit,Watermelon,0,137.5,44.07588018917498,11.868067787703627,0.26926445341001765,7.945,6,5.0,45.0,0.030084077771939045,2026-09,137.5,6060.4335260115595,1631.8593208092486,1092.4375,825.0,687.5,4.136560693641619,57.68433887283238,1823.6367052023106,1765.9523663294783
2026-09-07,Pattaya_Beach,Guava,0,61.75,47.80525027808676,13.032506562847606,0.27261663702284855,10.04,6,5.5,49.0,0.05506117908787542,2026-09,61.75,2951.9742046718575,804.7572802558396,619.9699999999999,370.5,339.625,3.400027808676307,54.536446051167964,817.1219244160179,762.5854783648499
2026-09-07,Pattaya_Beach,MixedBerryPremium,0,19.25,86.3254953000723,23.297381344902387,0.26987833969465647,52.235,8,7.0,89.0,0.23716558206796817,2026-09,19.25,1661.7657845263918,448.474590889371,1005.52375,154.0,134.75,4.565437454808388,274.99912509038325,-80.98255636297904,-355.9816814533623
2026-09-07,Pattaya_Beach,PassionFruit,0,49.5,63.013126945693536,17.109371497751642,0.2715207501525353,28.654999999999998,6,6.0,65.0,0.08993427879626427,2026-09,49.5,3119.14978381183,846.9138891387063,1418.4225,297.0,297.0,4.451746800415082,154.27528536838466,259.81339467312364,105.53810930473898
2026-09-07,Pattaya_Beach,Pineapple,0,95.25,47.68440197512802,13.193954352596926,0.2766932960484403,10.084999999999999,6,5.0,49.0,0.040965618141916606,2026-09,95.25,4541.939288130944,1256.7241520848572,960.5962499999999,571.5,476.25,3.9019751280175567,62.7632699341624,1276.868886046087,1214.1056161119245
2026-09-07,Pattaya_Beach,Watermelon,0,149.25,43.95651561399389,11.924427330359238,0.2712778108955253,7.945,6,5.0,45.0,0.0308757924395398,2026-09,149.25,6560.509955388588,1779.7207790561163,1185.79125,895.5,746.25,4.608212021601315,64.26151664123034,1953.2479263324722,1888.9864096912418
2026-09-07,Pattaya_Central,Guava,0,65.25,47.82334133461354,13.24736053768603,0.27700616828498065,10.04,6,5.5,49.0,0.05400864138262122,2026-09,65.25,3120.473022083533,864.3902750840134,655.1099999999999,391.5,358.875,3.524063850216035,56.525984157465196,850.59774699952,794.0717628420548
2026-09-07,Pattaya_Central,MixedBerryPremium,0,25.75,86.52879332477535,23.51800436456996,0.27179397124258947,52.235,8,7.0,89.0,0.2233632862644416,2026-09,25.75,2228.1164281129654,605.5886123876764,1345.05125,206.0,180.25,5.7516046213093714,346.44790436457,-108.77343427471124,-455.2213386392812
2026-09-07,Pattaya_Central,PassionFruit,0,54.25,63.01625368731563,17.166189380530973,0.2724089163679736,28.654999999999998,6,6.0,65.0,0.08849557522123894,2026-09,54.25,3418.631762536873,931.2657738938053,1554.5337499999998,325.5,325.5,4.800884955752212,166.37466814159293,281.83223864306774,115.4575705014748
2026-09-07,Pattaya_Central,Pineapple,0,109.0,47.78324340709306,13.039893664746893,0.2728967883919579,10.084999999999999,6,5.0,49.0,0.03925431949075477,2026-09,109.0,5208.373531373143,1421.3484094574114,1099.2649999999999,654.0,545.0,4.27872082449227,68.82322446195816,1488.7601219157318,1419.9368974537736
2026-09-07,Pattaya_Central,Watermelon,0,179.0,44.00282273983419,11.737794315041452,0.26675093969404934,7.945,6,5.0,45.0,0.029609159099881564,2026-09,179.0,7876.50527043032,2101.06518239242,1422.155,1074.0,895.0,5.3000394788788,73.90905053296487,2384.2850880379,2310.376037504935
2026-09-08,BKK_Ladprao,Guava,1,35.5,47.85666666666667,13.140177070063695,0.274573596226169,10.04,6,5.5,49.0,0.08227176220806794,2026-09,35.5,1698.9116666666669,466.4762859872612,356.41999999999996,213.0,195.25,2.9206475583864115,46.84718683651804,467.7653806794058,420.9181938428877
2026-09-08,BKK_Ladprao,MixedBerryPremium,1,10.25,86.58969604863222,23.94381337386018,0.2765203536505358,52.235,8,7.0,89.0,0.4148936170212766,2026-09,10.25,887.5443844984802,245.42408708206685,535.4087499999999,82.0,71.75,4.252659574468085,256.1589494680851,-47.038452583586604,-303.1974020516717
2026-09-08,BKK_Ladprao,PassionFruit,1,25.75,63.23085034013606,16.98635714285714,0.26864034014223875,28.654999999999998,6,6.0,65.0,0.145578231292517,2026-09,25.75,1628.1943962585035,437.3986964285714,737.8662499999999,154.5,154.5,3.748639455782313,129.90910034013606,143.92944982993208,14.020349489796018
2026-09-08,BKK_Ladprao,Pineapple,1,48.25,47.845854229354735,12.786699899699096,0.2672478129119515,10.084999999999999,6,5.0,49.0,0.06920762286860582,2026-09,48.25,2308.562466566366,616.9582701604813,486.60124999999994,289.5,241.25,3.3392678034102308,53.71212261785357,674.2529464058846,620.540823788031
2026-09-08,BKK_Ladprao,Watermelon,1,75.5,44.02063492063492,12.068285714285715,0.27415065084916884,7.945,6,5.0,45.0,0.05246913580246913,2026-09,75.5,3323.5579365079366,911.1555714285714,599.8475,453.0,377.5,3.9614197530864197,55.24199845679012,982.0548650793653,926.8128666225751
2026-09-08,BKK_Sukhumvit,Guava,1,54.0,47.95304734667938,13.01283050524309,0.2713660804738032,10.04,6,5.5,49.0,0.047664442326024785,2026-09,54.0,2589.4645567206862,702.6928472831269,542.16,324.0,297.0,2.573879885605338,41.28503336510962,723.6117094375595,682.3266760724499
2026-09-08,BKK_Sukhumvit,MixedBerryPremium,1,19.75,86.75255652173914,22.990975304347824,0.26501784184984295,52.235,8,7.0,89.0,0.21565217391304348,2026-09,19.75,1713.362991304348,454.07176226086955,1031.64125,158.0,138.25,4.259130434782609,256.54872173913043,-68.60002095652135,-325.1487426956518
2026-09-08,BKK_Sukhumvit,PassionFruit,1,44.5,63.17115539452496,17.610132850241545,0.27876857309733194,28.654999999999998,6,6.0,65.0,0.09098228663446055,2026-09,44.5,2811.116415056361,783.6509118357487,1275.1474999999998,267.0,267.0,4.048711755233494,140.30810587761675,218.31800322061235,78.0098973429956
2026-09-08,BKK_Sukhumvit,Pineapple,1,85.0,47.74254871088369,12.82280334579807,0.2685822959190887,10.084999999999999,6,5.0,49.0,0.03896870694745129,2026-09,85.0,4058.1166404251135,1089.9382843928358,857.2249999999999,510.0,425.0,3.3123400905333598,53.278990356229095,1175.953356032278,1122.6743656760489
2026-09-08,BKK_Sukhumvit,Watermelon,1,136.0,44.07588018917498,11.868067787703627,0.26926445341001765,7.945,6,5.0,45.0,0.030084077771939045,2026-09,136.0,5994.319705727798,1614.0572191276933,1080.52,816.0,680.0,4.09143457698371,57.05505517603784,1803.7424866001038,1746.687431424066
2026-09-08,Pattaya_Beach,Guava,1,51.0,47.80525027808676,13.032506562847606,0.27261663702284855,10.04,6,5.5,49.0,0.05506117908787542,2026-09,51.0,2438.067764182425,664.657834705228,512.04,306.0,280.5,2.8081201334816464,45.042246941045605,674.869929477197,629.8276825361514
2026-09-08,Pattaya_Beach,MixedBerryPremium,1,21.25,86.3254953000723,23.297381344902387,0.26987833969465647,52.235,8,7.0,89.0,0.23716558206796817,2026-09,21.25,1834.4167751265365,495.06935357917575,1109.99375,170.0,148.75,5.039768618944324,303.57046276211133,-89.39632845263918,-392.9667912147505
2026-09-08,Pattaya_Beach,PassionFruit,1,47.0,63.013126945693536,17.109371497751642,0.2715207501525353,28.654999999999998,6,6.0,65.0,0.08993427879626427,2026-09,47.0,2961.616966447596,804.1404603943272,1346.7849999999999,282.0,282.0,4.2269111034244204,146.4836042891733,246.69150605326877,100.20790176409548
2026-09-08,Pattaya_Beach,Pineapple,1,91.25,47.68440197512802,13.193954352596926,0.2766932960484403,10.084999999999999,6,5.0,49.0,0.040965618141916606,2026-09,91.25,4351.2016802304315,1203.9483346744694,920.2562499999999,547.5,456.25,3.7381126554498905,60.127542062911495,1223.247095555962,1163.1195534930505
2026-09-08,Pattaya_Beach,Watermelon,1,142.75,43.95651561399389,11.924427330359238,0.2712778108955253,7.945,6,5.0,45.0,0.0308757924395398,2026-09,142.75,6274.792603897628,1702.2120014087814,1134.14875,856.5,713.75,4.407519370744306,61.46285762502935,1868.1818524888467,1806.7189948638174
2026-09-08,Pattaya_Central,Guava,1,65.75,47.82334133461354,13.24736053768603,0.27700616828498065,10.04,6,5.5,49.0,0.05400864138262122,2026-09,65.75,3144.3846927508403,871.0139553528564,660.13,394.5,361.625,3.5510681709073455,56.95913346135382,857.115737397984,800.1566039366302
2026-09-08,Pattaya_Central,MixedBerryPremium,1,22.75,86.52879332477535,23.51800436456996,0.27179397124258947,52.235,8,7.0,89.0,0.2233632862644416,2026-09,22.75,1968.5300481386391,535.0345992939666,1188.34625,182.0,159.25,5.081514762516046,306.08504172015404,-96.10080115532742,-402.18584287548146
2026-09-08,Pattaya_Central,PassionFruit,1,55.75,63.01625368731563,17.166189380530973,0.2724089163679736,28.654999999999998,6,6.0,65.0,0.08849557522123894,2026-09,55.75,3513.1561430678466,957.0150579646017,1597.51625,334.5,334.5,4.933628318584071,170.97488938053098,289.624835103245,118.64994572271402
2026-09-08,Pattaya_Central,Pineapple,1,114.0,47.78324340709306,13.039893664746893,0.2728967883919579,10.084999999999999,6,5.0,49.0,0.03925431949075477,2026-09,114.0,5447.289748408609,1486.5478777811459,1149.6899999999998,684.0,570.0,4.474992421946044,71.98025310700211,1557.0518706274634,1485.0716175204611
2026-09-08,Pattaya_Central,Watermelon,1,164.25,44.00282273983419,11.737794315041452,0.26675093969404934,7.945,6,5.0,45.0,0.029609159099881564,2026-09,164.25,7227.463635017765,1927.9327162455584,1304.96625,985.5,821.25,4.863304382155547,67.8187796091591,2187.8146687722065,2119.995889163047
2026-09-09,BKK_Ladprao,Guava,2,28.5,47.85666666666667,13.140177070063695,0.274573596226169,10.04,6,5.5,49.0,0.08227176220806794,2026-09,28.5,1363.915,374.4950464968153,286.14,171.0,156.75,2.3447452229299364,37.609713375796176,375.52995350318474,337.9202401273886
2026-09-09,BKK_Ladprao,MixedBerryPremium,2,9.75,86.58969604863222,23.94381337386018,0.2765203536505358,52.235,8,7.0,89.0,0.4148936170212766,2026-09,9.75,844.2495364741642,233.45218039513676,509.29125,78.0,68.25,4.045212765957447,243.6633909574468,-44.743893920972596,-288.40728487841943
2026-09-09,BKK_Ladprao,PassionFruit,2,27.5,63.23085034013606,16.98635714285714,0.26864034014223875,28.654999999999998,6,6.0,65.0,0.145578231292517,2026-09,27.5,1738.8483843537415,467.1248214285714,788.0124999999999,165.0,165.0,4.003401360544218,138.73787414965986,153.71106292517015,14.973188775510295
2026-09-09,BKK_Ladprao,Pineapple,2,58.0,47.845854229354735,12.786699899699096,0.2672478129119515,10.084999999999999,6,5.0,49.0,0.06920762286860582,2026-09,58.0,2775.059545302575,741.6285941825475,584.93,348.0,290.0,4.014042126379138,64.56586760280844,810.5009511200274,745.9350835172189
2026-09-09,BKK_Ladprao,Watermelon,2,76.75,44.02063492063492,12.068285714285715,0.27415065084916884,7.945,6,5.0,45.0,0.05246913580246913,2026-09,76.75,3378.58373015873,926.2409285714286,609.7787500000001,460.5,383.75,4.027006172839506,56.156601080246915,998.314051587301,942.1574505070541
2026-09-09,BKK_Sukhumvit,Guava,2,52.75,47.95304734667938,13.01283050524309,0.2713660804738032,10.04,6,5.5,49.0,0.047664442326024785,2026-09,52.75,2529.5232475373373,686.4268091515729,529.6099999999999,316.5,290.125,2.5142993326978074,40.329361296472825,706.8614383857644,666.5320770892915
2026-09-09,BKK_Sukhumvit,MixedBerryPremium,2,20.0,86.75255652173914,22.990975304347824,0.26501784184984295,52.235,8,7.0,89.0,0.21565217391304348,2026-09,20.0,1735.0511304347829,459.8195060869565,1044.7,160.0,140.0,4.3130434782608695,259.79617391304345,-69.46837565217356,-329.264549565217
2026-09-09,BKK_Sukhumvit,PassionFruit,2,46.75,63.17115539452496,17.610132850241545,0.27876857309733194,28.654999999999998,6,6.0,65.0,0.09098228663446055,2026-09,46.75,2953.251514694042,823.2737107487923,1339.62125,280.5,280.5,4.2534219001610305,147.40233595008053,229.35655394524974,81.95421799516922
2026-09-09,BKK_Sukhumvit,Pineapple,2,88.5,47.74254871088369,12.82280334579807,0.2685822959190887,10.084999999999999,6,5.0,49.0,0.03896870694745129,2026-09,88.5,4225.215560913207,1134.8180961031292,892.5224999999999,531.0,442.5,3.448730564849439,55.47283113560323,1224.374964810078,1168.9021336744747
2026-09-09,BKK_Sukhumvit,Watermelon,2,138.0,44.07588018917498,11.868067787703627,0.26926445341001765,7.945,6,5.0,45.0,0.030084077771939045,2026-09,138.0,6082.471466106147,1637.7933547031005,1096.41,828.0,690.0,4.151602732527588,57.89410010509722,1830.2681114030465,1772.3740112979492
2026-09-09,Pattaya_Beach,Guava,2,65.0,47.80525027808676,13.032506562847606,0.27261663702284855,10.04,6,5.5,49.0,0.05506117908787542,2026-09,65.0,3107.341268075639,847.1129265850944,652.5999999999999,390.0,357.5,3.578976640711902,57.40678531701891,860.1283414905447,802.7215561735258
2026-09-09,Pattaya_Beach,MixedBerryPremium,2,22.0,86.3254953000723,23.297381344902387,0.26987833969465647,52.235,8,7.0,89.0,0.23716558206796817,2026-09,22.0,1899.1608966015906,512.5423895878525,1149.17,176.0,154.0,5.2176428054952995,314.28471438900937,-92.55149298626202,-406.8362073752714
2026-09-09,Pattaya_Beach,PassionFruit,2,44.25,63.013126945693536,17.109371497751642,0.2715207501525353,28.654999999999998,6,6.0,65.0,0.08993427879626427,2026-09,44.25,2788.330867346939,757.0896887755101,1267.9837499999999,265.5,265.5,3.979591836734694,137.91275510204082,232.25742857142905,94.34467346938823
2026-09-09,Pattaya_Beach,Pineapple,2,80.0,47.68440197512802,13.193954352596926,0.2766932960484403,10.084999999999999,6,5.0,49.0,0.040965618141916606,2026-09,80.0,3814.7521580102416,1055.5163482077542,806.8,480.0,400.0,3.2772494513533283,52.71455742501829,1072.4358098024873,1019.721252377469
2026-09-09,Pattaya_Beach,Watermelon,2,139.25,43.95651561399389,11.924427330359238,0.2712778108955253,7.945,6,5.0,45.0,0.0308757924395398,2026-09,139.25,6120.944799248649,1660.476505752524,1106.34125,835.5,696.25,4.299454097205917,59.95588738553651,1822.3770434961252,1762.4211561105888
2026-09-09,Pattaya_Central,Guava,2,70.75,47.82334133461354,13.24736053768603,0.27700616828498065,10.04,6,5.5,49.0,0.05400864138262122,2026-09,70.75,3383.501399423908,937.2507580412865,710.3299999999999,424.5,389.125,3.8211113778204515,61.29062650024004,922.2956413826214,861.0050148823814
2026-09-09,Pattaya_Central,MixedBerryPremium,2,25.5,86.52879332477535,23.51800436456996,0.27179397124258947,52.235,8,7.0,89.0,0.2233632862644416,2026-09,25.5,2206.4842297817713,599.709111296534,1331.9925,204.0,178.5,5.69576379974326,343.08433247753527,-107.71738151476256,-450.80171399229783
2026-09-09,Pattaya_Central,PassionFruit,2,56.25,63.01625368731563,17.166189380530973,0.2724089163679736,28.654999999999998,6,6.0,65.0,0.08849557522123894,2026-09,56.25,3544.6642699115046,965.5981526548672,1611.8437499999998,337.5,337.5,4.977876106194691,172.508296460177,292.2223672566374,119.71407079646042
2026-09-09,Pattaya_Central,Pineapple,2,109.0,47.78324340709306,13.039893664746893,0.2728967883919579,10.084999999999999,6,5.0,49.0,0.03925431949075477,2026-09,109.0,5208.373531373143,1421.3484094574114,1099.2649999999999,654.0,545.0,4.27872082449227,68.82322446195816,1488.7601219157318,1419.9368974537736
2026-09-09,Pattaya_Central,Watermelon,2,160.0,44.00282273983419,11.737794315041452,0.26675093969404934,7.945,6,5.0,45.0,0.029609159099881564,2026-09,160.0,7040.45163837347,1878.0470904066324,1271.2,960.0,800.0,4.7374654559810505,66.06395578365576,2131.2045479668377,2065.140592183182
2026-09-10,BKK_Ladprao,Guava,3,31.5,47.85666666666667,13.140177070063695,0.274573596226169,10.04,6,5.5,49.0,0.08227176220806794,2026-09,31.5,1507.4850000000001,413.9155777070064,316.26,189.0,173.25,2.59156050955414,41.568630573248406,415.05942229299376,373.49079171974535
2026-09-10,BKK_Ladprao,MixedBerryPremium,3,12.75,86.58969604863222,23.94381337386018,0.2765203536505358,52.235,8,7.0,89.0,0.4148936170212766,2026-09,12.75,1104.0186246200608,305.2836205167173,665.99625,102.0,89.25,5.289893617021276,318.6367420212766,-58.511245896656646,-377.1479879179332
2026-09-10,BKK_Ladprao,PassionFruit,3,24.25,63.23085034013606,16.98635714285714,0.26864034014223875,28.654999999999998,6,6.0,65.0,0.145578231292517,2026-09,24.25,1533.3481207482994,411.9191607142857,694.88375,145.5,145.5,3.5302721088435374,122.34157993197279,135.54521003401373,13.203630102040947
2026-09-10,BKK_Ladprao,Pineapple,3,52.25,47.845854229354735,12.786699899699096,0.2672478129119515,10.084999999999999,6,5.0,49.0,0.06920762286860582,2026-09,52.25,2499.945883483785,668.1050697592777,526.94125,313.5,261.25,3.616098294884654,58.164941073219666,730.1495637245075,671.9846226512879
2026-09-10,BKK_Ladprao,Watermelon,3,85.5,44.02063492063492,12.068285714285715,0.27415065084916884,7.945,6,5.0,45.0,0.05246913580246913,2026-09,85.5,3763.7642857142855,1031.8384285714285,679.2975,513.0,427.5,4.486111111111111,62.55881944444444,1112.128357142857,1049.5695376984127
2026-09-10,BKK_Sukhumvit,Guava,3,58.25,47.95304734667938,13.01283050524309,0.2713660804738032,10.04,6,5.5,49.0,0.047664442326024785,2026-09,58.25,2793.2650079440737,757.9973769304099,584.8299999999999,349.5,320.375,2.7764537654909436,44.53431839847473,780.5626310136638,736.0283126151891
2026-09-10,BKK_Sukhumvit,MixedBerryPremium,3,20.0,86.75255652173914,22.990975304347824,0.26501784184984295,52.235,8,7.0,89.0,0.21565217391304348,2026-09,20.0,1735.0511304347829,459.8195060869565,1044.7,160.0,140.0,4.3130434782608695,259.79617391304345,-69.46837565217356,-329.264549565217
2026-09-10,BKK_Sukhumvit,PassionFruit,3,43.25,63.17115539452496,17.610132850241545,0.27876857309733194,28.654999999999998,6,6.0,65.0,0.09098228663446055,2026-09,43.25,2732.1524708132047,761.6382457729468,1239.32875,259.5,259.5,3.9349838969404187,136.3668669484702,212.1854750402581,75.8186080917879
2026-09-10,BKK_Sukhumvit,Pineapple,3,85.0,47.74254871088369,12.82280334579807,0.2685822959190887,10.084999999999999,6,5.0,49.0,0.03896870694745129,2026-09,85.0,4058.1166404251135,1089.9382843928358,857.2249999999999,510.0,425.0,3.3123400905333598,53.278990356229095,1175.953356032278,1122.6743656760489
2026-09-10,BKK_Sukhumvit,Watermelon,3,132.75,44.07588018917498,11.868067787703627,0.26926445341001765,7.945,6,5.0,45.0,0.030084077771939045,2026-09,132.75,5851.073095112979,1575.4859988176565,1054.69875,796.5,663.75,3.993661324224908,55.691607166316345,1760.6383462953227,1704.9467391290063
2026-09-10,Pattaya_Beach,Guava,3,61.5,47.80525027808676,13.032506562847606,0.27261663702284855,10.04,6,5.5,49.0,0.05506117908787542,2026-09,61.5,2940.022892102336,801.4991536151279,617.4599999999999,369.0,338.25,3.386262513904338,54.31565072302558,813.813738487208,759.4980877641824
2026-09-10,Pattaya_Beach,MixedBerryPremium,3,21.5,86.3254953000723,23.297381344902387,0.26987833969465647,52.235,8,7.0,89.0,0.23716558206796817,2026-09,21.5,1855.9981489515546,500.89369891540133,1123.0525,172.0,150.5,5.099060014461315,307.14187997107734,-90.44804996384664,-397.589929934924
2026-09-10,Pattaya_Beach,PassionFruit,3,48.75,63.013126945693536,17.109371497751642,0.2715207501525353,28.654999999999998,6,6.0,65.0,0.08993427879626427,2026-09,48.75,3071.88993860256,834.0818605153926,1396.9312499999999,292.5,292.5,4.384296091317883,151.93778104462123,255.87682808716772,103.93904704254649
2026-09-10,Pattaya_Beach,Pineapple,3,87.75,47.68440197512802,13.193954352596926,0.2766932960484403,10.084999999999999,6,5.0,49.0,0.040965618141916606,2026-09,87.75,4184.306273317484,1157.7694944403802,884.9587499999999,526.5,438.75,3.5947329919531823,57.82128017556694,1176.3280288771039,1118.506748701537
2026-09-10,Pattaya_Beach,Watermelon,3,140.5,43.95651561399389,11.924427330359238,0.2712778108955253,7.945,6,5.0,45.0,0.0308757924395398,2026-09,140.5,6175.890443766142,1675.382039915473,1116.2725,843.0,702.5,4.338048837755342,60.49409104249825,1838.7359038506693,1778.241812808171
2026-09-10,Pattaya_Central,Guava,3,66.25,47.82334133461354,13.24736053768603,0.27700616828498065,10.04,6,5.5,49.0,0.05400864138262122,2026-09,66.25,3168.296363418147,877.6376356216995,665.15,397.5,364.375,3.578072491598656,57.39228276524244,863.6337277964476,806.2414450312051
2026-09-10,Pattaya_Central,MixedBerryPremium,3,18.0,86.52879332477535,23.51800436456996,0.27179397124258947,52.235,8,7.0,89.0,0.2233632862644416,2026-09,18.0,1557.5182798459564,423.3240785622593,940.23,144.0,126.0,4.020539152759949,242.17717586649553,-76.0357987163029,-318.21297458279844
2026-09-10,Pattaya_Central,PassionFruit,3,57.0,63.01625368731563,17.166189380530973,0.2724089163679736,28.654999999999998,6,6.0,65.0,0.08849557522123894,2026-09,57.0,3591.926460176991,978.4727946902655,1633.3349999999998,342.0,342.0,5.04424778761062,174.80840707964603,296.1186654867256,121.31025840707957
2026-09-10,Pattaya_Central,Pineapple,3,104.0,47.78324340709306,13.039893664746893,0.2728967883919579,10.084999999999999,6,5.0,49.0,0.03925431949075477,2026-09,104.0,4969.457314337678,1356.148941133677,1048.84,624.0,520.0,4.082449227038496,65.66619581691421,1420.4683732040012,1354.8021773870869
2026-09-10,Pattaya_Central,Watermelon,3,165.0,44.00282273983419,11.737794315041452,0.26675093969404934,7.945,6,5.0,45.0,0.029609159099881564,2026-09,165.0,7260.4657520726405,1936.7360619818396,1310.925,990.0,825.0,4.885511251480458,68.12845440189498,2197.804690090801,2129.676235688906
2026-09-11,BKK_Ladprao,Guava,4,33.0,47.85666666666667,13.140177070063695,0.274573596226169,10.04,6,5.5,49.0,0.08227176220806794,2026-09,33.0,1579.27,433.62584331210195,331.32,198.0,181.5,2.7149681528662417,43.54808917197452,434.82415668789804,391.2760675159235
2026-09-11,BKK_Ladprao,MixedBerryPremium,4,13.0,86.58969604863222,23.94381337386018,0.2765203536505358,52.235,8,7.0,89.0,0.4148936170212766,2026-09,13.0,1125.666048632219,311.26957386018233,679.055,104.0,91.0,5.3936170212765955,324.8845212765957,-59.65852522796331,-384.543046504559
2026-09-11,BKK_Ladprao,PassionFruit,4,23.75,63.23085034013606,16.98635714285714,0.26864034014223875,28.654999999999998,6,6.0,65.0,0.145578231292517,2026-09,23.75,1501.7326955782314,403.4259821428571,680.55625,142.5,142.5,3.4574829931972793,119.81907312925172,132.7504634353743,12.931390306122566
2026-09-11,BKK_Ladprao,Pineapple,4,55.0,47.845854229354735,12.786699899699096,0.2672478129119515,10.084999999999999,6,5.0,49.0,0.06920762286860582,2026-09,55.0,2631.5219826145103,703.2684944834502,554.675,330.0,275.0,3.80641925777332,61.22625376128386,768.5784881310601,707.3522343697763
2026-09-11,BKK_Ladprao,Watermelon,4,71.0,44.02063492063492,12.068285714285715,0.27415065084916884,7.945,6,5.0,45.0,0.05246913580246913,2026-09,71.0,3125.4650793650794,856.8482857142857,564.095,426.0,355.0,3.7253086419753085,51.949429012345675,923.5217936507938,871.5723646384481
2026-09-11,BKK_Sukhumvit,Guava,4,54.75,47.95304734667938,13.01283050524309,0.2713660804738032,10.04,6,5.5,49.0,0.047664442326024785,2026-09,54.75,2625.429342230696,712.4524701620592,549.6899999999999,328.5,301.125,2.609628217349857,41.858436606291704,733.661872068637,691.8034354623453
2026-09-11,BKK_Sukhumvit,MixedBerryPremium,4,17.75,86.75255652173914,22.990975304347824,0.26501784184984295,52.235,8,7.0,89.0,0.21565217391304348,2026-09,17.75,1539.8578782608697,408.08981165217386,927.17125,142.0,124.25,3.827826086956522,230.56910434782608,-61.65318339130408,-292.22228773913014
2026-09-11,BKK_Sukhumvit,PassionFruit,4,40.0,63.17115539452496,17.610132850241545,0.27876857309733194,28.654999999999998,6,6.0,65.0,0.09098228663446055,2026-09,40.0,2526.846215780998,704.4053140096618,1146.1999999999998,240.0,240.0,3.639291465378422,126.11964573268922,196.24090177133667,70.12125603864745
2026-09-11,BKK_Sukhumvit,Pineapple,4,89.75,47.74254871088369,12.82280334579807,0.2685822959190887,10.084999999999999,6,5.0,49.0,0.03896870694745129,2026-09,89.75,4284.893746801811,1150.8466002853768,905.12875,538.5,448.75,3.497441448533753,56.256345699665424,1241.6683965164343,1185.412050816769
2026-09-11,BKK_Sukhumvit,Watermelon,4,130.0,44.07588018917498,11.868067787703627,0.26926445341001765,7.945,6,5.0,45.0,0.030084077771939045,2026-09,130.0,5729.864424592747,1542.8488124014714,1032.8500000000001,780.0,650.0,3.910930110352076,54.5379203888597,1724.1656121912756,1669.627691802416
2026-09-11,Pattaya_Beach,Guava,4,56.75,47.80525027808676,13.032506562847606,0.27261663702284855,10.04,6,5.5,49.0,0.05506117908787542,2026-09,56.75,2712.9479532814235,739.5947474416016,569.77,340.5,312.125,3.1247219132369297,50.12053948832035,750.9582058398219,700.8376663515015
2026-09-11,Pattaya_Beach,MixedBerryPremium,4,21.5,86.3254953000723,23.297381344902387,0.26987833969465647,52.235,8,7.0,89.0,0.23716558206796817,2026-09,21.5,1855.9981489515546,500.89369891540133,1123.0525,172.0,150.5,5.099060014461315,307.14187997107734,-90.44804996384664,-397.589929934924
2026-09-11,Pattaya_Beach,PassionFruit,4,50.0,63.013126945693536,17.109371497751642,0.2715207501525353,28.654999999999998,6,6.0,65.0,0.08993427879626427,2026-09,50.0,3150.656347284677,855.4685748875821,1432.7499999999998,300.0,300.0,4.496713939813214,155.83362158422693,262.43777239709516,106.60415081286823
2026-09-11,Pattaya_Beach,Pineapple,4,84.0,47.68440197512802,13.193954352596926,0.2766932960484403,10.084999999999999,6,5.0,49.0,0.040965618141916606,2026-09,84.0,4005.4897659107537,1108.2921656181418,847.1399999999999,504.0,420.0,3.441111923920995,55.350285296269206,1126.0576002926118,1070.7073149963426
2026-09-11,Pattaya_Beach,Watermelon,4,144.75,43.95651561399389,11.924427330359238,0.2712778108955253,7.945,6,5.0,45.0,0.0308757924395398,2026-09,144.75,6362.705635125616,1726.0608560694998,1150.03875,868.5,723.75,4.469270955623386,62.32398347616812,1894.3560290561163,1832.032045579948
2026-09-11,Pattaya_Central,Guava,4,74.75,47.82334133461354,13.24736053768603,0.27700616828498065,10.04,6,5.5,49.0,0.05400864138262122,2026-09,74.75,3574.794764762362,990.2402001920307,750.4899999999999,448.5,411.125,4.037145943350937,64.75582093134902,974.4395645703312,909.6837436389822
2026-09-11,Pattaya_Central,MixedBerryPremium,4,24.25,86.52879332477535,23.51800436456996,0.27179397124258947,52.235,8,7.0,89.0,0.2233632862644416,2026-09,24.25,2098.323238125802,570.3116058408216,1266.69875,194.0,169.75,5.416559691912709,326.266473042362,-102.43711771501967,-428.7035907573817
2026-09-11,Pattaya_Central,PassionFruit,4,49.75,63.01625368731563,17.166189380530973,0.2724089163679736,28.654999999999998,6,6.0,65.0,0.08849557522123894,2026-09,49.75,3135.0586209439525,854.0179216814159,1425.5862499999998,298.5,298.5,4.402654867256637,152.57400442477876,258.45444926253685,105.88044483775809
2026-09-11,Pattaya_Central,Pineapple,4,101.0,47.78324340709306,13.039893664746893,0.2728967883919579,10.084999999999999,6,5.0,49.0,0.03925431949075477,2026-09,101.0,4826.107584116399,1317.0292601394362,1018.5849999999999,606.0,505.0,3.964686268566232,63.77197862988784,1379.493323976963,1315.7213453470752
2026-09-11,Pattaya_Central,Watermelon,4,155.0,44.00282273983419,11.737794315041452,0.26675093969404934,7.945,6,5.0,45.0,0.029609159099881564,2026-09,155.0,6820.437524674299,1819.358118831425,1231.4750000000001,930.0,775.0,4.589419660481642,63.9994571654165,2064.6044058428743,2000.6049486774577
2026-09-12,BKK_Ladprao,Guava,5,39.75,47.85666666666667,13.140177070063695,0.274573596226169,10.04,6,5.5,49.0,0.08227176220806794,2026-09,39.75,1902.3025,522.3220385350319,399.09,238.5,218.625,3.2703025477707004,52.45565286624203,523.7654614649682,471.3098085987262
2026-09-12,BKK_Ladprao,MixedBerryPremium,5,12.75,86.58969604863222,23.94381337386018,0.2765203536505358,52.235,8,7.0,89.0,0.4148936170212766,2026-09,12.75,1104.0186246200608,305.2836205167173,665.99625,102.0,89.25,5.289893617021276,318.6367420212766,-58.511245896656646,-377.1479879179332
2026-09-12,BKK_Ladprao,PassionFruit,5,29.75,63.23085034013606,16.98635714285714,0.26864034014223875,28.654999999999998,6,6.0,65.0,0.145578231292517,2026-09,29.75,1881.1177976190477,505.34412499999996,852.4862499999999,178.5,178.5,4.3309523809523816,150.08915476190478,166.28742261904767,16.198267857142895
2026-09-12,BKK_Ladprao,Pineapple,5,62.75,47.845854229354735,12.786699899699096,0.2672478129119515,10.084999999999999,6,5.0,49.0,0.06920762286860582,2026-09,62.75,3002.3273528920095,802.3654187061182,632.8337499999999,376.5,313.75,4.342778335005016,69.85358951855568,876.8781841858913,807.0245946673356
2026-09-12,BKK_Ladprao,Watermelon,5,95.25,44.02063492063492,12.068285714285715,0.27415065084916884,7.945,6,5.0,45.0,0.05246913580246913,2026-09,95.25,4192.965476190476,1149.5042142857144,756.76125,571.5,476.25,4.997685185185185,69.69271990740741,1238.9500119047616,1169.2572919973543
2026-09-12,BKK_Sukhumvit,Guava,5,64.5,47.95304734667938,13.01283050524309,0.2713660804738032,10.04,6,5.5,49.0,0.047664442326024785,2026-09,64.5,3092.9715538608198,839.3275675881792,647.5799999999999,387.0,354.75,3.0743565300285987,49.31267874165872,864.3139862726407,815.001307530982
2026-09-12,BKK_Sukhumvit,MixedBerryPremium,5,29.5,86.75255652173914,22.990975304347824,0.26501784184984295,52.235,8,7.0,89.0,0.21565217391304348,2026-09,29.5,2559.2004173913047,678.2337714782608,1540.9325,236.0,206.5,6.361739130434783,383.19935652173916,-102.46585408695591,-485.6652106086951
2026-09-12,BKK_Sukhumvit,PassionFruit,5,47.75,63.17115539452496,17.610132850241545,0.27876857309733194,28.654999999999998,6,6.0,65.0,0.09098228663446055,2026-09,47.75,3016.422670088567,840.8838435990338,1368.27625,286.5,286.5,4.344404186795491,150.55532709339775,234.26257648953333,83.70724939613558
2026-09-12,BKK_Sukhumvit,Pineapple,5,101.25,47.74254871088369,12.82280334579807,0.2685822959190887,10.084999999999999,6,5.0,49.0,0.03896870694745129,2026-09,101.25,4833.933056976974,1298.3088387620546,1021.1062499999999,607.5,506.25,3.9455815784294432,63.464679689037595,1400.7679682149192,1337.3032885258815
2026-09-12,BKK_Sukhumvit,Watermelon,5,161.75,44.07588018917498,11.868067787703627,0.26926445341001765,7.945,6,5.0,45.0,0.030084077771939045,2026-09,161.75,7129.273620599053,1919.6599646610616,1285.10375,970.5,808.75,4.866099579611141,67.85775863767736,2145.259905937992,2077.4021473003145
2026-09-12,Pattaya_Beach,Guava,5,82.0,47.80525027808676,13.032506562847606,0.27261663702284855,10.04,6,5.5,49.0,0.05506117908787542,2026-09,82.0,3920.0305228031143,1068.6655381535038,823.28,492.0,451.0,4.515016685205784,72.42086763070077,1085.0849846496108,1012.66411701891
2026-09-12,Pattaya_Beach,MixedBerryPremium,5,33.0,86.3254953000723,23.297381344902387,0.26987833969465647,52.235,8,7.0,89.0,0.23716558206796817,2026-09,33.0,2848.741344902386,768.8135843817788,1723.7549999999999,264.0,231.0,7.82646420824295,471.4270715835141,-138.82723947939257,-610.2543110629067
2026-09-12,Pattaya_Beach,PassionFruit,5,66.0,63.013126945693536,17.109371497751642,0.2715207501525353,28.654999999999998,6,6.0,65.0,0.08993427879626427,2026-09,66.0,4158.866378415773,1129.2185188516085,1891.2299999999998,396.0,396.0,5.935662400553442,205.70038049117954,346.41785956416516,140.7174790729856
2026-09-12,Pattaya_Beach,Pineapple,5,121.75,47.68440197512802,13.193954352596926,0.2766932960484403,10.084999999999999,6,5.0,49.0,0.040965618141916606,2026-09,121.75,5805.5759404718365,1606.3639424286757,1227.8487499999999,730.5,608.75,4.987564008778347,80.22496708119971,1632.1132480431606,1551.8882809619608
2026-09-12,Pattaya_Beach,Watermelon,5,203.5,43.95651561399389,11.924427330359238,0.2712778108955253,7.945,6,5.0,45.0,0.0308757924395398,2026-09,203.5,8945.150927447758,2426.620961728105,1616.8075000000001,1221.0,1017.5,6.283223761446349,87.61955535336934,2663.222465719652,2575.6029103662827
2026-09-12,Pattaya_Central,Guava,5,95.5,47.82334133461354,13.24736053768603,0.27700616828498065,10.04,6,5.5,49.0,0.05400864138262122,2026-09,95.5,4567.129097455593,1265.1229313490157,958.8199999999999,573.0,525.25,5.157825252040327,82.73151704272685,1244.9361661065777,1162.2046490638509
2026-09-12,Pattaya_Central,MixedBerryPremium,5,33.0,86.52879332477535,23.51800436456996,0.27179397124258947,52.235,8,7.0,89.0,0.2233632862644416,2026-09,33.0,2855.4501797175867,776.0941440308087,1723.7549999999999,264.0,231.0,7.370988446726573,443.9914890885751,-139.39896431322177,-583.3904534017969
2026-09-12,Pattaya_Central,PassionFruit,5,81.25,63.01625368731563,17.166189380530973,0.2724089163679736,28.654999999999998,6,6.0,65.0,0.08849557522123894,2026-09,81.25,5120.070612094395,1394.7528871681416,2328.21875,487.5,487.5,7.1902654867256635,249.17865044247787,422.0989749262535,172.92032448377563
2026-09-12,Pattaya_Central,Pineapple,5,146.75,47.78324340709306,13.039893664746893,0.2728967883919579,10.084999999999999,6,5.0,49.0,0.03925431949075477,2026-09,146.75,7012.1909699909065,1913.6043953016065,1479.9737499999999,880.5,733.75,5.760571385268263,92.65879073204002,2004.3628246893004,1911.7040339572604
2026-09-12,Pattaya_Central,Watermelon,5,234.25,44.00282273983419,11.737794315041452,0.26675093969404934,7.945,6,5.0,45.0,0.029609159099881564,2026-09,234.25,10307.661226806158,2749.57831829846,1861.11625,1405.5,1171.25,6.935945519147256,96.72176026450849,3120.2166585076975,3023.494898243189
2026-09-13,BKK_Ladprao,Guava,6,34.25,47.85666666666667,13.140177070063695,0.274573596226169,10.04,6,5.5,49.0,0.08227176220806794,2026-09,34.25,1639.0908333333334,450.05106464968156,343.86999999999995,205.5,188.375,2.817807855626327,45.19763800424628,451.2947686836519,406.0971306794056
2026-09-13,BKK_Ladprao,MixedBerryPremium,6,13.75,86.58969604863222,23.94381337386018,0.2765203536505358,52.235,8,7.0,89.0,0.4148936170212766,2026-09,13.75,1190.608320668693,329.22743389057746,718.23125,110.0,96.25,5.704787234042553,343.62785904255315,-63.100363221884436,-406.7282222644376
2026-09-13,BKK_Ladprao,PassionFruit,6,28.0,63.23085034013606,16.98635714285714,0.26864034014223875,28.654999999999998,6,6.0,65.0,0.145578231292517,2026-09,28.0,1770.4638095238097,475.61799999999994,802.3399999999999,168.0,168.0,4.076190476190476,141.26038095238096,156.50580952380983,15.245428571428874
2026-09-13,BKK_Ladprao,Pineapple,6,49.75,47.845854229354735,12.786699899699096,0.2672478129119515,10.084999999999999,6,5.0,49.0,0.06920762286860582,2026-09,49.75,2380.331247910398,636.13832001003,501.72874999999993,298.5,248.75,3.44307923771314,55.38192953861586,695.214177900368,639.8322483617521
2026-09-13,BKK_Ladprao,Watermelon,6,84.25,44.02063492063492,12.068285714285715,0.27415065084916884,7.945,6,5.0,45.0,0.05246913580246913,2026-09,84.25,3708.738492063492,1016.7530714285715,669.36625,505.5,421.25,4.4205246913580245,61.64421682098765,1095.8691706349205,1034.2249538139329
2026-09-13,BKK_Sukhumvit,Guava,6,56.5,47.95304734667938,13.01283050524309,0.2713660804738032,10.04,6,5.5,49.0,0.047664442326024785,2026-09,56.5,2709.3471750873846,735.2249235462345,567.26,339.0,310.75,2.6930409914204003,43.19637750238322,757.11225154115,713.9158740387668
2026-09-13,BKK_Sukhumvit,MixedBerryPremium,6,17.0,86.75255652173914,22.990975304347824,0.26501784184984295,52.235,8,7.0,89.0,0.21565217391304348,2026-09,17.0,1474.7934608695653,390.846580173913,887.995,136.0,119.0,3.666086956521739,220.82674782608694,-59.048119304347665,-279.8748671304346
2026-09-13,BKK_Sukhumvit,PassionFruit,6,41.25,63.17115539452496,17.610132850241545,0.27876857309733194,28.654999999999998,6,6.0,65.0,0.09098228663446055,2026-09,41.25,2605.8101600241544,726.4179800724637,1182.01875,247.5,247.5,3.7530193236714977,130.06088466183576,202.37342995169092,72.31254528985517
2026-09-13,BKK_Sukhumvit,Pineapple,6,95.5,47.74254871088369,12.82280334579807,0.2685822959190887,10.084999999999999,6,5.0,49.0,0.03896870694745129,2026-09,95.5,4559.413401889392,1224.5777195237156,963.1175,573.0,477.5,3.721511513481598,59.860512694351506,1321.2181823656765,1261.357669671325
2026-09-13,BKK_Sukhumvit,Watermelon,6,136.5,44.07588018917498,11.868067787703627,0.26926445341001765,7.945,6,5.0,45.0,0.030084077771939045,2026-09,136.5,6016.357645822385,1619.991253021545,1084.4925,819.0,682.5,4.1064766158696795,57.26481640830268,1810.3738928008406,1753.1090763925379
2026-09-13,Pattaya_Beach,Guava,6,71.75,47.80525027808676,13.032506562847606,0.27261663702284855,10.04,6,5.5,49.0,0.05506117908787542,2026-09,71.75,3430.026707452725,935.0823458843157,720.3699999999999,430.5,394.625,3.9506395995550614,63.368259176863184,949.4493615684096,886.0811023915464
2026-09-13,Pattaya_Beach,MixedBerryPremium,6,30.25,86.3254953000723,23.297381344902387,0.26987833969465647,52.235,8,7.0,89.0,0.23716558206796817,2026-09,30.25,2611.346232827187,704.7457856832972,1580.1087499999999,242.0,211.75,7.174258857556037,432.1414822848879,-127.25830285610982,-559.3997851409977
2026-09-13,Pattaya_Beach,PassionFruit,6,58.25,63.013126945693536,17.109371497751642,0.2715207501525353,28.654999999999998,6,6.0,65.0,0.08993427879626427,2026-09,58.25,3670.5146445866485,996.6208897440331,1669.15375,349.5,349.5,5.238671739882394,181.54616914562436,305.74000484261524,124.19383569699087
2026-09-13,Pattaya_Beach,Pineapple,6,104.75,47.68440197512802,13.193954352596926,0.2766932960484403,10.084999999999999,6,5.0,49.0,0.040965618141916606,2026-09,104.75,4994.94110689466,1382.066718434528,1056.40375,628.5,523.75,4.291148500365765,69.02312362838333,1404.2206384601322,1335.197514831749
2026-09-13,Pattaya_Beach,Watermelon,6,187.25,43.95651561399389,11.924427330359238,0.2712778108955253,7.945,6,5.0,45.0,0.0308757924395398,2026-09,187.25,8230.857548720356,2232.8490176097675,1487.70125,1123.5,936.25,5.781492134303828,80.62290781286688,2450.5572811105885,2369.934373297722
2026-09-13,Pattaya_Central,Guava,6,95.25,47.82334133461354,13.24736053768603,0.27700616828498065,10.04,6,5.5,49.0,0.05400864138262122,2026-09,95.25,4555.17326212194,1261.8110912145944,956.31,571.5,523.875,5.144323091694671,82.51494239078252,1241.6771709073455,1159.162228516563
2026-09-13,Pattaya_Central,MixedBerryPremium,6,32.0,86.52879332477535,23.51800436456996,0.27179397124258947,52.235,8,7.0,89.0,0.2233632862644416,2026-09,32.0,2768.921386392811,752.5761396662388,1671.52,256.0,224.0,7.147625160462131,430.53720154043646,-135.17475327342754,-565.7119548138639
2026-09-13,Pattaya_Central,PassionFruit,6,73.75,63.01625368731563,17.166189380530973,0.2724089163679736,28.654999999999998,6,6.0,65.0,0.08849557522123894,2026-09,73.75,4647.448709439528,1266.0064668141592,2113.3062499999996,442.5,442.5,6.5265486725663715,226.1775442477876,383.135992625369,156.9584483775814
2026-09-13,Pattaya_Central,Pineapple,6,133.0,47.78324340709306,13.039893664746893,0.2728967883919579,10.084999999999999,6,5.0,49.0,0.03925431949075477,2026-09,133.0,6355.171373143377,1734.3058574113368,1341.3049999999998,798.0,665.0,5.220824492270385,83.97696195816914,1816.5605157320406,1732.5835537738715
2026-09-13,Pattaya_Central,Watermelon,6,213.5,44.00282273983419,11.737794315041452,0.26675093969404934,7.945,6,5.0,45.0,0.029609159099881564,2026-09,213.5,9394.602654954599,2506.01908626135,1696.2575000000002,1281.0,1067.5,6.321555467824714,88.15409099881565,2843.826068693248,2755.6719776944324
2026-09-14,BKK_Ladprao,Guava,0,30.25,47.85666666666667,13.140177070063695,0.274573596226169,10.04,6,5.5,49.0,0.08227176220806794,2026-09,30.25,1447.6641666666667,397.49035636942676,303.71,181.5,166.375,2.488720806794055,39.91908174097664,398.5888102972399,358.66972855626324
2026-09-14,BKK_Ladprao,MixedBerryPremium,0,11.5,86.58969604863222,23.94381337386018,0.2765203536505358,52.235,8,7.0,89.0,0.4148936170212766,2026-09,11.5,995.7815045592705,275.3538537993921,600.7025,92.0,80.5,4.7712765957446805,287.3978457446808,-52.774849240121625,-340.17269498480243
2026-09-14,BKK_Ladprao,PassionFruit,0,25.5,63.23085034013606,16.98635714285714,0.26864034014223875,28.654999999999998,6,6.0,65.0,0.145578231292517,2026-09,25.5,1612.3866836734694,433.1521071428571,730.7025,153.0,153.0,3.712244897959184,128.64784693877553,142.53207653061236,13.884229591836828
2026-09-14,BKK_Ladprao,Pineapple,0,52.25,47.845854229354735,12.786699899699096,0.2672478129119515,10.084999999999999,6,5.0,49.0,0.06920762286860582,2026-09,52.25,2499.945883483785,668.1050697592777,526.94125,313.5,261.25,3.616098294884654,58.164941073219666,730.1495637245075,671.9846226512879
2026-09-14,BKK_Ladprao,Watermelon,0,82.25,44.02063492063492,12.068285714285715,0.27415065084916884,7.945,6,5.0,45.0,0.05246913580246913,2026-09,82.25,3620.697222222222,992.6165,653.47625,493.5,411.25,4.315586419753086,60.180852623456786,1069.8544722222223,1009.6736195987655
2026-09-14,BKK_Sukhumvit,Guava,0,57.25,47.95304734667938,13.01283050524309,0.2713660804738032,10.04,6,5.5,49.0,0.047664442326024785,2026-09,57.25,2745.3119605973943,744.9845464251669,574.79,343.5,314.875,2.7287893231649187,43.76978074356529,767.1624141722275,723.3926334286622
2026-09-14,BKK_Sukhumvit,MixedBerryPremium,0,18.5,86.75255652173914,22.990975304347824,0.26501784184984295,52.235,8,7.0,89.0,0.21565217391304348,2026-09,18.5,1604.922295652174,425.33304313043476,966.3475,148.0,129.5,3.9895652173913043,240.31146086956522,-64.25824747826073,-304.56970834782595
2026-09-14,BKK_Sukhumvit,PassionFruit,0,49.0,63.17115539452496,17.610132850241545,0.27876857309733194,28.654999999999998,6,6.0,65.0,0.09098228663446055,2026-09,49.0,3095.386614331723,862.8965096618357,1404.0949999999998,294.0,294.0,4.458132045088567,154.49656602254427,240.3951046698876,85.89853864734332
2026-09-14,BKK_Sukhumvit,Pineapple,0,92.75,47.74254871088369,12.82280334579807,0.2685822959190887,10.084999999999999,6,5.0,49.0,0.03896870694745129,2026-09,92.75,4428.121392934462,1189.315010322771,935.38375,556.5,463.75,3.614347569376107,58.13678065341469,1283.1726326116914,1225.0358519582767
2026-09-14,BKK_Sukhumvit,Watermelon,0,137.5,44.07588018917498,11.868067787703627,0.26926445341001765,7.945,6,5.0,45.0,0.030084077771939045,2026-09,137.5,6060.4335260115595,1631.8593208092486,1092.4375,825.0,687.5,4.136560693641619,57.68433887283238,1823.6367052023106,1765.9523663294783
2026-09-14,Pattaya_Beach,Guava,0,61.75,47.80525027808676,13.032506562847606,0.27261663702284855,10.04,6,5.5,49.0,0.05506117908787542,2026-09,61.75,2951.9742046718575,804.7572802558396,619.9699999999999,370.5,339.625,3.400027808676307,54.536446051167964,817.1219244160179,762.5854783648499
2026-09-14,Pattaya_Beach,MixedBerryPremium,0,19.25,86.3254953000723,23.297381344902387,0.26987833969465647,52.235,8,7.0,89.0,0.23716558206796817,2026-09,19.25,1661.7657845263918,448.474590889371,1005.52375,154.0,134.75,4.565437454808388,274.99912509038325,-80.98255636297904,-355.9816814533623
2026-09-14,Pattaya_Beach,PassionFruit,0,49.5,63.013126945693536,17.109371497751642,0.2715207501525353,28.654999999999998,6,6.0,65.0,0.08993427879626427,2026-09,49.5,3119.14978381183,846.9138891387063,1418.4225,297.0,297.0,4.451746800415082,154.27528536838466,259.81339467312364,105.53810930473898
2026-09-14,Pattaya_Beach,Pineapple,0,95.25,47.68440197512802,13.193954352596926,0.2766932960484403,10.084999999999999,6,5.0,49.0,0.040965618141916606,2026-09,95.25,4541.939288130944,1256.7241520848572,960.5962499999999,571.5,476.25,3.9019751280175567,62.7632699341624,1276.868886046087,1214.1056161119245
2026-09-14,Pattaya_Beach,Watermelon,0,149.25,43.95651561399389,11.924427330359238,0.2712778108955253,7.945,6,5.0,45.0,0.0308757924395398,2026-09,149.25,6560.509955388588,1779.7207790561163,1185.79125,895.5,746.25,4.608212021601315,64.26151664123034,1953.2479263324722,1888.9864096912418
2026-09-14,Pattaya_Central,Guava,0,65.25,47.82334133461354,13.24736053768603,0.27700616828498065,10.04,6,5.5,49.0,0.05400864138262122,2026-09,65.25,3120.473022083533,864.3902750840134,655.1099999999999,391.5,358.875,3.524063850216035,56.525984157465196,850.59774699952,794.0717628420548
2026-09-14,Pattaya_Central,MixedBerryPremium,0,25.75,86.52879332477535,23.51800436456996,0.27179397124258947,52.235,8,7.0,89.0,0.2233632862644416,2026-09,25.75,2228.1164281129654,605.5886123876764,1345.05125,206.0,180.25,5.7516046213093714,346.44790436457,-108.77343427471124,-455.2213386392812
2026-09-14,Pattaya_Central,PassionFruit,0,54.25,63.01625368731563,17.166189380530973,0.2724089163679736,28.654999999999998,6,6.0,65.0,0.08849557522123894,2026-09,54.25,3418.631762536873,931.2657738938053,1554.5337499999998,325.5,325.5,4.800884955752212,166.37466814159293,281.83223864306774,115.4575705014748
2026-09-14,Pattaya_Central,Pineapple,0,109.0,47.78324340709306,13.039893664746893,0.2728967883919579,10.084999999999999,6,5.0,49.0,0.03925431949075477,2026-09,109.0,5208.373531373143,1421.3484094574114,1099.2649999999999,654.0,545.0,4.27872082449227,68.82322446195816,1488.7601219157318,1419.9368974537736
2026-09-14,Pattaya_Central,Watermelon,0,179.0,44.00282273983419,11.737794315041452,0.26675093969404934,7.945,6,5.0,45.0,0.029609159099881564,2026-09,179.0,7876.50527043032,2101.06518239242,1422.155,1074.0,895.0,5.3000394788788,73.90905053296487,2384.2850880379,2310.376037504935
2026-09-15,BKK_Ladprao,Guava,1,35.5,47.85666666666667,13.140177070063695,0.274573596226169,10.04,6,5.5,49.0,0.08227176220806794,2026-09,35.5,1698.9116666666669,466.4762859872612,356.41999999999996,213.0,195.25,2.9206475583864115,46.84718683651804,467.7653806794058,420.9181938428877
2026-09-15,BKK_Ladprao,MixedBerryPremium,1,10.25,86.58969604863222,23.94381337386018,0.2765203536505358,52.235,8,7.0,89.0,0.4148936170212766,2026-09,10.25,887.5443844984802,245.42408708206685,535.4087499999999,82.0,71.75,4.252659574468085,256.1589494680851,-47.038452583586604,-303.1974020516717
2026-09-15,BKK_Ladprao,PassionFruit,1,25.75,63.23085034013606,16.98635714285714,0.26864034014223875,28.654999999999998,6,6.0,65.0,0.145578231292517,2026-09,25.75,1628.1943962585035,437.3986964285714,737.8662499999999,154.5,154.5,3.748639455782313,129.90910034013606,143.92944982993208,14.020349489796018
2026-09-15,BKK_Ladprao,Pineapple,1,48.25,47.845854229354735,12.786699899699096,0.2672478129119515,10.084999999999999,6,5.0,49.0,0.06920762286860582,2026-09,48.25,2308.562466566366,616.9582701604813,486.60124999999994,289.5,241.25,3.3392678034102308,53.71212261785357,674.2529464058846,620.540823788031
2026-09-15,BKK_Ladprao,Watermelon,1,75.5,44.02063492063492,12.068285714285715,0.27415065084916884,7.945,6,5.0,45.0,0.05246913580246913,2026-09,75.5,3323.5579365079366,911.1555714285714,599.8475,453.0,377.5,3.9614197530864197,55.24199845679012,982.0548650793653,926.8128666225751
2026-09-15,BKK_Sukhumvit,Guava,1,54.0,47.95304734667938,13.01283050524309,0.2713660804738032,10.04,6,5.5,49.0,0.047664442326024785,2026-09,54.0,2589.4645567206862,702.6928472831269,542.16,324.0,297.0,2.573879885605338,41.28503336510962,723.6117094375595,682.3266760724499
2026-09-15,BKK_Sukhumvit,MixedBerryPremium,1,19.75,86.75255652173914,22.990975304347824,0.26501784184984295,52.235,8,7.0,89.0,0.21565217391304348,2026-09,19.75,1713.362991304348,454.07176226086955,1031.64125,158.0,138.25,4.259130434782609,256.54872173913043,-68.60002095652135,-325.1487426956518
2026-09-15,BKK_Sukhumvit,PassionFruit,1,44.5,63.17115539452496,17.610132850241545,0.27876857309733194,28.654999999999998,6,6.0,65.0,0.09098228663446055,2026-09,44.5,2811.116415056361,783.6509118357487,1275.1474999999998,267.0,267.0,4.048711755233494,140.30810587761675,218.31800322061235,78.0098973429956
2026-09-15,BKK_Sukhumvit,Pineapple,1,85.0,47.74254871088369,12.82280334579807,0.2685822959190887,10.084999999999999,6,5.0,49.0,0.03896870694745129,2026-09,85.0,4058.1166404251135,1089.9382843928358,857.2249999999999,510.0,425.0,3.3123400905333598,53.278990356229095,1175.953356032278,1122.6743656760489
2026-09-15,BKK_Sukhumvit,Watermelon,1,136.0,44.07588018917498,11.868067787703627,0.26926445341001765,7.945,6,5.0,45.0,0.030084077771939045,2026-09,136.0,5994.319705727798,1614.0572191276933,1080.52,816.0,680.0,4.09143457698371,57.05505517603784,1803.7424866001038,1746.687431424066
2026-09-15,Pattaya_Beach,Guava,1,51.0,47.80525027808676,13.032506562847606,0.27261663702284855,10.04,6,5.5,49.0,0.05506117908787542,2026-09,51.0,2438.067764182425,664.657834705228,512.04,306.0,280.5,2.8081201334816464,45.042246941045605,674.869929477197,629.8276825361514
2026-09-15,Pattaya_Beach,MixedBerryPremium,1,21.25,86.3254953000723,23.297381344902387,0.26987833969465647,52.235,8,7.0,89.0,0.23716558206796817,2026-09,21.25,1834.4167751265365,495.06935357917575,1109.99375,170.0,148.75,5.039768618944324,303.57046276211133,-89.39632845263918,-392.9667912147505
2026-09-15,Pattaya_Beach,PassionFruit,1,47.0,63.013126945693536,17.109371497751642,0.2715207501525353,28.654999999999998,6,6.0,65.0,0.08993427879626427,2026-09,47.0,2961.616966447596,804.1404603943272,1346.7849999999999,282.0,282.0,4.2269111034244204,146.4836042891733,246.69150605326877,100.20790176409548
2026-09-15,Pattaya_Beach,Pineapple,1,91.25,47.68440197512802,13.193954352596926,0.2766932960484403,10.084999999999999,6,5.0,49.0,0.040965618141916606,2026-09,91.25,4351.2016802304315,1203.9483346744694,920.2562499999999,547.5,456.25,3.7381126554498905,60.127542062911495,1223.247095555962,1163.1195534930505
2026-09-15,Pattaya_Beach,Watermelon,1,142.75,43.95651561399389,11.924427330359238,0.2712778108955253,7.945,6,5.0,45.0,0.0308757924395398,2026-09,142.75,6274.792603897628,1702.2120014087814,1134.14875,856.5,713.75,4.407519370744306,61.46285762502935,1868.1818524888467,1806.7189948638174
2026-09-15,Pattaya_Central,Guava,1,65.75,47.82334133461354,13.24736053768603,0.27700616828498065,10.04,6,5.5,49.0,0.05400864138262122,2026-09,65.75,3144.3846927508403,871.0139553528564,660.13,394.5,361.625,3.5510681709073455,56.95913346135382,857.115737397984,800.1566039366302
2026-09-15,Pattaya_Central,MixedBerryPremium,1,22.75,86.52879332477535,23.51800436456996,0.27179397124258947,52.235,8,7.0,89.0,0.2233632862644416,2026-09,22.75,1968.5300481386391,535.0345992939666,1188.34625,182.0,159.25,5.081514762516046,306.08504172015404,-96.10080115532742,-402.18584287548146
2026-09-15,Pattaya_Central,PassionFruit,1,55.75,63.01625368731563,17.166189380530973,0.2724089163679736,28.654999999999998,6,6.0,65.0,0.08849557522123894,2026-09,55.75,3513.1561430678466,957.0150579646017,1597.51625,334.5,334.5,4.933628318584071,170.97488938053098,289.624835103245,118.64994572271402
2026-09-15,Pattaya_Central,Pineapple,1,114.0,47.78324340709306,13.039893664746893,0.2728967883919579,10.084999999999999,6,5.0,49.0,0.03925431949075477,2026-09,114.0,5447.289748408609,1486.5478777811459,1149.6899999999998,684.0,570.0,4.474992421946044,71.98025310700211,1557.0518706274634,1485.0716175204611
2026-09-15,Pattaya_Central,Watermelon,1,164.25,44.00282273983419,11.737794315041452,0.26675093969404934,7.945,6,5.0,45.0,0.029609159099881564,2026-09,164.25,7227.463635017765,1927.9327162455584,1304.96625,985.5,821.25,4.863304382155547,67.8187796091591,2187.8146687722065,2119.995889163047
2026-09-16,BKK_Ladprao,Guava,2,28.5,47.85666666666667,13.140177070063695,0.274573596226169,10.04,6,5.5,49.0,0.08227176220806794,2026-09,28.5,1363.915,374.4950464968153,286.14,171.0,156.75,2.3447452229299364,37.609713375796176,375.52995350318474,337.9202401273886
2026-09-16,BKK_Ladprao,MixedBerryPremium,2,9.75,86.58969604863222,23.94381337386018,0.2765203536505358,52.235,8,7.0,89.0,0.4148936170212766,2026-09,9.75,844.2495364741642,233.45218039513676,509.29125,78.0,68.25,4.045212765957447,243.6633909574468,-44.743893920972596,-288.40728487841943
2026-09-16,BKK_Ladprao,PassionFruit,2,27.5,63.23085034013606,16.98635714285714,0.26864034014223875,28.654999999999998,6,6.0,65.0,0.145578231292517,2026-09,27.5,1738.8483843537415,467.1248214285714,788.0124999999999,165.0,165.0,4.003401360544218,138.73787414965986,153.71106292517015,14.973188775510295
2026-09-16,BKK_Ladprao,Pineapple,2,58.0,47.845854229354735,12.786699899699096,0.2672478129119515,10.084999999999999,6,5.0,49.0,0.06920762286860582,2026-09,58.0,2775.059545302575,741.6285941825475,584.93,348.0,290.0,4.014042126379138,64.56586760280844,810.5009511200274,745.9350835172189
2026-09-16,BKK_Ladprao,Watermelon,2,76.75,44.02063492063492,12.068285714285715,0.27415065084916884,7.945,6,5.0,45.0,0.05246913580246913,2026-09,76.75,3378.58373015873,926.2409285714286,609.7787500000001,460.5,383.75,4.027006172839506,56.156601080246915,998.314051587301,942.1574505070541
2026-09-16,BKK_Sukhumvit,Guava,2,52.75,47.95304734667938,13.01283050524309,0.2713660804738032,10.04,6,5.5,49.0,0.047664442326024785,2026-09,52.75,2529.5232475373373,686.4268091515729,529.6099999999999,316.5,290.125,2.5142993326978074,40.329361296472825,706.8614383857644,666.5320770892915
2026-09-16,BKK_Sukhumvit,MixedBerryPremium,2,20.0,86.75255652173914,22.990975304347824,0.26501784184984295,52.235,8,7.0,89.0,0.21565217391304348,2026-09,20.0,1735.0511304347829,459.8195060869565,1044.7,160.0,140.0,4.3130434782608695,259.79617391304345,-69.46837565217356,-329.264549565217
2026-09-16,BKK_Sukhumvit,PassionFruit,2,46.75,63.17115539452496,17.610132850241545,0.27876857309733194,28.654999999999998,6,6.0,65.0,0.09098228663446055,2026-09,46.75,2953.251514694042,823.2737107487923,1339.62125,280.5,280.5,4.2534219001610305,147.40233595008053,229.35655394524974,81.95421799516922
2026-09-16,BKK_Sukhumvit,Pineapple,2,88.5,47.74254871088369,12.82280334579807,0.2685822959190887,10.084999999999999,6,5.0,49.0,0.03896870694745129,2026-09,88.5,4225.215560913207,1134.8180961031292,892.5224999999999,531.0,442.5,3.448730564849439,55.47283113560323,1224.374964810078,1168.9021336744747
2026-09-16,BKK_Sukhumvit,Watermelon,2,138.0,44.07588018917498,11.868067787703627,0.26926445341001765,7.945,6,5.0,45.0,0.030084077771939045,2026-09,138.0,6082.471466106147,1637.7933547031005,1096.41,828.0,690.0,4.151602732527588,57.89410010509722,1830.2681114030465,1772.3740112979492
2026-09-16,Pattaya_Beach,Guava,2,65.0,47.80525027808676,13.032506562847606,0.27261663702284855,10.04,6,5.5,49.0,0.05506117908787542,2026-09,65.0,3107.341268075639,847.1129265850944,652.5999999999999,390.0,357.5,3.578976640711902,57.40678531701891,860.1283414905447,802.7215561735258
2026-09-16,Pattaya_Beach,MixedBerryPremium,2,22.0,86.3254953000723,23.297381344902387,0.26987833969465647,52.235,8,7.0,89.0,0.23716558206796817,2026-09,22.0,1899.1608966015906,512.5423895878525,1149.17,176.0,154.0,5.2176428054952995,314.28471438900937,-92.55149298626202,-406.8362073752714
2026-09-16,Pattaya_Beach,PassionFruit,2,44.25,63.013126945693536,17.109371497751642,0.2715207501525353,28.654999999999998,6,6.0,65.0,0.08993427879626427,2026-09,44.25,2788.330867346939,757.0896887755101,1267.9837499999999,265.5,265.5,3.979591836734694,137.91275510204082,232.25742857142905,94.34467346938823
2026-09-16,Pattaya_Beach,Pineapple,2,80.0,47.68440197512802,13.193954352596926,0.2766932960484403,10.084999999999999,6,5.0,49.0,0.040965618141916606,2026-09,80.0,3814.7521580102416,1055.5163482077542,806.8,480.0,400.0,3.2772494513533283,52.71455742501829,1072.4358098024873,1019.721252377469
2026-09-16,Pattaya_Beach,Watermelon,2,139.25,43.95651561399389,11.924427330359238,0.2712778108955253,7.945,6,5.0,45.0,0.0308757924395398,2026-09,139.25,6120.944799248649,1660.476505752524,1106.34125,835.5,696.25,4.299454097205917,59.95588738553651,1822.3770434961252,1762.4211561105888
2026-09-16,Pattaya_Central,Guava,2,70.75,47.82334133461354,13.24736053768603,0.27700616828498065,10.04,6,5.5,49.0,0.05400864138262122,2026-09,70.75,3383.501399423908,937.2507580412865,710.3299999999999,424.5,389.125,3.8211113778204515,61.29062650024004,922.2956413826214,861.0050148823814
2026-09-16,Pattaya_Central,MixedBerryPremium,2,25.5,86.52879332477535,23.51800436456996,0.27179397124258947,52.235,8,7.0,89.0,0.2233632862644416,2026-09,25.5,2206.4842297817713,599.709111296534,1331.9925,204.0,178.5,5.69576379974326,343.08433247753527,-107.71738151476256,-450.80171399229783
2026-09-16,Pattaya_Central,PassionFruit,2,56.25,63.01625368731563,17.166189380530973,0.2724089163679736,28.654999999999998,6,6.0,65.0,0.08849557522123894,2026-09,56.25,3544.6642699115046,965.5981526548672,1611.8437499999998,337.5,337.5,4.977876106194691,172.508296460177,292.2223672566374,119.71407079646042
2026-09-16,Pattaya_Central,Pineapple,2,109.0,47.78324340709306,13.039893664746893,0.2728967883919579,10.084999999999999,6,5.0,49.0,0.03925431949075477,2026-09,109.0,5208.373531373143,1421.3484094574114,1099.2649999999999,654.0,545.0,4.27872082449227,68.82322446195816,1488.7601219157318,1419.9368974537736
2026-09-16,Pattaya_Central,Watermelon,2,160.0,44.00282273983419,11.737794315041452,0.26675093969404934,7.945,6,5.0,45.0,0.029609159099881564,2026-09,160.0,7040.45163837347,1878.0470904066324,1271.2,960.0,800.0,4.7374654559810505,66.06395578365576,2131.2045479668377,2065.140592183182
2026-09-17,BKK_Ladprao,Guava,3,31.5,47.85666666666667,13.140177070063695,0.274573596226169,10.04,6,5.5,49.0,0.08227176220806794,2026-09,31.5,1507.4850000000001,413.9155777070064,316.26,189.0,173.25,2.59156050955414,41.568630573248406,415.05942229299376,373.49079171974535
2026-09-17,BKK_Ladprao,MixedBerryPremium,3,12.75,86.58969604863222,23.94381337386018,0.2765203536505358,52.235,8,7.0,89.0,0.4148936170212766,2026-09,12.75,1104.0186246200608,305.2836205167173,665.99625,102.0,89.25,5.289893617021276,318.6367420212766,-58.511245896656646,-377.1479879179332
2026-09-17,BKK_Ladprao,PassionFruit,3,24.25,63.23085034013606,16.98635714285714,0.26864034014223875,28.654999999999998,6,6.0,65.0,0.145578231292517,2026-09,24.25,1533.3481207482994,411.9191607142857,694.88375,145.5,145.5,3.5302721088435374,122.34157993197279,135.54521003401373,13.203630102040947
2026-09-17,BKK_Ladprao,Pineapple,3,52.25,47.845854229354735,12.786699899699096,0.2672478129119515,10.084999999999999,6,5.0,49.0,0.06920762286860582,2026-09,52.25,2499.945883483785,668.1050697592777,526.94125,313.5,261.25,3.616098294884654,58.164941073219666,730.1495637245075,671.9846226512879
2026-09-17,BKK_Ladprao,Watermelon,3,85.5,44.02063492063492,12.068285714285715,0.27415065084916884,7.945,6,5.0,45.0,0.05246913580246913,2026-09,85.5,3763.7642857142855,1031.8384285714285,679.2975,513.0,427.5,4.486111111111111,62.55881944444444,1112.128357142857,1049.5695376984127
2026-09-17,BKK_Sukhumvit,Guava,3,58.25,47.95304734667938,13.01283050524309,0.2713660804738032,10.04,6,5.5,49.0,0.047664442326024785,2026-09,58.25,2793.2650079440737,757.9973769304099,584.8299999999999,349.5,320.375,2.7764537654909436,44.53431839847473,780.5626310136638,736.0283126151891
2026-09-17,BKK_Sukhumvit,MixedBerryPremium,3,20.0,86.75255652173914,22.990975304347824,0.26501784184984295,52.235,8,7.0,89.0,0.21565217391304348,2026-09,20.0,1735.0511304347829,459.8195060869565,1044.7,160.0,140.0,4.3130434782608695,259.79617391304345,-69.46837565217356,-329.264549565217
2026-09-17,BKK_Sukhumvit,PassionFruit,3,43.25,63.17115539452496,17.610132850241545,0.27876857309733194,28.654999999999998,6,6.0,65.0,0.09098228663446055,2026-09,43.25,2732.1524708132047,761.6382457729468,1239.32875,259.5,259.5,3.9349838969404187,136.3668669484702,212.1854750402581,75.8186080917879
2026-09-17,BKK_Sukhumvit,Pineapple,3,85.0,47.74254871088369,12.82280334579807,0.2685822959190887,10.084999999999999,6,5.0,49.0,0.03896870694745129,2026-09,85.0,4058.1166404251135,1089.9382843928358,857.2249999999999,510.0,425.0,3.3123400905333598,53.278990356229095,1175.953356032278,1122.6743656760489
2026-09-17,BKK_Sukhumvit,Watermelon,3,132.75,44.07588018917498,11.868067787703627,0.26926445341001765,7.945,6,5.0,45.0,0.030084077771939045,2026-09,132.75,5851.073095112979,1575.4859988176565,1054.69875,796.5,663.75,3.993661324224908,55.691607166316345,1760.6383462953227,1704.9467391290063
2026-09-17,Pattaya_Beach,Guava,3,61.5,47.80525027808676,13.032506562847606,0.27261663702284855,10.04,6,5.5,49.0,0.05506117908787542,2026-09,61.5,2940.022892102336,801.4991536151279,617.4599999999999,369.0,338.25,3.386262513904338,54.31565072302558,813.813738487208,759.4980877641824
2026-09-17,Pattaya_Beach,MixedBerryPremium,3,21.5,86.3254953000723,23.297381344902387,0.26987833969465647,52.235,8,7.0,89.0,0.23716558206796817,2026-09,21.5,1855.9981489515546,500.89369891540133,1123.0525,172.0,150.5,5.099060014461315,307.14187997107734,-90.44804996384664,-397.589929934924
2026-09-17,Pattaya_Beach,PassionFruit,3,48.75,63.013126945693536,17.109371497751642,0.2715207501525353,28.654999999999998,6,6.0,65.0,0.08993427879626427,2026-09,48.75,3071.88993860256,834.0818605153926,1396.9312499999999,292.5,292.5,4.384296091317883,151.93778104462123,255.87682808716772,103.93904704254649
2026-09-17,Pattaya_Beach,Pineapple,3,87.75,47.68440197512802,13.193954352596926,0.2766932960484403,10.084999999999999,6,5.0,49.0,0.040965618141916606,2026-09,87.75,4184.306273317484,1157.7694944403802,884.9587499999999,526.5,438.75,3.5947329919531823,57.82128017556694,1176.3280288771039,1118.506748701537
2026-09-17,Pattaya_Beach,Watermelon,3,140.5,43.95651561399389,11.924427330359238,0.2712778108955253,7.945,6,5.0,45.0,0.0308757924395398,2026-09,140.5,6175.890443766142,1675.382039915473,1116.2725,843.0,702.5,4.338048837755342,60.49409104249825,1838.7359038506693,1778.241812808171
2026-09-17,Pattaya_Central,Guava,3,66.25,47.82334133461354,13.24736053768603,0.27700616828498065,10.04,6,5.5,49.0,0.05400864138262122,2026-09,66.25,3168.296363418147,877.6376356216995,665.15,397.5,364.375,3.578072491598656,57.39228276524244,863.6337277964476,806.2414450312051
2026-09-17,Pattaya_Central,MixedBerryPremium,3,18.0,86.52879332477535,23.51800436456996,0.27179397124258947,52.235,8,7.0,89.0,0.2233632862644416,2026-09,18.0,1557.5182798459564,423.3240785622593,940.23,144.0,126.0,4.020539152759949,242.17717586649553,-76.0357987163029,-318.21297458279844
2026-09-17,Pattaya_Central,PassionFruit,3,57.0,63.01625368731563,17.166189380530973,0.2724089163679736,28.654999999999998,6,6.0,65.0,0.08849557522123894,2026-09,57.0,3591.926460176991,978.4727946902655,1633.3349999999998,342.0,342.0,5.04424778761062,174.80840707964603,296.1186654867256,121.31025840707957
2026-09-17,Pattaya_Central,Pineapple,3,104.0,47.78324340709306,13.039893664746893,0.2728967883919579,10.084999999999999,6,5.0,49.0,0.03925431949075477,2026-09,104.0,4969.457314337678,1356.148941133677,1048.84,624.0,520.0,4.082449227038496,65.66619581691421,1420.4683732040012,1354.8021773870869
2026-09-17,Pattaya_Central,Watermelon,3,165.0,44.00282273983419,11.737794315041452,0.26675093969404934,7.945,6,5.0,45.0,0.029609159099881564,2026-09,165.0,7260.4657520726405,1936.7360619818396,1310.925,990.0,825.0,4.885511251480458,68.12845440189498,2197.804690090801,2129.676235688906
2026-09-18,BKK_Ladprao,Guava,4,33.0,47.85666666666667,13.140177070063695,0.274573596226169,10.04,6,5.5,49.0,0.08227176220806794,2026-09,33.0,1579.27,433.62584331210195,331.32,198.0,181.5,2.7149681528662417,43.54808917197452,434.82415668789804,391.2760675159235
2026-09-18,BKK_Ladprao,MixedBerryPremium,4,13.0,86.58969604863222,23.94381337386018,0.2765203536505358,52.235,8,7.0,89.0,0.4148936170212766,2026-09,13.0,1125.666048632219,311.26957386018233,679.055,104.0,91.0,5.3936170212765955,324.8845212765957,-59.65852522796331,-384.543046504559
2026-09-18,BKK_Ladprao,PassionFruit,4,23.75,63.23085034013606,16.98635714285714,0.26864034014223875,28.654999999999998,6,6.0,65.0,0.145578231292517,2026-09,23.75,1501.7326955782314,403.4259821428571,680.55625,142.5,142.5,3.4574829931972793,119.81907312925172,132.7504634353743,12.931390306122566
2026-09-18,BKK_Ladprao,Pineapple,4,55.0,47.845854229354735,12.786699899699096,0.2672478129119515,10.084999999999999,6,5.0,49.0,0.06920762286860582,2026-09,55.0,2631.5219826145103,703.2684944834502,554.675,330.0,275.0,3.80641925777332,61.22625376128386,768.5784881310601,707.3522343697763
2026-09-18,BKK_Ladprao,Watermelon,4,71.0,44.02063492063492,12.068285714285715,0.27415065084916884,7.945,6,5.0,45.0,0.05246913580246913,2026-09,71.0,3125.4650793650794,856.8482857142857,564.095,426.0,355.0,3.7253086419753085,51.949429012345675,923.5217936507938,871.5723646384481
2026-09-18,BKK_Sukhumvit,Guava,4,54.75,47.95304734667938,13.01283050524309,0.2713660804738032,10.04,6,5.5,49.0,0.047664442326024785,2026-09,54.75,2625.429342230696,712.4524701620592,549.6899999999999,328.5,301.125,2.609628217349857,41.858436606291704,733.661872068637,691.8034354623453
2026-09-18,BKK_Sukhumvit,MixedBerryPremium,4,17.75,86.75255652173914,22.990975304347824,0.26501784184984295,52.235,8,7.0,89.0,0.21565217391304348,2026-09,17.75,1539.8578782608697,408.08981165217386,927.17125,142.0,124.25,3.827826086956522,230.56910434782608,-61.65318339130408,-292.22228773913014
2026-09-18,BKK_Sukhumvit,PassionFruit,4,40.0,63.17115539452496,17.610132850241545,0.27876857309733194,28.654999999999998,6,6.0,65.0,0.09098228663446055,2026-09,40.0,2526.846215780998,704.4053140096618,1146.1999999999998,240.0,240.0,3.639291465378422,126.11964573268922,196.24090177133667,70.12125603864745
2026-09-18,BKK_Sukhumvit,Pineapple,4,89.75,47.74254871088369,12.82280334579807,0.2685822959190887,10.084999999999999,6,5.0,49.0,0.03896870694745129,2026-09,89.75,4284.893746801811,1150.8466002853768,905.12875,538.5,448.75,3.497441448533753,56.256345699665424,1241.6683965164343,1185.412050816769
2026-09-18,BKK_Sukhumvit,Watermelon,4,130.0,44.07588018917498,11.868067787703627,0.26926445341001765,7.945,6,5.0,45.0,0.030084077771939045,2026-09,130.0,5729.864424592747,1542.8488124014714,1032.8500000000001,780.0,650.0,3.910930110352076,54.5379203888597,1724.1656121912756,1669.627691802416
2026-09-18,Pattaya_Beach,Guava,4,56.75,47.80525027808676,13.032506562847606,0.27261663702284855,10.04,6,5.5,49.0,0.05506117908787542,2026-09,56.75,2712.9479532814235,739.5947474416016,569.77,340.5,312.125,3.1247219132369297,50.12053948832035,750.9582058398219,700.8376663515015
2026-09-18,Pattaya_Beach,MixedBerryPremium,4,21.5,86.3254953000723,23.297381344902387,0.26987833969465647,52.235,8,7.0,89.0,0.23716558206796817,2026-09,21.5,1855.9981489515546,500.89369891540133,1123.0525,172.0,150.5,5.099060014461315,307.14187997107734,-90.44804996384664,-397.589929934924
2026-09-18,Pattaya_Beach,PassionFruit,4,50.0,63.013126945693536,17.109371497751642,0.2715207501525353,28.654999999999998,6,6.0,65.0,0.08993427879626427,2026-09,50.0,3150.656347284677,855.4685748875821,1432.7499999999998,300.0,300.0,4.496713939813214,155.83362158422693,262.43777239709516,106.60415081286823
2026-09-18,Pattaya_Beach,Pineapple,4,84.0,47.68440197512802,13.193954352596926,0.2766932960484403,10.084999999999999,6,5.0,49.0,0.040965618141916606,2026-09,84.0,4005.4897659107537,1108.2921656181418,847.1399999999999,504.0,420.0,3.441111923920995,55.350285296269206,1126.0576002926118,1070.7073149963426
2026-09-18,Pattaya_Beach,Watermelon,4,144.75,43.95651561399389,11.924427330359238,0.2712778108955253,7.945,6,5.0,45.0,0.0308757924395398,2026-09,144.75,6362.705635125616,1726.0608560694998,1150.03875,868.5,723.75,4.469270955623386,62.32398347616812,1894.3560290561163,1832.032045579948
2026-09-18,Pattaya_Central,Guava,4,74.75,47.82334133461354,13.24736053768603,0.27700616828498065,10.04,6,5.5,49.0,0.05400864138262122,2026-09,74.75,3574.794764762362,990.2402001920307,750.4899999999999,448.5,411.125,4.037145943350937,64.75582093134902,974.4395645703312,909.6837436389822
2026-09-18,Pattaya_Central,MixedBerryPremium,4,24.25,86.52879332477535,23.51800436456996,0.27179397124258947,52.235,8,7.0,89.0,0.2233632862644416,2026-09,24.25,2098.323238125802,570.3116058408216,1266.69875,194.0,169.75,5.416559691912709,326.266473042362,-102.43711771501967,-428.7035907573817
2026-09-18,Pattaya_Central,PassionFruit,4,49.75,63.01625368731563,17.166189380530973,0.2724089163679736,28.654999999999998,6,6.0,65.0,0.08849557522123894,2026-09,49.75,3135.0586209439525,854.0179216814159,1425.5862499999998,298.5,298.5,4.402654867256637,152.57400442477876,258.45444926253685,105.88044483775809
2026-09-18,Pattaya_Central,Pineapple,4,101.0,47.78324340709306,13.039893664746893,0.2728967883919579,10.084999999999999,6,5.0,49.0,0.03925431949075477,2026-09,101.0,4826.107584116399,1317.0292601394362,1018.5849999999999,606.0,505.0,3.964686268566232,63.77197862988784,1379.493323976963,1315.7213453470752
2026-09-18,Pattaya_Central,Watermelon,4,155.0,44.00282273983419,11.737794315041452,0.26675093969404934,7.945,6,5.0,45.0,0.029609159099881564,2026-09,155.0,6820.437524674299,1819.358118831425,1231.4750000000001,930.0,775.0,4.589419660481642,63.9994571654165,2064.6044058428743,2000.6049486774577
2026-09-19,BKK_Ladprao,Guava,5,39.75,47.85666666666667,13.140177070063695,0.274573596226169,10.04,6,5.5,49.0,0.08227176220806794,2026-09,39.75,1902.3025,522.3220385350319,399.09,238.5,218.625,3.2703025477707004,52.45565286624203,523.7654614649682,471.3098085987262
2026-09-19,BKK_Ladprao,MixedBerryPremium,5,12.75,86.58969604863222,23.94381337386018,0.2765203536505358,52.235,8,7.0,89.0,0.4148936170212766,2026-09,12.75,1104.0186246200608,305.2836205167173,665.99625,102.0,89.25,5.289893617021276,318.6367420212766,-58.511245896656646,-377.1479879179332
2026-09-19,BKK_Ladprao,PassionFruit,5,29.75,63.23085034013606,16.98635714285714,0.26864034014223875,28.654999999999998,6,6.0,65.0,0.145578231292517,2026-09,29.75,1881.1177976190477,505.34412499999996,852.4862499999999,178.5,178.5,4.3309523809523816,150.08915476190478,166.28742261904767,16.198267857142895
2026-09-19,BKK_Ladprao,Pineapple,5,62.75,47.845854229354735,12.786699899699096,0.2672478129119515,10.084999999999999,6,5.0,49.0,0.06920762286860582,2026-09,62.75,3002.3273528920095,802.3654187061182,632.8337499999999,376.5,313.75,4.342778335005016,69.85358951855568,876.8781841858913,807.0245946673356
2026-09-19,BKK_Ladprao,Watermelon,5,95.25,44.02063492063492,12.068285714285715,0.27415065084916884,7.945,6,5.0,45.0,0.05246913580246913,2026-09,95.25,4192.965476190476,1149.5042142857144,756.76125,571.5,476.25,4.997685185185185,69.69271990740741,1238.9500119047616,1169.2572919973543
2026-09-19,BKK_Sukhumvit,Guava,5,64.5,47.95304734667938,13.01283050524309,0.2713660804738032,10.04,6,5.5,49.0,0.047664442326024785,2026-09,64.5,3092.9715538608198,839.3275675881792,647.5799999999999,387.0,354.75,3.0743565300285987,49.31267874165872,864.3139862726407,815.001307530982
2026-09-19,BKK_Sukhumvit,MixedBerryPremium,5,29.5,86.75255652173914,22.990975304347824,0.26501784184984295,52.235,8,7.0,89.0,0.21565217391304348,2026-09,29.5,2559.2004173913047,678.2337714782608,1540.9325,236.0,206.5,6.361739130434783,383.19935652173916,-102.46585408695591,-485.6652106086951
2026-09-19,BKK_Sukhumvit,PassionFruit,5,47.75,63.17115539452496,17.610132850241545,0.27876857309733194,28.654999999999998,6,6.0,65.0,0.09098228663446055,2026-09,47.75,3016.422670088567,840.8838435990338,1368.27625,286.5,286.5,4.344404186795491,150.55532709339775,234.26257648953333,83.70724939613558
2026-09-19,BKK_Sukhumvit,Pineapple,5,101.25,47.74254871088369,12.82280334579807,0.2685822959190887,10.084999999999999,6,5.0,49.0,0.03896870694745129,2026-09,101.25,4833.933056976974,1298.3088387620546,1021.1062499999999,607.5,506.25,3.9455815784294432,63.464679689037595,1400.7679682149192,1337.3032885258815
2026-09-19,BKK_Sukhumvit,Watermelon,5,161.75,44.07588018917498,11.868067787703627,0.26926445341001765,7.945,6,5.0,45.0,0.030084077771939045,2026-09,161.75,7129.273620599053,1919.6599646610616,1285.10375,970.5,808.75,4.866099579611141,67.85775863767736,2145.259905937992,2077.4021473003145
2026-09-19,Pattaya_Beach,Guava,5,82.0,47.80525027808676,13.032506562847606,0.27261663702284855,10.04,6,5.5,49.0,0.05506117908787542,2026-09,82.0,3920.0305228031143,1068.6655381535038,823.28,492.0,451.0,4.515016685205784,72.42086763070077,1085.0849846496108,1012.66411701891
2026-09-19,Pattaya_Beach,MixedBerryPremium,5,33.0,86.3254953000723,23.297381344902387,0.26987833969465647,52.235,8,7.0,89.0,0.23716558206796817,2026-09,33.0,2848.741344902386,768.8135843817788,1723.7549999999999,264.0,231.0,7.82646420824295,471.4270715835141,-138.82723947939257,-610.2543110629067
2026-09-19,Pattaya_Beach,PassionFruit,5,66.0,63.013126945693536,17.109371497751642,0.2715207501525353,28.654999999999998,6,6.0,65.0,0.08993427879626427,2026-09,66.0,4158.866378415773,1129.2185188516085,1891.2299999999998,396.0,396.0,5.935662400553442,205.70038049117954,346.41785956416516,140.7174790729856
2026-09-19,Pattaya_Beach,Pineapple,5,121.75,47.68440197512802,13.193954352596926,0.2766932960484403,10.084999999999999,6,5.0,49.0,0.040965618141916606,2026-09,121.75,5805.5759404718365,1606.3639424286757,1227.8487499999999,730.5,608.75,4.987564008778347,80.22496708119971,1632.1132480431606,1551.8882809619608
2026-09-19,Pattaya_Beach,Watermelon,5,203.5,43.95651561399389,11.924427330359238,0.2712778108955253,7.945,6,5.0,45.0,0.0308757924395398,2026-09,203.5,8945.150927447758,2426.620961728105,1616.8075000000001,1221.0,1017.5,6.283223761446349,87.61955535336934,2663.222465719652,2575.6029103662827
2026-09-19,Pattaya_Central,Guava,5,95.5,47.82334133461354,13.24736053768603,0.27700616828498065,10.04,6,5.5,49.0,0.05400864138262122,2026-09,95.5,4567.129097455593,1265.1229313490157,958.8199999999999,573.0,525.25,5.157825252040327,82.73151704272685,1244.9361661065777,1162.2046490638509
2026-09-19,Pattaya_Central,MixedBerryPremium,5,33.0,86.52879332477535,23.51800436456996,0.27179397124258947,52.235,8,7.0,89.0,0.2233632862644416,2026-09,33.0,2855.4501797175867,776.0941440308087,1723.7549999999999,264.0,231.0,7.370988446726573,443.9914890885751,-139.39896431322177,-583.3904534017969
2026-09-19,Pattaya_Central,PassionFruit,5,81.25,63.01625368731563,17.166189380530973,0.2724089163679736,28.654999999999998,6,6.0,65.0,0.08849557522123894,2026-09,81.25,5120.070612094395,1394.7528871681416,2328.21875,487.5,487.5,7.1902654867256635,249.17865044247787,422.0989749262535,172.92032448377563
2026-09-19,Pattaya_Central,Pineapple,5,146.75,47.78324340709306,13.039893664746893,0.2728967883919579,10.084999999999999,6,5.0,49.0,0.03925431949075477,2026-09,146.75,7012.1909699909065,1913.6043953016065,1479.9737499999999,880.5,733.75,5.760571385268263,92.65879073204002,2004.3628246893004,1911.7040339572604
2026-09-19,Pattaya_Central,Watermelon,5,234.25,44.00282273983419,11.737794315041452,0.26675093969404934,7.945,6,5.0,45.0,0.029609159099881564,2026-09,234.25,10307.661226806158,2749.57831829846,1861.11625,1405.5,1171.25,6.935945519147256,96.72176026450849,3120.2166585076975,3023.494898243189
2026-09-20,BKK_Ladprao,Guava,6,34.25,47.85666666666667,13.140177070063695,0.274573596226169,10.04,6,5.5,49.0,0.08227176220806794,2026-09,34.25,1639.0908333333334,450.05106464968156,343.86999999999995,205.5,188.375,2.817807855626327,45.19763800424628,451.2947686836519,406.0971306794056
2026-09-20,BKK_Ladprao,MixedBerryPremium,6,13.75,86.58969604863222,23.94381337386018,0.2765203536505358,52.235,8,7.0,89.0,0.4148936170212766,2026-09,13.75,1190.608320668693,329.22743389057746,718.23125,110.0,96.25,5.704787234042553,343.62785904255315,-63.100363221884436,-406.7282222644376
2026-09-20,BKK_Ladprao,PassionFruit,6,28.0,63.23085034013606,16.98635714285714,0.26864034014223875,28.654999999999998,6,6.0,65.0,0.145578231292517,2026-09,28.0,1770.4638095238097,475.61799999999994,802.3399999999999,168.0,168.0,4.076190476190476,141.26038095238096,156.50580952380983,15.245428571428874
2026-09-20,BKK_Ladprao,Pineapple,6,49.75,47.845854229354735,12.786699899699096,0.2672478129119515,10.084999999999999,6,5.0,49.0,0.06920762286860582,2026-09,49.75,2380.331247910398,636.13832001003,501.72874999999993,298.5,248.75,3.44307923771314,55.38192953861586,695.214177900368,639.8322483617521
2026-09-20,BKK_Ladprao,Watermelon,6,84.25,44.02063492063492,12.068285714285715,0.27415065084916884,7.945,6,5.0,45.0,0.05246913580246913,2026-09,84.25,3708.738492063492,1016.7530714285715,669.36625,505.5,421.25,4.4205246913580245,61.64421682098765,1095.8691706349205,1034.2249538139329
2026-09-20,BKK_Sukhumvit,Guava,6,56.5,47.95304734667938,13.01283050524309,0.2713660804738032,10.04,6,5.5,49.0,0.047664442326024785,2026-09,56.5,2709.3471750873846,735.2249235462345,567.26,339.0,310.75,2.6930409914204003,43.19637750238322,757.11225154115,713.9158740387668
2026-09-20,BKK_Sukhumvit,MixedBerryPremium,6,17.0,86.75255652173914,22.990975304347824,0.26501784184984295,52.235,8,7.0,89.0,0.21565217391304348,2026-09,17.0,1474.7934608695653,390.846580173913,887.995,136.0,119.0,3.666086956521739,220.82674782608694,-59.048119304347665,-279.8748671304346
2026-09-20,BKK_Sukhumvit,PassionFruit,6,41.25,63.17115539452496,17.610132850241545,0.27876857309733194,28.654999999999998,6,6.0,65.0,0.09098228663446055,2026-09,41.25,2605.8101600241544,726.4179800724637,1182.01875,247.5,247.5,3.7530193236714977,130.06088466183576,202.37342995169092,72.31254528985517
2026-09-20,BKK_Sukhumvit,Pineapple,6,95.5,47.74254871088369,12.82280334579807,0.2685822959190887,10.084999999999999,6,5.0,49.0,0.03896870694745129,2026-09,95.5,4559.413401889392,1224.5777195237156,963.1175,573.0,477.5,3.721511513481598,59.860512694351506,1321.2181823656765,1261.357669671325
2026-09-20,BKK_Sukhumvit,Watermelon,6,136.5,44.07588018917498,11.868067787703627,0.26926445341001765,7.945,6,5.0,45.0,0.030084077771939045,2026-09,136.5,6016.357645822385,1619.991253021545,1084.4925,819.0,682.5,4.1064766158696795,57.26481640830268,1810.3738928008406,1753.1090763925379
2026-09-20,Pattaya_Beach,Guava,6,71.75,47.80525027808676,13.032506562847606,0.27261663702284855,10.04,6,5.5,49.0,0.05506117908787542,2026-09,71.75,3430.026707452725,935.0823458843157,720.3699999999999,430.5,394.625,3.9506395995550614,63.368259176863184,949.4493615684096,886.0811023915464
2026-09-20,Pattaya_Beach,MixedBerryPremium,6,30.25,86.3254953000723,23.297381344902387,0.26987833969465647,52.235,8,7.0,89.0,0.23716558206796817,2026-09,30.25,2611.346232827187,704.7457856832972,1580.1087499999999,242.0,211.75,7.174258857556037,432.1414822848879,-127.25830285610982,-559.3997851409977
2026-09-20,Pattaya_Beach,PassionFruit,6,58.25,63.013126945693536,17.109371497751642,0.2715207501525353,28.654999999999998,6,6.0,65.0,0.08993427879626427,2026-09,58.25,3670.5146445866485,996.6208897440331,1669.15375,349.5,349.5,5.238671739882394,181.54616914562436,305.74000484261524,124.19383569699087
2026-09-20,Pattaya_Beach,Pineapple,6,104.75,47.68440197512802,13.193954352596926,0.2766932960484403,10.084999999999999,6,5.0,49.0,0.040965618141916606,2026-09,104.75,4994.94110689466,1382.066718434528,1056.40375,628.5,523.75,4.291148500365765,69.02312362838333,1404.2206384601322,1335.197514831749
2026-09-20,Pattaya_Beach,Watermelon,6,187.25,43.95651561399389,11.924427330359238,0.2712778108955253,7.945,6,5.0,45.0,0.0308757924395398,2026-09,187.25,8230.857548720356,2232.8490176097675,1487.70125,1123.5,936.25,5.781492134303828,80.62290781286688,2450.5572811105885,2369.934373297722
2026-09-20,Pattaya_Central,Guava,6,95.25,47.82334133461354,13.24736053768603,0.27700616828498065,10.04,6,5.5,49.0,0.05400864138262122,2026-09,95.25,4555.17326212194,1261.8110912145944,956.31,571.5,523.875,5.144323091694671,82.51494239078252,1241.6771709073455,1159.162228516563
2026-09-20,Pattaya_Central,MixedBerryPremium,6,32.0,86.52879332477535,23.51800436456996,0.27179397124258947,52.235,8,7.0,89.0,0.2233632862644416,2026-09,32.0,2768.921386392811,752.5761396662388,1671.52,256.0,224.0,7.147625160462131,430.53720154043646,-135.17475327342754,-565.7119548138639
2026-09-20,Pattaya_Central,PassionFruit,6,73.75,63.01625368731563,17.166189380530973,0.2724089163679736,28.654999999999998,6,6.0,65.0,0.08849557522123894,2026-09,73.75,4647.448709439528,1266.0064668141592,2113.3062499999996,442.5,442.5,6.5265486725663715,226.1775442477876,383.135992625369,156.9584483775814
2026-09-20,Pattaya_Central,Pineapple,6,133.0,47.78324340709306,13.039893664746893,0.2728967883919579,10.084999999999999,6,5.0,49.0,0.03925431949075477,2026-09,133.0,6355.171373143377,1734.3058574113368,1341.3049999999998,798.0,665.0,5.220824492270385,83.97696195816914,1816.5605157320406,1732.5835537738715
2026-09-20,Pattaya_Central,Watermelon,6,213.5,44.00282273983419,11.737794315041452,0.26675093969404934,7.945,6,5.0,45.0,0.029609159099881564,2026-09,213.5,9394.602654954599,2506.01908626135,1696.2575000000002,1281.0,1067.5,6.321555467824714,88.15409099881565,2843.826068693248,2755.6719776944324
2026-09-21,BKK_Ladprao,Guava,0,30.25,47.85666666666667,13.140177070063695,0.274573596226169,10.04,6,5.5,49.0,0.08227176220806794,2026-09,30.25,1447.6641666666667,397.49035636942676,303.71,181.5,166.375,2.488720806794055,39.91908174097664,398.5888102972399,358.66972855626324
2026-09-21,BKK_Ladprao,MixedBerryPremium,0,11.5,86.58969604863222,23.94381337386018,0.2765203536505358,52.235,8,7.0,89.0,0.4148936170212766,2026-09,11.5,995.7815045592705,275.3538537993921,600.7025,92.0,80.5,4.7712765957446805,287.3978457446808,-52.774849240121625,-340.17269498480243
2026-09-21,BKK_Ladprao,PassionFruit,0,25.5,63.23085034013606,16.98635714285714,0.26864034014223875,28.654999999999998,6,6.0,65.0,0.145578231292517,2026-09,25.5,1612.3866836734694,433.1521071428571,730.7025,153.0,153.0,3.712244897959184,128.64784693877553,142.53207653061236,13.884229591836828
2026-09-21,BKK_Ladprao,Pineapple,0,52.25,47.845854229354735,12.786699899699096,0.2672478129119515,10.084999999999999,6,5.0,49.0,0.06920762286860582,2026-09,52.25,2499.945883483785,668.1050697592777,526.94125,313.5,261.25,3.616098294884654,58.164941073219666,730.1495637245075,671.9846226512879
2026-09-21,BKK_Ladprao,Watermelon,0,82.25,44.02063492063492,12.068285714285715,0.27415065084916884,7.945,6,5.0,45.0,0.05246913580246913,2026-09,82.25,3620.697222222222,992.6165,653.47625,493.5,411.25,4.315586419753086,60.180852623456786,1069.8544722222223,1009.6736195987655
2026-09-21,BKK_Sukhumvit,Guava,0,57.25,47.95304734667938,13.01283050524309,0.2713660804738032,10.04,6,5.5,49.0,0.047664442326024785,2026-09,57.25,2745.3119605973943,744.9845464251669,574.79,343.5,314.875,2.7287893231649187,43.76978074356529,767.1624141722275,723.3926334286622
2026-09-21,BKK_Sukhumvit,MixedBerryPremium,0,18.5,86.75255652173914,22.990975304347824,0.26501784184984295,52.235,8,7.0,89.0,0.21565217391304348,2026-09,18.5,1604.922295652174,425.33304313043476,966.3475,148.0,129.5,3.9895652173913043,240.31146086956522,-64.25824747826073,-304.56970834782595
2026-09-21,BKK_Sukhumvit,PassionFruit,0,49.0,63.17115539452496,17.610132850241545,0.27876857309733194,28.654999999999998,6,6.0,65.0,0.09098228663446055,2026-09,49.0,3095.386614331723,862.8965096618357,1404.0949999999998,294.0,294.0,4.458132045088567,154.49656602254427,240.3951046698876,85.89853864734332
2026-09-21,BKK_Sukhumvit,Pineapple,0,92.75,47.74254871088369,12.82280334579807,0.2685822959190887,10.084999999999999,6,5.0,49.0,0.03896870694745129,2026-09,92.75,4428.121392934462,1189.315010322771,935.38375,556.5,463.75,3.614347569376107,58.13678065341469,1283.1726326116914,1225.0358519582767
2026-09-21,BKK_Sukhumvit,Watermelon,0,137.5,44.07588018917498,11.868067787703627,0.26926445341001765,7.945,6,5.0,45.0,0.030084077771939045,2026-09,137.5,6060.4335260115595,1631.8593208092486,1092.4375,825.0,687.5,4.136560693641619,57.68433887283238,1823.6367052023106,1765.9523663294783
2026-09-21,Pattaya_Beach,Guava,0,61.75,47.80525027808676,13.032506562847606,0.27261663702284855,10.04,6,5.5,49.0,0.05506117908787542,2026-09,61.75,2951.9742046718575,804.7572802558396,619.9699999999999,370.5,339.625,3.400027808676307,54.536446051167964,817.1219244160179,762.5854783648499
2026-09-21,Pattaya_Beach,MixedBerryPremium,0,19.25,86.3254953000723,23.297381344902387,0.26987833969465647,52.235,8,7.0,89.0,0.23716558206796817,2026-09,19.25,1661.7657845263918,448.474590889371,1005.52375,154.0,134.75,4.565437454808388,274.99912509038325,-80.98255636297904,-355.9816814533623
2026-09-21,Pattaya_Beach,PassionFruit,0,49.5,63.013126945693536,17.109371497751642,0.2715207501525353,28.654999999999998,6,6.0,65.0,0.08993427879626427,2026-09,49.5,3119.14978381183,846.9138891387063,1418.4225,297.0,297.0,4.451746800415082,154.27528536838466,259.81339467312364,105.53810930473898
2026-09-21,Pattaya_Beach,Pineapple,0,95.25,47.68440197512802,13.193954352596926,0.2766932960484403,10.084999999999999,6,5.0,49.0,0.040965618141916606,2026-09,95.25,4541.939288130944,1256.7241520848572,960.5962499999999,571.5,476.25,3.9019751280175567,62.7632699341624,1276.868886046087,1214.1056161119245
2026-09-21,Pattaya_Beach,Watermelon,0,149.25,43.95651561399389,11.924427330359238,0.2712778108955253,7.945,6,5.0,45.0,0.0308757924395398,2026-09,149.25,6560.509955388588,1779.7207790561163,1185.79125,895.5,746.25,4.608212021601315,64.26151664123034,1953.2479263324722,1888.9864096912418
2026-09-21,Pattaya_Central,Guava,0,65.25,47.82334133461354,13.24736053768603,0.27700616828498065,10.04,6,5.5,49.0,0.05400864138262122,2026-09,65.25,3120.473022083533,864.3902750840134,655.1099999999999,391.5,358.875,3.524063850216035,56.525984157465196,850.59774699952,794.0717628420548
2026-09-21,Pattaya_Central,MixedBerryPremium,0,25.75,86.52879332477535,23.51800436456996,0.27179397124258947,52.235,8,7.0,89.0,0.2233632862644416,2026-09,25.75,2228.1164281129654,605.5886123876764,1345.05125,206.0,180.25,5.7516046213093714,346.44790436457,-108.77343427471124,-455.2213386392812
2026-09-21,Pattaya_Central,PassionFruit,0,54.25,63.01625368731563,17.166189380530973,0.2724089163679736,28.654999999999998,6,6.0,65.0,0.08849557522123894,2026-09,54.25,3418.631762536873,931.2657738938053,1554.5337499999998,325.5,325.5,4.800884955752212,166.37466814159293,281.83223864306774,115.4575705014748
2026-09-21,Pattaya_Central,Pineapple,0,109.0,47.78324340709306,13.039893664746893,0.2728967883919579,10.084999999999999,6,5.0,49.0,0.03925431949075477,2026-09,109.0,5208.373531373143,1421.3484094574114,1099.2649999999999,654.0,545.0,4.27872082449227,68.82322446195816,1488.7601219157318,1419.9368974537736
2026-09-21,Pattaya_Central,Watermelon,0,179.0,44.00282273983419,11.737794315041452,0.26675093969404934,7.945,6,5.0,45.0,0.029609159099881564,2026-09,179.0,7876.50527043032,2101.06518239242,1422.155,1074.0,895.0,5.3000394788788,73.90905053296487,2384.2850880379,2310.376037504935
2026-09-22,BKK_Ladprao,Guava,1,35.5,47.85666666666667,13.140177070063695,0.274573596226169,10.04,6,5.5,49.0,0.08227176220806794,2026-09,35.5,1698.9116666666669,466.4762859872612,356.41999999999996,213.0,195.25,2.9206475583864115,46.84718683651804,467.7653806794058,420.9181938428877
2026-09-22,BKK_Ladprao,MixedBerryPremium,1,10.25,86.58969604863222,23.94381337386018,0.2765203536505358,52.235,8,7.0,89.0,0.4148936170212766,2026-09,10.25,887.5443844984802,245.42408708206685,535.4087499999999,82.0,71.75,4.252659574468085,256.1589494680851,-47.038452583586604,-303.1974020516717
2026-09-22,BKK_Ladprao,PassionFruit,1,25.75,63.23085034013606,16.98635714285714,0.26864034014223875,28.654999999999998,6,6.0,65.0,0.145578231292517,2026-09,25.75,1628.1943962585035,437.3986964285714,737.8662499999999,154.5,154.5,3.748639455782313,129.90910034013606,143.92944982993208,14.020349489796018
2026-09-22,BKK_Ladprao,Pineapple,1,48.25,47.845854229354735,12.786699899699096,0.2672478129119515,10.084999999999999,6,5.0,49.0,0.06920762286860582,2026-09,48.25,2308.562466566366,616.9582701604813,486.60124999999994,289.5,241.25,3.3392678034102308,53.71212261785357,674.2529464058846,620.540823788031
2026-09-22,BKK_Ladprao,Watermelon,1,75.5,44.02063492063492,12.068285714285715,0.27415065084916884,7.945,6,5.0,45.0,0.05246913580246913,2026-09,75.5,3323.5579365079366,911.1555714285714,599.8475,453.0,377.5,3.9614197530864197,55.24199845679012,982.0548650793653,926.8128666225751
2026-09-22,BKK_Sukhumvit,Guava,1,54.0,47.95304734667938,13.01283050524309,0.2713660804738032,10.04,6,5.5,49.0,0.047664442326024785,2026-09,54.0,2589.4645567206862,702.6928472831269,542.16,324.0,297.0,2.573879885605338,41.28503336510962,723.6117094375595,682.3266760724499
2026-09-22,BKK_Sukhumvit,MixedBerryPremium,1,19.75,86.75255652173914,22.990975304347824,0.26501784184984295,52.235,8,7.0,89.0,0.21565217391304348,2026-09,19.75,1713.362991304348,454.07176226086955,1031.64125,158.0,138.25,4.259130434782609,256.54872173913043,-68.60002095652135,-325.1487426956518
2026-09-22,BKK_Sukhumvit,PassionFruit,1,44.5,63.17115539452496,17.610132850241545,0.27876857309733194,28.654999999999998,6,6.0,65.0,0.09098228663446055,2026-09,44.5,2811.116415056361,783.6509118357487,1275.1474999999998,267.0,267.0,4.048711755233494,140.30810587761675,218.31800322061235,78.0098973429956
2026-09-22,BKK_Sukhumvit,Pineapple,1,85.0,47.74254871088369,12.82280334579807,0.2685822959190887,10.084999999999999,6,5.0,49.0,0.03896870694745129,2026-09,85.0,4058.1166404251135,1089.9382843928358,857.2249999999999,510.0,425.0,3.3123400905333598,53.278990356229095,1175.953356032278,1122.6743656760489
2026-09-22,BKK_Sukhumvit,Watermelon,1,136.0,44.07588018917498,11.868067787703627,0.26926445341001765,7.945,6,5.0,45.0,0.030084077771939045,2026-09,136.0,5994.319705727798,1614.0572191276933,1080.52,816.0,680.0,4.09143457698371,57.05505517603784,1803.7424866001038,1746.687431424066
2026-09-22,Pattaya_Beach,Guava,1,51.0,47.80525027808676,13.032506562847606,0.27261663702284855,10.04,6,5.5,49.0,0.05506117908787542,2026-09,51.0,2438.067764182425,664.657834705228,512.04,306.0,280.5,2.8081201334816464,45.042246941045605,674.869929477197,629.8276825361514
2026-09-22,Pattaya_Beach,MixedBerryPremium,1,21.25,86.3254953000723,23.297381344902387,0.26987833969465647,52.235,8,7.0,89.0,0.23716558206796817,2026-09,21.25,1834.4167751265365,495.06935357917575,1109.99375,170.0,148.75,5.039768618944324,303.57046276211133,-89.39632845263918,-392.9667912147505
2026-09-22,Pattaya_Beach,PassionFruit,1,47.0,63.013126945693536,17.109371497751642,0.2715207501525353,28.654999999999998,6,6.0,65.0,0.08993427879626427,2026-09,47.0,2961.616966447596,804.1404603943272,1346.7849999999999,282.0,282.0,4.2269111034244204,146.4836042891733,246.69150605326877,100.20790176409548
2026-09-22,Pattaya_Beach,Pineapple,1,91.25,47.68440197512802,13.193954352596926,0.2766932960484403,10.084999999999999,6,5.0,49.0,0.040965618141916606,2026-09,91.25,4351.2016802304315,1203.9483346744694,920.2562499999999,547.5,456.25,3.7381126554498905,60.127542062911495,1223.247095555962,1163.1195534930505
2026-09-22,Pattaya_Beach,Watermelon,1,142.75,43.95651561399389,11.924427330359238,0.2712778108955253,7.945,6,5.0,45.0,0.0308757924395398,2026-09,142.75,6274.792603897628,1702.2120014087814,1134.14875,856.5,713.75,4.407519370744306,61.46285762502935,1868.1818524888467,1806.7189948638174
2026-09-22,Pattaya_Central,Guava,1,65.75,47.82334133461354,13.24736053768603,0.27700616828498065,10.04,6,5.5,49.0,0.05400864138262122,2026-09,65.75,3144.3846927508403,871.0139553528564,660.13,394.5,361.625,3.5510681709073455,56.95913346135382,857.115737397984,800.1566039366302
2026-09-22,Pattaya_Central,MixedBerryPremium,1,22.75,86.52879332477535,23.51800436456996,0.27179397124258947,52.235,8,7.0,89.0,0.2233632862644416,2026-09,22.75,1968.5300481386391,535.0345992939666,1188.34625,182.0,159.25,5.081514762516046,306.08504172015404,-96.10080115532742,-402.18584287548146
2026-09-22,Pattaya_Central,PassionFruit,1,55.75,63.01625368731563,17.166189380530973,0.2724089163679736,28.654999999999998,6,6.0,65.0,0.08849557522123894,2026-09,55.75,3513.1561430678466,957.0150579646017,1597.51625,334.5,334.5,4.933628318584071,170.97488938053098,289.624835103245,118.64994572271402
2026-09-22,Pattaya_Central,Pineapple,1,114.0,47.78324340709306,13.039893664746893,0.2728967883919579,10.084999999999999,6,5.0,49.0,0.03925431949075477,2026-09,114.0,5447.289748408609,1486.5478777811459,1149.6899999999998,684.0,570.0,4.474992421946044,71.98025310700211,1557.0518706274634,1485.0716175204611
2026-09-22,Pattaya_Central,Watermelon,1,164.25,44.00282273983419,11.737794315041452,0.26675093969404934,7.945,6,5.0,45.0,0.029609159099881564,2026-09,164.25,7227.463635017765,1927.9327162455584,1304.96625,985.5,821.25,4.863304382155547,67.8187796091591,2187.8146687722065,2119.995889163047
2026-09-23,BKK_Ladprao,Guava,2,28.5,47.85666666666667,13.140177070063695,0.274573596226169,10.04,6,5.5,49.0,0.08227176220806794,2026-09,28.5,1363.915,374.4950464968153,286.14,171.0,156.75,2.3447452229299364,37.609713375796176,375.52995350318474,337.9202401273886
2026-09-23,BKK_Ladprao,MixedBerryPremium,2,9.75,86.58969604863222,23.94381337386018,0.2765203536505358,52.235,8,7.0,89.0,0.4148936170212766,2026-09,9.75,844.2495364741642,233.45218039513676,509.29125,78.0,68.25,4.045212765957447,243.6633909574468,-44.743893920972596,-288.40728487841943
2026-09-23,BKK_Ladprao,PassionFruit,2,27.5,63.23085034013606,16.98635714285714,0.26864034014223875,28.654999999999998,6,6.0,65.0,0.145578231292517,2026-09,27.5,1738.8483843537415,467.1248214285714,788.0124999999999,165.0,165.0,4.003401360544218,138.73787414965986,153.71106292517015,14.973188775510295
2026-09-23,BKK_Ladprao,Pineapple,2,58.0,47.845854229354735,12.786699899699096,0.2672478129119515,10.084999999999999,6,5.0,49.0,0.06920762286860582,2026-09,58.0,2775.059545302575,741.6285941825475,584.93,348.0,290.0,4.014042126379138,64.56586760280844,810.5009511200274,745.9350835172189
2026-09-23,BKK_Ladprao,Watermelon,2,76.75,44.02063492063492,12.068285714285715,0.27415065084916884,7.945,6,5.0,45.0,0.05246913580246913,2026-09,76.75,3378.58373015873,926.2409285714286,609.7787500000001,460.5,383.75,4.027006172839506,56.156601080246915,998.314051587301,942.1574505070541
2026-09-23,BKK_Sukhumvit,Guava,2,52.75,47.95304734667938,13.01283050524309,0.2713660804738032,10.04,6,5.5,49.0,0.047664442326024785,2026-09,52.75,2529.5232475373373,686.4268091515729,529.6099999999999,316.5,290.125,2.5142993326978074,40.329361296472825,706.8614383857644,666.5320770892915
2026-09-23,BKK_Sukhumvit,MixedBerryPremium,2,20.0,86.75255652173914,22.990975304347824,0.26501784184984295,52.235,8,7.0,89.0,0.21565217391304348,2026-09,20.0,1735.0511304347829,459.8195060869565,1044.7,160.0,140.0,4.3130434782608695,259.79617391304345,-69.46837565217356,-329.264549565217
2026-09-23,BKK_Sukhumvit,PassionFruit,2,46.75,63.17115539452496,17.610132850241545,0.27876857309733194,28.654999999999998,6,6.0,65.0,0.09098228663446055,2026-09,46.75,2953.251514694042,823.2737107487923,1339.62125,280.5,280.5,4.2534219001610305,147.40233595008053,229.35655394524974,81.95421799516922
2026-09-23,BKK_Sukhumvit,Pineapple,2,88.5,47.74254871088369,12.82280334579807,0.2685822959190887,10.084999999999999,6,5.0,49.0,0.03896870694745129,2026-09,88.5,4225.215560913207,1134.8180961031292,892.5224999999999,531.0,442.5,3.448730564849439,55.47283113560323,1224.374964810078,1168.9021336744747
2026-09-23,BKK_Sukhumvit,Watermelon,2,138.0,44.07588018917498,11.868067787703627,0.26926445341001765,7.945,6,5.0,45.0,0.030084077771939045,2026-09,138.0,6082.471466106147,1637.7933547031005,1096.41,828.0,690.0,4.151602732527588,57.89410010509722,1830.2681114030465,1772.3740112979492
2026-09-23,Pattaya_Beach,Guava,2,65.0,47.80525027808676,13.032506562847606,0.27261663702284855,10.04,6,5.5,49.0,0.05506117908787542,2026-09,65.0,3107.341268075639,847.1129265850944,652.5999999999999,390.0,357.5,3.578976640711902,57.40678531701891,860.1283414905447,802.7215561735258
2026-09-23,Pattaya_Beach,MixedBerryPremium,2,22.0,86.3254953000723,23.297381344902387,0.26987833969465647,52.235,8,7.0,89.0,0.23716558206796817,2026-09,22.0,1899.1608966015906,512.5423895878525,1149.17,176.0,154.0,5.2176428054952995,314.28471438900937,-92.55149298626202,-406.8362073752714
2026-09-23,Pattaya_Beach,PassionFruit,2,44.25,63.013126945693536,17.109371497751642,0.2715207501525353,28.654999999999998,6,6.0,65.0,0.08993427879626427,2026-09,44.25,2788.330867346939,757.0896887755101,1267.9837499999999,265.5,265.5,3.979591836734694,137.91275510204082,232.25742857142905,94.34467346938823
2026-09-23,Pattaya_Beach,Pineapple,2,80.0,47.68440197512802,13.193954352596926,0.2766932960484403,10.084999999999999,6,5.0,49.0,0.040965618141916606,2026-09,80.0,3814.7521580102416,1055.5163482077542,806.8,480.0,400.0,3.2772494513533283,52.71455742501829,1072.4358098024873,1019.721252377469
2026-09-23,Pattaya_Beach,Watermelon,2,139.25,43.95651561399389,11.924427330359238,0.2712778108955253,7.945,6,5.0,45.0,0.0308757924395398,2026-09,139.25,6120.944799248649,1660.476505752524,1106.34125,835.5,696.25,4.299454097205917,59.95588738553651,1822.3770434961252,1762.4211561105888
2026-09-23,Pattaya_Central,Guava,2,70.75,47.82334133461354,13.24736053768603,0.27700616828498065,10.04,6,5.5,49.0,0.05400864138262122,2026-09,70.75,3383.501399423908,937.2507580412865,710.3299999999999,424.5,389.125,3.8211113778204515,61.29062650024004,922.2956413826214,861.0050148823814
2026-09-23,Pattaya_Central,MixedBerryPremium,2,25.5,86.52879332477535,23.51800436456996,0.27179397124258947,52.235,8,7.0,89.0,0.2233632862644416,2026-09,25.5,2206.4842297817713,599.709111296534,1331.9925,204.0,178.5,5.69576379974326,343.08433247753527,-107.71738151476256,-450.80171399229783
2026-09-23,Pattaya_Central,PassionFruit,2,56.25,63.01625368731563,17.166189380530973,0.2724089163679736,28.654999999999998,6,6.0,65.0,0.08849557522123894,2026-09,56.25,3544.6642699115046,965.5981526548672,1611.8437499999998,337.5,337.5,4.977876106194691,172.508296460177,292.2223672566374,119.71407079646042
2026-09-23,Pattaya_Central,Pineapple,2,109.0,47.78324340709306,13.039893664746893,0.2728967883919579,10.084999999999999,6,5.0,49.0,0.03925431949075477,2026-09,109.0,5208.373531373143,1421.3484094574114,1099.2649999999999,654.0,545.0,4.27872082449227,68.82322446195816,1488.7601219157318,1419.9368974537736
2026-09-23,Pattaya_Central,Watermelon,2,160.0,44.00282273983419,11.737794315041452,0.26675093969404934,7.945,6,5.0,45.0,0.029609159099881564,2026-09,160.0,7040.45163837347,1878.0470904066324,1271.2,960.0,800.0,4.7374654559810505,66.06395578365576,2131.2045479668377,2065.140592183182
2026-09-24,BKK_Ladprao,Guava,3,31.5,47.85666666666667,13.140177070063695,0.274573596226169,10.04,6,5.5,49.0,0.08227176220806794,2026-09,31.5,1507.4850000000001,413.9155777070064,316.26,189.0,173.25,2.59156050955414,41.568630573248406,415.05942229299376,373.49079171974535
2026-09-24,BKK_Ladprao,MixedBerryPremium,3,12.75,86.58969604863222,23.94381337386018,0.2765203536505358,52.235,8,7.0,89.0,0.4148936170212766,2026-09,12.75,1104.0186246200608,305.2836205167173,665.99625,102.0,89.25,5.289893617021276,318.6367420212766,-58.511245896656646,-377.1479879179332
2026-09-24,BKK_Ladprao,PassionFruit,3,24.25,63.23085034013606,16.98635714285714,0.26864034014223875,28.654999999999998,6,6.0,65.0,0.145578231292517,2026-09,24.25,1533.3481207482994,411.9191607142857,694.88375,145.5,145.5,3.5302721088435374,122.34157993197279,135.54521003401373,13.203630102040947
2026-09-24,BKK_Ladprao,Pineapple,3,52.25,47.845854229354735,12.786699899699096,0.2672478129119515,10.084999999999999,6,5.0,49.0,0.06920762286860582,2026-09,52.25,2499.945883483785,668.1050697592777,526.94125,313.5,261.25,3.616098294884654,58.164941073219666,730.1495637245075,671.9846226512879
2026-09-24,BKK_Ladprao,Watermelon,3,85.5,44.02063492063492,12.068285714285715,0.27415065084916884,7.945,6,5.0,45.0,0.05246913580246913,2026-09,85.5,3763.7642857142855,1031.8384285714285,679.2975,513.0,427.5,4.486111111111111,62.55881944444444,1112.128357142857,1049.5695376984127
2026-09-24,BKK_Sukhumvit,Guava,3,58.25,47.95304734667938,13.01283050524309,0.2713660804738032,10.04,6,5.5,49.0,0.047664442326024785,2026-09,58.25,2793.2650079440737,757.9973769304099,584.8299999999999,349.5,320.375,2.7764537654909436,44.53431839847473,780.5626310136638,736.0283126151891
2026-09-24,BKK_Sukhumvit,MixedBerryPremium,3,20.0,86.75255652173914,22.990975304347824,0.26501784184984295,52.235,8,7.0,89.0,0.21565217391304348,2026-09,20.0,1735.0511304347829,459.8195060869565,1044.7,160.0,140.0,4.3130434782608695,259.79617391304345,-69.46837565217356,-329.264549565217
2026-09-24,BKK_Sukhumvit,PassionFruit,3,43.25,63.17115539452496,17.610132850241545,0.27876857309733194,28.654999999999998,6,6.0,65.0,0.09098228663446055,2026-09,43.25,2732.1524708132047,761.6382457729468,1239.32875,259.5,259.5,3.9349838969404187,136.3668669484702,212.1854750402581,75.8186080917879
2026-09-24,BKK_Sukhumvit,Pineapple,3,85.0,47.74254871088369,12.82280334579807,0.2685822959190887,10.084999999999999,6,5.0,49.0,0.03896870694745129,2026-09,85.0,4058.1166404251135,1089.9382843928358,857.2249999999999,510.0,425.0,3.3123400905333598,53.278990356229095,1175.953356032278,1122.6743656760489
2026-09-24,BKK_Sukhumvit,Watermelon,3,132.75,44.07588018917498,11.868067787703627,0.26926445341001765,7.945,6,5.0,45.0,0.030084077771939045,2026-09,132.75,5851.073095112979,1575.4859988176565,1054.69875,796.5,663.75,3.993661324224908,55.691607166316345,1760.6383462953227,1704.9467391290063
2026-09-24,Pattaya_Beach,Guava,3,61.5,47.80525027808676,13.032506562847606,0.27261663702284855,10.04,6,5.5,49.0,0.05506117908787542,2026-09,61.5,2940.022892102336,801.4991536151279,617.4599999999999,369.0,338.25,3.386262513904338,54.31565072302558,813.813738487208,759.4980877641824
2026-09-24,Pattaya_Beach,MixedBerryPremium,3,21.5,86.3254953000723,23.297381344902387,0.26987833969465647,52.235,8,7.0,89.0,0.23716558206796817,2026-09,21.5,1855.9981489515546,500.89369891540133,1123.0525,172.0,150.5,5.099060014461315,307.14187997107734,-90.44804996384664,-397.589929934924
2026-09-24,Pattaya_Beach,PassionFruit,3,48.75,63.013126945693536,17.109371497751642,0.2715207501525353,28.654999999999998,6,6.0,65.0,0.08993427879626427,2026-09,48.75,3071.88993860256,834.0818605153926,1396.9312499999999,292.5,292.5,4.384296091317883,151.93778104462123,255.87682808716772,103.93904704254649
2026-09-24,Pattaya_Beach,Pineapple,3,87.75,47.68440197512802,13.193954352596926,0.2766932960484403,10.084999999999999,6,5.0,49.0,0.040965618141916606,2026-09,87.75,4184.306273317484,1157.7694944403802,884.9587499999999,526.5,438.75,3.5947329919531823,57.82128017556694,1176.3280288771039,1118.506748701537
2026-09-24,Pattaya_Beach,Watermelon,3,140.5,43.95651561399389,11.924427330359238,0.2712778108955253,7.945,6,5.0,45.0,0.0308757924395398,2026-09,140.5,6175.890443766142,1675.382039915473,1116.2725,843.0,702.5,4.338048837755342,60.49409104249825,1838.7359038506693,1778.241812808171
2026-09-24,Pattaya_Central,Guava,3,66.25,47.82334133461354,13.24736053768603,0.27700616828498065,10.04,6,5.5,49.0,0.05400864138262122,2026-09,66.25,3168.296363418147,877.6376356216995,665.15,397.5,364.375,3.578072491598656,57.39228276524244,863.6337277964476,806.2414450312051
2026-09-24,Pattaya_Central,MixedBerryPremium,3,18.0,86.52879332477535,23.51800436456996,0.27179397124258947,52.235,8,7.0,89.0,0.2233632862644416,2026-09,18.0,1557.5182798459564,423.3240785622593,940.23,144.0,126.0,4.020539152759949,242.17717586649553,-76.0357987163029,-318.21297458279844
2026-09-24,Pattaya_Central,PassionFruit,3,57.0,63.01625368731563,17.166189380530973,0.2724089163679736,28.654999999999998,6,6.0,65.0,0.08849557522123894,2026-09,57.0,3591.926460176991,978.4727946902655,1633.3349999999998,342.0,342.0,5.04424778761062,174.80840707964603,296.1186654867256,121.31025840707957
2026-09-24,Pattaya_Central,Pineapple,3,104.0,47.78324340709306,13.039893664746893,0.2728967883919579,10.084999999999999,6,5.0,49.0,0.03925431949075477,2026-09,104.0,4969.457314337678,1356.148941133677,1048.84,624.0,520.0,4.082449227038496,65.66619581691421,1420.4683732040012,1354.8021773870869
2026-09-24,Pattaya_Central,Watermelon,3,165.0,44.00282273983419,11.737794315041452,0.26675093969404934,7.945,6,5.0,45.0,0.029609159099881564,2026-09,165.0,7260.4657520726405,1936.7360619818396,1310.925,990.0,825.0,4.885511251480458,68.12845440189498,2197.804690090801,2129.676235688906
2026-09-25,BKK_Ladprao,Guava,4,33.0,47.85666666666667,13.140177070063695,0.274573596226169,10.04,6,5.5,49.0,0.08227176220806794,2026-09,33.0,1579.27,433.62584331210195,331.32,198.0,181.5,2.7149681528662417,43.54808917197452,434.82415668789804,391.2760675159235
2026-09-25,BKK_Ladprao,MixedBerryPremium,4,13.0,86.58969604863222,23.94381337386018,0.2765203536505358,52.235,8,7.0,89.0,0.4148936170212766,2026-09,13.0,1125.666048632219,311.26957386018233,679.055,104.0,91.0,5.3936170212765955,324.8845212765957,-59.65852522796331,-384.543046504559
2026-09-25,BKK_Ladprao,PassionFruit,4,23.75,63.23085034013606,16.98635714285714,0.26864034014223875,28.654999999999998,6,6.0,65.0,0.145578231292517,2026-09,23.75,1501.7326955782314,403.4259821428571,680.55625,142.5,142.5,3.4574829931972793,119.81907312925172,132.7504634353743,12.931390306122566
2026-09-25,BKK_Ladprao,Pineapple,4,55.0,47.845854229354735,12.786699899699096,0.2672478129119515,10.084999999999999,6,5.0,49.0,0.06920762286860582,2026-09,55.0,2631.5219826145103,703.2684944834502,554.675,330.0,275.0,3.80641925777332,61.22625376128386,768.5784881310601,707.3522343697763
2026-09-25,BKK_Ladprao,Watermelon,4,71.0,44.02063492063492,12.068285714285715,0.27415065084916884,7.945,6,5.0,45.0,0.05246913580246913,2026-09,71.0,3125.4650793650794,856.8482857142857,564.095,426.0,355.0,3.7253086419753085,51.949429012345675,923.5217936507938,871.5723646384481
2026-09-25,BKK_Sukhumvit,Guava,4,54.75,47.95304734667938,13.01283050524309,0.2713660804738032,10.04,6,5.5,49.0,0.047664442326024785,2026-09,54.75,2625.429342230696,712.4524701620592,549.6899999999999,328.5,301.125,2.609628217349857,41.858436606291704,733.661872068637,691.8034354623453
2026-09-25,BKK_Sukhumvit,MixedBerryPremium,4,17.75,86.75255652173914,22.990975304347824,0.26501784184984295,52.235,8,7.0,89.0,0.21565217391304348,2026-09,17.75,1539.8578782608697,408.08981165217386,927.17125,142.0,124.25,3.827826086956522,230.56910434782608,-61.65318339130408,-292.22228773913014
2026-09-25,BKK_Sukhumvit,PassionFruit,4,40.0,63.17115539452496,17.610132850241545,0.27876857309733194,28.654999999999998,6,6.0,65.0,0.09098228663446055,2026-09,40.0,2526.846215780998,704.4053140096618,1146.1999999999998,240.0,240.0,3.639291465378422,126.11964573268922,196.24090177133667,70.12125603864745
2026-09-25,BKK_Sukhumvit,Pineapple,4,89.75,47.74254871088369,12.82280334579807,0.2685822959190887,10.084999999999999,6,5.0,49.0,0.03896870694745129,2026-09,89.75,4284.893746801811,1150.8466002853768,905.12875,538.5,448.75,3.497441448533753,56.256345699665424,1241.6683965164343,1185.412050816769
2026-09-25,BKK_Sukhumvit,Watermelon,4,130.0,44.07588018917498,11.868067787703627,0.26926445341001765,7.945,6,5.0,45.0,0.030084077771939045,2026-09,130.0,5729.864424592747,1542.8488124014714,1032.8500000000001,780.0,650.0,3.910930110352076,54.5379203888597,1724.1656121912756,1669.627691802416
2026-09-25,Pattaya_Beach,Guava,4,56.75,47.80525027808676,13.032506562847606,0.27261663702284855,10.04,6,5.5,49.0,0.05506117908787542,2026-09,56.75,2712.9479532814235,739.5947474416016,569.77,340.5,312.125,3.1247219132369297,50.12053948832035,750.9582058398219,700.8376663515015
2026-09-25,Pattaya_Beach,MixedBerryPremium,4,21.5,86.3254953000723,23.297381344902387,0.26987833969465647,52.235,8,7.0,89.0,0.23716558206796817,2026-09,21.5,1855.9981489515546,500.89369891540133,1123.0525,172.0,150.5,5.099060014461315,307.14187997107734,-90.44804996384664,-397.589929934924
2026-09-25,Pattaya_Beach,PassionFruit,4,50.0,63.013126945693536,17.109371497751642,0.2715207501525353,28.654999999999998,6,6.0,65.0,0.08993427879626427,2026-09,50.0,3150.656347284677,855.4685748875821,1432.7499999999998,300.0,300.0,4.496713939813214,155.83362158422693,262.43777239709516,106.60415081286823
2026-09-25,Pattaya_Beach,Pineapple,4,84.0,47.68440197512802,13.193954352596926,0.2766932960484403,10.084999999999999,6,5.0,49.0,0.040965618141916606,2026-09,84.0,4005.4897659107537,1108.2921656181418,847.1399999999999,504.0,420.0,3.441111923920995,55.350285296269206,1126.0576002926118,1070.7073149963426
2026-09-25,Pattaya_Beach,Watermelon,4,144.75,43.95651561399389,11.924427330359238,0.2712778108955253,7.945,6,5.0,45.0,0.0308757924395398,2026-09,144.75,6362.705635125616,1726.0608560694998,1150.03875,868.5,723.75,4.469270955623386,62.32398347616812,1894.3560290561163,1832.032045579948
2026-09-25,Pattaya_Central,Guava,4,74.75,47.82334133461354,13.24736053768603,0.27700616828498065,10.04,6,5.5,49.0,0.05400864138262122,2026-09,74.75,3574.794764762362,990.2402001920307,750.4899999999999,448.5,411.125,4.037145943350937,64.75582093134902,974.4395645703312,909.6837436389822
2026-09-25,Pattaya_Central,MixedBerryPremium,4,24.25,86.52879332477535,23.51800436456996,0.27179397124258947,52.235,8,7.0,89.0,0.2233632862644416,2026-09,24.25,2098.323238125802,570.3116058408216,1266.69875,194.0,169.75,5.416559691912709,326.266473042362,-102.43711771501967,-428.7035907573817
2026-09-25,Pattaya_Central,PassionFruit,4,49.75,63.01625368731563,17.166189380530973,0.2724089163679736,28.654999999999998,6,6.0,65.0,0.08849557522123894,2026-09,49.75,3135.0586209439525,854.0179216814159,1425.5862499999998,298.5,298.5,4.402654867256637,152.57400442477876,258.45444926253685,105.88044483775809
2026-09-25,Pattaya_Central,Pineapple,4,101.0,47.78324340709306,13.039893664746893,0.2728967883919579,10.084999999999999,6,5.0,49.0,0.03925431949075477,2026-09,101.0,4826.107584116399,1317.0292601394362,1018.5849999999999,606.0,505.0,3.964686268566232,63.77197862988784,1379.493323976963,1315.7213453470752
2026-09-25,Pattaya_Central,Watermelon,4,155.0,44.00282273983419,11.737794315041452,0.26675093969404934,7.945,6,5.0,45.0,0.029609159099881564,2026-09,155.0,6820.437524674299,1819.358118831425,1231.4750000000001,930.0,775.0,4.589419660481642,63.9994571654165,2064.6044058428743,2000.6049486774577
2026-09-26,BKK_Ladprao,Guava,5,39.75,47.85666666666667,13.140177070063695,0.274573596226169,10.04,6,5.5,49.0,0.08227176220806794,2026-09,39.75,1902.3025,522.3220385350319,399.09,238.5,218.625,3.2703025477707004,52.45565286624203,523.7654614649682,471.3098085987262
2026-09-26,BKK_Ladprao,MixedBerryPremium,5,12.75,86.58969604863222,23.94381337386018,0.2765203536505358,52.235,8,7.0,89.0,0.4148936170212766,2026-09,12.75,1104.0186246200608,305.2836205167173,665.99625,102.0,89.25,5.289893617021276,318.6367420212766,-58.511245896656646,-377.1479879179332
2026-09-26,BKK_Ladprao,PassionFruit,5,29.75,63.23085034013606,16.98635714285714,0.26864034014223875,28.654999999999998,6,6.0,65.0,0.145578231292517,2026-09,29.75,1881.1177976190477,505.34412499999996,852.4862499999999,178.5,178.5,4.3309523809523816,150.08915476190478,166.28742261904767,16.198267857142895
2026-09-26,BKK_Ladprao,Pineapple,5,62.75,47.845854229354735,12.786699899699096,0.2672478129119515,10.084999999999999,6,5.0,49.0,0.06920762286860582,2026-09,62.75,3002.3273528920095,802.3654187061182,632.8337499999999,376.5,313.75,4.342778335005016,69.85358951855568,876.8781841858913,807.0245946673356
2026-09-26,BKK_Ladprao,Watermelon,5,95.25,44.02063492063492,12.068285714285715,0.27415065084916884,7.945,6,5.0,45.0,0.05246913580246913,2026-09,95.25,4192.965476190476,1149.5042142857144,756.76125,571.5,476.25,4.997685185185185,69.69271990740741,1238.9500119047616,1169.2572919973543
2026-09-26,BKK_Sukhumvit,Guava,5,64.5,47.95304734667938,13.01283050524309,0.2713660804738032,10.04,6,5.5,49.0,0.047664442326024785,2026-09,64.5,3092.9715538608198,839.3275675881792,647.5799999999999,387.0,354.75,3.0743565300285987,49.31267874165872,864.3139862726407,815.001307530982
2026-09-26,BKK_Sukhumvit,MixedBerryPremium,5,29.5,86.75255652173914,22.990975304347824,0.26501784184984295,52.235,8,7.0,89.0,0.21565217391304348,2026-09,29.5,2559.2004173913047,678.2337714782608,1540.9325,236.0,206.5,6.361739130434783,383.19935652173916,-102.46585408695591,-485.6652106086951
2026-09-26,BKK_Sukhumvit,PassionFruit,5,47.75,63.17115539452496,17.610132850241545,0.27876857309733194,28.654999999999998,6,6.0,65.0,0.09098228663446055,2026-09,47.75,3016.422670088567,840.8838435990338,1368.27625,286.5,286.5,4.344404186795491,150.55532709339775,234.26257648953333,83.70724939613558
2026-09-26,BKK_Sukhumvit,Pineapple,5,101.25,47.74254871088369,12.82280334579807,0.2685822959190887,10.084999999999999,6,5.0,49.0,0.03896870694745129,2026-09,101.25,4833.933056976974,1298.3088387620546,1021.1062499999999,607.5,506.25,3.9455815784294432,63.464679689037595,1400.7679682149192,1337.3032885258815
2026-09-26,BKK_Sukhumvit,Watermelon,5,161.75,44.07588018917498,11.868067787703627,0.26926445341001765,7.945,6,5.0,45.0,0.030084077771939045,2026-09,161.75,7129.273620599053,1919.6599646610616,1285.10375,970.5,808.75,4.866099579611141,67.85775863767736,2145.259905937992,2077.4021473003145
2026-09-26,Pattaya_Beach,Guava,5,82.0,47.80525027808676,13.032506562847606,0.27261663702284855,10.04,6,5.5,49.0,0.05506117908787542,2026-09,82.0,3920.0305228031143,1068.6655381535038,823.28,492.0,451.0,4.515016685205784,72.42086763070077,1085.0849846496108,1012.66411701891
2026-09-26,Pattaya_Beach,MixedBerryPremium,5,33.0,86.3254953000723,23.297381344902387,0.26987833969465647,52.235,8,7.0,89.0,0.23716558206796817,2026-09,33.0,2848.741344902386,768.8135843817788,1723.7549999999999,264.0,231.0,7.82646420824295,471.4270715835141,-138.82723947939257,-610.2543110629067
2026-09-26,Pattaya_Beach,PassionFruit,5,66.0,63.013126945693536,17.109371497751642,0.2715207501525353,28.654999999999998,6,6.0,65.0,0.08993427879626427,2026-09,66.0,4158.866378415773,1129.2185188516085,1891.2299999999998,396.0,396.0,5.935662400553442,205.70038049117954,346.41785956416516,140.7174790729856
2026-09-26,Pattaya_Beach,Pineapple,5,121.75,47.68440197512802,13.193954352596926,0.2766932960484403,10.084999999999999,6,5.0,49.0,0.040965618141916606,2026-09,121.75,5805.5759404718365,1606.3639424286757,1227.8487499999999,730.5,608.75,4.987564008778347,80.22496708119971,1632.1132480431606,1551.8882809619608
2026-09-26,Pattaya_Beach,Watermelon,5,203.5,43.95651561399389,11.924427330359238,0.2712778108955253,7.945,6,5.0,45.0,0.0308757924395398,2026-09,203.5,8945.150927447758,2426.620961728105,1616.8075000000001,1221.0,1017.5,6.283223761446349,87.61955535336934,2663.222465719652,2575.6029103662827
2026-09-26,Pattaya_Central,Guava,5,95.5,47.82334133461354,13.24736053768603,0.27700616828498065,10.04,6,5.5,49.0,0.05400864138262122,2026-09,95.5,4567.129097455593,1265.1229313490157,958.8199999999999,573.0,525.25,5.157825252040327,82.73151704272685,1244.9361661065777,1162.2046490638509
2026-09-26,Pattaya_Central,MixedBerryPremium,5,33.0,86.52879332477535,23.51800436456996,0.27179397124258947,52.235,8,7.0,89.0,0.2233632862644416,2026-09,33.0,2855.4501797175867,776.0941440308087,1723.7549999999999,264.0,231.0,7.370988446726573,443.9914890885751,-139.39896431322177,-583.3904534017969
2026-09-26,Pattaya_Central,PassionFruit,5,81.25,63.01625368731563,17.166189380530973,0.2724089163679736,28.654999999999998,6,6.0,65.0,0.08849557522123894,2026-09,81.25,5120.070612094395,1394.7528871681416,2328.21875,487.5,487.5,7.1902654867256635,249.17865044247787,422.0989749262535,172.92032448377563
2026-09-26,Pattaya_Central,Pineapple,5,146.75,47.78324340709306,13.039893664746893,0.2728967883919579,10.084999999999999,6,5.0,49.0,0.03925431949075477,2026-09,146.75,7012.1909699909065,1913.6043953016065,1479.9737499999999,880.5,733.75,5.760571385268263,92.65879073204002,2004.3628246893004,1911.7040339572604
2026-09-26,Pattaya_Central,Watermelon,5,234.25,44.00282273983419,11.737794315041452,0.26675093969404934,7.945,6,5.0,45.0,0.029609159099881564,2026-09,234.25,10307.661226806158,2749.57831829846,1861.11625,1405.5,1171.25,6.935945519147256,96.72176026450849,3120.2166585076975,3023.494898243189
2026-09-27,BKK_Ladprao,Guava,6,34.25,47.85666666666667,13.140177070063695,0.274573596226169,10.04,6,5.5,49.0,0.08227176220806794,2026-09,34.25,1639.0908333333334,450.05106464968156,343.86999999999995,205.5,188.375,2.817807855626327,45.19763800424628,451.2947686836519,406.0971306794056
2026-09-27,BKK_Ladprao,MixedBerryPremium,6,13.75,86.58969604863222,23.94381337386018,0.2765203536505358,52.235,8,7.0,89.0,0.4148936170212766,2026-09,13.75,1190.608320668693,329.22743389057746,718.23125,110.0,96.25,5.704787234042553,343.62785904255315,-63.100363221884436,-406.7282222644376
2026-09-27,BKK_Ladprao,PassionFruit,6,28.0,63.23085034013606,16.98635714285714,0.26864034014223875,28.654999999999998,6,6.0,65.0,0.145578231292517,2026-09,28.0,1770.4638095238097,475.61799999999994,802.3399999999999,168.0,168.0,4.076190476190476,141.26038095238096,156.50580952380983,15.245428571428874
2026-09-27,BKK_Ladprao,Pineapple,6,49.75,47.845854229354735,12.786699899699096,0.2672478129119515,10.084999999999999,6,5.0,49.0,0.06920762286860582,2026-09,49.75,2380.331247910398,636.13832001003,501.72874999999993,298.5,248.75,3.44307923771314,55.38192953861586,695.214177900368,639.8322483617521
2026-09-27,BKK_Ladprao,Watermelon,6,84.25,44.02063492063492,12.068285714285715,0.27415065084916884,7.945,6,5.0,45.0,0.05246913580246913,2026-09,84.25,3708.738492063492,1016.7530714285715,669.36625,505.5,421.25,4.4205246913580245,61.64421682098765,1095.8691706349205,1034.2249538139329
2026-09-27,BKK_Sukhumvit,Guava,6,56.5,47.95304734667938,13.01283050524309,0.2713660804738032,10.04,6,5.5,49.0,0.047664442326024785,2026-09,56.5,2709.3471750873846,735.2249235462345,567.26,339.0,310.75,2.6930409914204003,43.19637750238322,757.11225154115,713.9158740387668
2026-09-27,BKK_Sukhumvit,MixedBerryPremium,6,17.0,86.75255652173914,22.990975304347824,0.26501784184984295,52.235,8,7.0,89.0,0.21565217391304348,2026-09,17.0,1474.7934608695653,390.846580173913,887.995,136.0,119.0,3.666086956521739,220.82674782608694,-59.048119304347665,-279.8748671304346
2026-09-27,BKK_Sukhumvit,PassionFruit,6,41.25,63.17115539452496,17.610132850241545,0.27876857309733194,28.654999999999998,6,6.0,65.0,0.09098228663446055,2026-09,41.25,2605.8101600241544,726.4179800724637,1182.01875,247.5,247.5,3.7530193236714977,130.06088466183576,202.37342995169092,72.31254528985517
2026-09-27,BKK_Sukhumvit,Pineapple,6,95.5,47.74254871088369,12.82280334579807,0.2685822959190887,10.084999999999999,6,5.0,49.0,0.03896870694745129,2026-09,95.5,4559.413401889392,1224.5777195237156,963.1175,573.0,477.5,3.721511513481598,59.860512694351506,1321.2181823656765,1261.357669671325
2026-09-27,BKK_Sukhumvit,Watermelon,6,136.5,44.07588018917498,11.868067787703627,0.26926445341001765,7.945,6,5.0,45.0,0.030084077771939045,2026-09,136.5,6016.357645822385,1619.991253021545,1084.4925,819.0,682.5,4.1064766158696795,57.26481640830268,1810.3738928008406,1753.1090763925379
2026-09-27,Pattaya_Beach,Guava,6,71.75,47.80525027808676,13.032506562847606,0.27261663702284855,10.04,6,5.5,49.0,0.05506117908787542,2026-09,71.75,3430.026707452725,935.0823458843157,720.3699999999999,430.5,394.625,3.9506395995550614,63.368259176863184,949.4493615684096,886.0811023915464
2026-09-27,Pattaya_Beach,MixedBerryPremium,6,30.25,86.3254953000723,23.297381344902387,0.26987833969465647,52.235,8,7.0,89.0,0.23716558206796817,2026-09,30.25,2611.346232827187,704.7457856832972,1580.1087499999999,242.0,211.75,7.174258857556037,432.1414822848879,-127.25830285610982,-559.3997851409977
2026-09-27,Pattaya_Beach,PassionFruit,6,58.25,63.013126945693536,17.109371497751642,0.2715207501525353,28.654999999999998,6,6.0,65.0,0.08993427879626427,2026-09,58.25,3670.5146445866485,996.6208897440331,1669.15375,349.5,349.5,5.238671739882394,181.54616914562436,305.74000484261524,124.19383569699087
2026-09-27,Pattaya_Beach,Pineapple,6,104.75,47.68440197512802,13.193954352596926,0.2766932960484403,10.084999999999999,6,5.0,49.0,0.040965618141916606,2026-09,104.75,4994.94110689466,1382.066718434528,1056.40375,628.5,523.75,4.291148500365765,69.02312362838333,1404.2206384601322,1335.197514831749
2026-09-27,Pattaya_Beach,Watermelon,6,187.25,43.95651561399389,11.924427330359238,0.2712778108955253,7.945,6,5.0,45.0,0.0308757924395398,2026-09,187.25,8230.857548720356,2232.8490176097675,1487.70125,1123.5,936.25,5.781492134303828,80.62290781286688,2450.5572811105885,2369.934373297722
2026-09-27,Pattaya_Central,Guava,6,95.25,47.82334133461354,13.24736053768603,0.27700616828498065,10.04,6,5.5,49.0,0.05400864138262122,2026-09,95.25,4555.17326212194,1261.8110912145944,956.31,571.5,523.875,5.144323091694671,82.51494239078252,1241.6771709073455,1159.162228516563
2026-09-27,Pattaya_Central,MixedBerryPremium,6,32.0,86.52879332477535,23.51800436456996,0.27179397124258947,52.235,8,7.0,89.0,0.2233632862644416,2026-09,32.0,2768.921386392811,752.5761396662388,1671.52,256.0,224.0,7.147625160462131,430.53720154043646,-135.17475327342754,-565.7119548138639
2026-09-27,Pattaya_Central,PassionFruit,6,73.75,63.01625368731563,17.166189380530973,0.2724089163679736,28.654999999999998,6,6.0,65.0,0.08849557522123894,2026-09,73.75,4647.448709439528,1266.0064668141592,2113.3062499999996,442.5,442.5,6.5265486725663715,226.1775442477876,383.135992625369,156.9584483775814
2026-09-27,Pattaya_Central,Pineapple,6,133.0,47.78324340709306,13.039893664746893,0.2728967883919579,10.084999999999999,6,5.0,49.0,0.03925431949075477,2026-09,133.0,6355.171373143377,1734.3058574113368,1341.3049999999998,798.0,665.0,5.220824492270385,83.97696195816914,1816.5605157320406,1732.5835537738715
2026-09-27,Pattaya_Central,Watermelon,6,213.5,44.00282273983419,11.737794315041452,0.26675093969404934,7.945,6,5.0,45.0,0.029609159099881564,2026-09,213.5,9394.602654954599,2506.01908626135,1696.2575000000002,1281.0,1067.5,6.321555467824714,88.15409099881565,2843.826068693248,2755.6719776944324
2026-09-28,BKK_Ladprao,Guava,0,30.25,47.85666666666667,13.140177070063695,0.274573596226169,10.04,6,5.5,49.0,0.08227176220806794,2026-09,30.25,1447.6641666666667,397.49035636942676,303.71,181.5,166.375,2.488720806794055,39.91908174097664,398.5888102972399,358.66972855626324
2026-09-28,BKK_Ladprao,MixedBerryPremium,0,11.5,86.58969604863222,23.94381337386018,0.2765203536505358,52.235,8,7.0,89.0,0.4148936170212766,2026-09,11.5,995.7815045592705,275.3538537993921,600.7025,92.0,80.5,4.7712765957446805,287.3978457446808,-52.774849240121625,-340.17269498480243
2026-09-28,BKK_Ladprao,PassionFruit,0,25.5,63.23085034013606,16.98635714285714,0.26864034014223875,28.654999999999998,6,6.0,65.0,0.145578231292517,2026-09,25.5,1612.3866836734694,433.1521071428571,730.7025,153.0,153.0,3.712244897959184,128.64784693877553,142.53207653061236,13.884229591836828
2026-09-28,BKK_Ladprao,Pineapple,0,52.25,47.845854229354735,12.786699899699096,0.2672478129119515,10.084999999999999,6,5.0,49.0,0.06920762286860582,2026-09,52.25,2499.945883483785,668.1050697592777,526.94125,313.5,261.25,3.616098294884654,58.164941073219666,730.1495637245075,671.9846226512879
2026-09-28,BKK_Ladprao,Watermelon,0,82.25,44.02063492063492,12.068285714285715,0.27415065084916884,7.945,6,5.0,45.0,0.05246913580246913,2026-09,82.25,3620.697222222222,992.6165,653.47625,493.5,411.25,4.315586419753086,60.180852623456786,1069.8544722222223,1009.6736195987655
2026-09-28,BKK_Sukhumvit,Guava,0,57.25,47.95304734667938,13.01283050524309,0.2713660804738032,10.04,6,5.5,49.0,0.047664442326024785,2026-09,57.25,2745.3119605973943,744.9845464251669,574.79,343.5,314.875,2.7287893231649187,43.76978074356529,767.1624141722275,723.3926334286622
2026-09-28,BKK_Sukhumvit,MixedBerryPremium,0,18.5,86.75255652173914,22.990975304347824,0.26501784184984295,52.235,8,7.0,89.0,0.21565217391304348,2026-09,18.5,1604.922295652174,425.33304313043476,966.3475,148.0,129.5,3.9895652173913043,240.31146086956522,-64.25824747826073,-304.56970834782595
2026-09-28,BKK_Sukhumvit,PassionFruit,0,49.0,63.17115539452496,17.610132850241545,0.27876857309733194,28.654999999999998,6,6.0,65.0,0.09098228663446055,2026-09,49.0,3095.386614331723,862.8965096618357,1404.0949999999998,294.0,294.0,4.458132045088567,154.49656602254427,240.3951046698876,85.89853864734332
2026-09-28,BKK_Sukhumvit,Pineapple,0,92.75,47.74254871088369,12.82280334579807,0.2685822959190887,10.084999999999999,6,5.0,49.0,0.03896870694745129,2026-09,92.75,4428.121392934462,1189.315010322771,935.38375,556.5,463.75,3.614347569376107,58.13678065341469,1283.1726326116914,1225.0358519582767
2026-09-28,BKK_Sukhumvit,Watermelon,0,137.5,44.07588018917498,11.868067787703627,0.26926445341001765,7.945,6,5.0,45.0,0.030084077771939045,2026-09,137.5,6060.4335260115595,1631.8593208092486,1092.4375,825.0,687.5,4.136560693641619,57.68433887283238,1823.6367052023106,1765.9523663294783
2026-09-28,Pattaya_Beach,Guava,0,61.75,47.80525027808676,13.032506562847606,0.27261663702284855,10.04,6,5.5,49.0,0.05506117908787542,2026-09,61.75,2951.9742046718575,804.7572802558396,619.9699999999999,370.5,339.625,3.400027808676307,54.536446051167964,817.1219244160179,762.5854783648499
2026-09-28,Pattaya_Beach,MixedBerryPremium,0,19.25,86.3254953000723,23.297381344902387,0.26987833969465647,52.235,8,7.0,89.0,0.23716558206796817,2026-09,19.25,1661.7657845263918,448.474590889371,1005.52375,154.0,134.75,4.565437454808388,274.99912509038325,-80.98255636297904,-355.9816814533623
2026-09-28,Pattaya_Beach,PassionFruit,0,49.5,63.013126945693536,17.109371497751642,0.2715207501525353,28.654999999999998,6,6.0,65.0,0.08993427879626427,2026-09,49.5,3119.14978381183,846.9138891387063,1418.4225,297.0,297.0,4.451746800415082,154.27528536838466,259.81339467312364,105.53810930473898
2026-09-28,Pattaya_Beach,Pineapple,0,95.25,47.68440197512802,13.193954352596926,0.2766932960484403,10.084999999999999,6,5.0,49.0,0.040965618141916606,2026-09,95.25,4541.939288130944,1256.7241520848572,960.5962499999999,571.5,476.25,3.9019751280175567,62.7632699341624,1276.868886046087,1214.1056161119245
2026-09-28,Pattaya_Beach,Watermelon,0,149.25,43.95651561399389,11.924427330359238,0.2712778108955253,7.945,6,5.0,45.0,0.0308757924395398,2026-09,149.25,6560.509955388588,1779.7207790561163,1185.79125,895.5,746.25,4.608212021601315,64.26151664123034,1953.2479263324722,1888.9864096912418
2026-09-28,Pattaya_Central,Guava,0,65.25,47.82334133461354,13.24736053768603,0.27700616828498065,10.04,6,5.5,49.0,0.05400864138262122,2026-09,65.25,3120.473022083533,864.3902750840134,655.1099999999999,391.5,358.875,3.524063850216035,56.525984157465196,850.59774699952,794.0717628420548
2026-09-28,Pattaya_Central,MixedBerryPremium,0,25.75,86.52879332477535,23.51800436456996,0.27179397124258947,52.235,8,7.0,89.0,0.2233632862644416,2026-09,25.75,2228.1164281129654,605.5886123876764,1345.05125,206.0,180.25,5.7516046213093714,346.44790436457,-108.77343427471124,-455.2213386392812
2026-09-28,Pattaya_Central,PassionFruit,0,54.25,63.01625368731563,17.166189380530973,0.2724089163679736,28.654999999999998,6,6.0,65.0,0.08849557522123894,2026-09,54.25,3418.631762536873,931.2657738938053,1554.5337499999998,325.5,325.5,4.800884955752212,166.37466814159293,281.83223864306774,115.4575705014748
2026-09-28,Pattaya_Central,Pineapple,0,109.0,47.78324340709306,13.039893664746893,0.2728967883919579,10.084999999999999,6,5.0,49.0,0.03925431949075477,2026-09,109.0,5208.373531373143,1421.3484094574114,1099.2649999999999,654.0,545.0,4.27872082449227,68.82322446195816,1488.7601219157318,1419.9368974537736
2026-09-28,Pattaya_Central,Watermelon,0,179.0,44.00282273983419,11.737794315041452,0.26675093969404934,7.945,6,5.0,45.0,0.029609159099881564,2026-09,179.0,7876.50527043032,2101.06518239242,1422.155,1074.0,895.0,5.3000394788788,73.90905053296487,2384.2850880379,2310.376037504935
2026-09-29,BKK_Ladprao,Guava,1,35.5,47.85666666666667,13.140177070063695,0.274573596226169,10.04,6,5.5,49.0,0.08227176220806794,2026-09,35.5,1698.9116666666669,466.4762859872612,356.41999999999996,213.0,195.25,2.9206475583864115,46.84718683651804,467.7653806794058,420.9181938428877
2026-09-29,BKK_Ladprao,MixedBerryPremium,1,10.25,86.58969604863222,23.94381337386018,0.2765203536505358,52.235,8,7.0,89.0,0.4148936170212766,2026-09,10.25,887.5443844984802,245.42408708206685,535.4087499999999,82.0,71.75,4.252659574468085,256.1589494680851,-47.038452583586604,-303.1974020516717
2026-09-29,BKK_Ladprao,PassionFruit,1,25.75,63.23085034013606,16.98635714285714,0.26864034014223875,28.654999999999998,6,6.0,65.0,0.145578231292517,2026-09,25.75,1628.1943962585035,437.3986964285714,737.8662499999999,154.5,154.5,3.748639455782313,129.90910034013606,143.92944982993208,14.020349489796018
2026-09-29,BKK_Ladprao,Pineapple,1,48.25,47.845854229354735,12.786699899699096,0.2672478129119515,10.084999999999999,6,5.0,49.0,0.06920762286860582,2026-09,48.25,2308.562466566366,616.9582701604813,486.60124999999994,289.5,241.25,3.3392678034102308,53.71212261785357,674.2529464058846,620.540823788031
2026-09-29,BKK_Ladprao,Watermelon,1,75.5,44.02063492063492,12.068285714285715,0.27415065084916884,7.945,6,5.0,45.0,0.05246913580246913,2026-09,75.5,3323.5579365079366,911.1555714285714,599.8475,453.0,377.5,3.9614197530864197,55.24199845679012,982.0548650793653,926.8128666225751
2026-09-29,BKK_Sukhumvit,Guava,1,54.0,47.95304734667938,13.01283050524309,0.2713660804738032,10.04,6,5.5,49.0,0.047664442326024785,2026-09,54.0,2589.4645567206862,702.6928472831269,542.16,324.0,297.0,2.573879885605338,41.28503336510962,723.6117094375595,682.3266760724499
2026-09-29,BKK_Sukhumvit,MixedBerryPremium,1,19.75,86.75255652173914,22.990975304347824,0.26501784184984295,52.235,8,7.0,89.0,0.21565217391304348,2026-09,19.75,1713.362991304348,454.07176226086955,1031.64125,158.0,138.25,4.259130434782609,256.54872173913043,-68.60002095652135,-325.1487426956518
2026-09-29,BKK_Sukhumvit,PassionFruit,1,44.5,63.17115539452496,17.610132850241545,0.27876857309733194,28.654999999999998,6,6.0,65.0,0.09098228663446055,2026-09,44.5,2811.116415056361,783.6509118357487,1275.1474999999998,267.0,267.0,4.048711755233494,140.30810587761675,218.31800322061235,78.0098973429956
2026-09-29,BKK_Sukhumvit,Pineapple,1,85.0,47.74254871088369,12.82280334579807,0.2685822959190887,10.084999999999999,6,5.0,49.0,0.03896870694745129,2026-09,85.0,4058.1166404251135,1089.9382843928358,857.2249999999999,510.0,425.0,3.3123400905333598,53.278990356229095,1175.953356032278,1122.6743656760489
2026-09-29,BKK_Sukhumvit,Watermelon,1,136.0,44.07588018917498,11.868067787703627,0.26926445341001765,7.945,6,5.0,45.0,0.030084077771939045,2026-09,136.0,5994.319705727798,1614.0572191276933,1080.52,816.0,680.0,4.09143457698371,57.05505517603784,1803.7424866001038,1746.687431424066
2026-09-29,Pattaya_Beach,Guava,1,51.0,47.80525027808676,13.032506562847606,0.27261663702284855,10.04,6,5.5,49.0,0.05506117908787542,2026-09,51.0,2438.067764182425,664.657834705228,512.04,306.0,280.5,2.8081201334816464,45.042246941045605,674.869929477197,629.8276825361514
2026-09-29,Pattaya_Beach,MixedBerryPremium,1,21.25,86.3254953000723,23.297381344902387,0.26987833969465647,52.235,8,7.0,89.0,0.23716558206796817,2026-09,21.25,1834.4167751265365,495.06935357917575,1109.99375,170.0,148.75,5.039768618944324,303.57046276211133,-89.39632845263918,-392.9667912147505
2026-09-29,Pattaya_Beach,PassionFruit,1,47.0,63.013126945693536,17.109371497751642,0.2715207501525353,28.654999999999998,6,6.0,65.0,0.08993427879626427,2026-09,47.0,2961.616966447596,804.1404603943272,1346.7849999999999,282.0,282.0,4.2269111034244204,146.4836042891733,246.69150605326877,100.20790176409548
2026-09-29,Pattaya_Beach,Pineapple,1,91.25,47.68440197512802,13.193954352596926,0.2766932960484403,10.084999999999999,6,5.0,49.0,0.040965618141916606,2026-09,91.25,4351.2016802304315,1203.9483346744694,920.2562499999999,547.5,456.25,3.7381126554498905,60.127542062911495,1223.247095555962,1163.1195534930505
2026-09-29,Pattaya_Beach,Watermelon,1,142.75,43.95651561399389,11.924427330359238,0.2712778108955253,7.945,6,5.0,45.0,0.0308757924395398,2026-09,142.75,6274.792603897628,1702.2120014087814,1134.14875,856.5,713.75,4.407519370744306,61.46285762502935,1868.1818524888467,1806.7189948638174
2026-09-29,Pattaya_Central,Guava,1,65.75,47.82334133461354,13.24736053768603,0.27700616828498065,10.04,6,5.5,49.0,0.05400864138262122,2026-09,65.75,3144.3846927508403,871.0139553528564,660.13,394.5,361.625,3.5510681709073455,56.95913346135382,857.115737397984,800.1566039366302
2026-09-29,Pattaya_Central,MixedBerryPremium,1,22.75,86.52879332477535,23.51800436456996,0.27179397124258947,52.235,8,7.0,89.0,0.2233632862644416,2026-09,22.75,1968.5300481386391,535.0345992939666,1188.34625,182.0,159.25,5.081514762516046,306.08504172015404,-96.10080115532742,-402.18584287548146
2026-09-29,Pattaya_Central,PassionFruit,1,55.75,63.01625368731563,17.166189380530973,0.2724089163679736,28.654999999999998,6,6.0,65.0,0.08849557522123894,2026-09,55.75,3513.1561430678466,957.0150579646017,1597.51625,334.5,334.5,4.933628318584071,170.97488938053098,289.624835103245,118.64994572271402
2026-09-29,Pattaya_Central,Pineapple,1,114.0,47.78324340709306,13.039893664746893,0.2728967883919579,10.084999999999999,6,5.0,49.0,0.03925431949075477,2026-09,114.0,5447.289748408609,1486.5478777811459,1149.6899999999998,684.0,570.0,4.474992421946044,71.98025310700211,1557.0518706274634,1485.0716175204611
2026-09-29,Pattaya_Central,Watermelon,1,164.25,44.00282273983419,11.737794315041452,0.26675093969404934,7.945,6,5.0,45.0,0.029609159099881564,2026-09,164.25,7227.463635017765,1927.9327162455584,1304.96625,985.5,821.25,4.863304382155547,67.8187796091591,2187.8146687722065,2119.995889163047
2026-09-30,BKK_Ladprao,Guava,2,28.5,47.85666666666667,13.140177070063695,0.274573596226169,10.04,6,5.5,49.0,0.08227176220806794,2026-09,28.5,1363.915,374.4950464968153,286.14,171.0,156.75,2.3447452229299364,37.609713375796176,375.52995350318474,337.9202401273886
2026-09-30,BKK_Ladprao,MixedBerryPremium,2,9.75,86.58969604863222,23.94381337386018,0.2765203536505358,52.235,8,7.0,89.0,0.4148936170212766,2026-09,9.75,844.2495364741642,233.45218039513676,509.29125,78.0,68.25,4.045212765957447,243.6633909574468,-44.743893920972596,-288.40728487841943
2026-09-30,BKK_Ladprao,PassionFruit,2,27.5,63.23085034013606,16.98635714285714,0.26864034014223875,28.654999999999998,6,6.0,65.0,0.145578231292517,2026-09,27.5,1738.8483843537415,467.1248214285714,788.0124999999999,165.0,165.0,4.003401360544218,138.73787414965986,153.71106292517015,14.973188775510295
2026-09-30,BKK_Ladprao,Pineapple,2,58.0,47.845854229354735,12.786699899699096,0.2672478129119515,10.084999999999999,6,5.0,49.0,0.06920762286860582,2026-09,58.0,2775.059545302575,741.6285941825475,584.93,348.0,290.0,4.014042126379138,64.56586760280844,810.5009511200274,745.9350835172189
2026-09-30,BKK_Ladprao,Watermelon,2,76.75,44.02063492063492,12.068285714285715,0.27415065084916884,7.945,6,5.0,45.0,0.05246913580246913,2026-09,76.75,3378.58373015873,926.2409285714286,609.7787500000001,460.5,383.75,4.027006172839506,56.156601080246915,998.314051587301,942.1574505070541
2026-09-30,BKK_Sukhumvit,Guava,2,52.75,47.95304734667938,13.01283050524309,0.2713660804738032,10.04,6,5.5,49.0,0.047664442326024785,2026-09,52.75,2529.5232475373373,686.4268091515729,529.6099999999999,316.5,290.125,2.5142993326978074,40.329361296472825,706.8614383857644,666.5320770892915
2026-09-30,BKK_Sukhumvit,MixedBerryPremium,2,20.0,86.75255652173914,22.990975304347824,0.26501784184984295,52.235,8,7.0,89.0,0.21565217391304348,2026-09,20.0,1735.0511304347829,459.8195060869565,1044.7,160.0,140.0,4.3130434782608695,259.79617391304345,-69.46837565217356,-329.264549565217
2026-09-30,BKK_Sukhumvit,PassionFruit,2,46.75,63.17115539452496,17.610132850241545,0.27876857309733194,28.654999999999998,6,6.0,65.0,0.09098228663446055,2026-09,46.75,2953.251514694042,823.2737107487923,1339.62125,280.5,280.5,4.2534219001610305,147.40233595008053,229.35655394524974,81.95421799516922
2026-09-30,BKK_Sukhumvit,Pineapple,2,88.5,47.74254871088369,12.82280334579807,0.2685822959190887,10.084999999999999,6,5.0,49.0,0.03896870694745129,2026-09,88.5,4225.215560913207,1134.8180961031292,892.5224999999999,531.0,442.5,3.448730564849439,55.47283113560323,1224.374964810078,1168.9021336744747
2026-09-30,BKK_Sukhumvit,Watermelon,2,138.0,44.07588018917498,11.868067787703627,0.26926445341001765,7.945,6,5.0,45.0,0.030084077771939045,2026-09,138.0,6082.471466106147,1637.7933547031005,1096.41,828.0,690.0,4.151602732527588,57.89410010509722,1830.2681114030465,1772.3740112979492
2026-09-30,Pattaya_Beach,Guava,2,65.0,47.80525027808676,13.032506562847606,0.27261663702284855,10.04,6,5.5,49.0,0.05506117908787542,2026-09,65.0,3107.341268075639,847.1129265850944,652.5999999999999,390.0,357.5,3.578976640711902,57.40678531701891,860.1283414905447,802.7215561735258
2026-09-30,Pattaya_Beach,MixedBerryPremium,2,22.0,86.3254953000723,23.297381344902387,0.26987833969465647,52.235,8,7.0,89.0,0.23716558206796817,2026-09,22.0,1899.1608966015906,512.5423895878525,1149.17,176.0,154.0,5.2176428054952995,314.28471438900937,-92.55149298626202,-406.8362073752714
2026-09-30,Pattaya_Beach,PassionFruit,2,44.25,63.013126945693536,17.109371497751642,0.2715207501525353,28.654999999999998,6,6.0,65.0,0.08993427879626427,2026-09,44.25,2788.330867346939,757.0896887755101,1267.9837499999999,265.5,265.5,3.979591836734694,137.91275510204082,232.25742857142905,94.34467346938823
2026-09-30,Pattaya_Beach,Pineapple,2,80.0,47.68440197512802,13.193954352596926,0.2766932960484403,10.084999999999999,6,5.0,49.0,0.040965618141916606,2026-09,80.0,3814.7521580102416,1055.5163482077542,806.8,480.0,400.0,3.2772494513533283,52.71455742501829,1072.4358098024873,1019.721252377469
2026-09-30,Pattaya_Beach,Watermelon,2,139.25,43.95651561399389,11.924427330359238,0.2712778108955253,7.945,6,5.0,45.0,0.0308757924395398,2026-09,139.25,6120.944799248649,1660.476505752524,1106.34125,835.5,696.25,4.299454097205917,59.95588738553651,1822.3770434961252,1762.4211561105888
2026-09-30,Pattaya_Central,Guava,2,70.75,47.82334133461354,13.24736053768603,0.27700616828498065,10.04,6,5.5,49.0,0.05400864138262122,2026-09,70.75,3383.501399423908,937.2507580412865,710.3299999999999,424.5,389.125,3.8211113778204515,61.29062650024004,922.2956413826214,861.0050148823814
2026-09-30,Pattaya_Central,MixedBerryPremium,2,25.5,86.52879332477535,23.51800436456996,0.27179397124258947,52.235,8,7.0,89.0,0.2233632862644416,2026-09,25.5,2206.4842297817713,599.709111296534,1331.9925,204.0,178.5,5.69576379974326,343.08433247753527,-107.71738151476256,-450.80171399229783
2026-09-30,Pattaya_Central,PassionFruit,2,56.25,63.01625368731563,17.166189380530973,0.2724089163679736,28.654999999999998,6,6.0,65.0,0.08849557522123894,2026-09,56.25,3544.6642699115046,965.5981526548672,1611.8437499999998,337.5,337.5,4.977876106194691,172.508296460177,292.2223672566374,119.71407079646042
2026-09-30,Pattaya_Central,Pineapple,2,109.0,47.78324340709306,13.039893664746893,0.2728967883919579,10.084999999999999,6,5.0,49.0,0.03925431949075477,2026-09,109.0,5208.373531373143,1421.3484094574114,1099.2649999999999,654.0,545.0,4.27872082449227,68.82322446195816,1488.7601219157318,1419.9368974537736
2026-09-30,Pattaya_Central,Watermelon,2,160.0,44.00282273983419,11.737794315041452,0.26675093969404934,7.945,6,5.0,45.0,0.029609159099881564,2026-09,160.0,7040.45163837347,1878.0470904066324,1271.2,960.0,800.0,4.7374654559810505,66.06395578365576,2131.2045479668377,2065.140592183182
2026-10-01,BKK_Ladprao,Guava,3,31.5,47.85666666666667,13.140177070063695,0.274573596226169,10.04,6,5.5,49.0,0.08227176220806794,2026-10,31.5,1507.4850000000001,413.9155777070064,316.26,189.0,173.25,2.59156050955414,41.568630573248406,415.05942229299376,373.49079171974535
2026-10-01,BKK_Ladprao,MixedBerryPremium,3,12.75,86.58969604863222,23.94381337386018,0.2765203536505358,52.235,8,7.0,89.0,0.4148936170212766,2026-10,12.75,1104.0186246200608,305.2836205167173,665.99625,102.0,89.25,5.289893617021276,318.6367420212766,-58.511245896656646,-377.1479879179332
2026-10-01,BKK_Ladprao,PassionFruit,3,24.25,63.23085034013606,16.98635714285714,0.26864034014223875,28.654999999999998,6,6.0,65.0,0.145578231292517,2026-10,24.25,1533.3481207482994,411.9191607142857,694.88375,145.5,145.5,3.5302721088435374,122.34157993197279,135.54521003401373,13.203630102040947
2026-10-01,BKK_Ladprao,Pineapple,3,52.25,47.845854229354735,12.786699899699096,0.2672478129119515,10.084999999999999,6,5.0,49.0,0.06920762286860582,2026-10,52.25,2499.945883483785,668.1050697592777,526.94125,313.5,261.25,3.616098294884654,58.164941073219666,730.1495637245075,671.9846226512879
2026-10-01,BKK_Ladprao,Watermelon,3,85.5,44.02063492063492,12.068285714285715,0.27415065084916884,7.945,6,5.0,45.0,0.05246913580246913,2026-10,85.5,3763.7642857142855,1031.8384285714285,679.2975,513.0,427.5,4.486111111111111,62.55881944444444,1112.128357142857,1049.5695376984127
2026-10-01,BKK_Sukhumvit,Guava,3,58.25,47.95304734667938,13.01283050524309,0.2713660804738032,10.04,6,5.5,49.0,0.047664442326024785,2026-10,58.25,2793.2650079440737,757.9973769304099,584.8299999999999,349.5,320.375,2.7764537654909436,44.53431839847473,780.5626310136638,736.0283126151891
2026-10-01,BKK_Sukhumvit,MixedBerryPremium,3,20.0,86.75255652173914,22.990975304347824,0.26501784184984295,52.235,8,7.0,89.0,0.21565217391304348,2026-10,20.0,1735.0511304347829,459.8195060869565,1044.7,160.0,140.0,4.3130434782608695,259.79617391304345,-69.46837565217356,-329.264549565217
2026-10-01,BKK_Sukhumvit,PassionFruit,3,43.25,63.17115539452496,17.610132850241545,0.27876857309733194,28.654999999999998,6,6.0,65.0,0.09098228663446055,2026-10,43.25,2732.1524708132047,761.6382457729468,1239.32875,259.5,259.5,3.9349838969404187,136.3668669484702,212.1854750402581,75.8186080917879
2026-10-01,BKK_Sukhumvit,Pineapple,3,85.0,47.74254871088369,12.82280334579807,0.2685822959190887,10.084999999999999,6,5.0,49.0,0.03896870694745129,2026-10,85.0,4058.1166404251135,1089.9382843928358,857.2249999999999,510.0,425.0,3.3123400905333598,53.278990356229095,1175.953356032278,1122.6743656760489
2026-10-01,BKK_Sukhumvit,Watermelon,3,132.75,44.07588018917498,11.868067787703627,0.26926445341001765,7.945,6,5.0,45.0,0.030084077771939045,2026-10,132.75,5851.073095112979,1575.4859988176565,1054.69875,796.5,663.75,3.993661324224908,55.691607166316345,1760.6383462953227,1704.9467391290063
2026-10-01,Pattaya_Beach,Guava,3,61.5,47.80525027808676,13.032506562847606,0.27261663702284855,10.04,6,5.5,49.0,0.05506117908787542,2026-10,61.5,2940.022892102336,801.4991536151279,617.4599999999999,369.0,338.25,3.386262513904338,54.31565072302558,813.813738487208,759.4980877641824
2026-10-01,Pattaya_Beach,MixedBerryPremium,3,21.5,86.3254953000723,23.297381344902387,0.26987833969465647,52.235,8,7.0,89.0,0.23716558206796817,2026-10,21.5,1855.9981489515546,500.89369891540133,1123.0525,172.0,150.5,5.099060014461315,307.14187997107734,-90.44804996384664,-397.589929934924
2026-10-01,Pattaya_Beach,PassionFruit,3,48.75,63.013126945693536,17.109371497751642,0.2715207501525353,28.654999999999998,6,6.0,65.0,0.08993427879626427,2026-10,48.75,3071.88993860256,834.0818605153926,1396.9312499999999,292.5,292.5,4.384296091317883,151.93778104462123,255.87682808716772,103.93904704254649
2026-10-01,Pattaya_Beach,Pineapple,3,87.75,47.68440197512802,13.193954352596926,0.2766932960484403,10.084999999999999,6,5.0,49.0,0.040965618141916606,2026-10,87.75,4184.306273317484,1157.7694944403802,884.9587499999999,526.5,438.75,3.5947329919531823,57.82128017556694,1176.3280288771039,1118.506748701537
2026-10-01,Pattaya_Beach,Watermelon,3,140.5,43.95651561399389,11.924427330359238,0.2712778108955253,7.945,6,5.0,45.0,0.0308757924395398,2026-10,140.5,6175.890443766142,1675.382039915473,1116.2725,843.0,702.5,4.338048837755342,60.49409104249825,1838.7359038506693,1778.241812808171
2026-10-01,Pattaya_Central,Guava,3,66.25,47.82334133461354,13.24736053768603,0.27700616828498065,10.04,6,5.5,49.0,0.05400864138262122,2026-10,66.25,3168.296363418147,877.6376356216995,665.15,397.5,364.375,3.578072491598656,57.39228276524244,863.6337277964476,806.2414450312051
2026-10-01,Pattaya_Central,MixedBerryPremium,3,18.0,86.52879332477535,23.51800436456996,0.27179397124258947,52.235,8,7.0,89.0,0.2233632862644416,2026-10,18.0,1557.5182798459564,423.3240785622593,940.23,144.0,126.0,4.020539152759949,242.17717586649553,-76.0357987163029,-318.21297458279844
2026-10-01,Pattaya_Central,PassionFruit,3,57.0,63.01625368731563,17.166189380530973,0.2724089163679736,28.654999999999998,6,6.0,65.0,0.08849557522123894,2026-10,57.0,3591.926460176991,978.4727946902655,1633.3349999999998,342.0,342.0,5.04424778761062,174.80840707964603,296.1186654867256,121.31025840707957
2026-10-01,Pattaya_Central,Pineapple,3,104.0,47.78324340709306,13.039893664746893,0.2728967883919579,10.084999999999999,6,5.0,49.0,0.03925431949075477,2026-10,104.0,4969.457314337678,1356.148941133677,1048.84,624.0,520.0,4.082449227038496,65.66619581691421,1420.4683732040012,1354.8021773870869
2026-10-01,Pattaya_Central,Watermelon,3,165.0,44.00282273983419,11.737794315041452,0.26675093969404934,7.945,6,5.0,45.0,0.029609159099881564,2026-10,165.0,7260.4657520726405,1936.7360619818396,1310.925,990.0,825.0,4.885511251480458,68.12845440189498,2197.804690090801,2129.676235688906
2026-10-02,BKK_Ladprao,Guava,4,33.0,47.85666666666667,13.140177070063695,0.274573596226169,10.04,6,5.5,49.0,0.08227176220806794,2026-10,33.0,1579.27,433.62584331210195,331.32,198.0,181.5,2.7149681528662417,43.54808917197452,434.82415668789804,391.2760675159235
2026-10-02,BKK_Ladprao,MixedBerryPremium,4,13.0,86.58969604863222,23.94381337386018,0.2765203536505358,52.235,8,7.0,89.0,0.4148936170212766,2026-10,13.0,1125.666048632219,311.26957386018233,679.055,104.0,91.0,5.3936170212765955,324.8845212765957,-59.65852522796331,-384.543046504559
2026-10-02,BKK_Ladprao,PassionFruit,4,23.75,63.23085034013606,16.98635714285714,0.26864034014223875,28.654999999999998,6,6.0,65.0,0.145578231292517,2026-10,23.75,1501.7326955782314,403.4259821428571,680.55625,142.5,142.5,3.4574829931972793,119.81907312925172,132.7504634353743,12.931390306122566
2026-10-02,BKK_Ladprao,Pineapple,4,55.0,47.845854229354735,12.786699899699096,0.2672478129119515,10.084999999999999,6,5.0,49.0,0.06920762286860582,2026-10,55.0,2631.5219826145103,703.2684944834502,554.675,330.0,275.0,3.80641925777332,61.22625376128386,768.5784881310601,707.3522343697763
2026-10-02,BKK_Ladprao,Watermelon,4,71.0,44.02063492063492,12.068285714285715,0.27415065084916884,7.945,6,5.0,45.0,0.05246913580246913,2026-10,71.0,3125.4650793650794,856.8482857142857,564.095,426.0,355.0,3.7253086419753085,51.949429012345675,923.5217936507938,871.5723646384481
2026-10-02,BKK_Sukhumvit,Guava,4,54.75,47.95304734667938,13.01283050524309,0.2713660804738032,10.04,6,5.5,49.0,0.047664442326024785,2026-10,54.75,2625.429342230696,712.4524701620592,549.6899999999999,328.5,301.125,2.609628217349857,41.858436606291704,733.661872068637,691.8034354623453
2026-10-02,BKK_Sukhumvit,MixedBerryPremium,4,17.75,86.75255652173914,22.990975304347824,0.26501784184984295,52.235,8,7.0,89.0,0.21565217391304348,2026-10,17.75,1539.8578782608697,408.08981165217386,927.17125,142.0,124.25,3.827826086956522,230.56910434782608,-61.65318339130408,-292.22228773913014
2026-10-02,BKK_Sukhumvit,PassionFruit,4,40.0,63.17115539452496,17.610132850241545,0.27876857309733194,28.654999999999998,6,6.0,65.0,0.09098228663446055,2026-10,40.0,2526.846215780998,704.4053140096618,1146.1999999999998,240.0,240.0,3.639291465378422,126.11964573268922,196.24090177133667,70.12125603864745
2026-10-02,BKK_Sukhumvit,Pineapple,4,89.75,47.74254871088369,12.82280334579807,0.2685822959190887,10.084999999999999,6,5.0,49.0,0.03896870694745129,2026-10,89.75,4284.893746801811,1150.8466002853768,905.12875,538.5,448.75,3.497441448533753,56.256345699665424,1241.6683965164343,1185.412050816769
2026-10-02,BKK_Sukhumvit,Watermelon,4,130.0,44.07588018917498,11.868067787703627,0.26926445341001765,7.945,6,5.0,45.0,0.030084077771939045,2026-10,130.0,5729.864424592747,1542.8488124014714,1032.8500000000001,780.0,650.0,3.910930110352076,54.5379203888597,1724.1656121912756,1669.627691802416
2026-10-02,Pattaya_Beach,Guava,4,56.75,47.80525027808676,13.032506562847606,0.27261663702284855,10.04,6,5.5,49.0,0.05506117908787542,2026-10,56.75,2712.9479532814235,739.5947474416016,569.77,340.5,312.125,3.1247219132369297,50.12053948832035,750.9582058398219,700.8376663515015
2026-10-02,Pattaya_Beach,MixedBerryPremium,4,21.5,86.3254953000723,23.297381344902387,0.26987833969465647,52.235,8,7.0,89.0,0.23716558206796817,2026-10,21.5,1855.9981489515546,500.89369891540133,1123.0525,172.0,150.5,5.099060014461315,307.14187997107734,-90.44804996384664,-397.589929934924
2026-10-02,Pattaya_Beach,PassionFruit,4,50.0,63.013126945693536,17.109371497751642,0.2715207501525353,28.654999999999998,6,6.0,65.0,0.08993427879626427,2026-10,50.0,3150.656347284677,855.4685748875821,1432.7499999999998,300.0,300.0,4.496713939813214,155.83362158422693,262.43777239709516,106.60415081286823
2026-10-02,Pattaya_Beach,Pineapple,4,84.0,47.68440197512802,13.193954352596926,0.2766932960484403,10.084999999999999,6,5.0,49.0,0.040965618141916606,2026-10,84.0,4005.4897659107537,1108.2921656181418,847.1399999999999,504.0,420.0,3.441111923920995,55.350285296269206,1126.0576002926118,1070.7073149963426
2026-10-02,Pattaya_Beach,Watermelon,4,144.75,43.95651561399389,11.924427330359238,0.2712778108955253,7.945,6,5.0,45.0,0.0308757924395398,2026-10,144.75,6362.705635125616,1726.0608560694998,1150.03875,868.5,723.75,4.469270955623386,62.32398347616812,1894.3560290561163,1832.032045579948
2026-10-02,Pattaya_Central,Guava,4,74.75,47.82334133461354,13.24736053768603,0.27700616828498065,10.04,6,5.5,49.0,0.05400864138262122,2026-10,74.75,3574.794764762362,990.2402001920307,750.4899999999999,448.5,411.125,4.037145943350937,64.75582093134902,974.4395645703312,909.6837436389822
2026-10-02,Pattaya_Central,MixedBerryPremium,4,24.25,86.52879332477535,23.51800436456996,0.27179397124258947,52.235,8,7.0,89.0,0.2233632862644416,2026-10,24.25,2098.323238125802,570.3116058408216,1266.69875,194.0,169.75,5.416559691912709,326.266473042362,-102.43711771501967,-428.7035907573817
2026-10-02,Pattaya_Central,PassionFruit,4,49.75,63.01625368731563,17.166189380530973,0.2724089163679736,28.654999999999998,6,6.0,65.0,0.08849557522123894,2026-10,49.75,3135.0586209439525,854.0179216814159,1425.5862499999998,298.5,298.5,4.402654867256637,152.57400442477876,258.45444926253685,105.88044483775809
2026-10-02,Pattaya_Central,Pineapple,4,101.0,47.78324340709306,13.039893664746893,0.2728967883919579,10.084999999999999,6,5.0,49.0,0.03925431949075477,2026-10,101.0,4826.107584116399,1317.0292601394362,1018.5849999999999,606.0,505.0,3.964686268566232,63.77197862988784,1379.493323976963,1315.7213453470752
2026-10-02,Pattaya_Central,Watermelon,4,155.0,44.00282273983419,11.737794315041452,0.26675093969404934,7.945,6,5.0,45.0,0.029609159099881564,2026-10,155.0,6820.437524674299,1819.358118831425,1231.4750000000001,930.0,775.0,4.589419660481642,63.9994571654165,2064.6044058428743,2000.6049486774577
2026-10-03,BKK_Ladprao,Guava,5,39.75,47.85666666666667,13.140177070063695,0.274573596226169,10.04,6,5.5,49.0,0.08227176220806794,2026-10,39.75,1902.3025,522.3220385350319,399.09,238.5,218.625,3.2703025477707004,52.45565286624203,523.7654614649682,471.3098085987262
2026-10-03,BKK_Ladprao,MixedBerryPremium,5,12.75,86.58969604863222,23.94381337386018,0.2765203536505358,52.235,8,7.0,89.0,0.4148936170212766,2026-10,12.75,1104.0186246200608,305.2836205167173,665.99625,102.0,89.25,5.289893617021276,318.6367420212766,-58.511245896656646,-377.1479879179332
2026-10-03,BKK_Ladprao,PassionFruit,5,29.75,63.23085034013606,16.98635714285714,0.26864034014223875,28.654999999999998,6,6.0,65.0,0.145578231292517,2026-10,29.75,1881.1177976190477,505.34412499999996,852.4862499999999,178.5,178.5,4.3309523809523816,150.08915476190478,166.28742261904767,16.198267857142895
2026-10-03,BKK_Ladprao,Pineapple,5,62.75,47.845854229354735,12.786699899699096,0.2672478129119515,10.084999999999999,6,5.0,49.0,0.06920762286860582,2026-10,62.75,3002.3273528920095,802.3654187061182,632.8337499999999,376.5,313.75,4.342778335005016,69.85358951855568,876.8781841858913,807.0245946673356
2026-10-03,BKK_Ladprao,Watermelon,5,95.25,44.02063492063492,12.068285714285715,0.27415065084916884,7.945,6,5.0,45.0,0.05246913580246913,2026-10,95.25,4192.965476190476,1149.5042142857144,756.76125,571.5,476.25,4.997685185185185,69.69271990740741,1238.9500119047616,1169.2572919973543
2026-10-03,BKK_Sukhumvit,Guava,5,64.5,47.95304734667938,13.01283050524309,0.2713660804738032,10.04,6,5.5,49.0,0.047664442326024785,2026-10,64.5,3092.9715538608198,839.3275675881792,647.5799999999999,387.0,354.75,3.0743565300285987,49.31267874165872,864.3139862726407,815.001307530982
2026-10-03,BKK_Sukhumvit,MixedBerryPremium,5,29.5,86.75255652173914,22.990975304347824,0.26501784184984295,52.235,8,7.0,89.0,0.21565217391304348,2026-10,29.5,2559.2004173913047,678.2337714782608,1540.9325,236.0,206.5,6.361739130434783,383.19935652173916,-102.46585408695591,-485.6652106086951
2026-10-03,BKK_Sukhumvit,PassionFruit,5,47.75,63.17115539452496,17.610132850241545,0.27876857309733194,28.654999999999998,6,6.0,65.0,0.09098228663446055,2026-10,47.75,3016.422670088567,840.8838435990338,1368.27625,286.5,286.5,4.344404186795491,150.55532709339775,234.26257648953333,83.70724939613558
2026-10-03,BKK_Sukhumvit,Pineapple,5,101.25,47.74254871088369,12.82280334579807,0.2685822959190887,10.084999999999999,6,5.0,49.0,0.03896870694745129,2026-10,101.25,4833.933056976974,1298.3088387620546,1021.1062499999999,607.5,506.25,3.9455815784294432,63.464679689037595,1400.7679682149192,1337.3032885258815
2026-10-03,BKK_Sukhumvit,Watermelon,5,161.75,44.07588018917498,11.868067787703627,0.26926445341001765,7.945,6,5.0,45.0,0.030084077771939045,2026-10,161.75,7129.273620599053,1919.6599646610616,1285.10375,970.5,808.75,4.866099579611141,67.85775863767736,2145.259905937992,2077.4021473003145
2026-10-03,Pattaya_Beach,Guava,5,82.0,47.80525027808676,13.032506562847606,0.27261663702284855,10.04,6,5.5,49.0,0.05506117908787542,2026-10,82.0,3920.0305228031143,1068.6655381535038,823.28,492.0,451.0,4.515016685205784,72.42086763070077,1085.0849846496108,1012.66411701891
2026-10-03,Pattaya_Beach,MixedBerryPremium,5,33.0,86.3254953000723,23.297381344902387,0.26987833969465647,52.235,8,7.0,89.0,0.23716558206796817,2026-10,33.0,2848.741344902386,768.8135843817788,1723.7549999999999,264.0,231.0,7.82646420824295,471.4270715835141,-138.82723947939257,-610.2543110629067
2026-10-03,Pattaya_Beach,PassionFruit,5,66.0,63.013126945693536,17.109371497751642,0.2715207501525353,28.654999999999998,6,6.0,65.0,0.08993427879626427,2026-10,66.0,4158.866378415773,1129.2185188516085,1891.2299999999998,396.0,396.0,5.935662400553442,205.70038049117954,346.41785956416516,140.7174790729856
2026-10-03,Pattaya_Beach,Pineapple,5,121.75,47.68440197512802,13.193954352596926,0.2766932960484403,10.084999999999999,6,5.0,49.0,0.040965618141916606,2026-10,121.75,5805.5759404718365,1606.3639424286757,1227.8487499999999,730.5,608.75,4.987564008778347,80.22496708119971,1632.1132480431606,1551.8882809619608
2026-10-03,Pattaya_Beach,Watermelon,5,203.5,43.95651561399389,11.924427330359238,0.2712778108955253,7.945,6,5.0,45.0,0.0308757924395398,2026-10,203.5,8945.150927447758,2426.620961728105,1616.8075000000001,1221.0,1017.5,6.283223761446349,87.61955535336934,2663.222465719652,2575.6029103662827
2026-10-03,Pattaya_Central,Guava,5,95.5,47.82334133461354,13.24736053768603,0.27700616828498065,10.04,6,5.5,49.0,0.05400864138262122,2026-10,95.5,4567.129097455593,1265.1229313490157,958.8199999999999,573.0,525.25,5.157825252040327,82.73151704272685,1244.9361661065777,1162.2046490638509
2026-10-03,Pattaya_Central,MixedBerryPremium,5,33.0,86.52879332477535,23.51800436456996,0.27179397124258947,52.235,8,7.0,89.0,0.2233632862644416,2026-10,33.0,2855.4501797175867,776.0941440308087,1723.7549999999999,264.0,231.0,7.370988446726573,443.9914890885751,-139.39896431322177,-583.3904534017969
2026-10-03,Pattaya_Central,PassionFruit,5,81.25,63.01625368731563,17.166189380530973,0.2724089163679736,28.654999999999998,6,6.0,65.0,0.08849557522123894,2026-10,81.25,5120.070612094395,1394.7528871681416,2328.21875,487.5,487.5,7.1902654867256635,249.17865044247787,422.0989749262535,172.92032448377563
2026-10-03,Pattaya_Central,Pineapple,5,146.75,47.78324340709306,13.039893664746893,0.2728967883919579,10.084999999999999,6,5.0,49.0,0.03925431949075477,2026-10,146.75,7012.1909699909065,1913.6043953016065,1479.9737499999999,880.5,733.75,5.760571385268263,92.65879073204002,2004.3628246893004,1911.7040339572604
2026-10-03,Pattaya_Central,Watermelon,5,234.25,44.00282273983419,11.737794315041452,0.26675093969404934,7.945,6,5.0,45.0,0.029609159099881564,2026-10,234.25,10307.661226806158,2749.57831829846,1861.11625,1405.5,1171.25,6.935945519147256,96.72176026450849,3120.2166585076975,3023.494898243189
2026-10-04,BKK_Ladprao,Guava,6,34.25,47.85666666666667,13.140177070063695,0.274573596226169,10.04,6,5.5,49.0,0.08227176220806794,2026-10,34.25,1639.0908333333334,450.05106464968156,343.86999999999995,205.5,188.375,2.817807855626327,45.19763800424628,451.2947686836519,406.0971306794056
2026-10-04,BKK_Ladprao,MixedBerryPremium,6,13.75,86.58969604863222,23.94381337386018,0.2765203536505358,52.235,8,7.0,89.0,0.4148936170212766,2026-10,13.75,1190.608320668693,329.22743389057746,718.23125,110.0,96.25,5.704787234042553,343.62785904255315,-63.100363221884436,-406.7282222644376
2026-10-04,BKK_Ladprao,PassionFruit,6,28.0,63.23085034013606,16.98635714285714,0.26864034014223875,28.654999999999998,6,6.0,65.0,0.145578231292517,2026-10,28.0,1770.4638095238097,475.61799999999994,802.3399999999999,168.0,168.0,4.076190476190476,141.26038095238096,156.50580952380983,15.245428571428874
2026-10-04,BKK_Ladprao,Pineapple,6,49.75,47.845854229354735,12.786699899699096,0.2672478129119515,10.084999999999999,6,5.0,49.0,0.06920762286860582,2026-10,49.75,2380.331247910398,636.13832001003,501.72874999999993,298.5,248.75,3.44307923771314,55.38192953861586,695.214177900368,639.8322483617521
2026-10-04,BKK_Ladprao,Watermelon,6,84.25,44.02063492063492,12.068285714285715,0.27415065084916884,7.945,6,5.0,45.0,0.05246913580246913,2026-10,84.25,3708.738492063492,1016.7530714285715,669.36625,505.5,421.25,4.4205246913580245,61.64421682098765,1095.8691706349205,1034.2249538139329
2026-10-04,BKK_Sukhumvit,Guava,6,56.5,47.95304734667938,13.01283050524309,0.2713660804738032,10.04,6,5.5,49.0,0.047664442326024785,2026-10,56.5,2709.3471750873846,735.2249235462345,567.26,339.0,310.75,2.6930409914204003,43.19637750238322,757.11225154115,713.9158740387668
2026-10-04,BKK_Sukhumvit,MixedBerryPremium,6,17.0,86.75255652173914,22.990975304347824,0.26501784184984295,52.235,8,7.0,89.0,0.21565217391304348,2026-10,17.0,1474.7934608695653,390.846580173913,887.995,136.0,119.0,3.666086956521739,220.82674782608694,-59.048119304347665,-279.8748671304346
2026-10-04,BKK_Sukhumvit,PassionFruit,6,41.25,63.17115539452496,17.610132850241545,0.27876857309733194,28.654999999999998,6,6.0,65.0,0.09098228663446055,2026-10,41.25,2605.8101600241544,726.4179800724637,1182.01875,247.5,247.5,3.7530193236714977,130.06088466183576,202.37342995169092,72.31254528985517
2026-10-04,BKK_Sukhumvit,Pineapple,6,95.5,47.74254871088369,12.82280334579807,0.2685822959190887,10.084999999999999,6,5.0,49.0,0.03896870694745129,2026-10,95.5,4559.413401889392,1224.5777195237156,963.1175,573.0,477.5,3.721511513481598,59.860512694351506,1321.2181823656765,1261.357669671325
2026-10-04,BKK_Sukhumvit,Watermelon,6,136.5,44.07588018917498,11.868067787703627,0.26926445341001765,7.945,6,5.0,45.0,0.030084077771939045,2026-10,136.5,6016.357645822385,1619.991253021545,1084.4925,819.0,682.5,4.1064766158696795,57.26481640830268,1810.3738928008406,1753.1090763925379
2026-10-04,Pattaya_Beach,Guava,6,71.75,47.80525027808676,13.032506562847606,0.27261663702284855,10.04,6,5.5,49.0,0.05506117908787542,2026-10,71.75,3430.026707452725,935.0823458843157,720.3699999999999,430.5,394.625,3.9506395995550614,63.368259176863184,949.4493615684096,886.0811023915464
2026-10-04,Pattaya_Beach,MixedBerryPremium,6,30.25,86.3254953000723,23.297381344902387,0.26987833969465647,52.235,8,7.0,89.0,0.23716558206796817,2026-10,30.25,2611.346232827187,704.7457856832972,1580.1087499999999,242.0,211.75,7.174258857556037,432.1414822848879,-127.25830285610982,-559.3997851409977
2026-10-04,Pattaya_Beach,PassionFruit,6,58.25,63.013126945693536,17.109371497751642,0.2715207501525353,28.654999999999998,6,6.0,65.0,0.08993427879626427,2026-10,58.25,3670.5146445866485,996.6208897440331,1669.15375,349.5,349.5,5.238671739882394,181.54616914562436,305.74000484261524,124.19383569699087
2026-10-04,Pattaya_Beach,Pineapple,6,104.75,47.68440197512802,13.193954352596926,0.2766932960484403,10.084999999999999,6,5.0,49.0,0.040965618141916606,2026-10,104.75,4994.94110689466,1382.066718434528,1056.40375,628.5,523.75,4.291148500365765,69.02312362838333,1404.2206384601322,1335.197514831749
2026-10-04,Pattaya_Beach,Watermelon,6,187.25,43.95651561399389,11.924427330359238,0.2712778108955253,7.945,6,5.0,45.0,0.0308757924395398,2026-10,187.25,8230.857548720356,2232.8490176097675,1487.70125,1123.5,936.25,5.781492134303828,80.62290781286688,2450.5572811105885,2369.934373297722
2026-10-04,Pattaya_Central,Guava,6,95.25,47.82334133461354,13.24736053768603,0.27700616828498065,10.04,6,5.5,49.0,0.05400864138262122,2026-10,95.25,4555.17326212194,1261.8110912145944,956.31,571.5,523.875,5.144323091694671,82.51494239078252,1241.6771709073455,1159.162228516563
2026-10-04,Pattaya_Central,MixedBerryPremium,6,32.0,86.52879332477535,23.51800436456996,0.27179397124258947,52.235,8,7.0,89.0,0.2233632862644416,2026-10,32.0,2768.921386392811,752.5761396662388,1671.52,256.0,224.0,7.147625160462131,430.53720154043646,-135.17475327342754,-565.7119548138639
2026-10-04,Pattaya_Central,PassionFruit,6,73.75,63.01625368731563,17.166189380530973,0.2724089163679736,28.654999999999998,6,6.0,65.0,0.08849557522123894,2026-10,73.75,4647.448709439528,1266.0064668141592,2113.3062499999996,442.5,442.5,6.5265486725663715,226.1775442477876,383.135992625369,156.9584483775814
2026-10-04,Pattaya_Central,Pineapple,6,133.0,47.78324340709306,13.039893664746893,0.2728967883919579,10.084999999999999,6,5.0,49.0,0.03925431949075477,2026-10,133.0,6355.171373143377,1734.3058574113368,1341.3049999999998,798.0,665.0,5.220824492270385,83.97696195816914,1816.5605157320406,1732.5835537738715
2026-10-04,Pattaya_Central,Watermelon,6,213.5,44.00282273983419,11.737794315041452,0.26675093969404934,7.945,6,5.0,45.0,0.029609159099881564,2026-10,213.5,9394.602654954599,2506.01908626135,1696.2575000000002,1281.0,1067.5,6.321555467824714,88.15409099881565,2843.826068693248,2755.6719776944324
2026-10-05,BKK_Ladprao,Guava,0,30.25,47.85666666666667,13.140177070063695,0.274573596226169,10.04,6,5.5,49.0,0.08227176220806794,2026-10,30.25,1447.6641666666667,397.49035636942676,303.71,181.5,166.375,2.488720806794055,39.91908174097664,398.5888102972399,358.66972855626324
2026-10-05,BKK_Ladprao,MixedBerryPremium,0,11.5,86.58969604863222,23.94381337386018,0.2765203536505358,52.235,8,7.0,89.0,0.4148936170212766,2026-10,11.5,995.7815045592705,275.3538537993921,600.7025,92.0,80.5,4.7712765957446805,287.3978457446808,-52.774849240121625,-340.17269498480243
2026-10-05,BKK_Ladprao,PassionFruit,0,25.5,63.23085034013606,16.98635714285714,0.26864034014223875,28.654999999999998,6,6.0,65.0,0.145578231292517,2026-10,25.5,1612.3866836734694,433.1521071428571,730.7025,153.0,153.0,3.712244897959184,128.64784693877553,142.53207653061236,13.884229591836828
2026-10-05,BKK_Ladprao,Pineapple,0,52.25,47.845854229354735,12.786699899699096,0.2672478129119515,10.084999999999999,6,5.0,49.0,0.06920762286860582,2026-10,52.25,2499.945883483785,668.1050697592777,526.94125,313.5,261.25,3.616098294884654,58.164941073219666,730.1495637245075,671.9846226512879
2026-10-05,BKK_Ladprao,Watermelon,0,82.25,44.02063492063492,12.068285714285715,0.27415065084916884,7.945,6,5.0,45.0,0.05246913580246913,2026-10,82.25,3620.697222222222,992.6165,653.47625,493.5,411.25,4.315586419753086,60.180852623456786,1069.8544722222223,1009.6736195987655
2026-10-05,BKK_Sukhumvit,Guava,0,57.25,47.95304734667938,13.01283050524309,0.2713660804738032,10.04,6,5.5,49.0,0.047664442326024785,2026-10,57.25,2745.3119605973943,744.9845464251669,574.79,343.5,314.875,2.7287893231649187,43.76978074356529,767.1624141722275,723.3926334286622
2026-10-05,BKK_Sukhumvit,MixedBerryPremium,0,18.5,86.75255652173914,22.990975304347824,0.26501784184984295,52.235,8,7.0,89.0,0.21565217391304348,2026-10,18.5,1604.922295652174,425.33304313043476,966.3475,148.0,129.5,3.9895652173913043,240.31146086956522,-64.25824747826073,-304.56970834782595
2026-10-05,BKK_Sukhumvit,PassionFruit,0,49.0,63.17115539452496,17.610132850241545,0.27876857309733194,28.654999999999998,6,6.0,65.0,0.09098228663446055,2026-10,49.0,3095.386614331723,862.8965096618357,1404.0949999999998,294.0,294.0,4.458132045088567,154.49656602254427,240.3951046698876,85.89853864734332
2026-10-05,BKK_Sukhumvit,Pineapple,0,92.75,47.74254871088369,12.82280334579807,0.2685822959190887,10.084999999999999,6,5.0,49.0,0.03896870694745129,2026-10,92.75,4428.121392934462,1189.315010322771,935.38375,556.5,463.75,3.614347569376107,58.13678065341469,1283.1726326116914,1225.0358519582767
2026-10-05,BKK_Sukhumvit,Watermelon,0,137.5,44.07588018917498,11.868067787703627,0.26926445341001765,7.945,6,5.0,45.0,0.030084077771939045,2026-10,137.5,6060.4335260115595,1631.8593208092486,1092.4375,825.0,687.5,4.136560693641619,57.68433887283238,1823.6367052023106,1765.9523663294783
2026-10-05,Pattaya_Beach,Guava,0,61.75,47.80525027808676,13.032506562847606,0.27261663702284855,10.04,6,5.5,49.0,0.05506117908787542,2026-10,61.75,2951.9742046718575,804.7572802558396,619.9699999999999,370.5,339.625,3.400027808676307,54.536446051167964,817.1219244160179,762.5854783648499
2026-10-05,Pattaya_Beach,MixedBerryPremium,0,19.25,86.3254953000723,23.297381344902387,0.26987833969465647,52.235,8,7.0,89.0,0.23716558206796817,2026-10,19.25,1661.7657845263918,448.474590889371,1005.52375,154.0,134.75,4.565437454808388,274.99912509038325,-80.98255636297904,-355.9816814533623
2026-10-05,Pattaya_Beach,PassionFruit,0,49.5,63.013126945693536,17.109371497751642,0.2715207501525353,28.654999999999998,6,6.0,65.0,0.08993427879626427,2026-10,49.5,3119.14978381183,846.9138891387063,1418.4225,297.0,297.0,4.451746800415082,154.27528536838466,259.81339467312364,105.53810930473898
2026-10-05,Pattaya_Beach,Pineapple,0,95.25,47.68440197512802,13.193954352596926,0.2766932960484403,10.084999999999999,6,5.0,49.0,0.040965618141916606,2026-10,95.25,4541.939288130944,1256.7241520848572,960.5962499999999,571.5,476.25,3.9019751280175567,62.7632699341624,1276.868886046087,1214.1056161119245
2026-10-05,Pattaya_Beach,Watermelon,0,149.25,43.95651561399389,11.924427330359238,0.2712778108955253,7.945,6,5.0,45.0,0.0308757924395398,2026-10,149.25,6560.509955388588,1779.7207790561163,1185.79125,895.5,746.25,4.608212021601315,64.26151664123034,1953.2479263324722,1888.9864096912418
2026-10-05,Pattaya_Central,Guava,0,65.25,47.82334133461354,13.24736053768603,0.27700616828498065,10.04,6,5.5,49.0,0.05400864138262122,2026-10,65.25,3120.473022083533,864.3902750840134,655.1099999999999,391.5,358.875,3.524063850216035,56.525984157465196,850.59774699952,794.0717628420548
2026-10-05,Pattaya_Central,MixedBerryPremium,0,25.75,86.52879332477535,23.51800436456996,0.27179397124258947,52.235,8,7.0,89.0,0.2233632862644416,2026-10,25.75,2228.1164281129654,605.5886123876764,1345.05125,206.0,180.25,5.7516046213093714,346.44790436457,-108.77343427471124,-455.2213386392812
2026-10-05,Pattaya_Central,PassionFruit,0,54.25,63.01625368731563,17.166189380530973,0.2724089163679736,28.654999999999998,6,6.0,65.0,0.08849557522123894,2026-10,54.25,3418.631762536873,931.2657738938053,1554.5337499999998,325.5,325.5,4.800884955752212,166.37466814159293,281.83223864306774,115.4575705014748
2026-10-05,Pattaya_Central,Pineapple,0,109.0,47.78324340709306,13.039893664746893,0.2728967883919579,10.084999999999999,6,5.0,49.0,0.03925431949075477,2026-10,109.0,5208.373531373143,1421.3484094574114,1099.2649999999999,654.0,545.0,4.27872082449227,68.82322446195816,1488.7601219157318,1419.9368974537736
2026-10-05,Pattaya_Central,Watermelon,0,179.0,44.00282273983419,11.737794315041452,0.26675093969404934,7.945,6,5.0,45.0,0.029609159099881564,2026-10,179.0,7876.50527043032,2101.06518239242,1422.155,1074.0,895.0,5.3000394788788,73.90905053296487,2384.2850880379,2310.376037504935
2026-10-06,BKK_Ladprao,Guava,1,35.5,47.85666666666667,13.140177070063695,0.274573596226169,10.04,6,5.5,49.0,0.08227176220806794,2026-10,35.5,1698.9116666666669,466.4762859872612,356.41999999999996,213.0,195.25,2.9206475583864115,46.84718683651804,467.7653806794058,420.9181938428877
2026-10-06,BKK_Ladprao,MixedBerryPremium,1,10.25,86.58969604863222,23.94381337386018,0.2765203536505358,52.235,8,7.0,89.0,0.4148936170212766,2026-10,10.25,887.5443844984802,245.42408708206685,535.4087499999999,82.0,71.75,4.252659574468085,256.1589494680851,-47.038452583586604,-303.1974020516717
2026-10-06,BKK_Ladprao,PassionFruit,1,25.75,63.23085034013606,16.98635714285714,0.26864034014223875,28.654999999999998,6,6.0,65.0,0.145578231292517,2026-10,25.75,1628.1943962585035,437.3986964285714,737.8662499999999,154.5,154.5,3.748639455782313,129.90910034013606,143.92944982993208,14.020349489796018
2026-10-06,BKK_Ladprao,Pineapple,1,48.25,47.845854229354735,12.786699899699096,0.2672478129119515,10.084999999999999,6,5.0,49.0,0.06920762286860582,2026-10,48.25,2308.562466566366,616.9582701604813,486.60124999999994,289.5,241.25,3.3392678034102308,53.71212261785357,674.2529464058846,620.540823788031
2026-10-06,BKK_Ladprao,Watermelon,1,75.5,44.02063492063492,12.068285714285715,0.27415065084916884,7.945,6,5.0,45.0,0.05246913580246913,2026-10,75.5,3323.5579365079366,911.1555714285714,599.8475,453.0,377.5,3.9614197530864197,55.24199845679012,982.0548650793653,926.8128666225751
2026-10-06,BKK_Sukhumvit,Guava,1,54.0,47.95304734667938,13.01283050524309,0.2713660804738032,10.04,6,5.5,49.0,0.047664442326024785,2026-10,54.0,2589.4645567206862,702.6928472831269,542.16,324.0,297.0,2.573879885605338,41.28503336510962,723.6117094375595,682.3266760724499
2026-10-06,BKK_Sukhumvit,MixedBerryPremium,1,19.75,86.75255652173914,22.990975304347824,0.26501784184984295,52.235,8,7.0,89.0,0.21565217391304348,2026-10,19.75,1713.362991304348,454.07176226086955,1031.64125,158.0,138.25,4.259130434782609,256.54872173913043,-68.60002095652135,-325.1487426956518
2026-10-06,BKK_Sukhumvit,PassionFruit,1,44.5,63.17115539452496,17.610132850241545,0.27876857309733194,28.654999999999998,6,6.0,65.0,0.09098228663446055,2026-10,44.5,2811.116415056361,783.6509118357487,1275.1474999999998,267.0,267.0,4.048711755233494,140.30810587761675,218.31800322061235,78.0098973429956
2026-10-06,BKK_Sukhumvit,Pineapple,1,85.0,47.74254871088369,12.82280334579807,0.2685822959190887,10.084999999999999,6,5.0,49.0,0.03896870694745129,2026-10,85.0,4058.1166404251135,1089.9382843928358,857.2249999999999,510.0,425.0,3.3123400905333598,53.278990356229095,1175.953356032278,1122.6743656760489
2026-10-06,BKK_Sukhumvit,Watermelon,1,136.0,44.07588018917498,11.868067787703627,0.26926445341001765,7.945,6,5.0,45.0,0.030084077771939045,2026-10,136.0,5994.319705727798,1614.0572191276933,1080.52,816.0,680.0,4.09143457698371,57.05505517603784,1803.7424866001038,1746.687431424066
2026-10-06,Pattaya_Beach,Guava,1,51.0,47.80525027808676,13.032506562847606,0.27261663702284855,10.04,6,5.5,49.0,0.05506117908787542,2026-10,51.0,2438.067764182425,664.657834705228,512.04,306.0,280.5,2.8081201334816464,45.042246941045605,674.869929477197,629.8276825361514
2026-10-06,Pattaya_Beach,MixedBerryPremium,1,21.25,86.3254953000723,23.297381344902387,0.26987833969465647,52.235,8,7.0,89.0,0.23716558206796817,2026-10,21.25,1834.4167751265365,495.06935357917575,1109.99375,170.0,148.75,5.039768618944324,303.57046276211133,-89.39632845263918,-392.9667912147505
2026-10-06,Pattaya_Beach,PassionFruit,1,47.0,63.013126945693536,17.109371497751642,0.2715207501525353,28.654999999999998,6,6.0,65.0,0.08993427879626427,2026-10,47.0,2961.616966447596,804.1404603943272,1346.7849999999999,282.0,282.0,4.2269111034244204,146.4836042891733,246.69150605326877,100.20790176409548
2026-10-06,Pattaya_Beach,Pineapple,1,91.25,47.68440197512802,13.193954352596926,0.2766932960484403,10.084999999999999,6,5.0,49.0,0.040965618141916606,2026-10,91.25,4351.2016802304315,1203.9483346744694,920.2562499999999,547.5,456.25,3.7381126554498905,60.127542062911495,1223.247095555962,1163.1195534930505
2026-10-06,Pattaya_Beach,Watermelon,1,142.75,43.95651561399389,11.924427330359238,0.2712778108955253,7.945,6,5.0,45.0,0.0308757924395398,2026-10,142.75,6274.792603897628,1702.2120014087814,1134.14875,856.5,713.75,4.407519370744306,61.46285762502935,1868.1818524888467,1806.7189948638174
2026-10-06,Pattaya_Central,Guava,1,65.75,47.82334133461354,13.24736053768603,0.27700616828498065,10.04,6,5.5,49.0,0.05400864138262122,2026-10,65.75,3144.3846927508403,871.0139553528564,660.13,394.5,361.625,3.5510681709073455,56.95913346135382,857.115737397984,800.1566039366302
2026-10-06,Pattaya_Central,MixedBerryPremium,1,22.75,86.52879332477535,23.51800436456996,0.27179397124258947,52.235,8,7.0,89.0,0.2233632862644416,2026-10,22.75,1968.5300481386391,535.0345992939666,1188.34625,182.0,159.25,5.081514762516046,306.08504172015404,-96.10080115532742,-402.18584287548146
2026-10-06,Pattaya_Central,PassionFruit,1,55.75,63.01625368731563,17.166189380530973,0.2724089163679736,28.654999999999998,6,6.0,65.0,0.08849557522123894,2026-10,55.75,3513.1561430678466,957.0150579646017,1597.51625,334.5,334.5,4.933628318584071,170.97488938053098,289.624835103245,118.64994572271402
2026-10-06,Pattaya_Central,Pineapple,1,114.0,47.78324340709306,13.039893664746893,0.2728967883919579,10.084999999999999,6,5.0,49.0,0.03925431949075477,2026-10,114.0,5447.289748408609,1486.5478777811459,1149.6899999999998,684.0,570.0,4.474992421946044,71.98025310700211,1557.0518706274634,1485.0716175204611
2026-10-06,Pattaya_Central,Watermelon,1,164.25,44.00282273983419,11.737794315041452,0.26675093969404934,7.945,6,5.0,45.0,0.029609159099881564,2026-10,164.25,7227.463635017765,1927.9327162455584,1304.96625,985.5,821.25,4.863304382155547,67.8187796091591,2187.8146687722065,2119.995889163047
2026-10-07,BKK_Ladprao,Guava,2,28.5,47.85666666666667,13.140177070063695,0.274573596226169,10.04,6,5.5,49.0,0.08227176220806794,2026-10,28.5,1363.915,374.4950464968153,286.14,171.0,156.75,2.3447452229299364,37.609713375796176,375.52995350318474,337.9202401273886
2026-10-07,BKK_Ladprao,MixedBerryPremium,2,9.75,86.58969604863222,23.94381337386018,0.2765203536505358,52.235,8,7.0,89.0,0.4148936170212766,2026-10,9.75,844.2495364741642,233.45218039513676,509.29125,78.0,68.25,4.045212765957447,243.6633909574468,-44.743893920972596,-288.40728487841943
2026-10-07,BKK_Ladprao,PassionFruit,2,27.5,63.23085034013606,16.98635714285714,0.26864034014223875,28.654999999999998,6,6.0,65.0,0.145578231292517,2026-10,27.5,1738.8483843537415,467.1248214285714,788.0124999999999,165.0,165.0,4.003401360544218,138.73787414965986,153.71106292517015,14.973188775510295
2026-10-07,BKK_Ladprao,Pineapple,2,58.0,47.845854229354735,12.786699899699096,0.2672478129119515,10.084999999999999,6,5.0,49.0,0.06920762286860582,2026-10,58.0,2775.059545302575,741.6285941825475,584.93,348.0,290.0,4.014042126379138,64.56586760280844,810.5009511200274,745.9350835172189
2026-10-07,BKK_Ladprao,Watermelon,2,76.75,44.02063492063492,12.068285714285715,0.27415065084916884,7.945,6,5.0,45.0,0.05246913580246913,2026-10,76.75,3378.58373015873,926.2409285714286,609.7787500000001,460.5,383.75,4.027006172839506,56.156601080246915,998.314051587301,942.1574505070541
2026-10-07,BKK_Sukhumvit,Guava,2,52.75,47.95304734667938,13.01283050524309,0.2713660804738032,10.04,6,5.5,49.0,0.047664442326024785,2026-10,52.75,2529.5232475373373,686.4268091515729,529.6099999999999,316.5,290.125,2.5142993326978074,40.329361296472825,706.8614383857644,666.5320770892915
2026-10-07,BKK_Sukhumvit,MixedBerryPremium,2,20.0,86.75255652173914,22.990975304347824,0.26501784184984295,52.235,8,7.0,89.0,0.21565217391304348,2026-10,20.0,1735.0511304347829,459.8195060869565,1044.7,160.0,140.0,4.3130434782608695,259.79617391304345,-69.46837565217356,-329.264549565217
2026-10-07,BKK_Sukhumvit,PassionFruit,2,46.75,63.17115539452496,17.610132850241545,0.27876857309733194,28.654999999999998,6,6.0,65.0,0.09098228663446055,2026-10,46.75,2953.251514694042,823.2737107487923,1339.62125,280.5,280.5,4.2534219001610305,147.40233595008053,229.35655394524974,81.95421799516922
2026-10-07,BKK_Sukhumvit,Pineapple,2,88.5,47.74254871088369,12.82280334579807,0.2685822959190887,10.084999999999999,6,5.0,49.0,0.03896870694745129,2026-10,88.5,4225.215560913207,1134.8180961031292,892.5224999999999,531.0,442.5,3.448730564849439,55.47283113560323,1224.374964810078,1168.9021336744747
2026-10-07,BKK_Sukhumvit,Watermelon,2,138.0,44.07588018917498,11.868067787703627,0.26926445341001765,7.945,6,5.0,45.0,0.030084077771939045,2026-10,138.0,6082.471466106147,1637.7933547031005,1096.41,828.0,690.0,4.151602732527588,57.89410010509722,1830.2681114030465,1772.3740112979492
2026-10-07,Pattaya_Beach,Guava,2,65.0,47.80525027808676,13.032506562847606,0.27261663702284855,10.04,6,5.5,49.0,0.05506117908787542,2026-10,65.0,3107.341268075639,847.1129265850944,652.5999999999999,390.0,357.5,3.578976640711902,57.40678531701891,860.1283414905447,802.7215561735258
2026-10-07,Pattaya_Beach,MixedBerryPremium,2,22.0,86.3254953000723,23.297381344902387,0.26987833969465647,52.235,8,7.0,89.0,0.23716558206796817,2026-10,22.0,1899.1608966015906,512.5423895878525,1149.17,176.0,154.0,5.2176428054952995,314.28471438900937,-92.55149298626202,-406.8362073752714
2026-10-07,Pattaya_Beach,PassionFruit,2,44.25,63.013126945693536,17.109371497751642,0.2715207501525353,28.654999999999998,6,6.0,65.0,0.08993427879626427,2026-10,44.25,2788.330867346939,757.0896887755101,1267.9837499999999,265.5,265.5,3.979591836734694,137.91275510204082,232.25742857142905,94.34467346938823
2026-10-07,Pattaya_Beach,Pineapple,2,80.0,47.68440197512802,13.193954352596926,0.2766932960484403,10.084999999999999,6,5.0,49.0,0.040965618141916606,2026-10,80.0,3814.7521580102416,1055.5163482077542,806.8,480.0,400.0,3.2772494513533283,52.71455742501829,1072.4358098024873,1019.721252377469
2026-10-07,Pattaya_Beach,Watermelon,2,139.25,43.95651561399389,11.924427330359238,0.2712778108955253,7.945,6,5.0,45.0,0.0308757924395398,2026-10,139.25,6120.944799248649,1660.476505752524,1106.34125,835.5,696.25,4.299454097205917,59.95588738553651,1822.3770434961252,1762.4211561105888
2026-10-07,Pattaya_Central,Guava,2,70.75,47.82334133461354,13.24736053768603,0.27700616828498065,10.04,6,5.5,49.0,0.05400864138262122,2026-10,70.75,3383.501399423908,937.2507580412865,710.3299999999999,424.5,389.125,3.8211113778204515,61.29062650024004,922.2956413826214,861.0050148823814
2026-10-07,Pattaya_Central,MixedBerryPremium,2,25.5,86.52879332477535,23.51800436456996,0.27179397124258947,52.235,8,7.0,89.0,0.2233632862644416,2026-10,25.5,2206.4842297817713,599.709111296534,1331.9925,204.0,178.5,5.69576379974326,343.08433247753527,-107.71738151476256,-450.80171399229783
2026-10-07,Pattaya_Central,PassionFruit,2,56.25,63.01625368731563,17.166189380530973,0.2724089163679736,28.654999999999998,6,6.0,65.0,0.08849557522123894,2026-10,56.25,3544.6642699115046,965.5981526548672,1611.8437499999998,337.5,337.5,4.977876106194691,172.508296460177,292.2223672566374,119.71407079646042
2026-10-07,Pattaya_Central,Pineapple,2,109.0,47.78324340709306,13.039893664746893,0.2728967883919579,10.084999999999999,6,5.0,49.0,0.03925431949075477,2026-10,109.0,5208.373531373143,1421.3484094574114,1099.2649999999999,654.0,545.0,4.27872082449227,68.82322446195816,1488.7601219157318,1419.9368974537736
2026-10-07,Pattaya_Central,Watermelon,2,160.0,44.00282273983419,11.737794315041452,0.26675093969404934,7.945,6,5.0,45.0,0.029609159099881564,2026-10,160.0,7040.45163837347,1878.0470904066324,1271.2,960.0,800.0,4.7374654559810505,66.06395578365576,2131.2045479668377,2065.140592183182
2026-10-08,BKK_Ladprao,Guava,3,31.5,47.85666666666667,13.140177070063695,0.274573596226169,10.04,6,5.5,49.0,0.08227176220806794,2026-10,31.5,1507.4850000000001,413.9155777070064,316.26,189.0,173.25,2.59156050955414,41.568630573248406,415.05942229299376,373.49079171974535
2026-10-08,BKK_Ladprao,MixedBerryPremium,3,12.75,86.58969604863222,23.94381337386018,0.2765203536505358,52.235,8,7.0,89.0,0.4148936170212766,2026-10,12.75,1104.0186246200608,305.2836205167173,665.99625,102.0,89.25,5.289893617021276,318.6367420212766,-58.511245896656646,-377.1479879179332
2026-10-08,BKK_Ladprao,PassionFruit,3,24.25,63.23085034013606,16.98635714285714,0.26864034014223875,28.654999999999998,6,6.0,65.0,0.145578231292517,2026-10,24.25,1533.3481207482994,411.9191607142857,694.88375,145.5,145.5,3.5302721088435374,122.34157993197279,135.54521003401373,13.203630102040947
2026-10-08,BKK_Ladprao,Pineapple,3,52.25,47.845854229354735,12.786699899699096,0.2672478129119515,10.084999999999999,6,5.0,49.0,0.06920762286860582,2026-10,52.25,2499.945883483785,668.1050697592777,526.94125,313.5,261.25,3.616098294884654,58.164941073219666,730.1495637245075,671.9846226512879
2026-10-08,BKK_Ladprao,Watermelon,3,85.5,44.02063492063492,12.068285714285715,0.27415065084916884,7.945,6,5.0,45.0,0.05246913580246913,2026-10,85.5,3763.7642857142855,1031.8384285714285,679.2975,513.0,427.5,4.486111111111111,62.55881944444444,1112.128357142857,1049.5695376984127
2026-10-08,BKK_Sukhumvit,Guava,3,58.25,47.95304734667938,13.01283050524309,0.2713660804738032,10.04,6,5.5,49.0,0.047664442326024785,2026-10,58.25,2793.2650079440737,757.9973769304099,584.8299999999999,349.5,320.375,2.7764537654909436,44.53431839847473,780.5626310136638,736.0283126151891
2026-10-08,BKK_Sukhumvit,MixedBerryPremium,3,20.0,86.75255652173914,22.990975304347824,0.26501784184984295,52.235,8,7.0,89.0,0.21565217391304348,2026-10,20.0,1735.0511304347829,459.8195060869565,1044.7,160.0,140.0,4.3130434782608695,259.79617391304345,-69.46837565217356,-329.264549565217
2026-10-08,BKK_Sukhumvit,PassionFruit,3,43.25,63.17115539452496,17.610132850241545,0.27876857309733194,28.654999999999998,6,6.0,65.0,0.09098228663446055,2026-10,43.25,2732.1524708132047,761.6382457729468,1239.32875,259.5,259.5,3.9349838969404187,136.3668669484702,212.1854750402581,75.8186080917879
2026-10-08,BKK_Sukhumvit,Pineapple,3,85.0,47.74254871088369,12.82280334579807,0.2685822959190887,10.084999999999999,6,5.0,49.0,0.03896870694745129,2026-10,85.0,4058.1166404251135,1089.9382843928358,857.2249999999999,510.0,425.0,3.3123400905333598,53.278990356229095,1175.953356032278,1122.6743656760489
2026-10-08,BKK_Sukhumvit,Watermelon,3,132.75,44.07588018917498,11.868067787703627,0.26926445341001765,7.945,6,5.0,45.0,0.030084077771939045,2026-10,132.75,5851.073095112979,1575.4859988176565,1054.69875,796.5,663.75,3.993661324224908,55.691607166316345,1760.6383462953227,1704.9467391290063
2026-10-08,Pattaya_Beach,Guava,3,61.5,47.80525027808676,13.032506562847606,0.27261663702284855,10.04,6,5.5,49.0,0.05506117908787542,2026-10,61.5,2940.022892102336,801.4991536151279,617.4599999999999,369.0,338.25,3.386262513904338,54.31565072302558,813.813738487208,759.4980877641824
2026-10-08,Pattaya_Beach,MixedBerryPremium,3,21.5,86.3254953000723,23.297381344902387,0.26987833969465647,52.235,8,7.0,89.0,0.23716558206796817,2026-10,21.5,1855.9981489515546,500.89369891540133,1123.0525,172.0,150.5,5.099060014461315,307.14187997107734,-90.44804996384664,-397.589929934924
2026-10-08,Pattaya_Beach,PassionFruit,3,48.75,63.013126945693536,17.109371497751642,0.2715207501525353,28.654999999999998,6,6.0,65.0,0.08993427879626427,2026-10,48.75,3071.88993860256,834.0818605153926,1396.9312499999999,292.5,292.5,4.384296091317883,151.93778104462123,255.87682808716772,103.93904704254649
2026-10-08,Pattaya_Beach,Pineapple,3,87.75,47.68440197512802,13.193954352596926,0.2766932960484403,10.084999999999999,6,5.0,49.0,0.040965618141916606,2026-10,87.75,4184.306273317484,1157.7694944403802,884.9587499999999,526.5,438.75,3.5947329919531823,57.82128017556694,1176.3280288771039,1118.506748701537
2026-10-08,Pattaya_Beach,Watermelon,3,140.5,43.95651561399389,11.924427330359238,0.2712778108955253,7.945,6,5.0,45.0,0.0308757924395398,2026-10,140.5,6175.890443766142,1675.382039915473,1116.2725,843.0,702.5,4.338048837755342,60.49409104249825,1838.7359038506693,1778.241812808171
2026-10-08,Pattaya_Central,Guava,3,66.25,47.82334133461354,13.24736053768603,0.27700616828498065,10.04,6,5.5,49.0,0.05400864138262122,2026-10,66.25,3168.296363418147,877.6376356216995,665.15,397.5,364.375,3.578072491598656,57.39228276524244,863.6337277964476,806.2414450312051
2026-10-08,Pattaya_Central,MixedBerryPremium,3,18.0,86.52879332477535,23.51800436456996,0.27179397124258947,52.235,8,7.0,89.0,0.2233632862644416,2026-10,18.0,1557.5182798459564,423.3240785622593,940.23,144.0,126.0,4.020539152759949,242.17717586649553,-76.0357987163029,-318.21297458279844
2026-10-08,Pattaya_Central,PassionFruit,3,57.0,63.01625368731563,17.166189380530973,0.2724089163679736,28.654999999999998,6,6.0,65.0,0.08849557522123894,2026-10,57.0,3591.926460176991,978.4727946902655,1633.3349999999998,342.0,342.0,5.04424778761062,174.80840707964603,296.1186654867256,121.31025840707957
2026-10-08,Pattaya_Central,Pineapple,3,104.0,47.78324340709306,13.039893664746893,0.2728967883919579,10.084999999999999,6,5.0,49.0,0.03925431949075477,2026-10,104.0,4969.457314337678,1356.148941133677,1048.84,624.0,520.0,4.082449227038496,65.66619581691421,1420.4683732040012,1354.8021773870869
2026-10-08,Pattaya_Central,Watermelon,3,165.0,44.00282273983419,11.737794315041452,0.26675093969404934,7.945,6,5.0,45.0,0.029609159099881564,2026-10,165.0,7260.4657520726405,1936.7360619818396,1310.925,990.0,825.0,4.885511251480458,68.12845440189498,2197.804690090801,2129.676235688906
2026-10-09,BKK_Ladprao,Guava,4,33.0,47.85666666666667,13.140177070063695,0.274573596226169,10.04,6,5.5,49.0,0.08227176220806794,2026-10,33.0,1579.27,433.62584331210195,331.32,198.0,181.5,2.7149681528662417,43.54808917197452,434.82415668789804,391.2760675159235
2026-10-09,BKK_Ladprao,MixedBerryPremium,4,13.0,86.58969604863222,23.94381337386018,0.2765203536505358,52.235,8,7.0,89.0,0.4148936170212766,2026-10,13.0,1125.666048632219,311.26957386018233,679.055,104.0,91.0,5.3936170212765955,324.8845212765957,-59.65852522796331,-384.543046504559
2026-10-09,BKK_Ladprao,PassionFruit,4,23.75,63.23085034013606,16.98635714285714,0.26864034014223875,28.654999999999998,6,6.0,65.0,0.145578231292517,2026-10,23.75,1501.7326955782314,403.4259821428571,680.55625,142.5,142.5,3.4574829931972793,119.81907312925172,132.7504634353743,12.931390306122566
2026-10-09,BKK_Ladprao,Pineapple,4,55.0,47.845854229354735,12.786699899699096,0.2672478129119515,10.084999999999999,6,5.0,49.0,0.06920762286860582,2026-10,55.0,2631.5219826145103,703.2684944834502,554.675,330.0,275.0,3.80641925777332,61.22625376128386,768.5784881310601,707.3522343697763
2026-10-09,BKK_Ladprao,Watermelon,4,71.0,44.02063492063492,12.068285714285715,0.27415065084916884,7.945,6,5.0,45.0,0.05246913580246913,2026-10,71.0,3125.4650793650794,856.8482857142857,564.095,426.0,355.0,3.7253086419753085,51.949429012345675,923.5217936507938,871.5723646384481
2026-10-09,BKK_Sukhumvit,Guava,4,54.75,47.95304734667938,13.01283050524309,0.2713660804738032,10.04,6,5.5,49.0,0.047664442326024785,2026-10,54.75,2625.429342230696,712.4524701620592,549.6899999999999,328.5,301.125,2.609628217349857,41.858436606291704,733.661872068637,691.8034354623453
2026-10-09,BKK_Sukhumvit,MixedBerryPremium,4,17.75,86.75255652173914,22.990975304347824,0.26501784184984295,52.235,8,7.0,89.0,0.21565217391304348,2026-10,17.75,1539.8578782608697,408.08981165217386,927.17125,142.0,124.25,3.827826086956522,230.56910434782608,-61.65318339130408,-292.22228773913014
2026-10-09,BKK_Sukhumvit,PassionFruit,4,40.0,63.17115539452496,17.610132850241545,0.27876857309733194,28.654999999999998,6,6.0,65.0,0.09098228663446055,2026-10,40.0,2526.846215780998,704.4053140096618,1146.1999999999998,240.0,240.0,3.639291465378422,126.11964573268922,196.24090177133667,70.12125603864745
2026-10-09,BKK_Sukhumvit,Pineapple,4,89.75,47.74254871088369,12.82280334579807,0.2685822959190887,10.084999999999999,6,5.0,49.0,0.03896870694745129,2026-10,89.75,4284.893746801811,1150.8466002853768,905.12875,538.5,448.75,3.497441448533753,56.256345699665424,1241.6683965164343,1185.412050816769
2026-10-09,BKK_Sukhumvit,Watermelon,4,130.0,44.07588018917498,11.868067787703627,0.26926445341001765,7.945,6,5.0,45.0,0.030084077771939045,2026-10,130.0,5729.864424592747,1542.8488124014714,1032.8500000000001,780.0,650.0,3.910930110352076,54.5379203888597,1724.1656121912756,1669.627691802416
2026-10-09,Pattaya_Beach,Guava,4,56.75,47.80525027808676,13.032506562847606,0.27261663702284855,10.04,6,5.5,49.0,0.05506117908787542,2026-10,56.75,2712.9479532814235,739.5947474416016,569.77,340.5,312.125,3.1247219132369297,50.12053948832035,750.9582058398219,700.8376663515015
2026-10-09,Pattaya_Beach,MixedBerryPremium,4,21.5,86.3254953000723,23.297381344902387,0.26987833969465647,52.235,8,7.0,89.0,0.23716558206796817,2026-10,21.5,1855.9981489515546,500.89369891540133,1123.0525,172.0,150.5,5.099060014461315,307.14187997107734,-90.44804996384664,-397.589929934924
2026-10-09,Pattaya_Beach,PassionFruit,4,50.0,63.013126945693536,17.109371497751642,0.2715207501525353,28.654999999999998,6,6.0,65.0,0.08993427879626427,2026-10,50.0,3150.656347284677,855.4685748875821,1432.7499999999998,300.0,300.0,4.496713939813214,155.83362158422693,262.43777239709516,106.60415081286823
2026-10-09,Pattaya_Beach,Pineapple,4,84.0,47.68440197512802,13.193954352596926,0.2766932960484403,10.084999999999999,6,5.0,49.0,0.040965618141916606,2026-10,84.0,4005.4897659107537,1108.2921656181418,847.1399999999999,504.0,420.0,3.441111923920995,55.350285296269206,1126.0576002926118,1070.7073149963426
2026-10-09,Pattaya_Beach,Watermelon,4,144.75,43.95651561399389,11.924427330359238,0.2712778108955253,7.945,6,5.0,45.0,0.0308757924395398,2026-10,144.75,6362.705635125616,1726.0608560694998,1150.03875,868.5,723.75,4.469270955623386,62.32398347616812,1894.3560290561163,1832.032045579948
2026-10-09,Pattaya_Central,Guava,4,74.75,47.82334133461354,13.24736053768603,0.27700616828498065,10.04,6,5.5,49.0,0.05400864138262122,2026-10,74.75,3574.794764762362,990.2402001920307,750.4899999999999,448.5,411.125,4.037145943350937,64.75582093134902,974.4395645703312,909.6837436389822
2026-10-09,Pattaya_Central,MixedBerryPremium,4,24.25,86.52879332477535,23.51800436456996,0.27179397124258947,52.235,8,7.0,89.0,0.2233632862644416,2026-10,24.25,2098.323238125802,570.3116058408216,1266.69875,194.0,169.75,5.416559691912709,326.266473042362,-102.43711771501967,-428.7035907573817
2026-10-09,Pattaya_Central,PassionFruit,4,49.75,63.01625368731563,17.166189380530973,0.2724089163679736,28.654999999999998,6,6.0,65.0,0.08849557522123894,2026-10,49.75,3135.0586209439525,854.0179216814159,1425.5862499999998,298.5,298.5,4.402654867256637,152.57400442477876,258.45444926253685,105.88044483775809
2026-10-09,Pattaya_Central,Pineapple,4,101.0,47.78324340709306,13.039893664746893,0.2728967883919579,10.084999999999999,6,5.0,49.0,0.03925431949075477,2026-10,101.0,4826.107584116399,1317.0292601394362,1018.5849999999999,606.0,505.0,3.964686268566232,63.77197862988784,1379.493323976963,1315.7213453470752
2026-10-09,Pattaya_Central,Watermelon,4,155.0,44.00282273983419,11.737794315041452,0.26675093969404934,7.945,6,5.0,45.0,0.029609159099881564,2026-10,155.0,6820.437524674299,1819.358118831425,1231.4750000000001,930.0,775.0,4.589419660481642,63.9994571654165,2064.6044058428743,2000.6049486774577
2026-10-10,BKK_Ladprao,Guava,5,39.75,47.85666666666667,13.140177070063695,0.274573596226169,10.04,6,5.5,49.0,0.08227176220806794,2026-10,39.75,1902.3025,522.3220385350319,399.09,238.5,218.625,3.2703025477707004,52.45565286624203,523.7654614649682,471.3098085987262
2026-10-10,BKK_Ladprao,MixedBerryPremium,5,12.75,86.58969604863222,23.94381337386018,0.2765203536505358,52.235,8,7.0,89.0,0.4148936170212766,2026-10,12.75,1104.0186246200608,305.2836205167173,665.99625,102.0,89.25,5.289893617021276,318.6367420212766,-58.511245896656646,-377.1479879179332
2026-10-10,BKK_Ladprao,PassionFruit,5,29.75,63.23085034013606,16.98635714285714,0.26864034014223875,28.654999999999998,6,6.0,65.0,0.145578231292517,2026-10,29.75,1881.1177976190477,505.34412499999996,852.4862499999999,178.5,178.5,4.3309523809523816,150.08915476190478,166.28742261904767,16.198267857142895
2026-10-10,BKK_Ladprao,Pineapple,5,62.75,47.845854229354735,12.786699899699096,0.2672478129119515,10.084999999999999,6,5.0,49.0,0.06920762286860582,2026-10,62.75,3002.3273528920095,802.3654187061182,632.8337499999999,376.5,313.75,4.342778335005016,69.85358951855568,876.8781841858913,807.0245946673356
2026-10-10,BKK_Ladprao,Watermelon,5,95.25,44.02063492063492,12.068285714285715,0.27415065084916884,7.945,6,5.0,45.0,0.05246913580246913,2026-10,95.25,4192.965476190476,1149.5042142857144,756.76125,571.5,476.25,4.997685185185185,69.69271990740741,1238.9500119047616,1169.2572919973543
2026-10-10,BKK_Sukhumvit,Guava,5,64.5,47.95304734667938,13.01283050524309,0.2713660804738032,10.04,6,5.5,49.0,0.047664442326024785,2026-10,64.5,3092.9715538608198,839.3275675881792,647.5799999999999,387.0,354.75,3.0743565300285987,49.31267874165872,864.3139862726407,815.001307530982
2026-10-10,BKK_Sukhumvit,MixedBerryPremium,5,29.5,86.75255652173914,22.990975304347824,0.26501784184984295,52.235,8,7.0,89.0,0.21565217391304348,2026-10,29.5,2559.2004173913047,678.2337714782608,1540.9325,236.0,206.5,6.361739130434783,383.19935652173916,-102.46585408695591,-485.6652106086951
2026-10-10,BKK_Sukhumvit,PassionFruit,5,47.75,63.17115539452496,17.610132850241545,0.27876857309733194,28.654999999999998,6,6.0,65.0,0.09098228663446055,2026-10,47.75,3016.422670088567,840.8838435990338,1368.27625,286.5,286.5,4.344404186795491,150.55532709339775,234.26257648953333,83.70724939613558
2026-10-10,BKK_Sukhumvit,Pineapple,5,101.25,47.74254871088369,12.82280334579807,0.2685822959190887,10.084999999999999,6,5.0,49.0,0.03896870694745129,2026-10,101.25,4833.933056976974,1298.3088387620546,1021.1062499999999,607.5,506.25,3.9455815784294432,63.464679689037595,1400.7679682149192,1337.3032885258815
2026-10-10,BKK_Sukhumvit,Watermelon,5,161.75,44.07588018917498,11.868067787703627,0.26926445341001765,7.945,6,5.0,45.0,0.030084077771939045,2026-10,161.75,7129.273620599053,1919.6599646610616,1285.10375,970.5,808.75,4.866099579611141,67.85775863767736,2145.259905937992,2077.4021473003145
2026-10-10,Pattaya_Beach,Guava,5,82.0,47.80525027808676,13.032506562847606,0.27261663702284855,10.04,6,5.5,49.0,0.05506117908787542,2026-10,82.0,3920.0305228031143,1068.6655381535038,823.28,492.0,451.0,4.515016685205784,72.42086763070077,1085.0849846496108,1012.66411701891
2026-10-10,Pattaya_Beach,MixedBerryPremium,5,33.0,86.3254953000723,23.297381344902387,0.26987833969465647,52.235,8,7.0,89.0,0.23716558206796817,2026-10,33.0,2848.741344902386,768.8135843817788,1723.7549999999999,264.0,231.0,7.82646420824295,471.4270715835141,-138.82723947939257,-610.2543110629067
2026-10-10,Pattaya_Beach,PassionFruit,5,66.0,63.013126945693536,17.109371497751642,0.2715207501525353,28.654999999999998,6,6.0,65.0,0.08993427879626427,2026-10,66.0,4158.866378415773,1129.2185188516085,1891.2299999999998,396.0,396.0,5.935662400553442,205.70038049117954,346.41785956416516,140.7174790729856
2026-10-10,Pattaya_Beach,Pineapple,5,121.75,47.68440197512802,13.193954352596926,0.2766932960484403,10.084999999999999,6,5.0,49.0,0.040965618141916606,2026-10,121.75,5805.5759404718365,1606.3639424286757,1227.8487499999999,730.5,608.75,4.987564008778347,80.22496708119971,1632.1132480431606,1551.8882809619608
2026-10-10,Pattaya_Beach,Watermelon,5,203.5,43.95651561399389,11.924427330359238,0.2712778108955253,7.945,6,5.0,45.0,0.0308757924395398,2026-10,203.5,8945.150927447758,2426.620961728105,1616.8075000000001,1221.0,1017.5,6.283223761446349,87.61955535336934,2663.222465719652,2575.6029103662827
2026-10-10,Pattaya_Central,Guava,5,95.5,47.82334133461354,13.24736053768603,0.27700616828498065,10.04,6,5.5,49.0,0.05400864138262122,2026-10,95.5,4567.129097455593,1265.1229313490157,958.8199999999999,573.0,525.25,5.157825252040327,82.73151704272685,1244.9361661065777,1162.2046490638509
2026-10-10,Pattaya_Central,MixedBerryPremium,5,33.0,86.52879332477535,23.51800436456996,0.27179397124258947,52.235,8,7.0,89.0,0.2233632862644416,2026-10,33.0,2855.4501797175867,776.0941440308087,1723.7549999999999,264.0,231.0,7.370988446726573,443.9914890885751,-139.39896431322177,-583.3904534017969
2026-10-10,Pattaya_Central,PassionFruit,5,81.25,63.01625368731563,17.166189380530973,0.2724089163679736,28.654999999999998,6,6.0,65.0,0.08849557522123894,2026-10,81.25,5120.070612094395,1394.7528871681416,2328.21875,487.5,487.5,7.1902654867256635,249.17865044247787,422.0989749262535,172.92032448377563
2026-10-10,Pattaya_Central,Pineapple,5,146.75,47.78324340709306,13.039893664746893,0.2728967883919579,10.084999999999999,6,5.0,49.0,0.03925431949075477,2026-10,146.75,7012.1909699909065,1913.6043953016065,1479.9737499999999,880.5,733.75,5.760571385268263,92.65879073204002,2004.3628246893004,1911.7040339572604
2026-10-10,Pattaya_Central,Watermelon,5,234.25,44.00282273983419,11.737794315041452,0.26675093969404934,7.945,6,5.0,45.0,0.029609159099881564,2026-10,234.25,10307.661226806158,2749.57831829846,1861.11625,1405.5,1171.25,6.935945519147256,96.72176026450849,3120.2166585076975,3023.494898243189
2026-10-11,BKK_Ladprao,Guava,6,34.25,47.85666666666667,13.140177070063695,0.274573596226169,10.04,6,5.5,49.0,0.08227176220806794,2026-10,34.25,1639.0908333333334,450.05106464968156,343.86999999999995,205.5,188.375,2.817807855626327,45.19763800424628,451.2947686836519,406.0971306794056
2026-10-11,BKK_Ladprao,MixedBerryPremium,6,13.75,86.58969604863222,23.94381337386018,0.2765203536505358,52.235,8,7.0,89.0,0.4148936170212766,2026-10,13.75,1190.608320668693,329.22743389057746,718.23125,110.0,96.25,5.704787234042553,343.62785904255315,-63.100363221884436,-406.7282222644376
2026-10-11,BKK_Ladprao,PassionFruit,6,28.0,63.23085034013606,16.98635714285714,0.26864034014223875,28.654999999999998,6,6.0,65.0,0.145578231292517,2026-10,28.0,1770.4638095238097,475.61799999999994,802.3399999999999,168.0,168.0,4.076190476190476,141.26038095238096,156.50580952380983,15.245428571428874
2026-10-11,BKK_Ladprao,Pineapple,6,49.75,47.845854229354735,12.786699899699096,0.2672478129119515,10.084999999999999,6,5.0,49.0,0.06920762286860582,2026-10,49.75,2380.331247910398,636.13832001003,501.72874999999993,298.5,248.75,3.44307923771314,55.38192953861586,695.214177900368,639.8322483617521
2026-10-11,BKK_Ladprao,Watermelon,6,84.25,44.02063492063492,12.068285714285715,0.27415065084916884,7.945,6,5.0,45.0,0.05246913580246913,2026-10,84.25,3708.738492063492,1016.7530714285715,669.36625,505.5,421.25,4.4205246913580245,61.64421682098765,1095.8691706349205,1034.2249538139329
2026-10-11,BKK_Sukhumvit,Guava,6,56.5,47.95304734667938,13.01283050524309,0.2713660804738032,10.04,6,5.5,49.0,0.047664442326024785,2026-10,56.5,2709.3471750873846,735.2249235462345,567.26,339.0,310.75,2.6930409914204003,43.19637750238322,757.11225154115,713.9158740387668
2026-10-11,BKK_Sukhumvit,MixedBerryPremium,6,17.0,86.75255652173914,22.990975304347824,0.26501784184984295,52.235,8,7.0,89.0,0.21565217391304348,2026-10,17.0,1474.7934608695653,390.846580173913,887.995,136.0,119.0,3.666086956521739,220.82674782608694,-59.048119304347665,-279.8748671304346
2026-10-11,BKK_Sukhumvit,PassionFruit,6,41.25,63.17115539452496,17.610132850241545,0.27876857309733194,28.654999999999998,6,6.0,65.0,0.09098228663446055,2026-10,41.25,2605.8101600241544,726.4179800724637,1182.01875,247.5,247.5,3.7530193236714977,130.06088466183576,202.37342995169092,72.31254528985517
2026-10-11,BKK_Sukhumvit,Pineapple,6,95.5,47.74254871088369,12.82280334579807,0.2685822959190887,10.084999999999999,6,5.0,49.0,0.03896870694745129,2026-10,95.5,4559.413401889392,1224.5777195237156,963.1175,573.0,477.5,3.721511513481598,59.860512694351506,1321.2181823656765,1261.357669671325
2026-10-11,BKK_Sukhumvit,Watermelon,6,136.5,44.07588018917498,11.868067787703627,0.26926445341001765,7.945,6,5.0,45.0,0.030084077771939045,2026-10,136.5,6016.357645822385,1619.991253021545,1084.4925,819.0,682.5,4.1064766158696795,57.26481640830268,1810.3738928008406,1753.1090763925379
2026-10-11,Pattaya_Beach,Guava,6,71.75,47.80525027808676,13.032506562847606,0.27261663702284855,10.04,6,5.5,49.0,0.05506117908787542,2026-10,71.75,3430.026707452725,935.0823458843157,720.3699999999999,430.5,394.625,3.9506395995550614,63.368259176863184,949.4493615684096,886.0811023915464
2026-10-11,Pattaya_Beach,MixedBerryPremium,6,30.25,86.3254953000723,23.297381344902387,0.26987833969465647,52.235,8,7.0,89.0,0.23716558206796817,2026-10,30.25,2611.346232827187,704.7457856832972,1580.1087499999999,242.0,211.75,7.174258857556037,432.1414822848879,-127.25830285610982,-559.3997851409977
2026-10-11,Pattaya_Beach,PassionFruit,6,58.25,63.013126945693536,17.109371497751642,0.2715207501525353,28.654999999999998,6,6.0,65.0,0.08993427879626427,2026-10,58.25,3670.5146445866485,996.6208897440331,1669.15375,349.5,349.5,5.238671739882394,181.54616914562436,305.74000484261524,124.19383569699087
2026-10-11,Pattaya_Beach,Pineapple,6,104.75,47.68440197512802,13.193954352596926,0.2766932960484403,10.084999999999999,6,5.0,49.0,0.040965618141916606,2026-10,104.75,4994.94110689466,1382.066718434528,1056.40375,628.5,523.75,4.291148500365765,69.02312362838333,1404.2206384601322,1335.197514831749
2026-10-11,Pattaya_Beach,Watermelon,6,187.25,43.95651561399389,11.924427330359238,0.2712778108955253,7.945,6,5.0,45.0,0.0308757924395398,2026-10,187.25,8230.857548720356,2232.8490176097675,1487.70125,1123.5,936.25,5.781492134303828,80.62290781286688,2450.5572811105885,2369.934373297722
2026-10-11,Pattaya_Central,Guava,6,95.25,47.82334133461354,13.24736053768603,0.27700616828498065,10.04,6,5.5,49.0,0.05400864138262122,2026-10,95.25,4555.17326212194,1261.8110912145944,956.31,571.5,523.875,5.144323091694671,82.51494239078252,1241.6771709073455,1159.162228516563
2026-10-11,Pattaya_Central,MixedBerryPremium,6,32.0,86.52879332477535,23.51800436456996,0.27179397124258947,52.235,8,7.0,89.0,0.2233632862644416,2026-10,32.0,2768.921386392811,752.5761396662388,1671.52,256.0,224.0,7.147625160462131,430.53720154043646,-135.17475327342754,-565.7119548138639
2026-10-11,Pattaya_Central,PassionFruit,6,73.75,63.01625368731563,17.166189380530973,0.2724089163679736,28.654999999999998,6,6.0,65.0,0.08849557522123894,2026-10,73.75,4647.448709439528,1266.0064668141592,2113.3062499999996,442.5,442.5,6.5265486725663715,226.1775442477876,383.135992625369,156.9584483775814
2026-10-11,Pattaya_Central,Pineapple,6,133.0,47.78324340709306,13.039893664746893,0.2728967883919579,10.084999999999999,6,5.0,49.0,0.03925431949075477,2026-10,133.0,6355.171373143377,1734.3058574113368,1341.3049999999998,798.0,665.0,5.220824492270385,83.97696195816914,1816.5605157320406,1732.5835537738715
2026-10-11,Pattaya_Central,Watermelon,6,213.5,44.00282273983419,11.737794315041452,0.26675093969404934,7.945,6,5.0,45.0,0.029609159099881564,2026-10,213.5,9394.602654954599,2506.01908626135,1696.2575000000002,1281.0,1067.5,6.321555467824714,88.15409099881565,2843.826068693248,2755.6719776944324
2026-10-12,BKK_Ladprao,Guava,0,30.25,47.85666666666667,13.140177070063695,0.274573596226169,10.04,6,5.5,49.0,0.08227176220806794,2026-10,30.25,1447.6641666666667,397.49035636942676,303.71,181.5,166.375,2.488720806794055,39.91908174097664,398.5888102972399,358.66972855626324
2026-10-12,BKK_Ladprao,MixedBerryPremium,0,11.5,86.58969604863222,23.94381337386018,0.2765203536505358,52.235,8,7.0,89.0,0.4148936170212766,2026-10,11.5,995.7815045592705,275.3538537993921,600.7025,92.0,80.5,4.7712765957446805,287.3978457446808,-52.774849240121625,-340.17269498480243
2026-10-12,BKK_Ladprao,PassionFruit,0,25.5,63.23085034013606,16.98635714285714,0.26864034014223875,28.654999999999998,6,6.0,65.0,0.145578231292517,2026-10,25.5,1612.3866836734694,433.1521071428571,730.7025,153.0,153.0,3.712244897959184,128.64784693877553,142.53207653061236,13.884229591836828
2026-10-12,BKK_Ladprao,Pineapple,0,52.25,47.845854229354735,12.786699899699096,0.2672478129119515,10.084999999999999,6,5.0,49.0,0.06920762286860582,2026-10,52.25,2499.945883483785,668.1050697592777,526.94125,313.5,261.25,3.616098294884654,58.164941073219666,730.1495637245075,671.9846226512879
2026-10-12,BKK_Ladprao,Watermelon,0,82.25,44.02063492063492,12.068285714285715,0.27415065084916884,7.945,6,5.0,45.0,0.05246913580246913,2026-10,82.25,3620.697222222222,992.6165,653.47625,493.5,411.25,4.315586419753086,60.180852623456786,1069.8544722222223,1009.6736195987655
2026-10-12,BKK_Sukhumvit,Guava,0,57.25,47.95304734667938,13.01283050524309,0.2713660804738032,10.04,6,5.5,49.0,0.047664442326024785,2026-10,57.25,2745.3119605973943,744.9845464251669,574.79,343.5,314.875,2.7287893231649187,43.76978074356529,767.1624141722275,723.3926334286622
2026-10-12,BKK_Sukhumvit,MixedBerryPremium,0,18.5,86.75255652173914,22.990975304347824,0.26501784184984295,52.235,8,7.0,89.0,0.21565217391304348,2026-10,18.5,1604.922295652174,425.33304313043476,966.3475,148.0,129.5,3.9895652173913043,240.31146086956522,-64.25824747826073,-304.56970834782595
2026-10-12,BKK_Sukhumvit,PassionFruit,0,49.0,63.17115539452496,17.610132850241545,0.27876857309733194,28.654999999999998,6,6.0,65.0,0.09098228663446055,2026-10,49.0,3095.386614331723,862.8965096618357,1404.0949999999998,294.0,294.0,4.458132045088567,154.49656602254427,240.3951046698876,85.89853864734332
2026-10-12,BKK_Sukhumvit,Pineapple,0,92.75,47.74254871088369,12.82280334579807,0.2685822959190887,10.084999999999999,6,5.0,49.0,0.03896870694745129,2026-10,92.75,4428.121392934462,1189.315010322771,935.38375,556.5,463.75,3.614347569376107,58.13678065341469,1283.1726326116914,1225.0358519582767
2026-10-12,BKK_Sukhumvit,Watermelon,0,137.5,44.07588018917498,11.868067787703627,0.26926445341001765,7.945,6,5.0,45.0,0.030084077771939045,2026-10,137.5,6060.4335260115595,1631.8593208092486,1092.4375,825.0,687.5,4.136560693641619,57.68433887283238,1823.6367052023106,1765.9523663294783
2026-10-12,Pattaya_Beach,Guava,0,61.75,47.80525027808676,13.032506562847606,0.27261663702284855,10.04,6,5.5,49.0,0.05506117908787542,2026-10,61.75,2951.9742046718575,804.7572802558396,619.9699999999999,370.5,339.625,3.400027808676307,54.536446051167964,817.1219244160179,762.5854783648499
2026-10-12,Pattaya_Beach,MixedBerryPremium,0,19.25,86.3254953000723,23.297381344902387,0.26987833969465647,52.235,8,7.0,89.0,0.23716558206796817,2026-10,19.25,1661.7657845263918,448.474590889371,1005.52375,154.0,134.75,4.565437454808388,274.99912509038325,-80.98255636297904,-355.9816814533623
2026-10-12,Pattaya_Beach,PassionFruit,0,49.5,63.013126945693536,17.109371497751642,0.2715207501525353,28.654999999999998,6,6.0,65.0,0.08993427879626427,2026-10,49.5,3119.14978381183,846.9138891387063,1418.4225,297.0,297.0,4.451746800415082,154.27528536838466,259.81339467312364,105.53810930473898
2026-10-12,Pattaya_Beach,Pineapple,0,95.25,47.68440197512802,13.193954352596926,0.2766932960484403,10.084999999999999,6,5.0,49.0,0.040965618141916606,2026-10,95.25,4541.939288130944,1256.7241520848572,960.5962499999999,571.5,476.25,3.9019751280175567,62.7632699341624,1276.868886046087,1214.1056161119245
2026-10-12,Pattaya_Beach,Watermelon,0,149.25,43.95651561399389,11.924427330359238,0.2712778108955253,7.945,6,5.0,45.0,0.0308757924395398,2026-10,149.25,6560.509955388588,1779.7207790561163,1185.79125,895.5,746.25,4.608212021601315,64.26151664123034,1953.2479263324722,1888.9864096912418
2026-10-12,Pattaya_Central,Guava,0,65.25,47.82334133461354,13.24736053768603,0.27700616828498065,10.04,6,5.5,49.0,0.05400864138262122,2026-10,65.25,3120.473022083533,864.3902750840134,655.1099999999999,391.5,358.875,3.524063850216035,56.525984157465196,850.59774699952,794.0717628420548
2026-10-12,Pattaya_Central,MixedBerryPremium,0,25.75,86.52879332477535,23.51800436456996,0.27179397124258947,52.235,8,7.0,89.0,0.2233632862644416,2026-10,25.75,2228.1164281129654,605.5886123876764,1345.05125,206.0,180.25,5.7516046213093714,346.44790436457,-108.77343427471124,-455.2213386392812
2026-10-12,Pattaya_Central,PassionFruit,0,54.25,63.01625368731563,17.166189380530973,0.2724089163679736,28.654999999999998,6,6.0,65.0,0.08849557522123894,2026-10,54.25,3418.631762536873,931.2657738938053,1554.5337499999998,325.5,325.5,4.800884955752212,166.37466814159293,281.83223864306774,115.4575705014748
2026-10-12,Pattaya_Central,Pineapple,0,109.0,47.78324340709306,13.039893664746893,0.2728967883919579,10.084999999999999,6,5.0,49.0,0.03925431949075477,2026-10,109.0,5208.373531373143,1421.3484094574114,1099.2649999999999,654.0,545.0,4.27872082449227,68.82322446195816,1488.7601219157318,1419.9368974537736
2026-10-12,Pattaya_Central,Watermelon,0,179.0,44.00282273983419,11.737794315041452,0.26675093969404934,7.945,6,5.0,45.0,0.029609159099881564,2026-10,179.0,7876.50527043032,2101.06518239242,1422.155,1074.0,895.0,5.3000394788788,73.90905053296487,2384.2850880379,2310.376037504935
2026-10-13,BKK_Ladprao,Guava,1,35.5,47.85666666666667,13.140177070063695,0.274573596226169,10.04,6,5.5,49.0,0.08227176220806794,2026-10,35.5,1698.9116666666669,466.4762859872612,356.41999999999996,213.0,195.25,2.9206475583864115,46.84718683651804,467.7653806794058,420.9181938428877
2026-10-13,BKK_Ladprao,MixedBerryPremium,1,10.25,86.58969604863222,23.94381337386018,0.2765203536505358,52.235,8,7.0,89.0,0.4148936170212766,2026-10,10.25,887.5443844984802,245.42408708206685,535.4087499999999,82.0,71.75,4.252659574468085,256.1589494680851,-47.038452583586604,-303.1974020516717
2026-10-13,BKK_Ladprao,PassionFruit,1,25.75,63.23085034013606,16.98635714285714,0.26864034014223875,28.654999999999998,6,6.0,65.0,0.145578231292517,2026-10,25.75,1628.1943962585035,437.3986964285714,737.8662499999999,154.5,154.5,3.748639455782313,129.90910034013606,143.92944982993208,14.020349489796018
2026-10-13,BKK_Ladprao,Pineapple,1,48.25,47.845854229354735,12.786699899699096,0.2672478129119515,10.084999999999999,6,5.0,49.0,0.06920762286860582,2026-10,48.25,2308.562466566366,616.9582701604813,486.60124999999994,289.5,241.25,3.3392678034102308,53.71212261785357,674.2529464058846,620.540823788031
2026-10-13,BKK_Ladprao,Watermelon,1,75.5,44.02063492063492,12.068285714285715,0.27415065084916884,7.945,6,5.0,45.0,0.05246913580246913,2026-10,75.5,3323.5579365079366,911.1555714285714,599.8475,453.0,377.5,3.9614197530864197,55.24199845679012,982.0548650793653,926.8128666225751
2026-10-13,BKK_Sukhumvit,Guava,1,54.0,47.95304734667938,13.01283050524309,0.2713660804738032,10.04,6,5.5,49.0,0.047664442326024785,2026-10,54.0,2589.4645567206862,702.6928472831269,542.16,324.0,297.0,2.573879885605338,41.28503336510962,723.6117094375595,682.3266760724499
2026-10-13,BKK_Sukhumvit,MixedBerryPremium,1,19.75,86.75255652173914,22.990975304347824,0.26501784184984295,52.235,8,7.0,89.0,0.21565217391304348,2026-10,19.75,1713.362991304348,454.07176226086955,1031.64125,158.0,138.25,4.259130434782609,256.54872173913043,-68.60002095652135,-325.1487426956518
2026-10-13,BKK_Sukhumvit,PassionFruit,1,44.5,63.17115539452496,17.610132850241545,0.27876857309733194,28.654999999999998,6,6.0,65.0,0.09098228663446055,2026-10,44.5,2811.116415056361,783.6509118357487,1275.1474999999998,267.0,267.0,4.048711755233494,140.30810587761675,218.31800322061235,78.0098973429956
2026-10-13,BKK_Sukhumvit,Pineapple,1,85.0,47.74254871088369,12.82280334579807,0.2685822959190887,10.084999999999999,6,5.0,49.0,0.03896870694745129,2026-10,85.0,4058.1166404251135,1089.9382843928358,857.2249999999999,510.0,425.0,3.3123400905333598,53.278990356229095,1175.953356032278,1122.6743656760489
2026-10-13,BKK_Sukhumvit,Watermelon,1,136.0,44.07588018917498,11.868067787703627,0.26926445341001765,7.945,6,5.0,45.0,0.030084077771939045,2026-10,136.0,5994.319705727798,1614.0572191276933,1080.52,816.0,680.0,4.09143457698371,57.05505517603784,1803.7424866001038,1746.687431424066
2026-10-13,Pattaya_Beach,Guava,1,51.0,47.80525027808676,13.032506562847606,0.27261663702284855,10.04,6,5.5,49.0,0.05506117908787542,2026-10,51.0,2438.067764182425,664.657834705228,512.04,306.0,280.5,2.8081201334816464,45.042246941045605,674.869929477197,629.8276825361514
2026-10-13,Pattaya_Beach,MixedBerryPremium,1,21.25,86.3254953000723,23.297381344902387,0.26987833969465647,52.235,8,7.0,89.0,0.23716558206796817,2026-10,21.25,1834.4167751265365,495.06935357917575,1109.99375,170.0,148.75,5.039768618944324,303.57046276211133,-89.39632845263918,-392.9667912147505
2026-10-13,Pattaya_Beach,PassionFruit,1,47.0,63.013126945693536,17.109371497751642,0.2715207501525353,28.654999999999998,6,6.0,65.0,0.08993427879626427,2026-10,47.0,2961.616966447596,804.1404603943272,1346.7849999999999,282.0,282.0,4.2269111034244204,146.4836042891733,246.69150605326877,100.20790176409548
2026-10-13,Pattaya_Beach,Pineapple,1,91.25,47.68440197512802,13.193954352596926,0.2766932960484403,10.084999999999999,6,5.0,49.0,0.040965618141916606,2026-10,91.25,4351.2016802304315,1203.9483346744694,920.2562499999999,547.5,456.25,3.7381126554498905,60.127542062911495,1223.247095555962,1163.1195534930505
2026-10-13,Pattaya_Beach,Watermelon,1,142.75,43.95651561399389,11.924427330359238,0.2712778108955253,7.945,6,5.0,45.0,0.0308757924395398,2026-10,142.75,6274.792603897628,1702.2120014087814,1134.14875,856.5,713.75,4.407519370744306,61.46285762502935,1868.1818524888467,1806.7189948638174
2026-10-13,Pattaya_Central,Guava,1,65.75,47.82334133461354,13.24736053768603,0.27700616828498065,10.04,6,5.5,49.0,0.05400864138262122,2026-10,65.75,3144.3846927508403,871.0139553528564,660.13,394.5,361.625,3.5510681709073455,56.95913346135382,857.115737397984,800.1566039366302
2026-10-13,Pattaya_Central,MixedBerryPremium,1,22.75,86.52879332477535,23.51800436456996,0.27179397124258947,52.235,8,7.0,89.0,0.2233632862644416,2026-10,22.75,1968.5300481386391,535.0345992939666,1188.34625,182.0,159.25,5.081514762516046,306.08504172015404,-96.10080115532742,-402.18584287548146
2026-10-13,Pattaya_Central,PassionFruit,1,55.75,63.01625368731563,17.166189380530973,0.2724089163679736,28.654999999999998,6,6.0,65.0,0.08849557522123894,2026-10,55.75,3513.1561430678466,957.0150579646017,1597.51625,334.5,334.5,4.933628318584071,170.97488938053098,289.624835103245,118.64994572271402
2026-10-13,Pattaya_Central,Pineapple,1,114.0,47.78324340709306,13.039893664746893,0.2728967883919579,10.084999999999999,6,5.0,49.0,0.03925431949075477,2026-10,114.0,5447.289748408609,1486.5478777811459,1149.6899999999998,684.0,570.0,4.474992421946044,71.98025310700211,1557.0518706274634,1485.0716175204611
2026-10-13,Pattaya_Central,Watermelon,1,164.25,44.00282273983419,11.737794315041452,0.26675093969404934,7.945,6,5.0,45.0,0.029609159099881564,2026-10,164.25,7227.463635017765,1927.9327162455584,1304.96625,985.5,821.25,4.863304382155547,67.8187796091591,2187.8146687722065,2119.995889163047
2026-10-14,BKK_Ladprao,Guava,2,28.5,47.85666666666667,13.140177070063695,0.274573596226169,10.04,6,5.5,49.0,0.08227176220806794,2026-10,28.5,1363.915,374.4950464968153,286.14,171.0,156.75,2.3447452229299364,37.609713375796176,375.52995350318474,337.9202401273886
2026-10-14,BKK_Ladprao,MixedBerryPremium,2,9.75,86.58969604863222,23.94381337386018,0.2765203536505358,52.235,8,7.0,89.0,0.4148936170212766,2026-10,9.75,844.2495364741642,233.45218039513676,509.29125,78.0,68.25,4.045212765957447,243.6633909574468,-44.743893920972596,-288.40728487841943
2026-10-14,BKK_Ladprao,PassionFruit,2,27.5,63.23085034013606,16.98635714285714,0.26864034014223875,28.654999999999998,6,6.0,65.0,0.145578231292517,2026-10,27.5,1738.8483843537415,467.1248214285714,788.0124999999999,165.0,165.0,4.003401360544218,138.73787414965986,153.71106292517015,14.973188775510295
2026-10-14,BKK_Ladprao,Pineapple,2,58.0,47.845854229354735,12.786699899699096,0.2672478129119515,10.084999999999999,6,5.0,49.0,0.06920762286860582,2026-10,58.0,2775.059545302575,741.6285941825475,584.93,348.0,290.0,4.014042126379138,64.56586760280844,810.5009511200274,745.9350835172189
2026-10-14,BKK_Ladprao,Watermelon,2,76.75,44.02063492063492,12.068285714285715,0.27415065084916884,7.945,6,5.0,45.0,0.05246913580246913,2026-10,76.75,3378.58373015873,926.2409285714286,609.7787500000001,460.5,383.75,4.027006172839506,56.156601080246915,998.314051587301,942.1574505070541
2026-10-14,BKK_Sukhumvit,Guava,2,52.75,47.95304734667938,13.01283050524309,0.2713660804738032,10.04,6,5.5,49.0,0.047664442326024785,2026-10,52.75,2529.5232475373373,686.4268091515729,529.6099999999999,316.5,290.125,2.5142993326978074,40.329361296472825,706.8614383857644,666.5320770892915
2026-10-14,BKK_Sukhumvit,MixedBerryPremium,2,20.0,86.75255652173914,22.990975304347824,0.26501784184984295,52.235,8,7.0,89.0,0.21565217391304348,2026-10,20.0,1735.0511304347829,459.8195060869565,1044.7,160.0,140.0,4.3130434782608695,259.79617391304345,-69.46837565217356,-329.264549565217
2026-10-14,BKK_Sukhumvit,PassionFruit,2,46.75,63.17115539452496,17.610132850241545,0.27876857309733194,28.654999999999998,6,6.0,65.0,0.09098228663446055,2026-10,46.75,2953.251514694042,823.2737107487923,1339.62125,280.5,280.5,4.2534219001610305,147.40233595008053,229.35655394524974,81.95421799516922
2026-10-14,BKK_Sukhumvit,Pineapple,2,88.5,47.74254871088369,12.82280334579807,0.2685822959190887,10.084999999999999,6,5.0,49.0,0.03896870694745129,2026-10,88.5,4225.215560913207,1134.8180961031292,892.5224999999999,531.0,442.5,3.448730564849439,55.47283113560323,1224.374964810078,1168.9021336744747
2026-10-14,BKK_Sukhumvit,Watermelon,2,138.0,44.07588018917498,11.868067787703627,0.26926445341001765,7.945,6,5.0,45.0,0.030084077771939045,2026-10,138.0,6082.471466106147,1637.7933547031005,1096.41,828.0,690.0,4.151602732527588,57.89410010509722,1830.2681114030465,1772.3740112979492
2026-10-14,Pattaya_Beach,Guava,2,65.0,47.80525027808676,13.032506562847606,0.27261663702284855,10.04,6,5.5,49.0,0.05506117908787542,2026-10,65.0,3107.341268075639,847.1129265850944,652.5999999999999,390.0,357.5,3.578976640711902,57.40678531701891,860.1283414905447,802.7215561735258
2026-10-14,Pattaya_Beach,MixedBerryPremium,2,22.0,86.3254953000723,23.297381344902387,0.26987833969465647,52.235,8,7.0,89.0,0.23716558206796817,2026-10,22.0,1899.1608966015906,512.5423895878525,1149.17,176.0,154.0,5.2176428054952995,314.28471438900937,-92.55149298626202,-406.8362073752714
2026-10-14,Pattaya_Beach,PassionFruit,2,44.25,63.013126945693536,17.109371497751642,0.2715207501525353,28.654999999999998,6,6.0,65.0,0.08993427879626427,2026-10,44.25,2788.330867346939,757.0896887755101,1267.9837499999999,265.5,265.5,3.979591836734694,137.91275510204082,232.25742857142905,94.34467346938823
2026-10-14,Pattaya_Beach,Pineapple,2,80.0,47.68440197512802,13.193954352596926,0.2766932960484403,10.084999999999999,6,5.0,49.0,0.040965618141916606,2026-10,80.0,3814.7521580102416,1055.5163482077542,806.8,480.0,400.0,3.2772494513533283,52.71455742501829,1072.4358098024873,1019.721252377469
2026-10-14,Pattaya_Beach,Watermelon,2,139.25,43.95651561399389,11.924427330359238,0.2712778108955253,7.945,6,5.0,45.0,0.0308757924395398,2026-10,139.25,6120.944799248649,1660.476505752524,1106.34125,835.5,696.25,4.299454097205917,59.95588738553651,1822.3770434961252,1762.4211561105888
2026-10-14,Pattaya_Central,Guava,2,70.75,47.82334133461354,13.24736053768603,0.27700616828498065,10.04,6,5.5,49.0,0.05400864138262122,2026-10,70.75,3383.501399423908,937.2507580412865,710.3299999999999,424.5,389.125,3.8211113778204515,61.29062650024004,922.2956413826214,861.0050148823814
2026-10-14,Pattaya_Central,MixedBerryPremium,2,25.5,86.52879332477535,23.51800436456996,0.27179397124258947,52.235,8,7.0,89.0,0.2233632862644416,2026-10,25.5,2206.4842297817713,599.709111296534,1331.9925,204.0,178.5,5.69576379974326,343.08433247753527,-107.71738151476256,-450.80171399229783
2026-10-14,Pattaya_Central,PassionFruit,2,56.25,63.01625368731563,17.166189380530973,0.2724089163679736,28.654999999999998,6,6.0,65.0,0.08849557522123894,2026-10,56.25,3544.6642699115046,965.5981526548672,1611.8437499999998,337.5,337.5,4.977876106194691,172.508296460177,292.2223672566374,119.71407079646042
2026-10-14,Pattaya_Central,Pineapple,2,109.0,47.78324340709306,13.039893664746893,0.2728967883919579,10.084999999999999,6,5.0,49.0,0.03925431949075477,2026-10,109.0,5208.373531373143,1421.3484094574114,1099.2649999999999,654.0,545.0,4.27872082449227,68.82322446195816,1488.7601219157318,1419.9368974537736
2026-10-14,Pattaya_Central,Watermelon,2,160.0,44.00282273983419,11.737794315041452,0.26675093969404934,7.945,6,5.0,45.0,0.029609159099881564,2026-10,160.0,7040.45163837347,1878.0470904066324,1271.2,960.0,800.0,4.7374654559810505,66.06395578365576,2131.2045479668377,2065.140592183182
2026-10-15,BKK_Ladprao,Guava,3,31.5,47.85666666666667,13.140177070063695,0.274573596226169,10.04,6,5.5,49.0,0.08227176220806794,2026-10,31.5,1507.4850000000001,413.9155777070064,316.26,189.0,173.25,2.59156050955414,41.568630573248406,415.05942229299376,373.49079171974535
2026-10-15,BKK_Ladprao,MixedBerryPremium,3,12.75,86.58969604863222,23.94381337386018,0.2765203536505358,52.235,8,7.0,89.0,0.4148936170212766,2026-10,12.75,1104.0186246200608,305.2836205167173,665.99625,102.0,89.25,5.289893617021276,318.6367420212766,-58.511245896656646,-377.1479879179332
2026-10-15,BKK_Ladprao,PassionFruit,3,24.25,63.23085034013606,16.98635714285714,0.26864034014223875,28.654999999999998,6,6.0,65.0,0.145578231292517,2026-10,24.25,1533.3481207482994,411.9191607142857,694.88375,145.5,145.5,3.5302721088435374,122.34157993197279,135.54521003401373,13.203630102040947
2026-10-15,BKK_Ladprao,Pineapple,3,52.25,47.845854229354735,12.786699899699096,0.2672478129119515,10.084999999999999,6,5.0,49.0,0.06920762286860582,2026-10,52.25,2499.945883483785,668.1050697592777,526.94125,313.5,261.25,3.616098294884654,58.164941073219666,730.1495637245075,671.9846226512879
2026-10-15,BKK_Ladprao,Watermelon,3,85.5,44.02063492063492,12.068285714285715,0.27415065084916884,7.945,6,5.0,45.0,0.05246913580246913,2026-10,85.5,3763.7642857142855,1031.8384285714285,679.2975,513.0,427.5,4.486111111111111,62.55881944444444,1112.128357142857,1049.5695376984127
2026-10-15,BKK_Sukhumvit,Guava,3,58.25,47.95304734667938,13.01283050524309,0.2713660804738032,10.04,6,5.5,49.0,0.047664442326024785,2026-10,58.25,2793.2650079440737,757.9973769304099,584.8299999999999,349.5,320.375,2.7764537654909436,44.53431839847473,780.5626310136638,736.0283126151891
2026-10-15,BKK_Sukhumvit,MixedBerryPremium,3,20.0,86.75255652173914,22.990975304347824,0.26501784184984295,52.235,8,7.0,89.0,0.21565217391304348,2026-10,20.0,1735.0511304347829,459.8195060869565,1044.7,160.0,140.0,4.3130434782608695,259.79617391304345,-69.46837565217356,-329.264549565217
2026-10-15,BKK_Sukhumvit,PassionFruit,3,43.25,63.17115539452496,17.610132850241545,0.27876857309733194,28.654999999999998,6,6.0,65.0,0.09098228663446055,2026-10,43.25,2732.1524708132047,761.6382457729468,1239.32875,259.5,259.5,3.9349838969404187,136.3668669484702,212.1854750402581,75.8186080917879
2026-10-15,BKK_Sukhumvit,Pineapple,3,85.0,47.74254871088369,12.82280334579807,0.2685822959190887,10.084999999999999,6,5.0,49.0,0.03896870694745129,2026-10,85.0,4058.1166404251135,1089.9382843928358,857.2249999999999,510.0,425.0,3.3123400905333598,53.278990356229095,1175.953356032278,1122.6743656760489
2026-10-15,BKK_Sukhumvit,Watermelon,3,132.75,44.07588018917498,11.868067787703627,0.26926445341001765,7.945,6,5.0,45.0,0.030084077771939045,2026-10,132.75,5851.073095112979,1575.4859988176565,1054.69875,796.5,663.75,3.993661324224908,55.691607166316345,1760.6383462953227,1704.9467391290063
2026-10-15,Pattaya_Beach,Guava,3,61.5,47.80525027808676,13.032506562847606,0.27261663702284855,10.04,6,5.5,49.0,0.05506117908787542,2026-10,61.5,2940.022892102336,801.4991536151279,617.4599999999999,369.0,338.25,3.386262513904338,54.31565072302558,813.813738487208,759.4980877641824
2026-10-15,Pattaya_Beach,MixedBerryPremium,3,21.5,86.3254953000723,23.297381344902387,0.26987833969465647,52.235,8,7.0,89.0,0.23716558206796817,2026-10,21.5,1855.9981489515546,500.89369891540133,1123.0525,172.0,150.5,5.099060014461315,307.14187997107734,-90.44804996384664,-397.589929934924
2026-10-15,Pattaya_Beach,PassionFruit,3,48.75,63.013126945693536,17.109371497751642,0.2715207501525353,28.654999999999998,6,6.0,65.0,0.08993427879626427,2026-10,48.75,3071.88993860256,834.0818605153926,1396.9312499999999,292.5,292.5,4.384296091317883,151.93778104462123,255.87682808716772,103.93904704254649
2026-10-15,Pattaya_Beach,Pineapple,3,87.75,47.68440197512802,13.193954352596926,0.2766932960484403,10.084999999999999,6,5.0,49.0,0.040965618141916606,2026-10,87.75,4184.306273317484,1157.7694944403802,884.9587499999999,526.5,438.75,3.5947329919531823,57.82128017556694,1176.3280288771039,1118.506748701537
2026-10-15,Pattaya_Beach,Watermelon,3,140.5,43.95651561399389,11.924427330359238,0.2712778108955253,7.945,6,5.0,45.0,0.0308757924395398,2026-10,140.5,6175.890443766142,1675.382039915473,1116.2725,843.0,702.5,4.338048837755342,60.49409104249825,1838.7359038506693,1778.241812808171
2026-10-15,Pattaya_Central,Guava,3,66.25,47.82334133461354,13.24736053768603,0.27700616828498065,10.04,6,5.5,49.0,0.05400864138262122,2026-10,66.25,3168.296363418147,877.6376356216995,665.15,397.5,364.375,3.578072491598656,57.39228276524244,863.6337277964476,806.2414450312051
2026-10-15,Pattaya_Central,MixedBerryPremium,3,18.0,86.52879332477535,23.51800436456996,0.27179397124258947,52.235,8,7.0,89.0,0.2233632862644416,2026-10,18.0,1557.5182798459564,423.3240785622593,940.23,144.0,126.0,4.020539152759949,242.17717586649553,-76.0357987163029,-318.21297458279844
2026-10-15,Pattaya_Central,PassionFruit,3,57.0,63.01625368731563,17.166189380530973,0.2724089163679736,28.654999999999998,6,6.0,65.0,0.08849557522123894,2026-10,57.0,3591.926460176991,978.4727946902655,1633.3349999999998,342.0,342.0,5.04424778761062,174.80840707964603,296.1186654867256,121.31025840707957
2026-10-15,Pattaya_Central,Pineapple,3,104.0,47.78324340709306,13.039893664746893,0.2728967883919579,10.084999999999999,6,5.0,49.0,0.03925431949075477,2026-10,104.0,4969.457314337678,1356.148941133677,1048.84,624.0,520.0,4.082449227038496,65.66619581691421,1420.4683732040012,1354.8021773870869
2026-10-15,Pattaya_Central,Watermelon,3,165.0,44.00282273983419,11.737794315041452,0.26675093969404934,7.945,6,5.0,45.0,0.029609159099881564,2026-10,165.0,7260.4657520726405,1936.7360619818396,1310.925,990.0,825.0,4.885511251480458,68.12845440189498,2197.804690090801,2129.676235688906
2026-10-16,BKK_Ladprao,Guava,4,33.0,47.85666666666667,13.140177070063695,0.274573596226169,10.04,6,5.5,49.0,0.08227176220806794,2026-10,33.0,1579.27,433.62584331210195,331.32,198.0,181.5,2.7149681528662417,43.54808917197452,434.82415668789804,391.2760675159235
2026-10-16,BKK_Ladprao,MixedBerryPremium,4,13.0,86.58969604863222,23.94381337386018,0.2765203536505358,52.235,8,7.0,89.0,0.4148936170212766,2026-10,13.0,1125.666048632219,311.26957386018233,679.055,104.0,91.0,5.3936170212765955,324.8845212765957,-59.65852522796331,-384.543046504559
2026-10-16,BKK_Ladprao,PassionFruit,4,23.75,63.23085034013606,16.98635714285714,0.26864034014223875,28.654999999999998,6,6.0,65.0,0.145578231292517,2026-10,23.75,1501.7326955782314,403.4259821428571,680.55625,142.5,142.5,3.4574829931972793,119.81907312925172,132.7504634353743,12.931390306122566
2026-10-16,BKK_Ladprao,Pineapple,4,55.0,47.845854229354735,12.786699899699096,0.2672478129119515,10.084999999999999,6,5.0,49.0,0.06920762286860582,2026-10,55.0,2631.5219826145103,703.2684944834502,554.675,330.0,275.0,3.80641925777332,61.22625376128386,768.5784881310601,707.3522343697763
2026-10-16,BKK_Ladprao,Watermelon,4,71.0,44.02063492063492,12.068285714285715,0.27415065084916884,7.945,6,5.0,45.0,0.05246913580246913,2026-10,71.0,3125.4650793650794,856.8482857142857,564.095,426.0,355.0,3.7253086419753085,51.949429012345675,923.5217936507938,871.5723646384481
2026-10-16,BKK_Sukhumvit,Guava,4,54.75,47.95304734667938,13.01283050524309,0.2713660804738032,10.04,6,5.5,49.0,0.047664442326024785,2026-10,54.75,2625.429342230696,712.4524701620592,549.6899999999999,328.5,301.125,2.609628217349857,41.858436606291704,733.661872068637,691.8034354623453
2026-10-16,BKK_Sukhumvit,MixedBerryPremium,4,17.75,86.75255652173914,22.990975304347824,0.26501784184984295,52.235,8,7.0,89.0,0.21565217391304348,2026-10,17.75,1539.8578782608697,408.08981165217386,927.17125,142.0,124.25,3.827826086956522,230.56910434782608,-61.65318339130408,-292.22228773913014
2026-10-16,BKK_Sukhumvit,PassionFruit,4,40.0,63.17115539452496,17.610132850241545,0.27876857309733194,28.654999999999998,6,6.0,65.0,0.09098228663446055,2026-10,40.0,2526.846215780998,704.4053140096618,1146.1999999999998,240.0,240.0,3.639291465378422,126.11964573268922,196.24090177133667,70.12125603864745
2026-10-16,BKK_Sukhumvit,Pineapple,4,89.75,47.74254871088369,12.82280334579807,0.2685822959190887,10.084999999999999,6,5.0,49.0,0.03896870694745129,2026-10,89.75,4284.893746801811,1150.8466002853768,905.12875,538.5,448.75,3.497441448533753,56.256345699665424,1241.6683965164343,1185.412050816769
2026-10-16,BKK_Sukhumvit,Watermelon,4,130.0,44.07588018917498,11.868067787703627,0.26926445341001765,7.945,6,5.0,45.0,0.030084077771939045,2026-10,130.0,5729.864424592747,1542.8488124014714,1032.8500000000001,780.0,650.0,3.910930110352076,54.5379203888597,1724.1656121912756,1669.627691802416
2026-10-16,Pattaya_Beach,Guava,4,56.75,47.80525027808676,13.032506562847606,0.27261663702284855,10.04,6,5.5,49.0,0.05506117908787542,2026-10,56.75,2712.9479532814235,739.5947474416016,569.77,340.5,312.125,3.1247219132369297,50.12053948832035,750.9582058398219,700.8376663515015
2026-10-16,Pattaya_Beach,MixedBerryPremium,4,21.5,86.3254953000723,23.297381344902387,0.26987833969465647,52.235,8,7.0,89.0,0.23716558206796817,2026-10,21.5,1855.9981489515546,500.89369891540133,1123.0525,172.0,150.5,5.099060014461315,307.14187997107734,-90.44804996384664,-397.589929934924
2026-10-16,Pattaya_Beach,PassionFruit,4,50.0,63.013126945693536,17.109371497751642,0.2715207501525353,28.654999999999998,6,6.0,65.0,0.08993427879626427,2026-10,50.0,3150.656347284677,855.4685748875821,1432.7499999999998,300.0,300.0,4.496713939813214,155.83362158422693,262.43777239709516,106.60415081286823
2026-10-16,Pattaya_Beach,Pineapple,4,84.0,47.68440197512802,13.193954352596926,0.2766932960484403,10.084999999999999,6,5.0,49.0,0.040965618141916606,2026-10,84.0,4005.4897659107537,1108.2921656181418,847.1399999999999,504.0,420.0,3.441111923920995,55.350285296269206,1126.0576002926118,1070.7073149963426
2026-10-16,Pattaya_Beach,Watermelon,4,144.75,43.95651561399389,11.924427330359238,0.2712778108955253,7.945,6,5.0,45.0,0.0308757924395398,2026-10,144.75,6362.705635125616,1726.0608560694998,1150.03875,868.5,723.75,4.469270955623386,62.32398347616812,1894.3560290561163,1832.032045579948
2026-10-16,Pattaya_Central,Guava,4,74.75,47.82334133461354,13.24736053768603,0.27700616828498065,10.04,6,5.5,49.0,0.05400864138262122,2026-10,74.75,3574.794764762362,990.2402001920307,750.4899999999999,448.5,411.125,4.037145943350937,64.75582093134902,974.4395645703312,909.6837436389822
2026-10-16,Pattaya_Central,MixedBerryPremium,4,24.25,86.52879332477535,23.51800436456996,0.27179397124258947,52.235,8,7.0,89.0,0.2233632862644416,2026-10,24.25,2098.323238125802,570.3116058408216,1266.69875,194.0,169.75,5.416559691912709,326.266473042362,-102.43711771501967,-428.7035907573817
2026-10-16,Pattaya_Central,PassionFruit,4,49.75,63.01625368731563,17.166189380530973,0.2724089163679736,28.654999999999998,6,6.0,65.0,0.08849557522123894,2026-10,49.75,3135.0586209439525,854.0179216814159,1425.5862499999998,298.5,298.5,4.402654867256637,152.57400442477876,258.45444926253685,105.88044483775809
2026-10-16,Pattaya_Central,Pineapple,4,101.0,47.78324340709306,13.039893664746893,0.2728967883919579,10.084999999999999,6,5.0,49.0,0.03925431949075477,2026-10,101.0,4826.107584116399,1317.0292601394362,1018.5849999999999,606.0,505.0,3.964686268566232,63.77197862988784,1379.493323976963,1315.7213453470752
2026-10-16,Pattaya_Central,Watermelon,4,155.0,44.00282273983419,11.737794315041452,0.26675093969404934,7.945,6,5.0,45.0,0.029609159099881564,2026-10,155.0,6820.437524674299,1819.358118831425,1231.4750000000001,930.0,775.0,4.589419660481642,63.9994571654165,2064.6044058428743,2000.6049486774577
2026-10-17,BKK_Ladprao,Guava,5,39.75,47.85666666666667,13.140177070063695,0.274573596226169,10.04,6,5.5,49.0,0.08227176220806794,2026-10,39.75,1902.3025,522.3220385350319,399.09,238.5,218.625,3.2703025477707004,52.45565286624203,523.7654614649682,471.3098085987262
2026-10-17,BKK_Ladprao,MixedBerryPremium,5,12.75,86.58969604863222,23.94381337386018,0.2765203536505358,52.235,8,7.0,89.0,0.4148936170212766,2026-10,12.75,1104.0186246200608,305.2836205167173,665.99625,102.0,89.25,5.289893617021276,318.6367420212766,-58.511245896656646,-377.1479879179332
2026-10-17,BKK_Ladprao,PassionFruit,5,29.75,63.23085034013606,16.98635714285714,0.26864034014223875,28.654999999999998,6,6.0,65.0,0.145578231292517,2026-10,29.75,1881.1177976190477,505.34412499999996,852.4862499999999,178.5,178.5,4.3309523809523816,150.08915476190478,166.28742261904767,16.198267857142895
2026-10-17,BKK_Ladprao,Pineapple,5,62.75,47.845854229354735,12.786699899699096,0.2672478129119515,10.084999999999999,6,5.0,49.0,0.06920762286860582,2026-10,62.75,3002.3273528920095,802.3654187061182,632.8337499999999,376.5,313.75,4.342778335005016,69.85358951855568,876.8781841858913,807.0245946673356
2026-10-17,BKK_Ladprao,Watermelon,5,95.25,44.02063492063492,12.068285714285715,0.27415065084916884,7.945,6,5.0,45.0,0.05246913580246913,2026-10,95.25,4192.965476190476,1149.5042142857144,756.76125,571.5,476.25,4.997685185185185,69.69271990740741,1238.9500119047616,1169.2572919973543
2026-10-17,BKK_Sukhumvit,Guava,5,64.5,47.95304734667938,13.01283050524309,0.2713660804738032,10.04,6,5.5,49.0,0.047664442326024785,2026-10,64.5,3092.9715538608198,839.3275675881792,647.5799999999999,387.0,354.75,3.0743565300285987,49.31267874165872,864.3139862726407,815.001307530982
2026-10-17,BKK_Sukhumvit,MixedBerryPremium,5,29.5,86.75255652173914,22.990975304347824,0.26501784184984295,52.235,8,7.0,89.0,0.21565217391304348,2026-10,29.5,2559.2004173913047,678.2337714782608,1540.9325,236.0,206.5,6.361739130434783,383.19935652173916,-102.46585408695591,-485.6652106086951
2026-10-17,BKK_Sukhumvit,PassionFruit,5,47.75,63.17115539452496,17.610132850241545,0.27876857309733194,28.654999999999998,6,6.0,65.0,0.09098228663446055,2026-10,47.75,3016.422670088567,840.8838435990338,1368.27625,286.5,286.5,4.344404186795491,150.55532709339775,234.26257648953333,83.70724939613558
2026-10-17,BKK_Sukhumvit,Pineapple,5,101.25,47.74254871088369,12.82280334579807,0.2685822959190887,10.084999999999999,6,5.0,49.0,0.03896870694745129,2026-10,101.25,4833.933056976974,1298.3088387620546,1021.1062499999999,607.5,506.25,3.9455815784294432,63.464679689037595,1400.7679682149192,1337.3032885258815
2026-10-17,BKK_Sukhumvit,Watermelon,5,161.75,44.07588018917498,11.868067787703627,0.26926445341001765,7.945,6,5.0,45.0,0.030084077771939045,2026-10,161.75,7129.273620599053,1919.6599646610616,1285.10375,970.5,808.75,4.866099579611141,67.85775863767736,2145.259905937992,2077.4021473003145
2026-10-17,Pattaya_Beach,Guava,5,82.0,47.80525027808676,13.032506562847606,0.27261663702284855,10.04,6,5.5,49.0,0.05506117908787542,2026-10,82.0,3920.0305228031143,1068.6655381535038,823.28,492.0,451.0,4.515016685205784,72.42086763070077,1085.0849846496108,1012.66411701891
2026-10-17,Pattaya_Beach,MixedBerryPremium,5,33.0,86.3254953000723,23.297381344902387,0.26987833969465647,52.235,8,7.0,89.0,0.23716558206796817,2026-10,33.0,2848.741344902386,768.8135843817788,1723.7549999999999,264.0,231.0,7.82646420824295,471.4270715835141,-138.82723947939257,-610.2543110629067
2026-10-17,Pattaya_Beach,PassionFruit,5,66.0,63.013126945693536,17.109371497751642,0.2715207501525353,28.654999999999998,6,6.0,65.0,0.08993427879626427,2026-10,66.0,4158.866378415773,1129.2185188516085,1891.2299999999998,396.0,396.0,5.935662400553442,205.70038049117954,346.41785956416516,140.7174790729856
2026-10-17,Pattaya_Beach,Pineapple,5,121.75,47.68440197512802,13.193954352596926,0.2766932960484403,10.084999999999999,6,5.0,49.0,0.040965618141916606,2026-10,121.75,5805.5759404718365,1606.3639424286757,1227.8487499999999,730.5,608.75,4.987564008778347,80.22496708119971,1632.1132480431606,1551.8882809619608
2026-10-17,Pattaya_Beach,Watermelon,5,203.5,43.95651561399389,11.924427330359238,0.2712778108955253,7.945,6,5.0,45.0,0.0308757924395398,2026-10,203.5,8945.150927447758,2426.620961728105,1616.8075000000001,1221.0,1017.5,6.283223761446349,87.61955535336934,2663.222465719652,2575.6029103662827
2026-10-17,Pattaya_Central,Guava,5,95.5,47.82334133461354,13.24736053768603,0.27700616828498065,10.04,6,5.5,49.0,0.05400864138262122,2026-10,95.5,4567.129097455593,1265.1229313490157,958.8199999999999,573.0,525.25,5.157825252040327,82.73151704272685,1244.9361661065777,1162.2046490638509
2026-10-17,Pattaya_Central,MixedBerryPremium,5,33.0,86.52879332477535,23.51800436456996,0.27179397124258947,52.235,8,7.0,89.0,0.2233632862644416,2026-10,33.0,2855.4501797175867,776.0941440308087,1723.7549999999999,264.0,231.0,7.370988446726573,443.9914890885751,-139.39896431322177,-583.3904534017969
2026-10-17,Pattaya_Central,PassionFruit,5,81.25,63.01625368731563,17.166189380530973,0.2724089163679736,28.654999999999998,6,6.0,65.0,0.08849557522123894,2026-10,81.25,5120.070612094395,1394.7528871681416,2328.21875,487.5,487.5,7.1902654867256635,249.17865044247787,422.0989749262535,172.92032448377563
2026-10-17,Pattaya_Central,Pineapple,5,146.75,47.78324340709306,13.039893664746893,0.2728967883919579,10.084999999999999,6,5.0,49.0,0.03925431949075477,2026-10,146.75,7012.1909699909065,1913.6043953016065,1479.9737499999999,880.5,733.75,5.760571385268263,92.65879073204002,2004.3628246893004,1911.7040339572604
2026-10-17,Pattaya_Central,Watermelon,5,234.25,44.00282273983419,11.737794315041452,0.26675093969404934,7.945,6,5.0,45.0,0.029609159099881564,2026-10,234.25,10307.661226806158,2749.57831829846,1861.11625,1405.5,1171.25,6.935945519147256,96.72176026450849,3120.2166585076975,3023.494898243189
2026-10-18,BKK_Ladprao,Guava,6,34.25,47.85666666666667,13.140177070063695,0.274573596226169,10.04,6,5.5,49.0,0.08227176220806794,2026-10,34.25,1639.0908333333334,450.05106464968156,343.86999999999995,205.5,188.375,2.817807855626327,45.19763800424628,451.2947686836519,406.0971306794056
2026-10-18,BKK_Ladprao,MixedBerryPremium,6,13.75,86.58969604863222,23.94381337386018,0.2765203536505358,52.235,8,7.0,89.0,0.4148936170212766,2026-10,13.75,1190.608320668693,329.22743389057746,718.23125,110.0,96.25,5.704787234042553,343.62785904255315,-63.100363221884436,-406.7282222644376
2026-10-18,BKK_Ladprao,PassionFruit,6,28.0,63.23085034013606,16.98635714285714,0.26864034014223875,28.654999999999998,6,6.0,65.0,0.145578231292517,2026-10,28.0,1770.4638095238097,475.61799999999994,802.3399999999999,168.0,168.0,4.076190476190476,141.26038095238096,156.50580952380983,15.245428571428874
2026-10-18,BKK_Ladprao,Pineapple,6,49.75,47.845854229354735,12.786699899699096,0.2672478129119515,10.084999999999999,6,5.0,49.0,0.06920762286860582,2026-10,49.75,2380.331247910398,636.13832001003,501.72874999999993,298.5,248.75,3.44307923771314,55.38192953861586,695.214177900368,639.8322483617521
2026-10-18,BKK_Ladprao,Watermelon,6,84.25,44.02063492063492,12.068285714285715,0.27415065084916884,7.945,6,5.0,45.0,0.05246913580246913,2026-10,84.25,3708.738492063492,1016.7530714285715,669.36625,505.5,421.25,4.4205246913580245,61.64421682098765,1095.8691706349205,1034.2249538139329
2026-10-18,BKK_Sukhumvit,Guava,6,56.5,47.95304734667938,13.01283050524309,0.2713660804738032,10.04,6,5.5,49.0,0.047664442326024785,2026-10,56.5,2709.3471750873846,735.2249235462345,567.26,339.0,310.75,2.6930409914204003,43.19637750238322,757.11225154115,713.9158740387668
2026-10-18,BKK_Sukhumvit,MixedBerryPremium,6,17.0,86.75255652173914,22.990975304347824,0.26501784184984295,52.235,8,7.0,89.0,0.21565217391304348,2026-10,17.0,1474.7934608695653,390.846580173913,887.995,136.0,119.0,3.666086956521739,220.82674782608694,-59.048119304347665,-279.8748671304346
2026-10-18,BKK_Sukhumvit,PassionFruit,6,41.25,63.17115539452496,17.610132850241545,0.27876857309733194,28.654999999999998,6,6.0,65.0,0.09098228663446055,2026-10,41.25,2605.8101600241544,726.4179800724637,1182.01875,247.5,247.5,3.7530193236714977,130.06088466183576,202.37342995169092,72.31254528985517
2026-10-18,BKK_Sukhumvit,Pineapple,6,95.5,47.74254871088369,12.82280334579807,0.2685822959190887,10.084999999999999,6,5.0,49.0,0.03896870694745129,2026-10,95.5,4559.413401889392,1224.5777195237156,963.1175,573.0,477.5,3.721511513481598,59.860512694351506,1321.2181823656765,1261.357669671325
2026-10-18,BKK_Sukhumvit,Watermelon,6,136.5,44.07588018917498,11.868067787703627,0.26926445341001765,7.945,6,5.0,45.0,0.030084077771939045,2026-10,136.5,6016.357645822385,1619.991253021545,1084.4925,819.0,682.5,4.1064766158696795,57.26481640830268,1810.3738928008406,1753.1090763925379
2026-10-18,Pattaya_Beach,Guava,6,71.75,47.80525027808676,13.032506562847606,0.27261663702284855,10.04,6,5.5,49.0,0.05506117908787542,2026-10,71.75,3430.026707452725,935.0823458843157,720.3699999999999,430.5,394.625,3.9506395995550614,63.368259176863184,949.4493615684096,886.0811023915464
2026-10-18,Pattaya_Beach,MixedBerryPremium,6,30.25,86.3254953000723,23.297381344902387,0.26987833969465647,52.235,8,7.0,89.0,0.23716558206796817,2026-10,30.25,2611.346232827187,704.7457856832972,1580.1087499999999,242.0,211.75,7.174258857556037,432.1414822848879,-127.25830285610982,-559.3997851409977
2026-10-18,Pattaya_Beach,PassionFruit,6,58.25,63.013126945693536,17.109371497751642,0.2715207501525353,28.654999999999998,6,6.0,65.0,0.08993427879626427,2026-10,58.25,3670.5146445866485,996.6208897440331,1669.15375,349.5,349.5,5.238671739882394,181.54616914562436,305.74000484261524,124.19383569699087
2026-10-18,Pattaya_Beach,Pineapple,6,104.75,47.68440197512802,13.193954352596926,0.2766932960484403,10.084999999999999,6,5.0,49.0,0.040965618141916606,2026-10,104.75,4994.94110689466,1382.066718434528,1056.40375,628.5,523.75,4.291148500365765,69.02312362838333,1404.2206384601322,1335.197514831749
2026-10-18,Pattaya_Beach,Watermelon,6,187.25,43.95651561399389,11.924427330359238,0.2712778108955253,7.945,6,5.0,45.0,0.0308757924395398,2026-10,187.25,8230.857548720356,2232.8490176097675,1487.70125,1123.5,936.25,5.781492134303828,80.62290781286688,2450.5572811105885,2369.934373297722
2026-10-18,Pattaya_Central,Guava,6,95.25,47.82334133461354,13.24736053768603,0.27700616828498065,10.04,6,5.5,49.0,0.05400864138262122,2026-10,95.25,4555.17326212194,1261.8110912145944,956.31,571.5,523.875,5.144323091694671,82.51494239078252,1241.6771709073455,1159.162228516563
2026-10-18,Pattaya_Central,MixedBerryPremium,6,32.0,86.52879332477535,23.51800436456996,0.27179397124258947,52.235,8,7.0,89.0,0.2233632862644416,2026-10,32.0,2768.921386392811,752.5761396662388,1671.52,256.0,224.0,7.147625160462131,430.53720154043646,-135.17475327342754,-565.7119548138639
2026-10-18,Pattaya_Central,PassionFruit,6,73.75,63.01625368731563,17.166189380530973,0.2724089163679736,28.654999999999998,6,6.0,65.0,0.08849557522123894,2026-10,73.75,4647.448709439528,1266.0064668141592,2113.3062499999996,442.5,442.5,6.5265486725663715,226.1775442477876,383.135992625369,156.9584483775814
2026-10-18,Pattaya_Central,Pineapple,6,133.0,47.78324340709306,13.039893664746893,0.2728967883919579,10.084999999999999,6,5.0,49.0,0.03925431949075477,2026-10,133.0,6355.171373143377,1734.3058574113368,1341.3049999999998,798.0,665.0,5.220824492270385,83.97696195816914,1816.5605157320406,1732.5835537738715
2026-10-18,Pattaya_Central,Watermelon,6,213.5,44.00282273983419,11.737794315041452,0.26675093969404934,7.945,6,5.0,45.0,0.029609159099881564,2026-10,213.5,9394.602654954599,2506.01908626135,1696.2575000000002,1281.0,1067.5,6.321555467824714,88.15409099881565,2843.826068693248,2755.6719776944324
2026-10-19,BKK_Ladprao,Guava,0,30.25,47.85666666666667,13.140177070063695,0.274573596226169,10.04,6,5.5,49.0,0.08227176220806794,2026-10,30.25,1447.6641666666667,397.49035636942676,303.71,181.5,166.375,2.488720806794055,39.91908174097664,398.5888102972399,358.66972855626324
2026-10-19,BKK_Ladprao,MixedBerryPremium,0,11.5,86.58969604863222,23.94381337386018,0.2765203536505358,52.235,8,7.0,89.0,0.4148936170212766,2026-10,11.5,995.7815045592705,275.3538537993921,600.7025,92.0,80.5,4.7712765957446805,287.3978457446808,-52.774849240121625,-340.17269498480243
2026-10-19,BKK_Ladprao,PassionFruit,0,25.5,63.23085034013606,16.98635714285714,0.26864034014223875,28.654999999999998,6,6.0,65.0,0.145578231292517,2026-10,25.5,1612.3866836734694,433.1521071428571,730.7025,153.0,153.0,3.712244897959184,128.64784693877553,142.53207653061236,13.884229591836828
2026-10-19,BKK_Ladprao,Pineapple,0,52.25,47.845854229354735,12.786699899699096,0.2672478129119515,10.084999999999999,6,5.0,49.0,0.06920762286860582,2026-10,52.25,2499.945883483785,668.1050697592777,526.94125,313.5,261.25,3.616098294884654,58.164941073219666,730.1495637245075,671.9846226512879
2026-10-19,BKK_Ladprao,Watermelon,0,82.25,44.02063492063492,12.068285714285715,0.27415065084916884,7.945,6,5.0,45.0,0.05246913580246913,2026-10,82.25,3620.697222222222,992.6165,653.47625,493.5,411.25,4.315586419753086,60.180852623456786,1069.8544722222223,1009.6736195987655
2026-10-19,BKK_Sukhumvit,Guava,0,57.25,47.95304734667938,13.01283050524309,0.2713660804738032,10.04,6,5.5,49.0,0.047664442326024785,2026-10,57.25,2745.3119605973943,744.9845464251669,574.79,343.5,314.875,2.7287893231649187,43.76978074356529,767.1624141722275,723.3926334286622
2026-10-19,BKK_Sukhumvit,MixedBerryPremium,0,18.5,86.75255652173914,22.990975304347824,0.26501784184984295,52.235,8,7.0,89.0,0.21565217391304348,2026-10,18.5,1604.922295652174,425.33304313043476,966.3475,148.0,129.5,3.9895652173913043,240.31146086956522,-64.25824747826073,-304.56970834782595
2026-10-19,BKK_Sukhumvit,PassionFruit,0,49.0,63.17115539452496,17.610132850241545,0.27876857309733194,28.654999999999998,6,6.0,65.0,0.09098228663446055,2026-10,49.0,3095.386614331723,862.8965096618357,1404.0949999999998,294.0,294.0,4.458132045088567,154.49656602254427,240.3951046698876,85.89853864734332
2026-10-19,BKK_Sukhumvit,Pineapple,0,92.75,47.74254871088369,12.82280334579807,0.2685822959190887,10.084999999999999,6,5.0,49.0,0.03896870694745129,2026-10,92.75,4428.121392934462,1189.315010322771,935.38375,556.5,463.75,3.614347569376107,58.13678065341469,1283.1726326116914,1225.0358519582767
2026-10-19,BKK_Sukhumvit,Watermelon,0,137.5,44.07588018917498,11.868067787703627,0.26926445341001765,7.945,6,5.0,45.0,0.030084077771939045,2026-10,137.5,6060.4335260115595,1631.8593208092486,1092.4375,825.0,687.5,4.136560693641619,57.68433887283238,1823.6367052023106,1765.9523663294783
2026-10-19,Pattaya_Beach,Guava,0,61.75,47.80525027808676,13.032506562847606,0.27261663702284855,10.04,6,5.5,49.0,0.05506117908787542,2026-10,61.75,2951.9742046718575,804.7572802558396,619.9699999999999,370.5,339.625,3.400027808676307,54.536446051167964,817.1219244160179,762.5854783648499
2026-10-19,Pattaya_Beach,MixedBerryPremium,0,19.25,86.3254953000723,23.297381344902387,0.26987833969465647,52.235,8,7.0,89.0,0.23716558206796817,2026-10,19.25,1661.7657845263918,448.474590889371,1005.52375,154.0,134.75,4.565437454808388,274.99912509038325,-80.98255636297904,-355.9816814533623
2026-10-19,Pattaya_Beach,PassionFruit,0,49.5,63.013126945693536,17.109371497751642,0.2715207501525353,28.654999999999998,6,6.0,65.0,0.08993427879626427,2026-10,49.5,3119.14978381183,846.9138891387063,1418.4225,297.0,297.0,4.451746800415082,154.27528536838466,259.81339467312364,105.53810930473898
2026-10-19,Pattaya_Beach,Pineapple,0,95.25,47.68440197512802,13.193954352596926,0.2766932960484403,10.084999999999999,6,5.0,49.0,0.040965618141916606,2026-10,95.25,4541.939288130944,1256.7241520848572,960.5962499999999,571.5,476.25,3.9019751280175567,62.7632699341624,1276.868886046087,1214.1056161119245
2026-10-19,Pattaya_Beach,Watermelon,0,149.25,43.95651561399389,11.924427330359238,0.2712778108955253,7.945,6,5.0,45.0,0.0308757924395398,2026-10,149.25,6560.509955388588,1779.7207790561163,1185.79125,895.5,746.25,4.608212021601315,64.26151664123034,1953.2479263324722,1888.9864096912418
2026-10-19,Pattaya_Central,Guava,0,65.25,47.82334133461354,13.24736053768603,0.27700616828498065,10.04,6,5.5,49.0,0.05400864138262122,2026-10,65.25,3120.473022083533,864.3902750840134,655.1099999999999,391.5,358.875,3.524063850216035,56.525984157465196,850.59774699952,794.0717628420548
2026-10-19,Pattaya_Central,MixedBerryPremium,0,25.75,86.52879332477535,23.51800436456996,0.27179397124258947,52.235,8,7.0,89.0,0.2233632862644416,2026-10,25.75,2228.1164281129654,605.5886123876764,1345.05125,206.0,180.25,5.7516046213093714,346.44790436457,-108.77343427471124,-455.2213386392812
2026-10-19,Pattaya_Central,PassionFruit,0,54.25,63.01625368731563,17.166189380530973,0.2724089163679736,28.654999999999998,6,6.0,65.0,0.08849557522123894,2026-10,54.25,3418.631762536873,931.2657738938053,1554.5337499999998,325.5,325.5,4.800884955752212,166.37466814159293,281.83223864306774,115.4575705014748
2026-10-19,Pattaya_Central,Pineapple,0,109.0,47.78324340709306,13.039893664746893,0.2728967883919579,10.084999999999999,6,5.0,49.0,0.03925431949075477,2026-10,109.0,5208.373531373143,1421.3484094574114,1099.2649999999999,654.0,545.0,4.27872082449227,68.82322446195816,1488.7601219157318,1419.9368974537736
2026-10-19,Pattaya_Central,Watermelon,0,179.0,44.00282273983419,11.737794315041452,0.26675093969404934,7.945,6,5.0,45.0,0.029609159099881564,2026-10,179.0,7876.50527043032,2101.06518239242,1422.155,1074.0,895.0,5.3000394788788,73.90905053296487,2384.2850880379,2310.376037504935
2026-10-20,BKK_Ladprao,Guava,1,35.5,47.85666666666667,13.140177070063695,0.274573596226169,10.04,6,5.5,49.0,0.08227176220806794,2026-10,35.5,1698.9116666666669,466.4762859872612,356.41999999999996,213.0,195.25,2.9206475583864115,46.84718683651804,467.7653806794058,420.9181938428877
2026-10-20,BKK_Ladprao,MixedBerryPremium,1,10.25,86.58969604863222,23.94381337386018,0.2765203536505358,52.235,8,7.0,89.0,0.4148936170212766,2026-10,10.25,887.5443844984802,245.42408708206685,535.4087499999999,82.0,71.75,4.252659574468085,256.1589494680851,-47.038452583586604,-303.1974020516717
2026-10-20,BKK_Ladprao,PassionFruit,1,25.75,63.23085034013606,16.98635714285714,0.26864034014223875,28.654999999999998,6,6.0,65.0,0.145578231292517,2026-10,25.75,1628.1943962585035,437.3986964285714,737.8662499999999,154.5,154.5,3.748639455782313,129.90910034013606,143.92944982993208,14.020349489796018
2026-10-20,BKK_Ladprao,Pineapple,1,48.25,47.845854229354735,12.786699899699096,0.2672478129119515,10.084999999999999,6,5.0,49.0,0.06920762286860582,2026-10,48.25,2308.562466566366,616.9582701604813,486.60124999999994,289.5,241.25,3.3392678034102308,53.71212261785357,674.2529464058846,620.540823788031
2026-10-20,BKK_Ladprao,Watermelon,1,75.5,44.02063492063492,12.068285714285715,0.27415065084916884,7.945,6,5.0,45.0,0.05246913580246913,2026-10,75.5,3323.5579365079366,911.1555714285714,599.8475,453.0,377.5,3.9614197530864197,55.24199845679012,982.0548650793653,926.8128666225751
2026-10-20,BKK_Sukhumvit,Guava,1,54.0,47.95304734667938,13.01283050524309,0.2713660804738032,10.04,6,5.5,49.0,0.047664442326024785,2026-10,54.0,2589.4645567206862,702.6928472831269,542.16,324.0,297.0,2.573879885605338,41.28503336510962,723.6117094375595,682.3266760724499
2026-10-20,BKK_Sukhumvit,MixedBerryPremium,1,19.75,86.75255652173914,22.990975304347824,0.26501784184984295,52.235,8,7.0,89.0,0.21565217391304348,2026-10,19.75,1713.362991304348,454.07176226086955,1031.64125,158.0,138.25,4.259130434782609,256.54872173913043,-68.60002095652135,-325.1487426956518
2026-10-20,BKK_Sukhumvit,PassionFruit,1,44.5,63.17115539452496,17.610132850241545,0.27876857309733194,28.654999999999998,6,6.0,65.0,0.09098228663446055,2026-10,44.5,2811.116415056361,783.6509118357487,1275.1474999999998,267.0,267.0,4.048711755233494,140.30810587761675,218.31800322061235,78.0098973429956
2026-10-20,BKK_Sukhumvit,Pineapple,1,85.0,47.74254871088369,12.82280334579807,0.2685822959190887,10.084999999999999,6,5.0,49.0,0.03896870694745129,2026-10,85.0,4058.1166404251135,1089.9382843928358,857.2249999999999,510.0,425.0,3.3123400905333598,53.278990356229095,1175.953356032278,1122.6743656760489
2026-10-20,BKK_Sukhumvit,Watermelon,1,136.0,44.07588018917498,11.868067787703627,0.26926445341001765,7.945,6,5.0,45.0,0.030084077771939045,2026-10,136.0,5994.319705727798,1614.0572191276933,1080.52,816.0,680.0,4.09143457698371,57.05505517603784,1803.7424866001038,1746.687431424066
2026-10-20,Pattaya_Beach,Guava,1,51.0,47.80525027808676,13.032506562847606,0.27261663702284855,10.04,6,5.5,49.0,0.05506117908787542,2026-10,51.0,2438.067764182425,664.657834705228,512.04,306.0,280.5,2.8081201334816464,45.042246941045605,674.869929477197,629.8276825361514
2026-10-20,Pattaya_Beach,MixedBerryPremium,1,21.25,86.3254953000723,23.297381344902387,0.26987833969465647,52.235,8,7.0,89.0,0.23716558206796817,2026-10,21.25,1834.4167751265365,495.06935357917575,1109.99375,170.0,148.75,5.039768618944324,303.57046276211133,-89.39632845263918,-392.9667912147505
2026-10-20,Pattaya_Beach,PassionFruit,1,47.0,63.013126945693536,17.109371497751642,0.2715207501525353,28.654999999999998,6,6.0,65.0,0.08993427879626427,2026-10,47.0,2961.616966447596,804.1404603943272,1346.7849999999999,282.0,282.0,4.2269111034244204,146.4836042891733,246.69150605326877,100.20790176409548
2026-10-20,Pattaya_Beach,Pineapple,1,91.25,47.68440197512802,13.193954352596926,0.2766932960484403,10.084999999999999,6,5.0,49.0,0.040965618141916606,2026-10,91.25,4351.2016802304315,1203.9483346744694,920.2562499999999,547.5,456.25,3.7381126554498905,60.127542062911495,1223.247095555962,1163.1195534930505
2026-10-20,Pattaya_Beach,Watermelon,1,142.75,43.95651561399389,11.924427330359238,0.2712778108955253,7.945,6,5.0,45.0,0.0308757924395398,2026-10,142.75,6274.792603897628,1702.2120014087814,1134.14875,856.5,713.75,4.407519370744306,61.46285762502935,1868.1818524888467,1806.7189948638174
2026-10-20,Pattaya_Central,Guava,1,65.75,47.82334133461354,13.24736053768603,0.27700616828498065,10.04,6,5.5,49.0,0.05400864138262122,2026-10,65.75,3144.3846927508403,871.0139553528564,660.13,394.5,361.625,3.5510681709073455,56.95913346135382,857.115737397984,800.1566039366302
2026-10-20,Pattaya_Central,MixedBerryPremium,1,22.75,86.52879332477535,23.51800436456996,0.27179397124258947,52.235,8,7.0,89.0,0.2233632862644416,2026-10,22.75,1968.5300481386391,535.0345992939666,1188.34625,182.0,159.25,5.081514762516046,306.08504172015404,-96.10080115532742,-402.18584287548146
2026-10-20,Pattaya_Central,PassionFruit,1,55.75,63.01625368731563,17.166189380530973,0.2724089163679736,28.654999999999998,6,6.0,65.0,0.08849557522123894,2026-10,55.75,3513.1561430678466,957.0150579646017,1597.51625,334.5,334.5,4.933628318584071,170.97488938053098,289.624835103245,118.64994572271402
2026-10-20,Pattaya_Central,Pineapple,1,114.0,47.78324340709306,13.039893664746893,0.2728967883919579,10.084999999999999,6,5.0,49.0,0.03925431949075477,2026-10,114.0,5447.289748408609,1486.5478777811459,1149.6899999999998,684.0,570.0,4.474992421946044,71.98025310700211,1557.0518706274634,1485.0716175204611
2026-10-20,Pattaya_Central,Watermelon,1,164.25,44.00282273983419,11.737794315041452,0.26675093969404934,7.945,6,5.0,45.0,0.029609159099881564,2026-10,164.25,7227.463635017765,1927.9327162455584,1304.96625,985.5,821.25,4.863304382155547,67.8187796091591,2187.8146687722065,2119.995889163047
2026-10-21,BKK_Ladprao,Guava,2,28.5,47.85666666666667,13.140177070063695,0.274573596226169,10.04,6,5.5,49.0,0.08227176220806794,2026-10,28.5,1363.915,374.4950464968153,286.14,171.0,156.75,2.3447452229299364,37.609713375796176,375.52995350318474,337.9202401273886
2026-10-21,BKK_Ladprao,MixedBerryPremium,2,9.75,86.58969604863222,23.94381337386018,0.2765203536505358,52.235,8,7.0,89.0,0.4148936170212766,2026-10,9.75,844.2495364741642,233.45218039513676,509.29125,78.0,68.25,4.045212765957447,243.6633909574468,-44.743893920972596,-288.40728487841943
2026-10-21,BKK_Ladprao,PassionFruit,2,27.5,63.23085034013606,16.98635714285714,0.26864034014223875,28.654999999999998,6,6.0,65.0,0.145578231292517,2026-10,27.5,1738.8483843537415,467.1248214285714,788.0124999999999,165.0,165.0,4.003401360544218,138.73787414965986,153.71106292517015,14.973188775510295
2026-10-21,BKK_Ladprao,Pineapple,2,58.0,47.845854229354735,12.786699899699096,0.2672478129119515,10.084999999999999,6,5.0,49.0,0.06920762286860582,2026-10,58.0,2775.059545302575,741.6285941825475,584.93,348.0,290.0,4.014042126379138,64.56586760280844,810.5009511200274,745.9350835172189
2026-10-21,BKK_Ladprao,Watermelon,2,76.75,44.02063492063492,12.068285714285715,0.27415065084916884,7.945,6,5.0,45.0,0.05246913580246913,2026-10,76.75,3378.58373015873,926.2409285714286,609.7787500000001,460.5,383.75,4.027006172839506,56.156601080246915,998.314051587301,942.1574505070541
2026-10-21,BKK_Sukhumvit,Guava,2,52.75,47.95304734667938,13.01283050524309,0.2713660804738032,10.04,6,5.5,49.0,0.047664442326024785,2026-10,52.75,2529.5232475373373,686.4268091515729,529.6099999999999,316.5,290.125,2.5142993326978074,40.329361296472825,706.8614383857644,666.5320770892915
2026-10-21,BKK_Sukhumvit,MixedBerryPremium,2,20.0,86.75255652173914,22.990975304347824,0.26501784184984295,52.235,8,7.0,89.0,0.21565217391304348,2026-10,20.0,1735.0511304347829,459.8195060869565,1044.7,160.0,140.0,4.3130434782608695,259.79617391304345,-69.46837565217356,-329.264549565217
2026-10-21,BKK_Sukhumvit,PassionFruit,2,46.75,63.17115539452496,17.610132850241545,0.27876857309733194,28.654999999999998,6,6.0,65.0,0.09098228663446055,2026-10,46.75,2953.251514694042,823.2737107487923,1339.62125,280.5,280.5,4.2534219001610305,147.40233595008053,229.35655394524974,81.95421799516922
2026-10-21,BKK_Sukhumvit,Pineapple,2,88.5,47.74254871088369,12.82280334579807,0.2685822959190887,10.084999999999999,6,5.0,49.0,0.03896870694745129,2026-10,88.5,4225.215560913207,1134.8180961031292,892.5224999999999,531.0,442.5,3.448730564849439,55.47283113560323,1224.374964810078,1168.9021336744747
2026-10-21,BKK_Sukhumvit,Watermelon,2,138.0,44.07588018917498,11.868067787703627,0.26926445341001765,7.945,6,5.0,45.0,0.030084077771939045,2026-10,138.0,6082.471466106147,1637.7933547031005,1096.41,828.0,690.0,4.151602732527588,57.89410010509722,1830.2681114030465,1772.3740112979492
2026-10-21,Pattaya_Beach,Guava,2,65.0,47.80525027808676,13.032506562847606,0.27261663702284855,10.04,6,5.5,49.0,0.05506117908787542,2026-10,65.0,3107.341268075639,847.1129265850944,652.5999999999999,390.0,357.5,3.578976640711902,57.40678531701891,860.1283414905447,802.7215561735258
2026-10-21,Pattaya_Beach,MixedBerryPremium,2,22.0,86.3254953000723,23.297381344902387,0.26987833969465647,52.235,8,7.0,89.0,0.23716558206796817,2026-10,22.0,1899.1608966015906,512.5423895878525,1149.17,176.0,154.0,5.2176428054952995,314.28471438900937,-92.55149298626202,-406.8362073752714
2026-10-21,Pattaya_Beach,PassionFruit,2,44.25,63.013126945693536,17.109371497751642,0.2715207501525353,28.654999999999998,6,6.0,65.0,0.08993427879626427,2026-10,44.25,2788.330867346939,757.0896887755101,1267.9837499999999,265.5,265.5,3.979591836734694,137.91275510204082,232.25742857142905,94.34467346938823
2026-10-21,Pattaya_Beach,Pineapple,2,80.0,47.68440197512802,13.193954352596926,0.2766932960484403,10.084999999999999,6,5.0,49.0,0.040965618141916606,2026-10,80.0,3814.7521580102416,1055.5163482077542,806.8,480.0,400.0,3.2772494513533283,52.71455742501829,1072.4358098024873,1019.721252377469
2026-10-21,Pattaya_Beach,Watermelon,2,139.25,43.95651561399389,11.924427330359238,0.2712778108955253,7.945,6,5.0,45.0,0.0308757924395398,2026-10,139.25,6120.944799248649,1660.476505752524,1106.34125,835.5,696.25,4.299454097205917,59.95588738553651,1822.3770434961252,1762.4211561105888
2026-10-21,Pattaya_Central,Guava,2,70.75,47.82334133461354,13.24736053768603,0.27700616828498065,10.04,6,5.5,49.0,0.05400864138262122,2026-10,70.75,3383.501399423908,937.2507580412865,710.3299999999999,424.5,389.125,3.8211113778204515,61.29062650024004,922.2956413826214,861.0050148823814
2026-10-21,Pattaya_Central,MixedBerryPremium,2,25.5,86.52879332477535,23.51800436456996,0.27179397124258947,52.235,8,7.0,89.0,0.2233632862644416,2026-10,25.5,2206.4842297817713,599.709111296534,1331.9925,204.0,178.5,5.69576379974326,343.08433247753527,-107.71738151476256,-450.80171399229783
2026-10-21,Pattaya_Central,PassionFruit,2,56.25,63.01625368731563,17.166189380530973,0.2724089163679736,28.654999999999998,6,6.0,65.0,0.08849557522123894,2026-10,56.25,3544.6642699115046,965.5981526548672,1611.8437499999998,337.5,337.5,4.977876106194691,172.508296460177,292.2223672566374,119.71407079646042
2026-10-21,Pattaya_Central,Pineapple,2,109.0,47.78324340709306,13.039893664746893,0.2728967883919579,10.084999999999999,6,5.0,49.0,0.03925431949075477,2026-10,109.0,5208.373531373143,1421.3484094574114,1099.2649999999999,654.0,545.0,4.27872082449227,68.82322446195816,1488.7601219157318,1419.9368974537736
2026-10-21,Pattaya_Central,Watermelon,2,160.0,44.00282273983419,11.737794315041452,0.26675093969404934,7.945,6,5.0,45.0,0.029609159099881564,2026-10,160.0,7040.45163837347,1878.0470904066324,1271.2,960.0,800.0,4.7374654559810505,66.06395578365576,2131.2045479668377,2065.140592183182
2026-10-22,BKK_Ladprao,Guava,3,31.5,47.85666666666667,13.140177070063695,0.274573596226169,10.04,6,5.5,49.0,0.08227176220806794,2026-10,31.5,1507.4850000000001,413.9155777070064,316.26,189.0,173.25,2.59156050955414,41.568630573248406,415.05942229299376,373.49079171974535
2026-10-22,BKK_Ladprao,MixedBerryPremium,3,12.75,86.58969604863222,23.94381337386018,0.2765203536505358,52.235,8,7.0,89.0,0.4148936170212766,2026-10,12.75,1104.0186246200608,305.2836205167173,665.99625,102.0,89.25,5.289893617021276,318.6367420212766,-58.511245896656646,-377.1479879179332
2026-10-22,BKK_Ladprao,PassionFruit,3,24.25,63.23085034013606,16.98635714285714,0.26864034014223875,28.654999999999998,6,6.0,65.0,0.145578231292517,2026-10,24.25,1533.3481207482994,411.9191607142857,694.88375,145.5,145.5,3.5302721088435374,122.34157993197279,135.54521003401373,13.203630102040947
2026-10-22,BKK_Ladprao,Pineapple,3,52.25,47.845854229354735,12.786699899699096,0.2672478129119515,10.084999999999999,6,5.0,49.0,0.06920762286860582,2026-10,52.25,2499.945883483785,668.1050697592777,526.94125,313.5,261.25,3.616098294884654,58.164941073219666,730.1495637245075,671.9846226512879
2026-10-22,BKK_Ladprao,Watermelon,3,85.5,44.02063492063492,12.068285714285715,0.27415065084916884,7.945,6,5.0,45.0,0.05246913580246913,2026-10,85.5,3763.7642857142855,1031.8384285714285,679.2975,513.0,427.5,4.486111111111111,62.55881944444444,1112.128357142857,1049.5695376984127
2026-10-22,BKK_Sukhumvit,Guava,3,58.25,47.95304734667938,13.01283050524309,0.2713660804738032,10.04,6,5.5,49.0,0.047664442326024785,2026-10,58.25,2793.2650079440737,757.9973769304099,584.8299999999999,349.5,320.375,2.7764537654909436,44.53431839847473,780.5626310136638,736.0283126151891
2026-10-22,BKK_Sukhumvit,MixedBerryPremium,3,20.0,86.75255652173914,22.990975304347824,0.26501784184984295,52.235,8,7.0,89.0,0.21565217391304348,2026-10,20.0,1735.0511304347829,459.8195060869565,1044.7,160.0,140.0,4.3130434782608695,259.79617391304345,-69.46837565217356,-329.264549565217
2026-10-22,BKK_Sukhumvit,PassionFruit,3,43.25,63.17115539452496,17.610132850241545,0.27876857309733194,28.654999999999998,6,6.0,65.0,0.09098228663446055,2026-10,43.25,2732.1524708132047,761.6382457729468,1239.32875,259.5,259.5,3.9349838969404187,136.3668669484702,212.1854750402581,75.8186080917879
2026-10-22,BKK_Sukhumvit,Pineapple,3,85.0,47.74254871088369,12.82280334579807,0.2685822959190887,10.084999999999999,6,5.0,49.0,0.03896870694745129,2026-10,85.0,4058.1166404251135,1089.9382843928358,857.2249999999999,510.0,425.0,3.3123400905333598,53.278990356229095,1175.953356032278,1122.6743656760489
2026-10-22,BKK_Sukhumvit,Watermelon,3,132.75,44.07588018917498,11.868067787703627,0.26926445341001765,7.945,6,5.0,45.0,0.030084077771939045,2026-10,132.75,5851.073095112979,1575.4859988176565,1054.69875,796.5,663.75,3.993661324224908,55.691607166316345,1760.6383462953227,1704.9467391290063
2026-10-22,Pattaya_Beach,Guava,3,61.5,47.80525027808676,13.032506562847606,0.27261663702284855,10.04,6,5.5,49.0,0.05506117908787542,2026-10,61.5,2940.022892102336,801.4991536151279,617.4599999999999,369.0,338.25,3.386262513904338,54.31565072302558,813.813738487208,759.4980877641824
2026-10-22,Pattaya_Beach,MixedBerryPremium,3,21.5,86.3254953000723,23.297381344902387,0.26987833969465647,52.235,8,7.0,89.0,0.23716558206796817,2026-10,21.5,1855.9981489515546,500.89369891540133,1123.0525,172.0,150.5,5.099060014461315,307.14187997107734,-90.44804996384664,-397.589929934924
2026-10-22,Pattaya_Beach,PassionFruit,3,48.75,63.013126945693536,17.109371497751642,0.2715207501525353,28.654999999999998,6,6.0,65.0,0.08993427879626427,2026-10,48.75,3071.88993860256,834.0818605153926,1396.9312499999999,292.5,292.5,4.384296091317883,151.93778104462123,255.87682808716772,103.93904704254649
2026-10-22,Pattaya_Beach,Pineapple,3,87.75,47.68440197512802,13.193954352596926,0.2766932960484403,10.084999999999999,6,5.0,49.0,0.040965618141916606,2026-10,87.75,4184.306273317484,1157.7694944403802,884.9587499999999,526.5,438.75,3.5947329919531823,57.82128017556694,1176.3280288771039,1118.506748701537
2026-10-22,Pattaya_Beach,Watermelon,3,140.5,43.95651561399389,11.924427330359238,0.2712778108955253,7.945,6,5.0,45.0,0.0308757924395398,2026-10,140.5,6175.890443766142,1675.382039915473,1116.2725,843.0,702.5,4.338048837755342,60.49409104249825,1838.7359038506693,1778.241812808171
2026-10-22,Pattaya_Central,Guava,3,66.25,47.82334133461354,13.24736053768603,0.27700616828498065,10.04,6,5.5,49.0,0.05400864138262122,2026-10,66.25,3168.296363418147,877.6376356216995,665.15,397.5,364.375,3.578072491598656,57.39228276524244,863.6337277964476,806.2414450312051
2026-10-22,Pattaya_Central,MixedBerryPremium,3,18.0,86.52879332477535,23.51800436456996,0.27179397124258947,52.235,8,7.0,89.0,0.2233632862644416,2026-10,18.0,1557.5182798459564,423.3240785622593,940.23,144.0,126.0,4.020539152759949,242.17717586649553,-76.0357987163029,-318.21297458279844
2026-10-22,Pattaya_Central,PassionFruit,3,57.0,63.01625368731563,17.166189380530973,0.2724089163679736,28.654999999999998,6,6.0,65.0,0.08849557522123894,2026-10,57.0,3591.926460176991,978.4727946902655,1633.3349999999998,342.0,342.0,5.04424778761062,174.80840707964603,296.1186654867256,121.31025840707957
2026-10-22,Pattaya_Central,Pineapple,3,104.0,47.78324340709306,13.039893664746893,0.2728967883919579,10.084999999999999,6,5.0,49.0,0.03925431949075477,2026-10,104.0,4969.457314337678,1356.148941133677,1048.84,624.0,520.0,4.082449227038496,65.66619581691421,1420.4683732040012,1354.8021773870869
2026-10-22,Pattaya_Central,Watermelon,3,165.0,44.00282273983419,11.737794315041452,0.26675093969404934,7.945,6,5.0,45.0,0.029609159099881564,2026-10,165.0,7260.4657520726405,1936.7360619818396,1310.925,990.0,825.0,4.885511251480458,68.12845440189498,2197.804690090801,2129.676235688906
2026-10-23,BKK_Ladprao,Guava,4,33.0,47.85666666666667,13.140177070063695,0.274573596226169,10.04,6,5.5,49.0,0.08227176220806794,2026-10,33.0,1579.27,433.62584331210195,331.32,198.0,181.5,2.7149681528662417,43.54808917197452,434.82415668789804,391.2760675159235
2026-10-23,BKK_Ladprao,MixedBerryPremium,4,13.0,86.58969604863222,23.94381337386018,0.2765203536505358,52.235,8,7.0,89.0,0.4148936170212766,2026-10,13.0,1125.666048632219,311.26957386018233,679.055,104.0,91.0,5.3936170212765955,324.8845212765957,-59.65852522796331,-384.543046504559
2026-10-23,BKK_Ladprao,PassionFruit,4,23.75,63.23085034013606,16.98635714285714,0.26864034014223875,28.654999999999998,6,6.0,65.0,0.145578231292517,2026-10,23.75,1501.7326955782314,403.4259821428571,680.55625,142.5,142.5,3.4574829931972793,119.81907312925172,132.7504634353743,12.931390306122566
2026-10-23,BKK_Ladprao,Pineapple,4,55.0,47.845854229354735,12.786699899699096,0.2672478129119515,10.084999999999999,6,5.0,49.0,0.06920762286860582,2026-10,55.0,2631.5219826145103,703.2684944834502,554.675,330.0,275.0,3.80641925777332,61.22625376128386,768.5784881310601,707.3522343697763
2026-10-23,BKK_Ladprao,Watermelon,4,71.0,44.02063492063492,12.068285714285715,0.27415065084916884,7.945,6,5.0,45.0,0.05246913580246913,2026-10,71.0,3125.4650793650794,856.8482857142857,564.095,426.0,355.0,3.7253086419753085,51.949429012345675,923.5217936507938,871.5723646384481
2026-10-23,BKK_Sukhumvit,Guava,4,54.75,47.95304734667938,13.01283050524309,0.2713660804738032,10.04,6,5.5,49.0,0.047664442326024785,2026-10,54.75,2625.429342230696,712.4524701620592,549.6899999999999,328.5,301.125,2.609628217349857,41.858436606291704,733.661872068637,691.8034354623453
2026-10-23,BKK_Sukhumvit,MixedBerryPremium,4,17.75,86.75255652173914,22.990975304347824,0.26501784184984295,52.235,8,7.0,89.0,0.21565217391304348,2026-10,17.75,1539.8578782608697,408.08981165217386,927.17125,142.0,124.25,3.827826086956522,230.56910434782608,-61.65318339130408,-292.22228773913014
2026-10-23,BKK_Sukhumvit,PassionFruit,4,40.0,63.17115539452496,17.610132850241545,0.27876857309733194,28.654999999999998,6,6.0,65.0,0.09098228663446055,2026-10,40.0,2526.846215780998,704.4053140096618,1146.1999999999998,240.0,240.0,3.639291465378422,126.11964573268922,196.24090177133667,70.12125603864745
2026-10-23,BKK_Sukhumvit,Pineapple,4,89.75,47.74254871088369,12.82280334579807,0.2685822959190887,10.084999999999999,6,5.0,49.0,0.03896870694745129,2026-10,89.75,4284.893746801811,1150.8466002853768,905.12875,538.5,448.75,3.497441448533753,56.256345699665424,1241.6683965164343,1185.412050816769
2026-10-23,BKK_Sukhumvit,Watermelon,4,130.0,44.07588018917498,11.868067787703627,0.26926445341001765,7.945,6,5.0,45.0,0.030084077771939045,2026-10,130.0,5729.864424592747,1542.8488124014714,1032.8500000000001,780.0,650.0,3.910930110352076,54.5379203888597,1724.1656121912756,1669.627691802416
2026-10-23,Pattaya_Beach,Guava,4,56.75,47.80525027808676,13.032506562847606,0.27261663702284855,10.04,6,5.5,49.0,0.05506117908787542,2026-10,56.75,2712.9479532814235,739.5947474416016,569.77,340.5,312.125,3.1247219132369297,50.12053948832035,750.9582058398219,700.8376663515015
2026-10-23,Pattaya_Beach,MixedBerryPremium,4,21.5,86.3254953000723,23.297381344902387,0.26987833969465647,52.235,8,7.0,89.0,0.23716558206796817,2026-10,21.5,1855.9981489515546,500.89369891540133,1123.0525,172.0,150.5,5.099060014461315,307.14187997107734,-90.44804996384664,-397.589929934924
2026-10-23,Pattaya_Beach,PassionFruit,4,50.0,63.013126945693536,17.109371497751642,0.2715207501525353,28.654999999999998,6,6.0,65.0,0.08993427879626427,2026-10,50.0,3150.656347284677,855.4685748875821,1432.7499999999998,300.0,300.0,4.496713939813214,155.83362158422693,262.43777239709516,106.60415081286823
2026-10-23,Pattaya_Beach,Pineapple,4,84.0,47.68440197512802,13.193954352596926,0.2766932960484403,10.084999999999999,6,5.0,49.0,0.040965618141916606,2026-10,84.0,4005.4897659107537,1108.2921656181418,847.1399999999999,504.0,420.0,3.441111923920995,55.350285296269206,1126.0576002926118,1070.7073149963426
2026-10-23,Pattaya_Beach,Watermelon,4,144.75,43.95651561399389,11.924427330359238,0.2712778108955253,7.945,6,5.0,45.0,0.0308757924395398,2026-10,144.75,6362.705635125616,1726.0608560694998,1150.03875,868.5,723.75,4.469270955623386,62.32398347616812,1894.3560290561163,1832.032045579948
2026-10-23,Pattaya_Central,Guava,4,74.75,47.82334133461354,13.24736053768603,0.27700616828498065,10.04,6,5.5,49.0,0.05400864138262122,2026-10,74.75,3574.794764762362,990.2402001920307,750.4899999999999,448.5,411.125,4.037145943350937,64.75582093134902,974.4395645703312,909.6837436389822
2026-10-23,Pattaya_Central,MixedBerryPremium,4,24.25,86.52879332477535,23.51800436456996,0.27179397124258947,52.235,8,7.0,89.0,0.2233632862644416,2026-10,24.25,2098.323238125802,570.3116058408216,1266.69875,194.0,169.75,5.416559691912709,326.266473042362,-102.43711771501967,-428.7035907573817
2026-10-23,Pattaya_Central,PassionFruit,4,49.75,63.01625368731563,17.166189380530973,0.2724089163679736,28.654999999999998,6,6.0,65.0,0.08849557522123894,2026-10,49.75,3135.0586209439525,854.0179216814159,1425.5862499999998,298.5,298.5,4.402654867256637,152.57400442477876,258.45444926253685,105.88044483775809
2026-10-23,Pattaya_Central,Pineapple,4,101.0,47.78324340709306,13.039893664746893,0.2728967883919579,10.084999999999999,6,5.0,49.0,0.03925431949075477,2026-10,101.0,4826.107584116399,1317.0292601394362,1018.5849999999999,606.0,505.0,3.964686268566232,63.77197862988784,1379.493323976963,1315.7213453470752
2026-10-23,Pattaya_Central,Watermelon,4,155.0,44.00282273983419,11.737794315041452,0.26675093969404934,7.945,6,5.0,45.0,0.029609159099881564,2026-10,155.0,6820.437524674299,1819.358118831425,1231.4750000000001,930.0,775.0,4.589419660481642,63.9994571654165,2064.6044058428743,2000.6049486774577
2026-10-24,BKK_Ladprao,Guava,5,39.75,47.85666666666667,13.140177070063695,0.274573596226169,10.04,6,5.5,49.0,0.08227176220806794,2026-10,39.75,1902.3025,522.3220385350319,399.09,238.5,218.625,3.2703025477707004,52.45565286624203,523.7654614649682,471.3098085987262
2026-10-24,BKK_Ladprao,MixedBerryPremium,5,12.75,86.58969604863222,23.94381337386018,0.2765203536505358,52.235,8,7.0,89.0,0.4148936170212766,2026-10,12.75,1104.0186246200608,305.2836205167173,665.99625,102.0,89.25,5.289893617021276,318.6367420212766,-58.511245896656646,-377.1479879179332
2026-10-24,BKK_Ladprao,PassionFruit,5,29.75,63.23085034013606,16.98635714285714,0.26864034014223875,28.654999999999998,6,6.0,65.0,0.145578231292517,2026-10,29.75,1881.1177976190477,505.34412499999996,852.4862499999999,178.5,178.5,4.3309523809523816,150.08915476190478,166.28742261904767,16.198267857142895
2026-10-24,BKK_Ladprao,Pineapple,5,62.75,47.845854229354735,12.786699899699096,0.2672478129119515,10.084999999999999,6,5.0,49.0,0.06920762286860582,2026-10,62.75,3002.3273528920095,802.3654187061182,632.8337499999999,376.5,313.75,4.342778335005016,69.85358951855568,876.8781841858913,807.0245946673356
2026-10-24,BKK_Ladprao,Watermelon,5,95.25,44.02063492063492,12.068285714285715,0.27415065084916884,7.945,6,5.0,45.0,0.05246913580246913,2026-10,95.25,4192.965476190476,1149.5042142857144,756.76125,571.5,476.25,4.997685185185185,69.69271990740741,1238.9500119047616,1169.2572919973543
2026-10-24,BKK_Sukhumvit,Guava,5,64.5,47.95304734667938,13.01283050524309,0.2713660804738032,10.04,6,5.5,49.0,0.047664442326024785,2026-10,64.5,3092.9715538608198,839.3275675881792,647.5799999999999,387.0,354.75,3.0743565300285987,49.31267874165872,864.3139862726407,815.001307530982
2026-10-24,BKK_Sukhumvit,MixedBerryPremium,5,29.5,86.75255652173914,22.990975304347824,0.26501784184984295,52.235,8,7.0,89.0,0.21565217391304348,2026-10,29.5,2559.2004173913047,678.2337714782608,1540.9325,236.0,206.5,6.361739130434783,383.19935652173916,-102.46585408695591,-485.6652106086951
2026-10-24,BKK_Sukhumvit,PassionFruit,5,47.75,63.17115539452496,17.610132850241545,0.27876857309733194,28.654999999999998,6,6.0,65.0,0.09098228663446055,2026-10,47.75,3016.422670088567,840.8838435990338,1368.27625,286.5,286.5,4.344404186795491,150.55532709339775,234.26257648953333,83.70724939613558
2026-10-24,BKK_Sukhumvit,Pineapple,5,101.25,47.74254871088369,12.82280334579807,0.2685822959190887,10.084999999999999,6,5.0,49.0,0.03896870694745129,2026-10,101.25,4833.933056976974,1298.3088387620546,1021.1062499999999,607.5,506.25,3.9455815784294432,63.464679689037595,1400.7679682149192,1337.3032885258815
2026-10-24,BKK_Sukhumvit,Watermelon,5,161.75,44.07588018917498,11.868067787703627,0.26926445341001765,7.945,6,5.0,45.0,0.030084077771939045,2026-10,161.75,7129.273620599053,1919.6599646610616,1285.10375,970.5,808.75,4.866099579611141,67.85775863767736,2145.259905937992,2077.4021473003145
2026-10-24,Pattaya_Beach,Guava,5,82.0,47.80525027808676,13.032506562847606,0.27261663702284855,10.04,6,5.5,49.0,0.05506117908787542,2026-10,82.0,3920.0305228031143,1068.6655381535038,823.28,492.0,451.0,4.515016685205784,72.42086763070077,1085.0849846496108,1012.66411701891
2026-10-24,Pattaya_Beach,MixedBerryPremium,5,33.0,86.3254953000723,23.297381344902387,0.26987833969465647,52.235,8,7.0,89.0,0.23716558206796817,2026-10,33.0,2848.741344902386,768.8135843817788,1723.7549999999999,264.0,231.0,7.82646420824295,471.4270715835141,-138.82723947939257,-610.2543110629067
2026-10-24,Pattaya_Beach,PassionFruit,5,66.0,63.013126945693536,17.109371497751642,0.2715207501525353,28.654999999999998,6,6.0,65.0,0.08993427879626427,2026-10,66.0,4158.866378415773,1129.2185188516085,1891.2299999999998,396.0,396.0,5.935662400553442,205.70038049117954,346.41785956416516,140.7174790729856
2026-10-24,Pattaya_Beach,Pineapple,5,121.75,47.68440197512802,13.193954352596926,0.2766932960484403,10.084999999999999,6,5.0,49.0,0.040965618141916606,2026-10,121.75,5805.5759404718365,1606.3639424286757,1227.8487499999999,730.5,608.75,4.987564008778347,80.22496708119971,1632.1132480431606,1551.8882809619608
2026-10-24,Pattaya_Beach,Watermelon,5,203.5,43.95651561399389,11.924427330359238,0.2712778108955253,7.945,6,5.0,45.0,0.0308757924395398,2026-10,203.5,8945.150927447758,2426.620961728105,1616.8075000000001,1221.0,1017.5,6.283223761446349,87.61955535336934,2663.222465719652,2575.6029103662827
2026-10-24,Pattaya_Central,Guava,5,95.5,47.82334133461354,13.24736053768603,0.27700616828498065,10.04,6,5.5,49.0,0.05400864138262122,2026-10,95.5,4567.129097455593,1265.1229313490157,958.8199999999999,573.0,525.25,5.157825252040327,82.73151704272685,1244.9361661065777,1162.2046490638509
2026-10-24,Pattaya_Central,MixedBerryPremium,5,33.0,86.52879332477535,23.51800436456996,0.27179397124258947,52.235,8,7.0,89.0,0.2233632862644416,2026-10,33.0,2855.4501797175867,776.0941440308087,1723.7549999999999,264.0,231.0,7.370988446726573,443.9914890885751,-139.39896431322177,-583.3904534017969
2026-10-24,Pattaya_Central,PassionFruit,5,81.25,63.01625368731563,17.166189380530973,0.2724089163679736,28.654999999999998,6,6.0,65.0,0.08849557522123894,2026-10,81.25,5120.070612094395,1394.7528871681416,2328.21875,487.5,487.5,7.1902654867256635,249.17865044247787,422.0989749262535,172.92032448377563
2026-10-24,Pattaya_Central,Pineapple,5,146.75,47.78324340709306,13.039893664746893,0.2728967883919579,10.084999999999999,6,5.0,49.0,0.03925431949075477,2026-10,146.75,7012.1909699909065,1913.6043953016065,1479.9737499999999,880.5,733.75,5.760571385268263,92.65879073204002,2004.3628246893004,1911.7040339572604
2026-10-24,Pattaya_Central,Watermelon,5,234.25,44.00282273983419,11.737794315041452,0.26675093969404934,7.945,6,5.0,45.0,0.029609159099881564,2026-10,234.25,10307.661226806158,2749.57831829846,1861.11625,1405.5,1171.25,6.935945519147256,96.72176026450849,3120.2166585076975,3023.494898243189
2026-10-25,BKK_Ladprao,Guava,6,34.25,47.85666666666667,13.140177070063695,0.274573596226169,10.04,6,5.5,49.0,0.08227176220806794,2026-10,34.25,1639.0908333333334,450.05106464968156,343.86999999999995,205.5,188.375,2.817807855626327,45.19763800424628,451.2947686836519,406.0971306794056
2026-10-25,BKK_Ladprao,MixedBerryPremium,6,13.75,86.58969604863222,23.94381337386018,0.2765203536505358,52.235,8,7.0,89.0,0.4148936170212766,2026-10,13.75,1190.608320668693,329.22743389057746,718.23125,110.0,96.25,5.704787234042553,343.62785904255315,-63.100363221884436,-406.7282222644376
2026-10-25,BKK_Ladprao,PassionFruit,6,28.0,63.23085034013606,16.98635714285714,0.26864034014223875,28.654999999999998,6,6.0,65.0,0.145578231292517,2026-10,28.0,1770.4638095238097,475.61799999999994,802.3399999999999,168.0,168.0,4.076190476190476,141.26038095238096,156.50580952380983,15.245428571428874
2026-10-25,BKK_Ladprao,Pineapple,6,49.75,47.845854229354735,12.786699899699096,0.2672478129119515,10.084999999999999,6,5.0,49.0,0.06920762286860582,2026-10,49.75,2380.331247910398,636.13832001003,501.72874999999993,298.5,248.75,3.44307923771314,55.38192953861586,695.214177900368,639.8322483617521
2026-10-25,BKK_Ladprao,Watermelon,6,84.25,44.02063492063492,12.068285714285715,0.27415065084916884,7.945,6,5.0,45.0,0.05246913580246913,2026-10,84.25,3708.738492063492,1016.7530714285715,669.36625,505.5,421.25,4.4205246913580245,61.64421682098765,1095.8691706349205,1034.2249538139329
2026-10-25,BKK_Sukhumvit,Guava,6,56.5,47.95304734667938,13.01283050524309,0.2713660804738032,10.04,6,5.5,49.0,0.047664442326024785,2026-10,56.5,2709.3471750873846,735.2249235462345,567.26,339.0,310.75,2.6930409914204003,43.19637750238322,757.11225154115,713.9158740387668
2026-10-25,BKK_Sukhumvit,MixedBerryPremium,6,17.0,86.75255652173914,22.990975304347824,0.26501784184984295,52.235,8,7.0,89.0,0.21565217391304348,2026-10,17.0,1474.7934608695653,390.846580173913,887.995,136.0,119.0,3.666086956521739,220.82674782608694,-59.048119304347665,-279.8748671304346
2026-10-25,BKK_Sukhumvit,PassionFruit,6,41.25,63.17115539452496,17.610132850241545,0.27876857309733194,28.654999999999998,6,6.0,65.0,0.09098228663446055,2026-10,41.25,2605.8101600241544,726.4179800724637,1182.01875,247.5,247.5,3.7530193236714977,130.06088466183576,202.37342995169092,72.31254528985517
2026-10-25,BKK_Sukhumvit,Pineapple,6,95.5,47.74254871088369,12.82280334579807,0.2685822959190887,10.084999999999999,6,5.0,49.0,0.03896870694745129,2026-10,95.5,4559.413401889392,1224.5777195237156,963.1175,573.0,477.5,3.721511513481598,59.860512694351506,1321.2181823656765,1261.357669671325
2026-10-25,BKK_Sukhumvit,Watermelon,6,136.5,44.07588018917498,11.868067787703627,0.26926445341001765,7.945,6,5.0,45.0,0.030084077771939045,2026-10,136.5,6016.357645822385,1619.991253021545,1084.4925,819.0,682.5,4.1064766158696795,57.26481640830268,1810.3738928008406,1753.1090763925379
2026-10-25,Pattaya_Beach,Guava,6,71.75,47.80525027808676,13.032506562847606,0.27261663702284855,10.04,6,5.5,49.0,0.05506117908787542,2026-10,71.75,3430.026707452725,935.0823458843157,720.3699999999999,430.5,394.625,3.9506395995550614,63.368259176863184,949.4493615684096,886.0811023915464
2026-10-25,Pattaya_Beach,MixedBerryPremium,6,30.25,86.3254953000723,23.297381344902387,0.26987833969465647,52.235,8,7.0,89.0,0.23716558206796817,2026-10,30.25,2611.346232827187,704.7457856832972,1580.1087499999999,242.0,211.75,7.174258857556037,432.1414822848879,-127.25830285610982,-559.3997851409977
2026-10-25,Pattaya_Beach,PassionFruit,6,58.25,63.013126945693536,17.109371497751642,0.2715207501525353,28.654999999999998,6,6.0,65.0,0.08993427879626427,2026-10,58.25,3670.5146445866485,996.6208897440331,1669.15375,349.5,349.5,5.238671739882394,181.54616914562436,305.74000484261524,124.19383569699087
2026-10-25,Pattaya_Beach,Pineapple,6,104.75,47.68440197512802,13.193954352596926,0.2766932960484403,10.084999999999999,6,5.0,49.0,0.040965618141916606,2026-10,104.75,4994.94110689466,1382.066718434528,1056.40375,628.5,523.75,4.291148500365765,69.02312362838333,1404.2206384601322,1335.197514831749
2026-10-25,Pattaya_Beach,Watermelon,6,187.25,43.95651561399389,11.924427330359238,0.2712778108955253,7.945,6,5.0,45.0,0.0308757924395398,2026-10,187.25,8230.857548720356,2232.8490176097675,1487.70125,1123.5,936.25,5.781492134303828,80.62290781286688,2450.5572811105885,2369.934373297722
2026-10-25,Pattaya_Central,Guava,6,95.25,47.82334133461354,13.24736053768603,0.27700616828498065,10.04,6,5.5,49.0,0.05400864138262122,2026-10,95.25,4555.17326212194,1261.8110912145944,956.31,571.5,523.875,5.144323091694671,82.51494239078252,1241.6771709073455,1159.162228516563
2026-10-25,Pattaya_Central,MixedBerryPremium,6,32.0,86.52879332477535,23.51800436456996,0.27179397124258947,52.235,8,7.0,89.0,0.2233632862644416,2026-10,32.0,2768.921386392811,752.5761396662388,1671.52,256.0,224.0,7.147625160462131,430.53720154043646,-135.17475327342754,-565.7119548138639
2026-10-25,Pattaya_Central,PassionFruit,6,73.75,63.01625368731563,17.166189380530973,0.2724089163679736,28.654999999999998,6,6.0,65.0,0.08849557522123894,2026-10,73.75,4647.448709439528,1266.0064668141592,2113.3062499999996,442.5,442.5,6.5265486725663715,226.1775442477876,383.135992625369,156.9584483775814
2026-10-25,Pattaya_Central,Pineapple,6,133.0,47.78324340709306,13.039893664746893,0.2728967883919579,10.084999999999999,6,5.0,49.0,0.03925431949075477,2026-10,133.0,6355.171373143377,1734.3058574113368,1341.3049999999998,798.0,665.0,5.220824492270385,83.97696195816914,1816.5605157320406,1732.5835537738715
2026-10-25,Pattaya_Central,Watermelon,6,213.5,44.00282273983419,11.737794315041452,0.26675093969404934,7.945,6,5.0,45.0,0.029609159099881564,2026-10,213.5,9394.602654954599,2506.01908626135,1696.2575000000002,1281.0,1067.5,6.321555467824714,88.15409099881565,2843.826068693248,2755.6719776944324
2026-10-26,BKK_Ladprao,Guava,0,30.25,47.85666666666667,13.140177070063695,0.274573596226169,10.04,6,5.5,49.0,0.08227176220806794,2026-10,30.25,1447.6641666666667,397.49035636942676,303.71,181.5,166.375,2.488720806794055,39.91908174097664,398.5888102972399,358.66972855626324
2026-10-26,BKK_Ladprao,MixedBerryPremium,0,11.5,86.58969604863222,23.94381337386018,0.2765203536505358,52.235,8,7.0,89.0,0.4148936170212766,2026-10,11.5,995.7815045592705,275.3538537993921,600.7025,92.0,80.5,4.7712765957446805,287.3978457446808,-52.774849240121625,-340.17269498480243
2026-10-26,BKK_Ladprao,PassionFruit,0,25.5,63.23085034013606,16.98635714285714,0.26864034014223875,28.654999999999998,6,6.0,65.0,0.145578231292517,2026-10,25.5,1612.3866836734694,433.1521071428571,730.7025,153.0,153.0,3.712244897959184,128.64784693877553,142.53207653061236,13.884229591836828
2026-10-26,BKK_Ladprao,Pineapple,0,52.25,47.845854229354735,12.786699899699096,0.2672478129119515,10.084999999999999,6,5.0,49.0,0.06920762286860582,2026-10,52.25,2499.945883483785,668.1050697592777,526.94125,313.5,261.25,3.616098294884654,58.164941073219666,730.1495637245075,671.9846226512879
2026-10-26,BKK_Ladprao,Watermelon,0,82.25,44.02063492063492,12.068285714285715,0.27415065084916884,7.945,6,5.0,45.0,0.05246913580246913,2026-10,82.25,3620.697222222222,992.6165,653.47625,493.5,411.25,4.315586419753086,60.180852623456786,1069.8544722222223,1009.6736195987655
2026-10-26,BKK_Sukhumvit,Guava,0,57.25,47.95304734667938,13.01283050524309,0.2713660804738032,10.04,6,5.5,49.0,0.047664442326024785,2026-10,57.25,2745.3119605973943,744.9845464251669,574.79,343.5,314.875,2.7287893231649187,43.76978074356529,767.1624141722275,723.3926334286622
2026-10-26,BKK_Sukhumvit,MixedBerryPremium,0,18.5,86.75255652173914,22.990975304347824,0.26501784184984295,52.235,8,7.0,89.0,0.21565217391304348,2026-10,18.5,1604.922295652174,425.33304313043476,966.3475,148.0,129.5,3.9895652173913043,240.31146086956522,-64.25824747826073,-304.56970834782595
2026-10-26,BKK_Sukhumvit,PassionFruit,0,49.0,63.17115539452496,17.610132850241545,0.27876857309733194,28.654999999999998,6,6.0,65.0,0.09098228663446055,2026-10,49.0,3095.386614331723,862.8965096618357,1404.0949999999998,294.0,294.0,4.458132045088567,154.49656602254427,240.3951046698876,85.89853864734332
2026-10-26,BKK_Sukhumvit,Pineapple,0,92.75,47.74254871088369,12.82280334579807,0.2685822959190887,10.084999999999999,6,5.0,49.0,0.03896870694745129,2026-10,92.75,4428.121392934462,1189.315010322771,935.38375,556.5,463.75,3.614347569376107,58.13678065341469,1283.1726326116914,1225.0358519582767
2026-10-26,BKK_Sukhumvit,Watermelon,0,137.5,44.07588018917498,11.868067787703627,0.26926445341001765,7.945,6,5.0,45.0,0.030084077771939045,2026-10,137.5,6060.4335260115595,1631.8593208092486,1092.4375,825.0,687.5,4.136560693641619,57.68433887283238,1823.6367052023106,1765.9523663294783
2026-10-26,Pattaya_Beach,Guava,0,61.75,47.80525027808676,13.032506562847606,0.27261663702284855,10.04,6,5.5,49.0,0.05506117908787542,2026-10,61.75,2951.9742046718575,804.7572802558396,619.9699999999999,370.5,339.625,3.400027808676307,54.536446051167964,817.1219244160179,762.5854783648499
2026-10-26,Pattaya_Beach,MixedBerryPremium,0,19.25,86.3254953000723,23.297381344902387,0.26987833969465647,52.235,8,7.0,89.0,0.23716558206796817,2026-10,19.25,1661.7657845263918,448.474590889371,1005.52375,154.0,134.75,4.565437454808388,274.99912509038325,-80.98255636297904,-355.9816814533623
2026-10-26,Pattaya_Beach,PassionFruit,0,49.5,63.013126945693536,17.109371497751642,0.2715207501525353,28.654999999999998,6,6.0,65.0,0.08993427879626427,2026-10,49.5,3119.14978381183,846.9138891387063,1418.4225,297.0,297.0,4.451746800415082,154.27528536838466,259.81339467312364,105.53810930473898
2026-10-26,Pattaya_Beach,Pineapple,0,95.25,47.68440197512802,13.193954352596926,0.2766932960484403,10.084999999999999,6,5.0,49.0,0.040965618141916606,2026-10,95.25,4541.939288130944,1256.7241520848572,960.5962499999999,571.5,476.25,3.9019751280175567,62.7632699341624,1276.868886046087,1214.1056161119245
2026-10-26,Pattaya_Beach,Watermelon,0,149.25,43.95651561399389,11.924427330359238,0.2712778108955253,7.945,6,5.0,45.0,0.0308757924395398,2026-10,149.25,6560.509955388588,1779.7207790561163,1185.79125,895.5,746.25,4.608212021601315,64.26151664123034,1953.2479263324722,1888.9864096912418
2026-10-26,Pattaya_Central,Guava,0,65.25,47.82334133461354,13.24736053768603,0.27700616828498065,10.04,6,5.5,49.0,0.05400864138262122,2026-10,65.25,3120.473022083533,864.3902750840134,655.1099999999999,391.5,358.875,3.524063850216035,56.525984157465196,850.59774699952,794.0717628420548
2026-10-26,Pattaya_Central,MixedBerryPremium,0,25.75,86.52879332477535,23.51800436456996,0.27179397124258947,52.235,8,7.0,89.0,0.2233632862644416,2026-10,25.75,2228.1164281129654,605.5886123876764,1345.05125,206.0,180.25,5.7516046213093714,346.44790436457,-108.77343427471124,-455.2213386392812
2026-10-26,Pattaya_Central,PassionFruit,0,54.25,63.01625368731563,17.166189380530973,0.2724089163679736,28.654999999999998,6,6.0,65.0,0.08849557522123894,2026-10,54.25,3418.631762536873,931.2657738938053,1554.5337499999998,325.5,325.5,4.800884955752212,166.37466814159293,281.83223864306774,115.4575705014748
2026-10-26,Pattaya_Central,Pineapple,0,109.0,47.78324340709306,13.039893664746893,0.2728967883919579,10.084999999999999,6,5.0,49.0,0.03925431949075477,2026-10,109.0,5208.373531373143,1421.3484094574114,1099.2649999999999,654.0,545.0,4.27872082449227,68.82322446195816,1488.7601219157318,1419.9368974537736
2026-10-26,Pattaya_Central,Watermelon,0,179.0,44.00282273983419,11.737794315041452,0.26675093969404934,7.945,6,5.0,45.0,0.029609159099881564,2026-10,179.0,7876.50527043032,2101.06518239242,1422.155,1074.0,895.0,5.3000394788788,73.90905053296487,2384.2850880379,2310.376037504935
2026-10-27,BKK_Ladprao,Guava,1,35.5,47.85666666666667,13.140177070063695,0.274573596226169,10.04,6,5.5,49.0,0.08227176220806794,2026-10,35.5,1698.9116666666669,466.4762859872612,356.41999999999996,213.0,195.25,2.9206475583864115,46.84718683651804,467.7653806794058,420.9181938428877
2026-10-27,BKK_Ladprao,MixedBerryPremium,1,10.25,86.58969604863222,23.94381337386018,0.2765203536505358,52.235,8,7.0,89.0,0.4148936170212766,2026-10,10.25,887.5443844984802,245.42408708206685,535.4087499999999,82.0,71.75,4.252659574468085,256.1589494680851,-47.038452583586604,-303.1974020516717
2026-10-27,BKK_Ladprao,PassionFruit,1,25.75,63.23085034013606,16.98635714285714,0.26864034014223875,28.654999999999998,6,6.0,65.0,0.145578231292517,2026-10,25.75,1628.1943962585035,437.3986964285714,737.8662499999999,154.5,154.5,3.748639455782313,129.90910034013606,143.92944982993208,14.020349489796018
2026-10-27,BKK_Ladprao,Pineapple,1,48.25,47.845854229354735,12.786699899699096,0.2672478129119515,10.084999999999999,6,5.0,49.0,0.06920762286860582,2026-10,48.25,2308.562466566366,616.9582701604813,486.60124999999994,289.5,241.25,3.3392678034102308,53.71212261785357,674.2529464058846,620.540823788031
2026-10-27,BKK_Ladprao,Watermelon,1,75.5,44.02063492063492,12.068285714285715,0.27415065084916884,7.945,6,5.0,45.0,0.05246913580246913,2026-10,75.5,3323.5579365079366,911.1555714285714,599.8475,453.0,377.5,3.9614197530864197,55.24199845679012,982.0548650793653,926.8128666225751
2026-10-27,BKK_Sukhumvit,Guava,1,54.0,47.95304734667938,13.01283050524309,0.2713660804738032,10.04,6,5.5,49.0,0.047664442326024785,2026-10,54.0,2589.4645567206862,702.6928472831269,542.16,324.0,297.0,2.573879885605338,41.28503336510962,723.6117094375595,682.3266760724499
2026-10-27,BKK_Sukhumvit,MixedBerryPremium,1,19.75,86.75255652173914,22.990975304347824,0.26501784184984295,52.235,8,7.0,89.0,0.21565217391304348,2026-10,19.75,1713.362991304348,454.07176226086955,1031.64125,158.0,138.25,4.259130434782609,256.54872173913043,-68.60002095652135,-325.1487426956518
2026-10-27,BKK_Sukhumvit,PassionFruit,1,44.5,63.17115539452496,17.610132850241545,0.27876857309733194,28.654999999999998,6,6.0,65.0,0.09098228663446055,2026-10,44.5,2811.116415056361,783.6509118357487,1275.1474999999998,267.0,267.0,4.048711755233494,140.30810587761675,218.31800322061235,78.0098973429956
2026-10-27,BKK_Sukhumvit,Pineapple,1,85.0,47.74254871088369,12.82280334579807,0.2685822959190887,10.084999999999999,6,5.0,49.0,0.03896870694745129,2026-10,85.0,4058.1166404251135,1089.9382843928358,857.2249999999999,510.0,425.0,3.3123400905333598,53.278990356229095,1175.953356032278,1122.6743656760489
2026-10-27,BKK_Sukhumvit,Watermelon,1,136.0,44.07588018917498,11.868067787703627,0.26926445341001765,7.945,6,5.0,45.0,0.030084077771939045,2026-10,136.0,5994.319705727798,1614.0572191276933,1080.52,816.0,680.0,4.09143457698371,57.05505517603784,1803.7424866001038,1746.687431424066
2026-10-27,Pattaya_Beach,Guava,1,51.0,47.80525027808676,13.032506562847606,0.27261663702284855,10.04,6,5.5,49.0,0.05506117908787542,2026-10,51.0,2438.067764182425,664.657834705228,512.04,306.0,280.5,2.8081201334816464,45.042246941045605,674.869929477197,629.8276825361514
2026-10-27,Pattaya_Beach,MixedBerryPremium,1,21.25,86.3254953000723,23.297381344902387,0.26987833969465647,52.235,8,7.0,89.0,0.23716558206796817,2026-10,21.25,1834.4167751265365,495.06935357917575,1109.99375,170.0,148.75,5.039768618944324,303.57046276211133,-89.39632845263918,-392.9667912147505
2026-10-27,Pattaya_Beach,PassionFruit,1,47.0,63.013126945693536,17.109371497751642,0.2715207501525353,28.654999999999998,6,6.0,65.0,0.08993427879626427,2026-10,47.0,2961.616966447596,804.1404603943272,1346.7849999999999,282.0,282.0,4.2269111034244204,146.4836042891733,246.69150605326877,100.20790176409548
2026-10-27,Pattaya_Beach,Pineapple,1,91.25,47.68440197512802,13.193954352596926,0.2766932960484403,10.084999999999999,6,5.0,49.0,0.040965618141916606,2026-10,91.25,4351.2016802304315,1203.9483346744694,920.2562499999999,547.5,456.25,3.7381126554498905,60.127542062911495,1223.247095555962,1163.1195534930505
2026-10-27,Pattaya_Beach,Watermelon,1,142.75,43.95651561399389,11.924427330359238,0.2712778108955253,7.945,6,5.0,45.0,0.0308757924395398,2026-10,142.75,6274.792603897628,1702.2120014087814,1134.14875,856.5,713.75,4.407519370744306,61.46285762502935,1868.1818524888467,1806.7189948638174
2026-10-27,Pattaya_Central,Guava,1,65.75,47.82334133461354,13.24736053768603,0.27700616828498065,10.04,6,5.5,49.0,0.05400864138262122,2026-10,65.75,3144.3846927508403,871.0139553528564,660.13,394.5,361.625,3.5510681709073455,56.95913346135382,857.115737397984,800.1566039366302
2026-10-27,Pattaya_Central,MixedBerryPremium,1,22.75,86.52879332477535,23.51800436456996,0.27179397124258947,52.235,8,7.0,89.0,0.2233632862644416,2026-10,22.75,1968.5300481386391,535.0345992939666,1188.34625,182.0,159.25,5.081514762516046,306.08504172015404,-96.10080115532742,-402.18584287548146
2026-10-27,Pattaya_Central,PassionFruit,1,55.75,63.01625368731563,17.166189380530973,0.2724089163679736,28.654999999999998,6,6.0,65.0,0.08849557522123894,2026-10,55.75,3513.1561430678466,957.0150579646017,1597.51625,334.5,334.5,4.933628318584071,170.97488938053098,289.624835103245,118.64994572271402
2026-10-27,Pattaya_Central,Pineapple,1,114.0,47.78324340709306,13.039893664746893,0.2728967883919579,10.084999999999999,6,5.0,49.0,0.03925431949075477,2026-10,114.0,5447.289748408609,1486.5478777811459,1149.6899999999998,684.0,570.0,4.474992421946044,71.98025310700211,1557.0518706274634,1485.0716175204611
2026-10-27,Pattaya_Central,Watermelon,1,164.25,44.00282273983419,11.737794315041452,0.26675093969404934,7.945,6,5.0,45.0,0.029609159099881564,2026-10,164.25,7227.463635017765,1927.9327162455584,1304.96625,985.5,821.25,4.863304382155547,67.8187796091591,2187.8146687722065,2119.995889163047
2026-10-28,BKK_Ladprao,Guava,2,28.5,47.85666666666667,13.140177070063695,0.274573596226169,10.04,6,5.5,49.0,0.08227176220806794,2026-10,28.5,1363.915,374.4950464968153,286.14,171.0,156.75,2.3447452229299364,37.609713375796176,375.52995350318474,337.9202401273886
2026-10-28,BKK_Ladprao,MixedBerryPremium,2,9.75,86.58969604863222,23.94381337386018,0.2765203536505358,52.235,8,7.0,89.0,0.4148936170212766,2026-10,9.75,844.2495364741642,233.45218039513676,509.29125,78.0,68.25,4.045212765957447,243.6633909574468,-44.743893920972596,-288.40728487841943
2026-10-28,BKK_Ladprao,PassionFruit,2,27.5,63.23085034013606,16.98635714285714,0.26864034014223875,28.654999999999998,6,6.0,65.0,0.145578231292517,2026-10,27.5,1738.8483843537415,467.1248214285714,788.0124999999999,165.0,165.0,4.003401360544218,138.73787414965986,153.71106292517015,14.973188775510295
2026-10-28,BKK_Ladprao,Pineapple,2,58.0,47.845854229354735,12.786699899699096,0.2672478129119515,10.084999999999999,6,5.0,49.0,0.06920762286860582,2026-10,58.0,2775.059545302575,741.6285941825475,584.93,348.0,290.0,4.014042126379138,64.56586760280844,810.5009511200274,745.9350835172189
2026-10-28,BKK_Ladprao,Watermelon,2,76.75,44.02063492063492,12.068285714285715,0.27415065084916884,7.945,6,5.0,45.0,0.05246913580246913,2026-10,76.75,3378.58373015873,926.2409285714286,609.7787500000001,460.5,383.75,4.027006172839506,56.156601080246915,998.314051587301,942.1574505070541
2026-10-28,BKK_Sukhumvit,Guava,2,52.75,47.95304734667938,13.01283050524309,0.2713660804738032,10.04,6,5.5,49.0,0.047664442326024785,2026-10,52.75,2529.5232475373373,686.4268091515729,529.6099999999999,316.5,290.125,2.5142993326978074,40.329361296472825,706.8614383857644,666.5320770892915
2026-10-28,BKK_Sukhumvit,MixedBerryPremium,2,20.0,86.75255652173914,22.990975304347824,0.26501784184984295,52.235,8,7.0,89.0,0.21565217391304348,2026-10,20.0,1735.0511304347829,459.8195060869565,1044.7,160.0,140.0,4.3130434782608695,259.79617391304345,-69.46837565217356,-329.264549565217
2026-10-28,BKK_Sukhumvit,PassionFruit,2,46.75,63.17115539452496,17.610132850241545,0.27876857309733194,28.654999999999998,6,6.0,65.0,0.09098228663446055,2026-10,46.75,2953.251514694042,823.2737107487923,1339.62125,280.5,280.5,4.2534219001610305,147.40233595008053,229.35655394524974,81.95421799516922
2026-10-28,BKK_Sukhumvit,Pineapple,2,88.5,47.74254871088369,12.82280334579807,0.2685822959190887,10.084999999999999,6,5.0,49.0,0.03896870694745129,2026-10,88.5,4225.215560913207,1134.8180961031292,892.5224999999999,531.0,442.5,3.448730564849439,55.47283113560323,1224.374964810078,1168.9021336744747
2026-10-28,BKK_Sukhumvit,Watermelon,2,138.0,44.07588018917498,11.868067787703627,0.26926445341001765,7.945,6,5.0,45.0,0.030084077771939045,2026-10,138.0,6082.471466106147,1637.7933547031005,1096.41,828.0,690.0,4.151602732527588,57.89410010509722,1830.2681114030465,1772.3740112979492
2026-10-28,Pattaya_Beach,Guava,2,65.0,47.80525027808676,13.032506562847606,0.27261663702284855,10.04,6,5.5,49.0,0.05506117908787542,2026-10,65.0,3107.341268075639,847.1129265850944,652.5999999999999,390.0,357.5,3.578976640711902,57.40678531701891,860.1283414905447,802.7215561735258
2026-10-28,Pattaya_Beach,MixedBerryPremium,2,22.0,86.3254953000723,23.297381344902387,0.26987833969465647,52.235,8,7.0,89.0,0.23716558206796817,2026-10,22.0,1899.1608966015906,512.5423895878525,1149.17,176.0,154.0,5.2176428054952995,314.28471438900937,-92.55149298626202,-406.8362073752714
2026-10-28,Pattaya_Beach,PassionFruit,2,44.25,63.013126945693536,17.109371497751642,0.2715207501525353,28.654999999999998,6,6.0,65.0,0.08993427879626427,2026-10,44.25,2788.330867346939,757.0896887755101,1267.9837499999999,265.5,265.5,3.979591836734694,137.91275510204082,232.25742857142905,94.34467346938823
2026-10-28,Pattaya_Beach,Pineapple,2,80.0,47.68440197512802,13.193954352596926,0.2766932960484403,10.084999999999999,6,5.0,49.0,0.040965618141916606,2026-10,80.0,3814.7521580102416,1055.5163482077542,806.8,480.0,400.0,3.2772494513533283,52.71455742501829,1072.4358098024873,1019.721252377469
2026-10-28,Pattaya_Beach,Watermelon,2,139.25,43.95651561399389,11.924427330359238,0.2712778108955253,7.945,6,5.0,45.0,0.0308757924395398,2026-10,139.25,6120.944799248649,1660.476505752524,1106.34125,835.5,696.25,4.299454097205917,59.95588738553651,1822.3770434961252,1762.4211561105888
2026-10-28,Pattaya_Central,Guava,2,70.75,47.82334133461354,13.24736053768603,0.27700616828498065,10.04,6,5.5,49.0,0.05400864138262122,2026-10,70.75,3383.501399423908,937.2507580412865,710.3299999999999,424.5,389.125,3.8211113778204515,61.29062650024004,922.2956413826214,861.0050148823814
2026-10-28,Pattaya_Central,MixedBerryPremium,2,25.5,86.52879332477535,23.51800436456996,0.27179397124258947,52.235,8,7.0,89.0,0.2233632862644416,2026-10,25.5,2206.4842297817713,599.709111296534,1331.9925,204.0,178.5,5.69576379974326,343.08433247753527,-107.71738151476256,-450.80171399229783
2026-10-28,Pattaya_Central,PassionFruit,2,56.25,63.01625368731563,17.166189380530973,0.2724089163679736,28.654999999999998,6,6.0,65.0,0.08849557522123894,2026-10,56.25,3544.6642699115046,965.5981526548672,1611.8437499999998,337.5,337.5,4.977876106194691,172.508296460177,292.2223672566374,119.71407079646042
2026-10-28,Pattaya_Central,Pineapple,2,109.0,47.78324340709306,13.039893664746893,0.2728967883919579,10.084999999999999,6,5.0,49.0,0.03925431949075477,2026-10,109.0,5208.373531373143,1421.3484094574114,1099.2649999999999,654.0,545.0,4.27872082449227,68.82322446195816,1488.7601219157318,1419.9368974537736
2026-10-28,Pattaya_Central,Watermelon,2,160.0,44.00282273983419,11.737794315041452,0.26675093969404934,7.945,6,5.0,45.0,0.029609159099881564,2026-10,160.0,7040.45163837347,1878.0470904066324,1271.2,960.0,800.0,4.7374654559810505,66.06395578365576,2131.2045479668377,2065.140592183182
2026-10-29,BKK_Ladprao,Guava,3,31.5,47.85666666666667,13.140177070063695,0.274573596226169,10.04,6,5.5,49.0,0.08227176220806794,2026-10,31.5,1507.4850000000001,413.9155777070064,316.26,189.0,173.25,2.59156050955414,41.568630573248406,415.05942229299376,373.49079171974535
2026-10-29,BKK_Ladprao,MixedBerryPremium,3,12.75,86.58969604863222,23.94381337386018,0.2765203536505358,52.235,8,7.0,89.0,0.4148936170212766,2026-10,12.75,1104.0186246200608,305.2836205167173,665.99625,102.0,89.25,5.289893617021276,318.6367420212766,-58.511245896656646,-377.1479879179332
2026-10-29,BKK_Ladprao,PassionFruit,3,24.25,63.23085034013606,16.98635714285714,0.26864034014223875,28.654999999999998,6,6.0,65.0,0.145578231292517,2026-10,24.25,1533.3481207482994,411.9191607142857,694.88375,145.5,145.5,3.5302721088435374,122.34157993197279,135.54521003401373,13.203630102040947
2026-10-29,BKK_Ladprao,Pineapple,3,52.25,47.845854229354735,12.786699899699096,0.2672478129119515,10.084999999999999,6,5.0,49.0,0.06920762286860582,2026-10,52.25,2499.945883483785,668.1050697592777,526.94125,313.5,261.25,3.616098294884654,58.164941073219666,730.1495637245075,671.9846226512879
2026-10-29,BKK_Ladprao,Watermelon,3,85.5,44.02063492063492,12.068285714285715,0.27415065084916884,7.945,6,5.0,45.0,0.05246913580246913,2026-10,85.5,3763.7642857142855,1031.8384285714285,679.2975,513.0,427.5,4.486111111111111,62.55881944444444,1112.128357142857,1049.5695376984127
2026-10-29,BKK_Sukhumvit,Guava,3,58.25,47.95304734667938,13.01283050524309,0.2713660804738032,10.04,6,5.5,49.0,0.047664442326024785,2026-10,58.25,2793.2650079440737,757.9973769304099,584.8299999999999,349.5,320.375,2.7764537654909436,44.53431839847473,780.5626310136638,736.0283126151891
2026-10-29,BKK_Sukhumvit,MixedBerryPremium,3,20.0,86.75255652173914,22.990975304347824,0.26501784184984295,52.235,8,7.0,89.0,0.21565217391304348,2026-10,20.0,1735.0511304347829,459.8195060869565,1044.7,160.0,140.0,4.3130434782608695,259.79617391304345,-69.46837565217356,-329.264549565217
2026-10-29,BKK_Sukhumvit,PassionFruit,3,43.25,63.17115539452496,17.610132850241545,0.27876857309733194,28.654999999999998,6,6.0,65.0,0.09098228663446055,2026-10,43.25,2732.1524708132047,761.6382457729468,1239.32875,259.5,259.5,3.9349838969404187,136.3668669484702,212.1854750402581,75.8186080917879
2026-10-29,BKK_Sukhumvit,Pineapple,3,85.0,47.74254871088369,12.82280334579807,0.2685822959190887,10.084999999999999,6,5.0,49.0,0.03896870694745129,2026-10,85.0,4058.1166404251135,1089.9382843928358,857.2249999999999,510.0,425.0,3.3123400905333598,53.278990356229095,1175.953356032278,1122.6743656760489
2026-10-29,BKK_Sukhumvit,Watermelon,3,132.75,44.07588018917498,11.868067787703627,0.26926445341001765,7.945,6,5.0,45.0,0.030084077771939045,2026-10,132.75,5851.073095112979,1575.4859988176565,1054.69875,796.5,663.75,3.993661324224908,55.691607166316345,1760.6383462953227,1704.9467391290063
2026-10-29,Pattaya_Beach,Guava,3,61.5,47.80525027808676,13.032506562847606,0.27261663702284855,10.04,6,5.5,49.0,0.05506117908787542,2026-10,61.5,2940.022892102336,801.4991536151279,617.4599999999999,369.0,338.25,3.386262513904338,54.31565072302558,813.813738487208,759.4980877641824
2026-10-29,Pattaya_Beach,MixedBerryPremium,3,21.5,86.3254953000723,23.297381344902387,0.26987833969465647,52.235,8,7.0,89.0,0.23716558206796817,2026-10,21.5,1855.9981489515546,500.89369891540133,1123.0525,172.0,150.5,5.099060014461315,307.14187997107734,-90.44804996384664,-397.589929934924
2026-10-29,Pattaya_Beach,PassionFruit,3,48.75,63.013126945693536,17.109371497751642,0.2715207501525353,28.654999999999998,6,6.0,65.0,0.08993427879626427,2026-10,48.75,3071.88993860256,834.0818605153926,1396.9312499999999,292.5,292.5,4.384296091317883,151.93778104462123,255.87682808716772,103.93904704254649
2026-10-29,Pattaya_Beach,Pineapple,3,87.75,47.68440197512802,13.193954352596926,0.2766932960484403,10.084999999999999,6,5.0,49.0,0.040965618141916606,2026-10,87.75,4184.306273317484,1157.7694944403802,884.9587499999999,526.5,438.75,3.5947329919531823,57.82128017556694,1176.3280288771039,1118.506748701537
2026-10-29,Pattaya_Beach,Watermelon,3,140.5,43.95651561399389,11.924427330359238,0.2712778108955253,7.945,6,5.0,45.0,0.0308757924395398,2026-10,140.5,6175.890443766142,1675.382039915473,1116.2725,843.0,702.5,4.338048837755342,60.49409104249825,1838.7359038506693,1778.241812808171
2026-10-29,Pattaya_Central,Guava,3,66.25,47.82334133461354,13.24736053768603,0.27700616828498065,10.04,6,5.5,49.0,0.05400864138262122,2026-10,66.25,3168.296363418147,877.6376356216995,665.15,397.5,364.375,3.578072491598656,57.39228276524244,863.6337277964476,806.2414450312051
2026-10-29,Pattaya_Central,MixedBerryPremium,3,18.0,86.52879332477535,23.51800436456996,0.27179397124258947,52.235,8,7.0,89.0,0.2233632862644416,2026-10,18.0,1557.5182798459564,423.3240785622593,940.23,144.0,126.0,4.020539152759949,242.17717586649553,-76.0357987163029,-318.21297458279844
2026-10-29,Pattaya_Central,PassionFruit,3,57.0,63.01625368731563,17.166189380530973,0.2724089163679736,28.654999999999998,6,6.0,65.0,0.08849557522123894,2026-10,57.0,3591.926460176991,978.4727946902655,1633.3349999999998,342.0,342.0,5.04424778761062,174.80840707964603,296.1186654867256,121.31025840707957
2026-10-29,Pattaya_Central,Pineapple,3,104.0,47.78324340709306,13.039893664746893,0.2728967883919579,10.084999999999999,6,5.0,49.0,0.03925431949075477,2026-10,104.0,4969.457314337678,1356.148941133677,1048.84,624.0,520.0,4.082449227038496,65.66619581691421,1420.4683732040012,1354.8021773870869
2026-10-29,Pattaya_Central,Watermelon,3,165.0,44.00282273983419,11.737794315041452,0.26675093969404934,7.945,6,5.0,45.0,0.029609159099881564,2026-10,165.0,7260.4657520726405,1936.7360619818396,1310.925,990.0,825.0,4.885511251480458,68.12845440189498,2197.804690090801,2129.676235688906
2026-10-30,BKK_Ladprao,Guava,4,33.0,47.85666666666667,13.140177070063695,0.274573596226169,10.04,6,5.5,49.0,0.08227176220806794,2026-10,33.0,1579.27,433.62584331210195,331.32,198.0,181.5,2.7149681528662417,43.54808917197452,434.82415668789804,391.2760675159235
2026-10-30,BKK_Ladprao,MixedBerryPremium,4,13.0,86.58969604863222,23.94381337386018,0.2765203536505358,52.235,8,7.0,89.0,0.4148936170212766,2026-10,13.0,1125.666048632219,311.26957386018233,679.055,104.0,91.0,5.3936170212765955,324.8845212765957,-59.65852522796331,-384.543046504559
2026-10-30,BKK_Ladprao,PassionFruit,4,23.75,63.23085034013606,16.98635714285714,0.26864034014223875,28.654999999999998,6,6.0,65.0,0.145578231292517,2026-10,23.75,1501.7326955782314,403.4259821428571,680.55625,142.5,142.5,3.4574829931972793,119.81907312925172,132.7504634353743,12.931390306122566
2026-10-30,BKK_Ladprao,Pineapple,4,55.0,47.845854229354735,12.786699899699096,0.2672478129119515,10.084999999999999,6,5.0,49.0,0.06920762286860582,2026-10,55.0,2631.5219826145103,703.2684944834502,554.675,330.0,275.0,3.80641925777332,61.22625376128386,768.5784881310601,707.3522343697763
2026-10-30,BKK_Ladprao,Watermelon,4,71.0,44.02063492063492,12.068285714285715,0.27415065084916884,7.945,6,5.0,45.0,0.05246913580246913,2026-10,71.0,3125.4650793650794,856.8482857142857,564.095,426.0,355.0,3.7253086419753085,51.949429012345675,923.5217936507938,871.5723646384481
2026-10-30,BKK_Sukhumvit,Guava,4,54.75,47.95304734667938,13.01283050524309,0.2713660804738032,10.04,6,5.5,49.0,0.047664442326024785,2026-10,54.75,2625.429342230696,712.4524701620592,549.6899999999999,328.5,301.125,2.609628217349857,41.858436606291704,733.661872068637,691.8034354623453
2026-10-30,BKK_Sukhumvit,MixedBerryPremium,4,17.75,86.75255652173914,22.990975304347824,0.26501784184984295,52.235,8,7.0,89.0,0.21565217391304348,2026-10,17.75,1539.8578782608697,408.08981165217386,927.17125,142.0,124.25,3.827826086956522,230.56910434782608,-61.65318339130408,-292.22228773913014
2026-10-30,BKK_Sukhumvit,PassionFruit,4,40.0,63.17115539452496,17.610132850241545,0.27876857309733194,28.654999999999998,6,6.0,65.0,0.09098228663446055,2026-10,40.0,2526.846215780998,704.4053140096618,1146.1999999999998,240.0,240.0,3.639291465378422,126.11964573268922,196.24090177133667,70.12125603864745
2026-10-30,BKK_Sukhumvit,Pineapple,4,89.75,47.74254871088369,12.82280334579807,0.2685822959190887,10.084999999999999,6,5.0,49.0,0.03896870694745129,2026-10,89.75,4284.893746801811,1150.8466002853768,905.12875,538.5,448.75,3.497441448533753,56.256345699665424,1241.6683965164343,1185.412050816769
2026-10-30,BKK_Sukhumvit,Watermelon,4,130.0,44.07588018917498,11.868067787703627,0.26926445341001765,7.945,6,5.0,45.0,0.030084077771939045,2026-10,130.0,5729.864424592747,1542.8488124014714,1032.8500000000001,780.0,650.0,3.910930110352076,54.5379203888597,1724.1656121912756,1669.627691802416
2026-10-30,Pattaya_Beach,Guava,4,56.75,47.80525027808676,13.032506562847606,0.27261663702284855,10.04,6,5.5,49.0,0.05506117908787542,2026-10,56.75,2712.9479532814235,739.5947474416016,569.77,340.5,312.125,3.1247219132369297,50.12053948832035,750.9582058398219,700.8376663515015
2026-10-30,Pattaya_Beach,MixedBerryPremium,4,21.5,86.3254953000723,23.297381344902387,0.26987833969465647,52.235,8,7.0,89.0,0.23716558206796817,2026-10,21.5,1855.9981489515546,500.89369891540133,1123.0525,172.0,150.5,5.099060014461315,307.14187997107734,-90.44804996384664,-397.589929934924
2026-10-30,Pattaya_Beach,PassionFruit,4,50.0,63.013126945693536,17.109371497751642,0.2715207501525353,28.654999999999998,6,6.0,65.0,0.08993427879626427,2026-10,50.0,3150.656347284677,855.4685748875821,1432.7499999999998,300.0,300.0,4.496713939813214,155.83362158422693,262.43777239709516,106.60415081286823
2026-10-30,Pattaya_Beach,Pineapple,4,84.0,47.68440197512802,13.193954352596926,0.2766932960484403,10.084999999999999,6,5.0,49.0,0.040965618141916606,2026-10,84.0,4005.4897659107537,1108.2921656181418,847.1399999999999,504.0,420.0,3.441111923920995,55.350285296269206,1126.0576002926118,1070.7073149963426
2026-10-30,Pattaya_Beach,Watermelon,4,144.75,43.95651561399389,11.924427330359238,0.2712778108955253,7.945,6,5.0,45.0,0.0308757924395398,2026-10,144.75,6362.705635125616,1726.0608560694998,1150.03875,868.5,723.75,4.469270955623386,62.32398347616812,1894.3560290561163,1832.032045579948
2026-10-30,Pattaya_Central,Guava,4,74.75,47.82334133461354,13.24736053768603,0.27700616828498065,10.04,6,5.5,49.0,0.05400864138262122,2026-10,74.75,3574.794764762362,990.2402001920307,750.4899999999999,448.5,411.125,4.037145943350937,64.75582093134902,974.4395645703312,909.6837436389822
2026-10-30,Pattaya_Central,MixedBerryPremium,4,24.25,86.52879332477535,23.51800436456996,0.27179397124258947,52.235,8,7.0,89.0,0.2233632862644416,2026-10,24.25,2098.323238125802,570.3116058408216,1266.69875,194.0,169.75,5.416559691912709,326.266473042362,-102.43711771501967,-428.7035907573817
2026-10-30,Pattaya_Central,PassionFruit,4,49.75,63.01625368731563,17.166189380530973,0.2724089163679736,28.654999999999998,6,6.0,65.0,0.08849557522123894,2026-10,49.75,3135.0586209439525,854.0179216814159,1425.5862499999998,298.5,298.5,4.402654867256637,152.57400442477876,258.45444926253685,105.88044483775809
2026-10-30,Pattaya_Central,Pineapple,4,101.0,47.78324340709306,13.039893664746893,0.2728967883919579,10.084999999999999,6,5.0,49.0,0.03925431949075477,2026-10,101.0,4826.107584116399,1317.0292601394362,1018.5849999999999,606.0,505.0,3.964686268566232,63.77197862988784,1379.493323976963,1315.7213453470752
2026-10-30,Pattaya_Central,Watermelon,4,155.0,44.00282273983419,11.737794315041452,0.26675093969404934,7.945,6,5.0,45.0,0.029609159099881564,2026-10,155.0,6820.437524674299,1819.358118831425,1231.4750000000001,930.0,775.0,4.589419660481642,63.9994571654165,2064.6044058428743,2000.6049486774577
2026-10-31,BKK_Ladprao,Guava,5,39.75,47.85666666666667,13.140177070063695,0.274573596226169,10.04,6,5.5,49.0,0.08227176220806794,2026-10,39.75,1902.3025,522.3220385350319,399.09,238.5,218.625,3.2703025477707004,52.45565286624203,523.7654614649682,471.3098085987262
2026-10-31,BKK_Ladprao,MixedBerryPremium,5,12.75,86.58969604863222,23.94381337386018,0.2765203536505358,52.235,8,7.0,89.0,0.4148936170212766,2026-10,12.75,1104.0186246200608,305.2836205167173,665.99625,102.0,89.25,5.289893617021276,318.6367420212766,-58.511245896656646,-377.1479879179332
2026-10-31,BKK_Ladprao,PassionFruit,5,29.75,63.23085034013606,16.98635714285714,0.26864034014223875,28.654999999999998,6,6.0,65.0,0.145578231292517,2026-10,29.75,1881.1177976190477,505.34412499999996,852.4862499999999,178.5,178.5,4.3309523809523816,150.08915476190478,166.28742261904767,16.198267857142895
2026-10-31,BKK_Ladprao,Pineapple,5,62.75,47.845854229354735,12.786699899699096,0.2672478129119515,10.084999999999999,6,5.0,49.0,0.06920762286860582,2026-10,62.75,3002.3273528920095,802.3654187061182,632.8337499999999,376.5,313.75,4.342778335005016,69.85358951855568,876.8781841858913,807.0245946673356
2026-10-31,BKK_Ladprao,Watermelon,5,95.25,44.02063492063492,12.068285714285715,0.27415065084916884,7.945,6,5.0,45.0,0.05246913580246913,2026-10,95.25,4192.965476190476,1149.5042142857144,756.76125,571.5,476.25,4.997685185185185,69.69271990740741,1238.9500119047616,1169.2572919973543
2026-10-31,BKK_Sukhumvit,Guava,5,64.5,47.95304734667938,13.01283050524309,0.2713660804738032,10.04,6,5.5,49.0,0.047664442326024785,2026-10,64.5,3092.9715538608198,839.3275675881792,647.5799999999999,387.0,354.75,3.0743565300285987,49.31267874165872,864.3139862726407,815.001307530982
2026-10-31,BKK_Sukhumvit,MixedBerryPremium,5,29.5,86.75255652173914,22.990975304347824,0.26501784184984295,52.235,8,7.0,89.0,0.21565217391304348,2026-10,29.5,2559.2004173913047,678.2337714782608,1540.9325,236.0,206.5,6.361739130434783,383.19935652173916,-102.46585408695591,-485.6652106086951
2026-10-31,BKK_Sukhumvit,PassionFruit,5,47.75,63.17115539452496,17.610132850241545,0.27876857309733194,28.654999999999998,6,6.0,65.0,0.09098228663446055,2026-10,47.75,3016.422670088567,840.8838435990338,1368.27625,286.5,286.5,4.344404186795491,150.55532709339775,234.26257648953333,83.70724939613558
2026-10-31,BKK_Sukhumvit,Pineapple,5,101.25,47.74254871088369,12.82280334579807,0.2685822959190887,10.084999999999999,6,5.0,49.0,0.03896870694745129,2026-10,101.25,4833.933056976974,1298.3088387620546,1021.1062499999999,607.5,506.25,3.9455815784294432,63.464679689037595,1400.7679682149192,1337.3032885258815
2026-10-31,BKK_Sukhumvit,Watermelon,5,161.75,44.07588018917498,11.868067787703627,0.26926445341001765,7.945,6,5.0,45.0,0.030084077771939045,2026-10,161.75,7129.273620599053,1919.6599646610616,1285.10375,970.5,808.75,4.866099579611141,67.85775863767736,2145.259905937992,2077.4021473003145
2026-10-31,Pattaya_Beach,Guava,5,82.0,47.80525027808676,13.032506562847606,0.27261663702284855,10.04,6,5.5,49.0,0.05506117908787542,2026-10,82.0,3920.0305228031143,1068.6655381535038,823.28,492.0,451.0,4.515016685205784,72.42086763070077,1085.0849846496108,1012.66411701891
2026-10-31,Pattaya_Beach,MixedBerryPremium,5,33.0,86.3254953000723,23.297381344902387,0.26987833969465647,52.235,8,7.0,89.0,0.23716558206796817,2026-10,33.0,2848.741344902386,768.8135843817788,1723.7549999999999,264.0,231.0,7.82646420824295,471.4270715835141,-138.82723947939257,-610.2543110629067
2026-10-31,Pattaya_Beach,PassionFruit,5,66.0,63.013126945693536,17.109371497751642,0.2715207501525353,28.654999999999998,6,6.0,65.0,0.08993427879626427,2026-10,66.0,4158.866378415773,1129.2185188516085,1891.2299999999998,396.0,396.0,5.935662400553442,205.70038049117954,346.41785956416516,140.7174790729856
2026-10-31,Pattaya_Beach,Pineapple,5,121.75,47.68440197512802,13.193954352596926,0.2766932960484403,10.084999999999999,6,5.0,49.0,0.040965618141916606,2026-10,121.75,5805.5759404718365,1606.3639424286757,1227.8487499999999,730.5,608.75,4.987564008778347,80.22496708119971,1632.1132480431606,1551.8882809619608
2026-10-31,Pattaya_Beach,Watermelon,5,203.5,43.95651561399389,11.924427330359238,0.2712778108955253,7.945,6,5.0,45.0,0.0308757924395398,2026-10,203.5,8945.150927447758,2426.620961728105,1616.8075000000001,1221.0,1017.5,6.283223761446349,87.61955535336934,2663.222465719652,2575.6029103662827
2026-10-31,Pattaya_Central,Guava,5,95.5,47.82334133461354,13.24736053768603,0.27700616828498065,10.04,6,5.5,49.0,0.05400864138262122,2026-10,95.5,4567.129097455593,1265.1229313490157,958.8199999999999,573.0,525.25,5.157825252040327,82.73151704272685,1244.9361661065777,1162.2046490638509
2026-10-31,Pattaya_Central,MixedBerryPremium,5,33.0,86.52879332477535,23.51800436456996,0.27179397124258947,52.235,8,7.0,89.0,0.2233632862644416,2026-10,33.0,2855.4501797175867,776.0941440308087,1723.7549999999999,264.0,231.0,7.370988446726573,443.9914890885751,-139.39896431322177,-583.3904534017969
2026-10-31,Pattaya_Central,PassionFruit,5,81.25,63.01625368731563,17.166189380530973,0.2724089163679736,28.654999999999998,6,6.0,65.0,0.08849557522123894,2026-10,81.25,5120.070612094395,1394.7528871681416,2328.21875,487.5,487.5,7.1902654867256635,249.17865044247787,422.0989749262535,172.92032448377563
2026-10-31,Pattaya_Central,Pineapple,5,146.75,47.78324340709306,13.039893664746893,0.2728967883919579,10.084999999999999,6,5.0,49.0,0.03925431949075477,2026-10,146.75,7012.1909699909065,1913.6043953016065,1479.9737499999999,880.5,733.75,5.760571385268263,92.65879073204002,2004.3628246893004,1911.7040339572604
2026-10-31,Pattaya_Central,Watermelon,5,234.25,44.00282273983419,11.737794315041452,0.26675093969404934,7.945,6,5.0,45.0,0.029609159099881564,2026-10,234.25,10307.661226806158,2749.57831829846,1861.11625,1405.5,1171.25,6.935945519147256,96.72176026450849,3120.2166585076975,3023.494898243189
2026-11-01,BKK_Ladprao,Guava,6,34.25,47.85666666666667,13.140177070063695,0.274573596226169,10.04,6,5.5,49.0,0.08227176220806794,2026-11,34.25,1639.0908333333334,450.05106464968156,343.86999999999995,205.5,188.375,2.817807855626327,45.19763800424628,451.2947686836519,406.0971306794056
2026-11-01,BKK_Ladprao,MixedBerryPremium,6,13.75,86.58969604863222,23.94381337386018,0.2765203536505358,52.235,8,7.0,89.0,0.4148936170212766,2026-11,13.75,1190.608320668693,329.22743389057746,718.23125,110.0,96.25,5.704787234042553,343.62785904255315,-63.100363221884436,-406.7282222644376
2026-11-01,BKK_Ladprao,PassionFruit,6,28.0,63.23085034013606,16.98635714285714,0.26864034014223875,28.654999999999998,6,6.0,65.0,0.145578231292517,2026-11,28.0,1770.4638095238097,475.61799999999994,802.3399999999999,168.0,168.0,4.076190476190476,141.26038095238096,156.50580952380983,15.245428571428874
2026-11-01,BKK_Ladprao,Pineapple,6,49.75,47.845854229354735,12.786699899699096,0.2672478129119515,10.084999999999999,6,5.0,49.0,0.06920762286860582,2026-11,49.75,2380.331247910398,636.13832001003,501.72874999999993,298.5,248.75,3.44307923771314,55.38192953861586,695.214177900368,639.8322483617521
2026-11-01,BKK_Ladprao,Watermelon,6,84.25,44.02063492063492,12.068285714285715,0.27415065084916884,7.945,6,5.0,45.0,0.05246913580246913,2026-11,84.25,3708.738492063492,1016.7530714285715,669.36625,505.5,421.25,4.4205246913580245,61.64421682098765,1095.8691706349205,1034.2249538139329
2026-11-01,BKK_Sukhumvit,Guava,6,56.5,47.95304734667938,13.01283050524309,0.2713660804738032,10.04,6,5.5,49.0,0.047664442326024785,2026-11,56.5,2709.3471750873846,735.2249235462345,567.26,339.0,310.75,2.6930409914204003,43.19637750238322,757.11225154115,713.9158740387668
2026-11-01,BKK_Sukhumvit,MixedBerryPremium,6,17.0,86.75255652173914,22.990975304347824,0.26501784184984295,52.235,8,7.0,89.0,0.21565217391304348,2026-11,17.0,1474.7934608695653,390.846580173913,887.995,136.0,119.0,3.666086956521739,220.82674782608694,-59.048119304347665,-279.8748671304346
2026-11-01,BKK_Sukhumvit,PassionFruit,6,41.25,63.17115539452496,17.610132850241545,0.27876857309733194,28.654999999999998,6,6.0,65.0,0.09098228663446055,2026-11,41.25,2605.8101600241544,726.4179800724637,1182.01875,247.5,247.5,3.7530193236714977,130.06088466183576,202.37342995169092,72.31254528985517
2026-11-01,BKK_Sukhumvit,Pineapple,6,95.5,47.74254871088369,12.82280334579807,0.2685822959190887,10.084999999999999,6,5.0,49.0,0.03896870694745129,2026-11,95.5,4559.413401889392,1224.5777195237156,963.1175,573.0,477.5,3.721511513481598,59.860512694351506,1321.2181823656765,1261.357669671325
2026-11-01,BKK_Sukhumvit,Watermelon,6,136.5,44.07588018917498,11.868067787703627,0.26926445341001765,7.945,6,5.0,45.0,0.030084077771939045,2026-11,136.5,6016.357645822385,1619.991253021545,1084.4925,819.0,682.5,4.1064766158696795,57.26481640830268,1810.3738928008406,1753.1090763925379
2026-11-01,Pattaya_Beach,Guava,6,71.75,47.80525027808676,13.032506562847606,0.27261663702284855,10.04,6,5.5,49.0,0.05506117908787542,2026-11,71.75,3430.026707452725,935.0823458843157,720.3699999999999,430.5,394.625,3.9506395995550614,63.368259176863184,949.4493615684096,886.0811023915464
2026-11-01,Pattaya_Beach,MixedBerryPremium,6,30.25,86.3254953000723,23.297381344902387,0.26987833969465647,52.235,8,7.0,89.0,0.23716558206796817,2026-11,30.25,2611.346232827187,704.7457856832972,1580.1087499999999,242.0,211.75,7.174258857556037,432.1414822848879,-127.25830285610982,-559.3997851409977
2026-11-01,Pattaya_Beach,PassionFruit,6,58.25,63.013126945693536,17.109371497751642,0.2715207501525353,28.654999999999998,6,6.0,65.0,0.08993427879626427,2026-11,58.25,3670.5146445866485,996.6208897440331,1669.15375,349.5,349.5,5.238671739882394,181.54616914562436,305.74000484261524,124.19383569699087
2026-11-01,Pattaya_Beach,Pineapple,6,104.75,47.68440197512802,13.193954352596926,0.2766932960484403,10.084999999999999,6,5.0,49.0,0.040965618141916606,2026-11,104.75,4994.94110689466,1382.066718434528,1056.40375,628.5,523.75,4.291148500365765,69.02312362838333,1404.2206384601322,1335.197514831749
2026-11-01,Pattaya_Beach,Watermelon,6,187.25,43.95651561399389,11.924427330359238,0.2712778108955253,7.945,6,5.0,45.0,0.0308757924395398,2026-11,187.25,8230.857548720356,2232.8490176097675,1487.70125,1123.5,936.25,5.781492134303828,80.62290781286688,2450.5572811105885,2369.934373297722
2026-11-01,Pattaya_Central,Guava,6,95.25,47.82334133461354,13.24736053768603,0.27700616828498065,10.04,6,5.5,49.0,0.05400864138262122,2026-11,95.25,4555.17326212194,1261.8110912145944,956.31,571.5,523.875,5.144323091694671,82.51494239078252,1241.6771709073455,1159.162228516563
2026-11-01,Pattaya_Central,MixedBerryPremium,6,32.0,86.52879332477535,23.51800436456996,0.27179397124258947,52.235,8,7.0,89.0,0.2233632862644416,2026-11,32.0,2768.921386392811,752.5761396662388,1671.52,256.0,224.0,7.147625160462131,430.53720154043646,-135.17475327342754,-565.7119548138639
2026-11-01,Pattaya_Central,PassionFruit,6,73.75,63.01625368731563,17.166189380530973,0.2724089163679736,28.654999999999998,6,6.0,65.0,0.08849557522123894,2026-11,73.75,4647.448709439528,1266.0064668141592,2113.3062499999996,442.5,442.5,6.5265486725663715,226.1775442477876,383.135992625369,156.9584483775814
2026-11-01,Pattaya_Central,Pineapple,6,133.0,47.78324340709306,13.039893664746893,0.2728967883919579,10.084999999999999,6,5.0,49.0,0.03925431949075477,2026-11,133.0,6355.171373143377,1734.3058574113368,1341.3049999999998,798.0,665.0,5.220824492270385,83.97696195816914,1816.5605157320406,1732.5835537738715
2026-11-01,Pattaya_Central,Watermelon,6,213.5,44.00282273983419,11.737794315041452,0.26675093969404934,7.945,6,5.0,45.0,0.029609159099881564,2026-11,213.5,9394.602654954599,2506.01908626135,1696.2575000000002,1281.0,1067.5,6.321555467824714,88.15409099881565,2843.826068693248,2755.6719776944324
2026-11-02,BKK_Ladprao,Guava,0,30.25,47.85666666666667,13.140177070063695,0.274573596226169,10.04,6,5.5,49.0,0.08227176220806794,2026-11,30.25,1447.6641666666667,397.49035636942676,303.71,181.5,166.375,2.488720806794055,39.91908174097664,398.5888102972399,358.66972855626324
2026-11-02,BKK_Ladprao,MixedBerryPremium,0,11.5,86.58969604863222,23.94381337386018,0.2765203536505358,52.235,8,7.0,89.0,0.4148936170212766,2026-11,11.5,995.7815045592705,275.3538537993921,600.7025,92.0,80.5,4.7712765957446805,287.3978457446808,-52.774849240121625,-340.17269498480243
2026-11-02,BKK_Ladprao,PassionFruit,0,25.5,63.23085034013606,16.98635714285714,0.26864034014223875,28.654999999999998,6,6.0,65.0,0.145578231292517,2026-11,25.5,1612.3866836734694,433.1521071428571,730.7025,153.0,153.0,3.712244897959184,128.64784693877553,142.53207653061236,13.884229591836828
2026-11-02,BKK_Ladprao,Pineapple,0,52.25,47.845854229354735,12.786699899699096,0.2672478129119515,10.084999999999999,6,5.0,49.0,0.06920762286860582,2026-11,52.25,2499.945883483785,668.1050697592777,526.94125,313.5,261.25,3.616098294884654,58.164941073219666,730.1495637245075,671.9846226512879
2026-11-02,BKK_Ladprao,Watermelon,0,82.25,44.02063492063492,12.068285714285715,0.27415065084916884,7.945,6,5.0,45.0,0.05246913580246913,2026-11,82.25,3620.697222222222,992.6165,653.47625,493.5,411.25,4.315586419753086,60.180852623456786,1069.8544722222223,1009.6736195987655
2026-11-02,BKK_Sukhumvit,Guava,0,57.25,47.95304734667938,13.01283050524309,0.2713660804738032,10.04,6,5.5,49.0,0.047664442326024785,2026-11,57.25,2745.3119605973943,744.9845464251669,574.79,343.5,314.875,2.7287893231649187,43.76978074356529,767.1624141722275,723.3926334286622
2026-11-02,BKK_Sukhumvit,MixedBerryPremium,0,18.5,86.75255652173914,22.990975304347824,0.26501784184984295,52.235,8,7.0,89.0,0.21565217391304348,2026-11,18.5,1604.922295652174,425.33304313043476,966.3475,148.0,129.5,3.9895652173913043,240.31146086956522,-64.25824747826073,-304.56970834782595
2026-11-02,BKK_Sukhumvit,PassionFruit,0,49.0,63.17115539452496,17.610132850241545,0.27876857309733194,28.654999999999998,6,6.0,65.0,0.09098228663446055,2026-11,49.0,3095.386614331723,862.8965096618357,1404.0949999999998,294.0,294.0,4.458132045088567,154.49656602254427,240.3951046698876,85.89853864734332
2026-11-02,BKK_Sukhumvit,Pineapple,0,92.75,47.74254871088369,12.82280334579807,0.2685822959190887,10.084999999999999,6,5.0,49.0,0.03896870694745129,2026-11,92.75,4428.121392934462,1189.315010322771,935.38375,556.5,463.75,3.614347569376107,58.13678065341469,1283.1726326116914,1225.0358519582767
2026-11-02,BKK_Sukhumvit,Watermelon,0,137.5,44.07588018917498,11.868067787703627,0.26926445341001765,7.945,6,5.0,45.0,0.030084077771939045,2026-11,137.5,6060.4335260115595,1631.8593208092486,1092.4375,825.0,687.5,4.136560693641619,57.68433887283238,1823.6367052023106,1765.9523663294783
2026-11-02,Pattaya_Beach,Guava,0,61.75,47.80525027808676,13.032506562847606,0.27261663702284855,10.04,6,5.5,49.0,0.05506117908787542,2026-11,61.75,2951.9742046718575,804.7572802558396,619.9699999999999,370.5,339.625,3.400027808676307,54.536446051167964,817.1219244160179,762.5854783648499
2026-11-02,Pattaya_Beach,MixedBerryPremium,0,19.25,86.3254953000723,23.297381344902387,0.26987833969465647,52.235,8,7.0,89.0,0.23716558206796817,2026-11,19.25,1661.7657845263918,448.474590889371,1005.52375,154.0,134.75,4.565437454808388,274.99912509038325,-80.98255636297904,-355.9816814533623
2026-11-02,Pattaya_Beach,PassionFruit,0,49.5,63.013126945693536,17.109371497751642,0.2715207501525353,28.654999999999998,6,6.0,65.0,0.08993427879626427,2026-11,49.5,3119.14978381183,846.9138891387063,1418.4225,297.0,297.0,4.451746800415082,154.27528536838466,259.81339467312364,105.53810930473898
2026-11-02,Pattaya_Beach,Pineapple,0,95.25,47.68440197512802,13.193954352596926,0.2766932960484403,10.084999999999999,6,5.0,49.0,0.040965618141916606,2026-11,95.25,4541.939288130944,1256.7241520848572,960.5962499999999,571.5,476.25,3.9019751280175567,62.7632699341624,1276.868886046087,1214.1056161119245
2026-11-02,Pattaya_Beach,Watermelon,0,149.25,43.95651561399389,11.924427330359238,0.2712778108955253,7.945,6,5.0,45.0,0.0308757924395398,2026-11,149.25,6560.509955388588,1779.7207790561163,1185.79125,895.5,746.25,4.608212021601315,64.26151664123034,1953.2479263324722,1888.9864096912418
2026-11-02,Pattaya_Central,Guava,0,65.25,47.82334133461354,13.24736053768603,0.27700616828498065,10.04,6,5.5,49.0,0.05400864138262122,2026-11,65.25,3120.473022083533,864.3902750840134,655.1099999999999,391.5,358.875,3.524063850216035,56.525984157465196,850.59774699952,794.0717628420548
2026-11-02,Pattaya_Central,MixedBerryPremium,0,25.75,86.52879332477535,23.51800436456996,0.27179397124258947,52.235,8,7.0,89.0,0.2233632862644416,2026-11,25.75,2228.1164281129654,605.5886123876764,1345.05125,206.0,180.25,5.7516046213093714,346.44790436457,-108.77343427471124,-455.2213386392812
2026-11-02,Pattaya_Central,PassionFruit,0,54.25,63.01625368731563,17.166189380530973,0.2724089163679736,28.654999999999998,6,6.0,65.0,0.08849557522123894,2026-11,54.25,3418.631762536873,931.2657738938053,1554.5337499999998,325.5,325.5,4.800884955752212,166.37466814159293,281.83223864306774,115.4575705014748
2026-11-02,Pattaya_Central,Pineapple,0,109.0,47.78324340709306,13.039893664746893,0.2728967883919579,10.084999999999999,6,5.0,49.0,0.03925431949075477,2026-11,109.0,5208.373531373143,1421.3484094574114,1099.2649999999999,654.0,545.0,4.27872082449227,68.82322446195816,1488.7601219157318,1419.9368974537736
2026-11-02,Pattaya_Central,Watermelon,0,179.0,44.00282273983419,11.737794315041452,0.26675093969404934,7.945,6,5.0,45.0,0.029609159099881564,2026-11,179.0,7876.50527043032,2101.06518239242,1422.155,1074.0,895.0,5.3000394788788,73.90905053296487,2384.2850880379,2310.376037504935
2026-11-03,BKK_Ladprao,Guava,1,35.5,47.85666666666667,13.140177070063695,0.274573596226169,10.04,6,5.5,49.0,0.08227176220806794,2026-11,35.5,1698.9116666666669,466.4762859872612,356.41999999999996,213.0,195.25,2.9206475583864115,46.84718683651804,467.7653806794058,420.9181938428877
2026-11-03,BKK_Ladprao,MixedBerryPremium,1,10.25,86.58969604863222,23.94381337386018,0.2765203536505358,52.235,8,7.0,89.0,0.4148936170212766,2026-11,10.25,887.5443844984802,245.42408708206685,535.4087499999999,82.0,71.75,4.252659574468085,256.1589494680851,-47.038452583586604,-303.1974020516717
2026-11-03,BKK_Ladprao,PassionFruit,1,25.75,63.23085034013606,16.98635714285714,0.26864034014223875,28.654999999999998,6,6.0,65.0,0.145578231292517,2026-11,25.75,1628.1943962585035,437.3986964285714,737.8662499999999,154.5,154.5,3.748639455782313,129.90910034013606,143.92944982993208,14.020349489796018
2026-11-03,BKK_Ladprao,Pineapple,1,48.25,47.845854229354735,12.786699899699096,0.2672478129119515,10.084999999999999,6,5.0,49.0,0.06920762286860582,2026-11,48.25,2308.562466566366,616.9582701604813,486.60124999999994,289.5,241.25,3.3392678034102308,53.71212261785357,674.2529464058846,620.540823788031
2026-11-03,BKK_Ladprao,Watermelon,1,75.5,44.02063492063492,12.068285714285715,0.27415065084916884,7.945,6,5.0,45.0,0.05246913580246913,2026-11,75.5,3323.5579365079366,911.1555714285714,599.8475,453.0,377.5,3.9614197530864197,55.24199845679012,982.0548650793653,926.8128666225751
2026-11-03,BKK_Sukhumvit,Guava,1,54.0,47.95304734667938,13.01283050524309,0.2713660804738032,10.04,6,5.5,49.0,0.047664442326024785,2026-11,54.0,2589.4645567206862,702.6928472831269,542.16,324.0,297.0,2.573879885605338,41.28503336510962,723.6117094375595,682.3266760724499
2026-11-03,BKK_Sukhumvit,MixedBerryPremium,1,19.75,86.75255652173914,22.990975304347824,0.26501784184984295,52.235,8,7.0,89.0,0.21565217391304348,2026-11,19.75,1713.362991304348,454.07176226086955,1031.64125,158.0,138.25,4.259130434782609,256.54872173913043,-68.60002095652135,-325.1487426956518
2026-11-03,BKK_Sukhumvit,PassionFruit,1,44.5,63.17115539452496,17.610132850241545,0.27876857309733194,28.654999999999998,6,6.0,65.0,0.09098228663446055,2026-11,44.5,2811.116415056361,783.6509118357487,1275.1474999999998,267.0,267.0,4.048711755233494,140.30810587761675,218.31800322061235,78.0098973429956
2026-11-03,BKK_Sukhumvit,Pineapple,1,85.0,47.74254871088369,12.82280334579807,0.2685822959190887,10.084999999999999,6,5.0,49.0,0.03896870694745129,2026-11,85.0,4058.1166404251135,1089.9382843928358,857.2249999999999,510.0,425.0,3.3123400905333598,53.278990356229095,1175.953356032278,1122.6743656760489
2026-11-03,BKK_Sukhumvit,Watermelon,1,136.0,44.07588018917498,11.868067787703627,0.26926445341001765,7.945,6,5.0,45.0,0.030084077771939045,2026-11,136.0,5994.319705727798,1614.0572191276933,1080.52,816.0,680.0,4.09143457698371,57.05505517603784,1803.7424866001038,1746.687431424066
2026-11-03,Pattaya_Beach,Guava,1,51.0,47.80525027808676,13.032506562847606,0.27261663702284855,10.04,6,5.5,49.0,0.05506117908787542,2026-11,51.0,2438.067764182425,664.657834705228,512.04,306.0,280.5,2.8081201334816464,45.042246941045605,674.869929477197,629.8276825361514
2026-11-03,Pattaya_Beach,MixedBerryPremium,1,21.25,86.3254953000723,23.297381344902387,0.26987833969465647,52.235,8,7.0,89.0,0.23716558206796817,2026-11,21.25,1834.4167751265365,495.06935357917575,1109.99375,170.0,148.75,5.039768618944324,303.57046276211133,-89.39632845263918,-392.9667912147505
2026-11-03,Pattaya_Beach,PassionFruit,1,47.0,63.013126945693536,17.109371497751642,0.2715207501525353,28.654999999999998,6,6.0,65.0,0.08993427879626427,2026-11,47.0,2961.616966447596,804.1404603943272,1346.7849999999999,282.0,282.0,4.2269111034244204,146.4836042891733,246.69150605326877,100.20790176409548
2026-11-03,Pattaya_Beach,Pineapple,1,91.25,47.68440197512802,13.193954352596926,0.2766932960484403,10.084999999999999,6,5.0,49.0,0.040965618141916606,2026-11,91.25,4351.2016802304315,1203.9483346744694,920.2562499999999,547.5,456.25,3.7381126554498905,60.127542062911495,1223.247095555962,1163.1195534930505
2026-11-03,Pattaya_Beach,Watermelon,1,142.75,43.95651561399389,11.924427330359238,0.2712778108955253,7.945,6,5.0,45.0,0.0308757924395398,2026-11,142.75,6274.792603897628,1702.2120014087814,1134.14875,856.5,713.75,4.407519370744306,61.46285762502935,1868.1818524888467,1806.7189948638174
2026-11-03,Pattaya_Central,Guava,1,65.75,47.82334133461354,13.24736053768603,0.27700616828498065,10.04,6,5.5,49.0,0.05400864138262122,2026-11,65.75,3144.3846927508403,871.0139553528564,660.13,394.5,361.625,3.5510681709073455,56.95913346135382,857.115737397984,800.1566039366302
2026-11-03,Pattaya_Central,MixedBerryPremium,1,22.75,86.52879332477535,23.51800436456996,0.27179397124258947,52.235,8,7.0,89.0,0.2233632862644416,2026-11,22.75,1968.5300481386391,535.0345992939666,1188.34625,182.0,159.25,5.081514762516046,306.08504172015404,-96.10080115532742,-402.18584287548146
2026-11-03,Pattaya_Central,PassionFruit,1,55.75,63.01625368731563,17.166189380530973,0.2724089163679736,28.654999999999998,6,6.0,65.0,0.08849557522123894,2026-11,55.75,3513.1561430678466,957.0150579646017,1597.51625,334.5,334.5,4.933628318584071,170.97488938053098,289.624835103245,118.64994572271402
2026-11-03,Pattaya_Central,Pineapple,1,114.0,47.78324340709306,13.039893664746893,0.2728967883919579,10.084999999999999,6,5.0,49.0,0.03925431949075477,2026-11,114.0,5447.289748408609,1486.5478777811459,1149.6899999999998,684.0,570.0,4.474992421946044,71.98025310700211,1557.0518706274634,1485.0716175204611
2026-11-03,Pattaya_Central,Watermelon,1,164.25,44.00282273983419,11.737794315041452,0.26675093969404934,7.945,6,5.0,45.0,0.029609159099881564,2026-11,164.25,7227.463635017765,1927.9327162455584,1304.96625,985.5,821.25,4.863304382155547,67.8187796091591,2187.8146687722065,2119.995889163047
2026-11-04,BKK_Ladprao,Guava,2,28.5,47.85666666666667,13.140177070063695,0.274573596226169,10.04,6,5.5,49.0,0.08227176220806794,2026-11,28.5,1363.915,374.4950464968153,286.14,171.0,156.75,2.3447452229299364,37.609713375796176,375.52995350318474,337.9202401273886
2026-11-04,BKK_Ladprao,MixedBerryPremium,2,9.75,86.58969604863222,23.94381337386018,0.2765203536505358,52.235,8,7.0,89.0,0.4148936170212766,2026-11,9.75,844.2495364741642,233.45218039513676,509.29125,78.0,68.25,4.045212765957447,243.6633909574468,-44.743893920972596,-288.40728487841943
2026-11-04,BKK_Ladprao,PassionFruit,2,27.5,63.23085034013606,16.98635714285714,0.26864034014223875,28.654999999999998,6,6.0,65.0,0.145578231292517,2026-11,27.5,1738.8483843537415,467.1248214285714,788.0124999999999,165.0,165.0,4.003401360544218,138.73787414965986,153.71106292517015,14.973188775510295
2026-11-04,BKK_Ladprao,Pineapple,2,58.0,47.845854229354735,12.786699899699096,0.2672478129119515,10.084999999999999,6,5.0,49.0,0.06920762286860582,2026-11,58.0,2775.059545302575,741.6285941825475,584.93,348.0,290.0,4.014042126379138,64.56586760280844,810.5009511200274,745.9350835172189
2026-11-04,BKK_Ladprao,Watermelon,2,76.75,44.02063492063492,12.068285714285715,0.27415065084916884,7.945,6,5.0,45.0,0.05246913580246913,2026-11,76.75,3378.58373015873,926.2409285714286,609.7787500000001,460.5,383.75,4.027006172839506,56.156601080246915,998.314051587301,942.1574505070541
2026-11-04,BKK_Sukhumvit,Guava,2,52.75,47.95304734667938,13.01283050524309,0.2713660804738032,10.04,6,5.5,49.0,0.047664442326024785,2026-11,52.75,2529.5232475373373,686.4268091515729,529.6099999999999,316.5,290.125,2.5142993326978074,40.329361296472825,706.8614383857644,666.5320770892915
2026-11-04,BKK_Sukhumvit,MixedBerryPremium,2,20.0,86.75255652173914,22.990975304347824,0.26501784184984295,52.235,8,7.0,89.0,0.21565217391304348,2026-11,20.0,1735.0511304347829,459.8195060869565,1044.7,160.0,140.0,4.3130434782608695,259.79617391304345,-69.46837565217356,-329.264549565217
2026-11-04,BKK_Sukhumvit,PassionFruit,2,46.75,63.17115539452496,17.610132850241545,0.27876857309733194,28.654999999999998,6,6.0,65.0,0.09098228663446055,2026-11,46.75,2953.251514694042,823.2737107487923,1339.62125,280.5,280.5,4.2534219001610305,147.40233595008053,229.35655394524974,81.95421799516922
2026-11-04,BKK_Sukhumvit,Pineapple,2,88.5,47.74254871088369,12.82280334579807,0.2685822959190887,10.084999999999999,6,5.0,49.0,0.03896870694745129,2026-11,88.5,4225.215560913207,1134.8180961031292,892.5224999999999,531.0,442.5,3.448730564849439,55.47283113560323,1224.374964810078,1168.9021336744747
2026-11-04,BKK_Sukhumvit,Watermelon,2,138.0,44.07588018917498,11.868067787703627,0.26926445341001765,7.945,6,5.0,45.0,0.030084077771939045,2026-11,138.0,6082.471466106147,1637.7933547031005,1096.41,828.0,690.0,4.151602732527588,57.89410010509722,1830.2681114030465,1772.3740112979492
2026-11-04,Pattaya_Beach,Guava,2,65.0,47.80525027808676,13.032506562847606,0.27261663702284855,10.04,6,5.5,49.0,0.05506117908787542,2026-11,65.0,3107.341268075639,847.1129265850944,652.5999999999999,390.0,357.5,3.578976640711902,57.40678531701891,860.1283414905447,802.7215561735258
2026-11-04,Pattaya_Beach,MixedBerryPremium,2,22.0,86.3254953000723,23.297381344902387,0.26987833969465647,52.235,8,7.0,89.0,0.23716558206796817,2026-11,22.0,1899.1608966015906,512.5423895878525,1149.17,176.0,154.0,5.2176428054952995,314.28471438900937,-92.55149298626202,-406.8362073752714
2026-11-04,Pattaya_Beach,PassionFruit,2,44.25,63.013126945693536,17.109371497751642,0.2715207501525353,28.654999999999998,6,6.0,65.0,0.08993427879626427,2026-11,44.25,2788.330867346939,757.0896887755101,1267.9837499999999,265.5,265.5,3.979591836734694,137.91275510204082,232.25742857142905,94.34467346938823
2026-11-04,Pattaya_Beach,Pineapple,2,80.0,47.68440197512802,13.193954352596926,0.2766932960484403,10.084999999999999,6,5.0,49.0,0.040965618141916606,2026-11,80.0,3814.7521580102416,1055.5163482077542,806.8,480.0,400.0,3.2772494513533283,52.71455742501829,1072.4358098024873,1019.721252377469
2026-11-04,Pattaya_Beach,Watermelon,2,139.25,43.95651561399389,11.924427330359238,0.2712778108955253,7.945,6,5.0,45.0,0.0308757924395398,2026-11,139.25,6120.944799248649,1660.476505752524,1106.34125,835.5,696.25,4.299454097205917,59.95588738553651,1822.3770434961252,1762.4211561105888
2026-11-04,Pattaya_Central,Guava,2,70.75,47.82334133461354,13.24736053768603,0.27700616828498065,10.04,6,5.5,49.0,0.05400864138262122,2026-11,70.75,3383.501399423908,937.2507580412865,710.3299999999999,424.5,389.125,3.8211113778204515,61.29062650024004,922.2956413826214,861.0050148823814
2026-11-04,Pattaya_Central,MixedBerryPremium,2,25.5,86.52879332477535,23.51800436456996,0.27179397124258947,52.235,8,7.0,89.0,0.2233632862644416,2026-11,25.5,2206.4842297817713,599.709111296534,1331.9925,204.0,178.5,5.69576379974326,343.08433247753527,-107.71738151476256,-450.80171399229783
2026-11-04,Pattaya_Central,PassionFruit,2,56.25,63.01625368731563,17.166189380530973,0.2724089163679736,28.654999999999998,6,6.0,65.0,0.08849557522123894,2026-11,56.25,3544.6642699115046,965.5981526548672,1611.8437499999998,337.5,337.5,4.977876106194691,172.508296460177,292.2223672566374,119.71407079646042
2026-11-04,Pattaya_Central,Pineapple,2,109.0,47.78324340709306,13.039893664746893,0.2728967883919579,10.084999999999999,6,5.0,49.0,0.03925431949075477,2026-11,109.0,5208.373531373143,1421.3484094574114,1099.2649999999999,654.0,545.0,4.27872082449227,68.82322446195816,1488.7601219157318,1419.9368974537736
2026-11-04,Pattaya_Central,Watermelon,2,160.0,44.00282273983419,11.737794315041452,0.26675093969404934,7.945,6,5.0,45.0,0.029609159099881564,2026-11,160.0,7040.45163837347,1878.0470904066324,1271.2,960.0,800.0,4.7374654559810505,66.06395578365576,2131.2045479668377,2065.140592183182
2026-11-05,BKK_Ladprao,Guava,3,31.5,47.85666666666667,13.140177070063695,0.274573596226169,10.04,6,5.5,49.0,0.08227176220806794,2026-11,31.5,1507.4850000000001,413.9155777070064,316.26,189.0,173.25,2.59156050955414,41.568630573248406,415.05942229299376,373.49079171974535
2026-11-05,BKK_Ladprao,MixedBerryPremium,3,12.75,86.58969604863222,23.94381337386018,0.2765203536505358,52.235,8,7.0,89.0,0.4148936170212766,2026-11,12.75,1104.0186246200608,305.2836205167173,665.99625,102.0,89.25,5.289893617021276,318.6367420212766,-58.511245896656646,-377.1479879179332
2026-11-05,BKK_Ladprao,PassionFruit,3,24.25,63.23085034013606,16.98635714285714,0.26864034014223875,28.654999999999998,6,6.0,65.0,0.145578231292517,2026-11,24.25,1533.3481207482994,411.9191607142857,694.88375,145.5,145.5,3.5302721088435374,122.34157993197279,135.54521003401373,13.203630102040947
2026-11-05,BKK_Ladprao,Pineapple,3,52.25,47.845854229354735,12.786699899699096,0.2672478129119515,10.084999999999999,6,5.0,49.0,0.06920762286860582,2026-11,52.25,2499.945883483785,668.1050697592777,526.94125,313.5,261.25,3.616098294884654,58.164941073219666,730.1495637245075,671.9846226512879
2026-11-05,BKK_Ladprao,Watermelon,3,85.5,44.02063492063492,12.068285714285715,0.27415065084916884,7.945,6,5.0,45.0,0.05246913580246913,2026-11,85.5,3763.7642857142855,1031.8384285714285,679.2975,513.0,427.5,4.486111111111111,62.55881944444444,1112.128357142857,1049.5695376984127
2026-11-05,BKK_Sukhumvit,Guava,3,58.25,47.95304734667938,13.01283050524309,0.2713660804738032,10.04,6,5.5,49.0,0.047664442326024785,2026-11,58.25,2793.2650079440737,757.9973769304099,584.8299999999999,349.5,320.375,2.7764537654909436,44.53431839847473,780.5626310136638,736.0283126151891
2026-11-05,BKK_Sukhumvit,MixedBerryPremium,3,20.0,86.75255652173914,22.990975304347824,0.26501784184984295,52.235,8,7.0,89.0,0.21565217391304348,2026-11,20.0,1735.0511304347829,459.8195060869565,1044.7,160.0,140.0,4.3130434782608695,259.79617391304345,-69.46837565217356,-329.264549565217
2026-11-05,BKK_Sukhumvit,PassionFruit,3,43.25,63.17115539452496,17.610132850241545,0.27876857309733194,28.654999999999998,6,6.0,65.0,0.09098228663446055,2026-11,43.25,2732.1524708132047,761.6382457729468,1239.32875,259.5,259.5,3.9349838969404187,136.3668669484702,212.1854750402581,75.8186080917879
2026-11-05,BKK_Sukhumvit,Pineapple,3,85.0,47.74254871088369,12.82280334579807,0.2685822959190887,10.084999999999999,6,5.0,49.0,0.03896870694745129,2026-11,85.0,4058.1166404251135,1089.9382843928358,857.2249999999999,510.0,425.0,3.3123400905333598,53.278990356229095,1175.953356032278,1122.6743656760489
2026-11-05,BKK_Sukhumvit,Watermelon,3,132.75,44.07588018917498,11.868067787703627,0.26926445341001765,7.945,6,5.0,45.0,0.030084077771939045,2026-11,132.75,5851.073095112979,1575.4859988176565,1054.69875,796.5,663.75,3.993661324224908,55.691607166316345,1760.6383462953227,1704.9467391290063
2026-11-05,Pattaya_Beach,Guava,3,61.5,47.80525027808676,13.032506562847606,0.27261663702284855,10.04,6,5.5,49.0,0.05506117908787542,2026-11,61.5,2940.022892102336,801.4991536151279,617.4599999999999,369.0,338.25,3.386262513904338,54.31565072302558,813.813738487208,759.4980877641824
2026-11-05,Pattaya_Beach,MixedBerryPremium,3,21.5,86.3254953000723,23.297381344902387,0.26987833969465647,52.235,8,7.0,89.0,0.23716558206796817,2026-11,21.5,1855.9981489515546,500.89369891540133,1123.0525,172.0,150.5,5.099060014461315,307.14187997107734,-90.44804996384664,-397.589929934924
2026-11-05,Pattaya_Beach,PassionFruit,3,48.75,63.013126945693536,17.109371497751642,0.2715207501525353,28.654999999999998,6,6.0,65.0,0.08993427879626427,2026-11,48.75,3071.88993860256,834.0818605153926,1396.9312499999999,292.5,292.5,4.384296091317883,151.93778104462123,255.87682808716772,103.93904704254649
2026-11-05,Pattaya_Beach,Pineapple,3,87.75,47.68440197512802,13.193954352596926,0.2766932960484403,10.084999999999999,6,5.0,49.0,0.040965618141916606,2026-11,87.75,4184.306273317484,1157.7694944403802,884.9587499999999,526.5,438.75,3.5947329919531823,57.82128017556694,1176.3280288771039,1118.506748701537
2026-11-05,Pattaya_Beach,Watermelon,3,140.5,43.95651561399389,11.924427330359238,0.2712778108955253,7.945,6,5.0,45.0,0.0308757924395398,2026-11,140.5,6175.890443766142,1675.382039915473,1116.2725,843.0,702.5,4.338048837755342,60.49409104249825,1838.7359038506693,1778.241812808171
2026-11-05,Pattaya_Central,Guava,3,66.25,47.82334133461354,13.24736053768603,0.27700616828498065,10.04,6,5.5,49.0,0.05400864138262122,2026-11,66.25,3168.296363418147,877.6376356216995,665.15,397.5,364.375,3.578072491598656,57.39228276524244,863.6337277964476,806.2414450312051
2026-11-05,Pattaya_Central,MixedBerryPremium,3,18.0,86.52879332477535,23.51800436456996,0.27179397124258947,52.235,8,7.0,89.0,0.2233632862644416,2026-11,18.0,1557.5182798459564,423.3240785622593,940.23,144.0,126.0,4.020539152759949,242.17717586649553,-76.0357987163029,-318.21297458279844
2026-11-05,Pattaya_Central,PassionFruit,3,57.0,63.01625368731563,17.166189380530973,0.2724089163679736,28.654999999999998,6,6.0,65.0,0.08849557522123894,2026-11,57.0,3591.926460176991,978.4727946902655,1633.3349999999998,342.0,342.0,5.04424778761062,174.80840707964603,296.1186654867256,121.31025840707957
2026-11-05,Pattaya_Central,Pineapple,3,104.0,47.78324340709306,13.039893664746893,0.2728967883919579,10.084999999999999,6,5.0,49.0,0.03925431949075477,2026-11,104.0,4969.457314337678,1356.148941133677,1048.84,624.0,520.0,4.082449227038496,65.66619581691421,1420.4683732040012,1354.8021773870869
2026-11-05,Pattaya_Central,Watermelon,3,165.0,44.00282273983419,11.737794315041452,0.26675093969404934,7.945,6,5.0,45.0,0.029609159099881564,2026-11,165.0,7260.4657520726405,1936.7360619818396,1310.925,990.0,825.0,4.885511251480458,68.12845440189498,2197.804690090801,2129.676235688906
2026-11-06,BKK_Ladprao,Guava,4,33.0,47.85666666666667,13.140177070063695,0.274573596226169,10.04,6,5.5,49.0,0.08227176220806794,2026-11,33.0,1579.27,433.62584331210195,331.32,198.0,181.5,2.7149681528662417,43.54808917197452,434.82415668789804,391.2760675159235
2026-11-06,BKK_Ladprao,MixedBerryPremium,4,13.0,86.58969604863222,23.94381337386018,0.2765203536505358,52.235,8,7.0,89.0,0.4148936170212766,2026-11,13.0,1125.666048632219,311.26957386018233,679.055,104.0,91.0,5.3936170212765955,324.8845212765957,-59.65852522796331,-384.543046504559
2026-11-06,BKK_Ladprao,PassionFruit,4,23.75,63.23085034013606,16.98635714285714,0.26864034014223875,28.654999999999998,6,6.0,65.0,0.145578231292517,2026-11,23.75,1501.7326955782314,403.4259821428571,680.55625,142.5,142.5,3.4574829931972793,119.81907312925172,132.7504634353743,12.931390306122566
2026-11-06,BKK_Ladprao,Pineapple,4,55.0,47.845854229354735,12.786699899699096,0.2672478129119515,10.084999999999999,6,5.0,49.0,0.06920762286860582,2026-11,55.0,2631.5219826145103,703.2684944834502,554.675,330.0,275.0,3.80641925777332,61.22625376128386,768.5784881310601,707.3522343697763
2026-11-06,BKK_Ladprao,Watermelon,4,71.0,44.02063492063492,12.068285714285715,0.27415065084916884,7.945,6,5.0,45.0,0.05246913580246913,2026-11,71.0,3125.4650793650794,856.8482857142857,564.095,426.0,355.0,3.7253086419753085,51.949429012345675,923.5217936507938,871.5723646384481
2026-11-06,BKK_Sukhumvit,Guava,4,54.75,47.95304734667938,13.01283050524309,0.2713660804738032,10.04,6,5.5,49.0,0.047664442326024785,2026-11,54.75,2625.429342230696,712.4524701620592,549.6899999999999,328.5,301.125,2.609628217349857,41.858436606291704,733.661872068637,691.8034354623453
2026-11-06,BKK_Sukhumvit,MixedBerryPremium,4,17.75,86.75255652173914,22.990975304347824,0.26501784184984295,52.235,8,7.0,89.0,0.21565217391304348,2026-11,17.75,1539.8578782608697,408.08981165217386,927.17125,142.0,124.25,3.827826086956522,230.56910434782608,-61.65318339130408,-292.22228773913014
2026-11-06,BKK_Sukhumvit,PassionFruit,4,40.0,63.17115539452496,17.610132850241545,0.27876857309733194,28.654999999999998,6,6.0,65.0,0.09098228663446055,2026-11,40.0,2526.846215780998,704.4053140096618,1146.1999999999998,240.0,240.0,3.639291465378422,126.11964573268922,196.24090177133667,70.12125603864745
2026-11-06,BKK_Sukhumvit,Pineapple,4,89.75,47.74254871088369,12.82280334579807,0.2685822959190887,10.084999999999999,6,5.0,49.0,0.03896870694745129,2026-11,89.75,4284.893746801811,1150.8466002853768,905.12875,538.5,448.75,3.497441448533753,56.256345699665424,1241.6683965164343,1185.412050816769
2026-11-06,BKK_Sukhumvit,Watermelon,4,130.0,44.07588018917498,11.868067787703627,0.26926445341001765,7.945,6,5.0,45.0,0.030084077771939045,2026-11,130.0,5729.864424592747,1542.8488124014714,1032.8500000000001,780.0,650.0,3.910930110352076,54.5379203888597,1724.1656121912756,1669.627691802416
2026-11-06,Pattaya_Beach,Guava,4,56.75,47.80525027808676,13.032506562847606,0.27261663702284855,10.04,6,5.5,49.0,0.05506117908787542,2026-11,56.75,2712.9479532814235,739.5947474416016,569.77,340.5,312.125,3.1247219132369297,50.12053948832035,750.9582058398219,700.8376663515015
2026-11-06,Pattaya_Beach,MixedBerryPremium,4,21.5,86.3254953000723,23.297381344902387,0.26987833969465647,52.235,8,7.0,89.0,0.23716558206796817,2026-11,21.5,1855.9981489515546,500.89369891540133,1123.0525,172.0,150.5,5.099060014461315,307.14187997107734,-90.44804996384664,-397.589929934924
2026-11-06,Pattaya_Beach,PassionFruit,4,50.0,63.013126945693536,17.109371497751642,0.2715207501525353,28.654999999999998,6,6.0,65.0,0.08993427879626427,2026-11,50.0,3150.656347284677,855.4685748875821,1432.7499999999998,300.0,300.0,4.496713939813214,155.83362158422693,262.43777239709516,106.60415081286823
2026-11-06,Pattaya_Beach,Pineapple,4,84.0,47.68440197512802,13.193954352596926,0.2766932960484403,10.084999999999999,6,5.0,49.0,0.040965618141916606,2026-11,84.0,4005.4897659107537,1108.2921656181418,847.1399999999999,504.0,420.0,3.441111923920995,55.350285296269206,1126.0576002926118,1070.7073149963426
2026-11-06,Pattaya_Beach,Watermelon,4,144.75,43.95651561399389,11.924427330359238,0.2712778108955253,7.945,6,5.0,45.0,0.0308757924395398,2026-11,144.75,6362.705635125616,1726.0608560694998,1150.03875,868.5,723.75,4.469270955623386,62.32398347616812,1894.3560290561163,1832.032045579948
2026-11-06,Pattaya_Central,Guava,4,74.75,47.82334133461354,13.24736053768603,0.27700616828498065,10.04,6,5.5,49.0,0.05400864138262122,2026-11,74.75,3574.794764762362,990.2402001920307,750.4899999999999,448.5,411.125,4.037145943350937,64.75582093134902,974.4395645703312,909.6837436389822
2026-11-06,Pattaya_Central,MixedBerryPremium,4,24.25,86.52879332477535,23.51800436456996,0.27179397124258947,52.235,8,7.0,89.0,0.2233632862644416,2026-11,24.25,2098.323238125802,570.3116058408216,1266.69875,194.0,169.75,5.416559691912709,326.266473042362,-102.43711771501967,-428.7035907573817
2026-11-06,Pattaya_Central,PassionFruit,4,49.75,63.01625368731563,17.166189380530973,0.2724089163679736,28.654999999999998,6,6.0,65.0,0.08849557522123894,2026-11,49.75,3135.0586209439525,854.0179216814159,1425.5862499999998,298.5,298.5,4.402654867256637,152.57400442477876,258.45444926253685,105.88044483775809
2026-11-06,Pattaya_Central,Pineapple,4,101.0,47.78324340709306,13.039893664746893,0.2728967883919579,10.084999999999999,6,5.0,49.0,0.03925431949075477,2026-11,101.0,4826.107584116399,1317.0292601394362,1018.5849999999999,606.0,505.0,3.964686268566232,63.77197862988784,1379.493323976963,1315.7213453470752
2026-11-06,Pattaya_Central,Watermelon,4,155.0,44.00282273983419,11.737794315041452,0.26675093969404934,7.945,6,5.0,45.0,0.029609159099881564,2026-11,155.0,6820.437524674299,1819.358118831425,1231.4750000000001,930.0,775.0,4.589419660481642,63.9994571654165,2064.6044058428743,2000.6049486774577
2026-11-07,BKK_Ladprao,Guava,5,39.75,47.85666666666667,13.140177070063695,0.274573596226169,10.04,6,5.5,49.0,0.08227176220806794,2026-11,39.75,1902.3025,522.3220385350319,399.09,238.5,218.625,3.2703025477707004,52.45565286624203,523.7654614649682,471.3098085987262
2026-11-07,BKK_Ladprao,MixedBerryPremium,5,12.75,86.58969604863222,23.94381337386018,0.2765203536505358,52.235,8,7.0,89.0,0.4148936170212766,2026-11,12.75,1104.0186246200608,305.2836205167173,665.99625,102.0,89.25,5.289893617021276,318.6367420212766,-58.511245896656646,-377.1479879179332
2026-11-07,BKK_Ladprao,PassionFruit,5,29.75,63.23085034013606,16.98635714285714,0.26864034014223875,28.654999999999998,6,6.0,65.0,0.145578231292517,2026-11,29.75,1881.1177976190477,505.34412499999996,852.4862499999999,178.5,178.5,4.3309523809523816,150.08915476190478,166.28742261904767,16.198267857142895
2026-11-07,BKK_Ladprao,Pineapple,5,62.75,47.845854229354735,12.786699899699096,0.2672478129119515,10.084999999999999,6,5.0,49.0,0.06920762286860582,2026-11,62.75,3002.3273528920095,802.3654187061182,632.8337499999999,376.5,313.75,4.342778335005016,69.85358951855568,876.8781841858913,807.0245946673356
2026-11-07,BKK_Ladprao,Watermelon,5,95.25,44.02063492063492,12.068285714285715,0.27415065084916884,7.945,6,5.0,45.0,0.05246913580246913,2026-11,95.25,4192.965476190476,1149.5042142857144,756.76125,571.5,476.25,4.997685185185185,69.69271990740741,1238.9500119047616,1169.2572919973543
2026-11-07,BKK_Sukhumvit,Guava,5,64.5,47.95304734667938,13.01283050524309,0.2713660804738032,10.04,6,5.5,49.0,0.047664442326024785,2026-11,64.5,3092.9715538608198,839.3275675881792,647.5799999999999,387.0,354.75,3.0743565300285987,49.31267874165872,864.3139862726407,815.001307530982
2026-11-07,BKK_Sukhumvit,MixedBerryPremium,5,29.5,86.75255652173914,22.990975304347824,0.26501784184984295,52.235,8,7.0,89.0,0.21565217391304348,2026-11,29.5,2559.2004173913047,678.2337714782608,1540.9325,236.0,206.5,6.361739130434783,383.19935652173916,-102.46585408695591,-485.6652106086951
2026-11-07,BKK_Sukhumvit,PassionFruit,5,47.75,63.17115539452496,17.610132850241545,0.27876857309733194,28.654999999999998,6,6.0,65.0,0.09098228663446055,2026-11,47.75,3016.422670088567,840.8838435990338,1368.27625,286.5,286.5,4.344404186795491,150.55532709339775,234.26257648953333,83.70724939613558
2026-11-07,BKK_Sukhumvit,Pineapple,5,101.25,47.74254871088369,12.82280334579807,0.2685822959190887,10.084999999999999,6,5.0,49.0,0.03896870694745129,2026-11,101.25,4833.933056976974,1298.3088387620546,1021.1062499999999,607.5,506.25,3.9455815784294432,63.464679689037595,1400.7679682149192,1337.3032885258815
2026-11-07,BKK_Sukhumvit,Watermelon,5,161.75,44.07588018917498,11.868067787703627,0.26926445341001765,7.945,6,5.0,45.0,0.030084077771939045,2026-11,161.75,7129.273620599053,1919.6599646610616,1285.10375,970.5,808.75,4.866099579611141,67.85775863767736,2145.259905937992,2077.4021473003145
2026-11-07,Pattaya_Beach,Guava,5,82.0,47.80525027808676,13.032506562847606,0.27261663702284855,10.04,6,5.5,49.0,0.05506117908787542,2026-11,82.0,3920.0305228031143,1068.6655381535038,823.28,492.0,451.0,4.515016685205784,72.42086763070077,1085.0849846496108,1012.66411701891
2026-11-07,Pattaya_Beach,MixedBerryPremium,5,33.0,86.3254953000723,23.297381344902387,0.26987833969465647,52.235,8,7.0,89.0,0.23716558206796817,2026-11,33.0,2848.741344902386,768.8135843817788,1723.7549999999999,264.0,231.0,7.82646420824295,471.4270715835141,-138.82723947939257,-610.2543110629067
2026-11-07,Pattaya_Beach,PassionFruit,5,66.0,63.013126945693536,17.109371497751642,0.2715207501525353,28.654999999999998,6,6.0,65.0,0.08993427879626427,2026-11,66.0,4158.866378415773,1129.2185188516085,1891.2299999999998,396.0,396.0,5.935662400553442,205.70038049117954,346.41785956416516,140.7174790729856
2026-11-07,Pattaya_Beach,Pineapple,5,121.75,47.68440197512802,13.193954352596926,0.2766932960484403,10.084999999999999,6,5.0,49.0,0.040965618141916606,2026-11,121.75,5805.5759404718365,1606.3639424286757,1227.8487499999999,730.5,608.75,4.987564008778347,80.22496708119971,1632.1132480431606,1551.8882809619608
2026-11-07,Pattaya_Beach,Watermelon,5,203.5,43.95651561399389,11.924427330359238,0.2712778108955253,7.945,6,5.0,45.0,0.0308757924395398,2026-11,203.5,8945.150927447758,2426.620961728105,1616.8075000000001,1221.0,1017.5,6.283223761446349,87.61955535336934,2663.222465719652,2575.6029103662827
2026-11-07,Pattaya_Central,Guava,5,95.5,47.82334133461354,13.24736053768603,0.27700616828498065,10.04,6,5.5,49.0,0.05400864138262122,2026-11,95.5,4567.129097455593,1265.1229313490157,958.8199999999999,573.0,525.25,5.157825252040327,82.73151704272685,1244.9361661065777,1162.2046490638509
2026-11-07,Pattaya_Central,MixedBerryPremium,5,33.0,86.52879332477535,23.51800436456996,0.27179397124258947,52.235,8,7.0,89.0,0.2233632862644416,2026-11,33.0,2855.4501797175867,776.0941440308087,1723.7549999999999,264.0,231.0,7.370988446726573,443.9914890885751,-139.39896431322177,-583.3904534017969
2026-11-07,Pattaya_Central,PassionFruit,5,81.25,63.01625368731563,17.166189380530973,0.2724089163679736,28.654999999999998,6,6.0,65.0,0.08849557522123894,2026-11,81.25,5120.070612094395,1394.7528871681416,2328.21875,487.5,487.5,7.1902654867256635,249.17865044247787,422.0989749262535,172.92032448377563
2026-11-07,Pattaya_Central,Pineapple,5,146.75,47.78324340709306,13.039893664746893,0.2728967883919579,10.084999999999999,6,5.0,49.0,0.03925431949075477,2026-11,146.75,7012.1909699909065,1913.6043953016065,1479.9737499999999,880.5,733.75,5.760571385268263,92.65879073204002,2004.3628246893004,1911.7040339572604
2026-11-07,Pattaya_Central,Watermelon,5,234.25,44.00282273983419,11.737794315041452,0.26675093969404934,7.945,6,5.0,45.0,0.029609159099881564,2026-11,234.25,10307.661226806158,2749.57831829846,1861.11625,1405.5,1171.25,6.935945519147256,96.72176026450849,3120.2166585076975,3023.494898243189
2026-11-08,BKK_Ladprao,Guava,6,34.25,47.85666666666667,13.140177070063695,0.274573596226169,10.04,6,5.5,49.0,0.08227176220806794,2026-11,34.25,1639.0908333333334,450.05106464968156,343.86999999999995,205.5,188.375,2.817807855626327,45.19763800424628,451.2947686836519,406.0971306794056
2026-11-08,BKK_Ladprao,MixedBerryPremium,6,13.75,86.58969604863222,23.94381337386018,0.2765203536505358,52.235,8,7.0,89.0,0.4148936170212766,2026-11,13.75,1190.608320668693,329.22743389057746,718.23125,110.0,96.25,5.704787234042553,343.62785904255315,-63.100363221884436,-406.7282222644376
2026-11-08,BKK_Ladprao,PassionFruit,6,28.0,63.23085034013606,16.98635714285714,0.26864034014223875,28.654999999999998,6,6.0,65.0,0.145578231292517,2026-11,28.0,1770.4638095238097,475.61799999999994,802.3399999999999,168.0,168.0,4.076190476190476,141.26038095238096,156.50580952380983,15.245428571428874
2026-11-08,BKK_Ladprao,Pineapple,6,49.75,47.845854229354735,12.786699899699096,0.2672478129119515,10.084999999999999,6,5.0,49.0,0.06920762286860582,2026-11,49.75,2380.331247910398,636.13832001003,501.72874999999993,298.5,248.75,3.44307923771314,55.38192953861586,695.214177900368,639.8322483617521
2026-11-08,BKK_Ladprao,Watermelon,6,84.25,44.02063492063492,12.068285714285715,0.27415065084916884,7.945,6,5.0,45.0,0.05246913580246913,2026-11,84.25,3708.738492063492,1016.7530714285715,669.36625,505.5,421.25,4.4205246913580245,61.64421682098765,1095.8691706349205,1034.2249538139329
2026-11-08,BKK_Sukhumvit,Guava,6,56.5,47.95304734667938,13.01283050524309,0.2713660804738032,10.04,6,5.5,49.0,0.047664442326024785,2026-11,56.5,2709.3471750873846,735.2249235462345,567.26,339.0,310.75,2.6930409914204003,43.19637750238322,757.11225154115,713.9158740387668
2026-11-08,BKK_Sukhumvit,MixedBerryPremium,6,17.0,86.75255652173914,22.990975304347824,0.26501784184984295,52.235,8,7.0,89.0,0.21565217391304348,2026-11,17.0,1474.7934608695653,390.846580173913,887.995,136.0,119.0,3.666086956521739,220.82674782608694,-59.048119304347665,-279.8748671304346
2026-11-08,BKK_Sukhumvit,PassionFruit,6,41.25,63.17115539452496,17.610132850241545,0.27876857309733194,28.654999999999998,6,6.0,65.0,0.09098228663446055,2026-11,41.25,2605.8101600241544,726.4179800724637,1182.01875,247.5,247.5,3.7530193236714977,130.06088466183576,202.37342995169092,72.31254528985517
2026-11-08,BKK_Sukhumvit,Pineapple,6,95.5,47.74254871088369,12.82280334579807,0.2685822959190887,10.084999999999999,6,5.0,49.0,0.03896870694745129,2026-11,95.5,4559.413401889392,1224.5777195237156,963.1175,573.0,477.5,3.721511513481598,59.860512694351506,1321.2181823656765,1261.357669671325
2026-11-08,BKK_Sukhumvit,Watermelon,6,136.5,44.07588018917498,11.868067787703627,0.26926445341001765,7.945,6,5.0,45.0,0.030084077771939045,2026-11,136.5,6016.357645822385,1619.991253021545,1084.4925,819.0,682.5,4.1064766158696795,57.26481640830268,1810.3738928008406,1753.1090763925379
2026-11-08,Pattaya_Beach,Guava,6,71.75,47.80525027808676,13.032506562847606,0.27261663702284855,10.04,6,5.5,49.0,0.05506117908787542,2026-11,71.75,3430.026707452725,935.0823458843157,720.3699999999999,430.5,394.625,3.9506395995550614,63.368259176863184,949.4493615684096,886.0811023915464
2026-11-08,Pattaya_Beach,MixedBerryPremium,6,30.25,86.3254953000723,23.297381344902387,0.26987833969465647,52.235,8,7.0,89.0,0.23716558206796817,2026-11,30.25,2611.346232827187,704.7457856832972,1580.1087499999999,242.0,211.75,7.174258857556037,432.1414822848879,-127.25830285610982,-559.3997851409977
2026-11-08,Pattaya_Beach,PassionFruit,6,58.25,63.013126945693536,17.109371497751642,0.2715207501525353,28.654999999999998,6,6.0,65.0,0.08993427879626427,2026-11,58.25,3670.5146445866485,996.6208897440331,1669.15375,349.5,349.5,5.238671739882394,181.54616914562436,305.74000484261524,124.19383569699087
2026-11-08,Pattaya_Beach,Pineapple,6,104.75,47.68440197512802,13.193954352596926,0.2766932960484403,10.084999999999999,6,5.0,49.0,0.040965618141916606,2026-11,104.75,4994.94110689466,1382.066718434528,1056.40375,628.5,523.75,4.291148500365765,69.02312362838333,1404.2206384601322,1335.197514831749
2026-11-08,Pattaya_Beach,Watermelon,6,187.25,43.95651561399389,11.924427330359238,0.2712778108955253,7.945,6,5.0,45.0,0.0308757924395398,2026-11,187.25,8230.857548720356,2232.8490176097675,1487.70125,1123.5,936.25,5.781492134303828,80.62290781286688,2450.5572811105885,2369.934373297722
2026-11-08,Pattaya_Central,Guava,6,95.25,47.82334133461354,13.24736053768603,0.27700616828498065,10.04,6,5.5,49.0,0.05400864138262122,2026-11,95.25,4555.17326212194,1261.8110912145944,956.31,571.5,523.875,5.144323091694671,82.51494239078252,1241.6771709073455,1159.162228516563
2026-11-08,Pattaya_Central,MixedBerryPremium,6,32.0,86.52879332477535,23.51800436456996,0.27179397124258947,52.235,8,7.0,89.0,0.2233632862644416,2026-11,32.0,2768.921386392811,752.5761396662388,1671.52,256.0,224.0,7.147625160462131,430.53720154043646,-135.17475327342754,-565.7119548138639
2026-11-08,Pattaya_Central,PassionFruit,6,73.75,63.01625368731563,17.166189380530973,0.2724089163679736,28.654999999999998,6,6.0,65.0,0.08849557522123894,2026-11,73.75,4647.448709439528,1266.0064668141592,2113.3062499999996,442.5,442.5,6.5265486725663715,226.1775442477876,383.135992625369,156.9584483775814
2026-11-08,Pattaya_Central,Pineapple,6,133.0,47.78324340709306,13.039893664746893,0.2728967883919579,10.084999999999999,6,5.0,49.0,0.03925431949075477,2026-11,133.0,6355.171373143377,1734.3058574113368,1341.3049999999998,798.0,665.0,5.220824492270385,83.97696195816914,1816.5605157320406,1732.5835537738715
2026-11-08,Pattaya_Central,Watermelon,6,213.5,44.00282273983419,11.737794315041452,0.26675093969404934,7.945,6,5.0,45.0,0.029609159099881564,2026-11,213.5,9394.602654954599,2506.01908626135,1696.2575000000002,1281.0,1067.5,6.321555467824714,88.15409099881565,2843.826068693248,2755.6719776944324
2026-11-09,BKK_Ladprao,Guava,0,30.25,47.85666666666667,13.140177070063695,0.274573596226169,10.04,6,5.5,49.0,0.08227176220806794,2026-11,30.25,1447.6641666666667,397.49035636942676,303.71,181.5,166.375,2.488720806794055,39.91908174097664,398.5888102972399,358.66972855626324
2026-11-09,BKK_Ladprao,MixedBerryPremium,0,11.5,86.58969604863222,23.94381337386018,0.2765203536505358,52.235,8,7.0,89.0,0.4148936170212766,2026-11,11.5,995.7815045592705,275.3538537993921,600.7025,92.0,80.5,4.7712765957446805,287.3978457446808,-52.774849240121625,-340.17269498480243
2026-11-09,BKK_Ladprao,PassionFruit,0,25.5,63.23085034013606,16.98635714285714,0.26864034014223875,28.654999999999998,6,6.0,65.0,0.145578231292517,2026-11,25.5,1612.3866836734694,433.1521071428571,730.7025,153.0,153.0,3.712244897959184,128.64784693877553,142.53207653061236,13.884229591836828
2026-11-09,BKK_Ladprao,Pineapple,0,52.25,47.845854229354735,12.786699899699096,0.2672478129119515,10.084999999999999,6,5.0,49.0,0.06920762286860582,2026-11,52.25,2499.945883483785,668.1050697592777,526.94125,313.5,261.25,3.616098294884654,58.164941073219666,730.1495637245075,671.9846226512879
2026-11-09,BKK_Ladprao,Watermelon,0,82.25,44.02063492063492,12.068285714285715,0.27415065084916884,7.945,6,5.0,45.0,0.05246913580246913,2026-11,82.25,3620.697222222222,992.6165,653.47625,493.5,411.25,4.315586419753086,60.180852623456786,1069.8544722222223,1009.6736195987655
2026-11-09,BKK_Sukhumvit,Guava,0,57.25,47.95304734667938,13.01283050524309,0.2713660804738032,10.04,6,5.5,49.0,0.047664442326024785,2026-11,57.25,2745.3119605973943,744.9845464251669,574.79,343.5,314.875,2.7287893231649187,43.76978074356529,767.1624141722275,723.3926334286622
2026-11-09,BKK_Sukhumvit,MixedBerryPremium,0,18.5,86.75255652173914,22.990975304347824,0.26501784184984295,52.235,8,7.0,89.0,0.21565217391304348,2026-11,18.5,1604.922295652174,425.33304313043476,966.3475,148.0,129.5,3.9895652173913043,240.31146086956522,-64.25824747826073,-304.56970834782595
2026-11-09,BKK_Sukhumvit,PassionFruit,0,49.0,63.17115539452496,17.610132850241545,0.27876857309733194,28.654999999999998,6,6.0,65.0,0.09098228663446055,2026-11,49.0,3095.386614331723,862.8965096618357,1404.0949999999998,294.0,294.0,4.458132045088567,154.49656602254427,240.3951046698876,85.89853864734332
2026-11-09,BKK_Sukhumvit,Pineapple,0,92.75,47.74254871088369,12.82280334579807,0.2685822959190887,10.084999999999999,6,5.0,49.0,0.03896870694745129,2026-11,92.75,4428.121392934462,1189.315010322771,935.38375,556.5,463.75,3.614347569376107,58.13678065341469,1283.1726326116914,1225.0358519582767
2026-11-09,BKK_Sukhumvit,Watermelon,0,137.5,44.07588018917498,11.868067787703627,0.26926445341001765,7.945,6,5.0,45.0,0.030084077771939045,2026-11,137.5,6060.4335260115595,1631.8593208092486,1092.4375,825.0,687.5,4.136560693641619,57.68433887283238,1823.6367052023106,1765.9523663294783
2026-11-09,Pattaya_Beach,Guava,0,61.75,47.80525027808676,13.032506562847606,0.27261663702284855,10.04,6,5.5,49.0,0.05506117908787542,2026-11,61.75,2951.9742046718575,804.7572802558396,619.9699999999999,370.5,339.625,3.400027808676307,54.536446051167964,817.1219244160179,762.5854783648499
2026-11-09,Pattaya_Beach,MixedBerryPremium,0,19.25,86.3254953000723,23.297381344902387,0.26987833969465647,52.235,8,7.0,89.0,0.23716558206796817,2026-11,19.25,1661.7657845263918,448.474590889371,1005.52375,154.0,134.75,4.565437454808388,274.99912509038325,-80.98255636297904,-355.9816814533623
2026-11-09,Pattaya_Beach,PassionFruit,0,49.5,63.013126945693536,17.109371497751642,0.2715207501525353,28.654999999999998,6,6.0,65.0,0.08993427879626427,2026-11,49.5,3119.14978381183,846.9138891387063,1418.4225,297.0,297.0,4.451746800415082,154.27528536838466,259.81339467312364,105.53810930473898
2026-11-09,Pattaya_Beach,Pineapple,0,95.25,47.68440197512802,13.193954352596926,0.2766932960484403,10.084999999999999,6,5.0,49.0,0.040965618141916606,2026-11,95.25,4541.939288130944,1256.7241520848572,960.5962499999999,571.5,476.25,3.9019751280175567,62.7632699341624,1276.868886046087,1214.1056161119245
2026-11-09,Pattaya_Beach,Watermelon,0,149.25,43.95651561399389,11.924427330359238,0.2712778108955253,7.945,6,5.0,45.0,0.0308757924395398,2026-11,149.25,6560.509955388588,1779.7207790561163,1185.79125,895.5,746.25,4.608212021601315,64.26151664123034,1953.2479263324722,1888.9864096912418
2026-11-09,Pattaya_Central,Guava,0,65.25,47.82334133461354,13.24736053768603,0.27700616828498065,10.04,6,5.5,49.0,0.05400864138262122,2026-11,65.25,3120.473022083533,864.3902750840134,655.1099999999999,391.5,358.875,3.524063850216035,56.525984157465196,850.59774699952,794.0717628420548
2026-11-09,Pattaya_Central,MixedBerryPremium,0,25.75,86.52879332477535,23.51800436456996,0.27179397124258947,52.235,8,7.0,89.0,0.2233632862644416,2026-11,25.75,2228.1164281129654,605.5886123876764,1345.05125,206.0,180.25,5.7516046213093714,346.44790436457,-108.77343427471124,-455.2213386392812
2026-11-09,Pattaya_Central,PassionFruit,0,54.25,63.01625368731563,17.166189380530973,0.2724089163679736,28.654999999999998,6,6.0,65.0,0.08849557522123894,2026-11,54.25,3418.631762536873,931.2657738938053,1554.5337499999998,325.5,325.5,4.800884955752212,166.37466814159293,281.83223864306774,115.4575705014748
2026-11-09,Pattaya_Central,Pineapple,0,109.0,47.78324340709306,13.039893664746893,0.2728967883919579,10.084999999999999,6,5.0,49.0,0.03925431949075477,2026-11,109.0,5208.373531373143,1421.3484094574114,1099.2649999999999,654.0,545.0,4.27872082449227,68.82322446195816,1488.7601219157318,1419.9368974537736
2026-11-09,Pattaya_Central,Watermelon,0,179.0,44.00282273983419,11.737794315041452,0.26675093969404934,7.945,6,5.0,45.0,0.029609159099881564,2026-11,179.0,7876.50527043032,2101.06518239242,1422.155,1074.0,895.0,5.3000394788788,73.90905053296487,2384.2850880379,2310.376037504935
2026-11-10,BKK_Ladprao,Guava,1,35.5,47.85666666666667,13.140177070063695,0.274573596226169,10.04,6,5.5,49.0,0.08227176220806794,2026-11,35.5,1698.9116666666669,466.4762859872612,356.41999999999996,213.0,195.25,2.9206475583864115,46.84718683651804,467.7653806794058,420.9181938428877
2026-11-10,BKK_Ladprao,MixedBerryPremium,1,10.25,86.58969604863222,23.94381337386018,0.2765203536505358,52.235,8,7.0,89.0,0.4148936170212766,2026-11,10.25,887.5443844984802,245.42408708206685,535.4087499999999,82.0,71.75,4.252659574468085,256.1589494680851,-47.038452583586604,-303.1974020516717
2026-11-10,BKK_Ladprao,PassionFruit,1,25.75,63.23085034013606,16.98635714285714,0.26864034014223875,28.654999999999998,6,6.0,65.0,0.145578231292517,2026-11,25.75,1628.1943962585035,437.3986964285714,737.8662499999999,154.5,154.5,3.748639455782313,129.90910034013606,143.92944982993208,14.020349489796018
2026-11-10,BKK_Ladprao,Pineapple,1,48.25,47.845854229354735,12.786699899699096,0.2672478129119515,10.084999999999999,6,5.0,49.0,0.06920762286860582,2026-11,48.25,2308.562466566366,616.9582701604813,486.60124999999994,289.5,241.25,3.3392678034102308,53.71212261785357,674.2529464058846,620.540823788031
2026-11-10,BKK_Ladprao,Watermelon,1,75.5,44.02063492063492,12.068285714285715,0.27415065084916884,7.945,6,5.0,45.0,0.05246913580246913,2026-11,75.5,3323.5579365079366,911.1555714285714,599.8475,453.0,377.5,3.9614197530864197,55.24199845679012,982.0548650793653,926.8128666225751
2026-11-10,BKK_Sukhumvit,Guava,1,54.0,47.95304734667938,13.01283050524309,0.2713660804738032,10.04,6,5.5,49.0,0.047664442326024785,2026-11,54.0,2589.4645567206862,702.6928472831269,542.16,324.0,297.0,2.573879885605338,41.28503336510962,723.6117094375595,682.3266760724499
2026-11-10,BKK_Sukhumvit,MixedBerryPremium,1,19.75,86.75255652173914,22.990975304347824,0.26501784184984295,52.235,8,7.0,89.0,0.21565217391304348,2026-11,19.75,1713.362991304348,454.07176226086955,1031.64125,158.0,138.25,4.259130434782609,256.54872173913043,-68.60002095652135,-325.1487426956518
2026-11-10,BKK_Sukhumvit,PassionFruit,1,44.5,63.17115539452496,17.610132850241545,0.27876857309733194,28.654999999999998,6,6.0,65.0,0.09098228663446055,2026-11,44.5,2811.116415056361,783.6509118357487,1275.1474999999998,267.0,267.0,4.048711755233494,140.30810587761675,218.31800322061235,78.0098973429956
2026-11-10,BKK_Sukhumvit,Pineapple,1,85.0,47.74254871088369,12.82280334579807,0.2685822959190887,10.084999999999999,6,5.0,49.0,0.03896870694745129,2026-11,85.0,4058.1166404251135,1089.9382843928358,857.2249999999999,510.0,425.0,3.3123400905333598,53.278990356229095,1175.953356032278,1122.6743656760489
2026-11-10,BKK_Sukhumvit,Watermelon,1,136.0,44.07588018917498,11.868067787703627,0.26926445341001765,7.945,6,5.0,45.0,0.030084077771939045,2026-11,136.0,5994.319705727798,1614.0572191276933,1080.52,816.0,680.0,4.09143457698371,57.05505517603784,1803.7424866001038,1746.687431424066
2026-11-10,Pattaya_Beach,Guava,1,51.0,47.80525027808676,13.032506562847606,0.27261663702284855,10.04,6,5.5,49.0,0.05506117908787542,2026-11,51.0,2438.067764182425,664.657834705228,512.04,306.0,280.5,2.8081201334816464,45.042246941045605,674.869929477197,629.8276825361514
2026-11-10,Pattaya_Beach,MixedBerryPremium,1,21.25,86.3254953000723,23.297381344902387,0.26987833969465647,52.235,8,7.0,89.0,0.23716558206796817,2026-11,21.25,1834.4167751265365,495.06935357917575,1109.99375,170.0,148.75,5.039768618944324,303.57046276211133,-89.39632845263918,-392.9667912147505
2026-11-10,Pattaya_Beach,PassionFruit,1,47.0,63.013126945693536,17.109371497751642,0.2715207501525353,28.654999999999998,6,6.0,65.0,0.08993427879626427,2026-11,47.0,2961.616966447596,804.1404603943272,1346.7849999999999,282.0,282.0,4.2269111034244204,146.4836042891733,246.69150605326877,100.20790176409548
2026-11-10,Pattaya_Beach,Pineapple,1,91.25,47.68440197512802,13.193954352596926,0.2766932960484403,10.084999999999999,6,5.0,49.0,0.040965618141916606,2026-11,91.25,4351.2016802304315,1203.9483346744694,920.2562499999999,547.5,456.25,3.7381126554498905,60.127542062911495,1223.247095555962,1163.1195534930505
2026-11-10,Pattaya_Beach,Watermelon,1,142.75,43.95651561399389,11.924427330359238,0.2712778108955253,7.945,6,5.0,45.0,0.0308757924395398,2026-11,142.75,6274.792603897628,1702.2120014087814,1134.14875,856.5,713.75,4.407519370744306,61.46285762502935,1868.1818524888467,1806.7189948638174
2026-11-10,Pattaya_Central,Guava,1,65.75,47.82334133461354,13.24736053768603,0.27700616828498065,10.04,6,5.5,49.0,0.05400864138262122,2026-11,65.75,3144.3846927508403,871.0139553528564,660.13,394.5,361.625,3.5510681709073455,56.95913346135382,857.115737397984,800.1566039366302
2026-11-10,Pattaya_Central,MixedBerryPremium,1,22.75,86.52879332477535,23.51800436456996,0.27179397124258947,52.235,8,7.0,89.0,0.2233632862644416,2026-11,22.75,1968.5300481386391,535.0345992939666,1188.34625,182.0,159.25,5.081514762516046,306.08504172015404,-96.10080115532742,-402.18584287548146
2026-11-10,Pattaya_Central,PassionFruit,1,55.75,63.01625368731563,17.166189380530973,0.2724089163679736,28.654999999999998,6,6.0,65.0,0.08849557522123894,2026-11,55.75,3513.1561430678466,957.0150579646017,1597.51625,334.5,334.5,4.933628318584071,170.97488938053098,289.624835103245,118.64994572271402
2026-11-10,Pattaya_Central,Pineapple,1,114.0,47.78324340709306,13.039893664746893,0.2728967883919579,10.084999999999999,6,5.0,49.0,0.03925431949075477,2026-11,114.0,5447.289748408609,1486.5478777811459,1149.6899999999998,684.0,570.0,4.474992421946044,71.98025310700211,1557.0518706274634,1485.0716175204611
2026-11-10,Pattaya_Central,Watermelon,1,164.25,44.00282273983419,11.737794315041452,0.26675093969404934,7.945,6,5.0,45.0,0.029609159099881564,2026-11,164.25,7227.463635017765,1927.9327162455584,1304.96625,985.5,821.25,4.863304382155547,67.8187796091591,2187.8146687722065,2119.995889163047
2026-11-11,BKK_Ladprao,Guava,2,28.5,47.85666666666667,13.140177070063695,0.274573596226169,10.04,6,5.5,49.0,0.08227176220806794,2026-11,28.5,1363.915,374.4950464968153,286.14,171.0,156.75,2.3447452229299364,37.609713375796176,375.52995350318474,337.9202401273886
2026-11-11,BKK_Ladprao,MixedBerryPremium,2,9.75,86.58969604863222,23.94381337386018,0.2765203536505358,52.235,8,7.0,89.0,0.4148936170212766,2026-11,9.75,844.2495364741642,233.45218039513676,509.29125,78.0,68.25,4.045212765957447,243.6633909574468,-44.743893920972596,-288.40728487841943
2026-11-11,BKK_Ladprao,PassionFruit,2,27.5,63.23085034013606,16.98635714285714,0.26864034014223875,28.654999999999998,6,6.0,65.0,0.145578231292517,2026-11,27.5,1738.8483843537415,467.1248214285714,788.0124999999999,165.0,165.0,4.003401360544218,138.73787414965986,153.71106292517015,14.973188775510295
2026-11-11,BKK_Ladprao,Pineapple,2,58.0,47.845854229354735,12.786699899699096,0.2672478129119515,10.084999999999999,6,5.0,49.0,0.06920762286860582,2026-11,58.0,2775.059545302575,741.6285941825475,584.93,348.0,290.0,4.014042126379138,64.56586760280844,810.5009511200274,745.9350835172189
2026-11-11,BKK_Ladprao,Watermelon,2,76.75,44.02063492063492,12.068285714285715,0.27415065084916884,7.945,6,5.0,45.0,0.05246913580246913,2026-11,76.75,3378.58373015873,926.2409285714286,609.7787500000001,460.5,383.75,4.027006172839506,56.156601080246915,998.314051587301,942.1574505070541
2026-11-11,BKK_Sukhumvit,Guava,2,52.75,47.95304734667938,13.01283050524309,0.2713660804738032,10.04,6,5.5,49.0,0.047664442326024785,2026-11,52.75,2529.5232475373373,686.4268091515729,529.6099999999999,316.5,290.125,2.5142993326978074,40.329361296472825,706.8614383857644,666.5320770892915
2026-11-11,BKK_Sukhumvit,MixedBerryPremium,2,20.0,86.75255652173914,22.990975304347824,0.26501784184984295,52.235,8,7.0,89.0,0.21565217391304348,2026-11,20.0,1735.0511304347829,459.8195060869565,1044.7,160.0,140.0,4.3130434782608695,259.79617391304345,-69.46837565217356,-329.264549565217
2026-11-11,BKK_Sukhumvit,PassionFruit,2,46.75,63.17115539452496,17.610132850241545,0.27876857309733194,28.654999999999998,6,6.0,65.0,0.09098228663446055,2026-11,46.75,2953.251514694042,823.2737107487923,1339.62125,280.5,280.5,4.2534219001610305,147.40233595008053,229.35655394524974,81.95421799516922
2026-11-11,BKK_Sukhumvit,Pineapple,2,88.5,47.74254871088369,12.82280334579807,0.2685822959190887,10.084999999999999,6,5.0,49.0,0.03896870694745129,2026-11,88.5,4225.215560913207,1134.8180961031292,892.5224999999999,531.0,442.5,3.448730564849439,55.47283113560323,1224.374964810078,1168.9021336744747
2026-11-11,BKK_Sukhumvit,Watermelon,2,138.0,44.07588018917498,11.868067787703627,0.26926445341001765,7.945,6,5.0,45.0,0.030084077771939045,2026-11,138.0,6082.471466106147,1637.7933547031005,1096.41,828.0,690.0,4.151602732527588,57.89410010509722,1830.2681114030465,1772.3740112979492
2026-11-11,Pattaya_Beach,Guava,2,65.0,47.80525027808676,13.032506562847606,0.27261663702284855,10.04,6,5.5,49.0,0.05506117908787542,2026-11,65.0,3107.341268075639,847.1129265850944,652.5999999999999,390.0,357.5,3.578976640711902,57.40678531701891,860.1283414905447,802.7215561735258
2026-11-11,Pattaya_Beach,MixedBerryPremium,2,22.0,86.3254953000723,23.297381344902387,0.26987833969465647,52.235,8,7.0,89.0,0.23716558206796817,2026-11,22.0,1899.1608966015906,512.5423895878525,1149.17,176.0,154.0,5.2176428054952995,314.28471438900937,-92.55149298626202,-406.8362073752714
2026-11-11,Pattaya_Beach,PassionFruit,2,44.25,63.013126945693536,17.109371497751642,0.2715207501525353,28.654999999999998,6,6.0,65.0,0.08993427879626427,2026-11,44.25,2788.330867346939,757.0896887755101,1267.9837499999999,265.5,265.5,3.979591836734694,137.91275510204082,232.25742857142905,94.34467346938823
2026-11-11,Pattaya_Beach,Pineapple,2,80.0,47.68440197512802,13.193954352596926,0.2766932960484403,10.084999999999999,6,5.0,49.0,0.040965618141916606,2026-11,80.0,3814.7521580102416,1055.5163482077542,806.8,480.0,400.0,3.2772494513533283,52.71455742501829,1072.4358098024873,1019.721252377469
2026-11-11,Pattaya_Beach,Watermelon,2,139.25,43.95651561399389,11.924427330359238,0.2712778108955253,7.945,6,5.0,45.0,0.0308757924395398,2026-11,139.25,6120.944799248649,1660.476505752524,1106.34125,835.5,696.25,4.299454097205917,59.95588738553651,1822.3770434961252,1762.4211561105888
2026-11-11,Pattaya_Central,Guava,2,70.75,47.82334133461354,13.24736053768603,0.27700616828498065,10.04,6,5.5,49.0,0.05400864138262122,2026-11,70.75,3383.501399423908,937.2507580412865,710.3299999999999,424.5,389.125,3.8211113778204515,61.29062650024004,922.2956413826214,861.0050148823814
2026-11-11,Pattaya_Central,MixedBerryPremium,2,25.5,86.52879332477535,23.51800436456996,0.27179397124258947,52.235,8,7.0,89.0,0.2233632862644416,2026-11,25.5,2206.4842297817713,599.709111296534,1331.9925,204.0,178.5,5.69576379974326,343.08433247753527,-107.71738151476256,-450.80171399229783
2026-11-11,Pattaya_Central,PassionFruit,2,56.25,63.01625368731563,17.166189380530973,0.2724089163679736,28.654999999999998,6,6.0,65.0,0.08849557522123894,2026-11,56.25,3544.6642699115046,965.5981526548672,1611.8437499999998,337.5,337.5,4.977876106194691,172.508296460177,292.2223672566374,119.71407079646042
2026-11-11,Pattaya_Central,Pineapple,2,109.0,47.78324340709306,13.039893664746893,0.2728967883919579,10.084999999999999,6,5.0,49.0,0.03925431949075477,2026-11,109.0,5208.373531373143,1421.3484094574114,1099.2649999999999,654.0,545.0,4.27872082449227,68.82322446195816,1488.7601219157318,1419.9368974537736
2026-11-11,Pattaya_Central,Watermelon,2,160.0,44.00282273983419,11.737794315041452,0.26675093969404934,7.945,6,5.0,45.0,0.029609159099881564,2026-11,160.0,7040.45163837347,1878.0470904066324,1271.2,960.0,800.0,4.7374654559810505,66.06395578365576,2131.2045479668377,2065.140592183182
2026-11-12,BKK_Ladprao,Guava,3,31.5,47.85666666666667,13.140177070063695,0.274573596226169,10.04,6,5.5,49.0,0.08227176220806794,2026-11,31.5,1507.4850000000001,413.9155777070064,316.26,189.0,173.25,2.59156050955414,41.568630573248406,415.05942229299376,373.49079171974535
2026-11-12,BKK_Ladprao,MixedBerryPremium,3,12.75,86.58969604863222,23.94381337386018,0.2765203536505358,52.235,8,7.0,89.0,0.4148936170212766,2026-11,12.75,1104.0186246200608,305.2836205167173,665.99625,102.0,89.25,5.289893617021276,318.6367420212766,-58.511245896656646,-377.1479879179332
2026-11-12,BKK_Ladprao,PassionFruit,3,24.25,63.23085034013606,16.98635714285714,0.26864034014223875,28.654999999999998,6,6.0,65.0,0.145578231292517,2026-11,24.25,1533.3481207482994,411.9191607142857,694.88375,145.5,145.5,3.5302721088435374,122.34157993197279,135.54521003401373,13.203630102040947
2026-11-12,BKK_Ladprao,Pineapple,3,52.25,47.845854229354735,12.786699899699096,0.2672478129119515,10.084999999999999,6,5.0,49.0,0.06920762286860582,2026-11,52.25,2499.945883483785,668.1050697592777,526.94125,313.5,261.25,3.616098294884654,58.164941073219666,730.1495637245075,671.9846226512879
2026-11-12,BKK_Ladprao,Watermelon,3,85.5,44.02063492063492,12.068285714285715,0.27415065084916884,7.945,6,5.0,45.0,0.05246913580246913,2026-11,85.5,3763.7642857142855,1031.8384285714285,679.2975,513.0,427.5,4.486111111111111,62.55881944444444,1112.128357142857,1049.5695376984127
2026-11-12,BKK_Sukhumvit,Guava,3,58.25,47.95304734667938,13.01283050524309,0.2713660804738032,10.04,6,5.5,49.0,0.047664442326024785,2026-11,58.25,2793.2650079440737,757.9973769304099,584.8299999999999,349.5,320.375,2.7764537654909436,44.53431839847473,780.5626310136638,736.0283126151891
2026-11-12,BKK_Sukhumvit,MixedBerryPremium,3,20.0,86.75255652173914,22.990975304347824,0.26501784184984295,52.235,8,7.0,89.0,0.21565217391304348,2026-11,20.0,1735.0511304347829,459.8195060869565,1044.7,160.0,140.0,4.3130434782608695,259.79617391304345,-69.46837565217356,-329.264549565217
2026-11-12,BKK_Sukhumvit,PassionFruit,3,43.25,63.17115539452496,17.610132850241545,0.27876857309733194,28.654999999999998,6,6.0,65.0,0.09098228663446055,2026-11,43.25,2732.1524708132047,761.6382457729468,1239.32875,259.5,259.5,3.9349838969404187,136.3668669484702,212.1854750402581,75.8186080917879
2026-11-12,BKK_Sukhumvit,Pineapple,3,85.0,47.74254871088369,12.82280334579807,0.2685822959190887,10.084999999999999,6,5.0,49.0,0.03896870694745129,2026-11,85.0,4058.1166404251135,1089.9382843928358,857.2249999999999,510.0,425.0,3.3123400905333598,53.278990356229095,1175.953356032278,1122.6743656760489
2026-11-12,BKK_Sukhumvit,Watermelon,3,132.75,44.07588018917498,11.868067787703627,0.26926445341001765,7.945,6,5.0,45.0,0.030084077771939045,2026-11,132.75,5851.073095112979,1575.4859988176565,1054.69875,796.5,663.75,3.993661324224908,55.691607166316345,1760.6383462953227,1704.9467391290063
2026-11-12,Pattaya_Beach,Guava,3,61.5,47.80525027808676,13.032506562847606,0.27261663702284855,10.04,6,5.5,49.0,0.05506117908787542,2026-11,61.5,2940.022892102336,801.4991536151279,617.4599999999999,369.0,338.25,3.386262513904338,54.31565072302558,813.813738487208,759.4980877641824
2026-11-12,Pattaya_Beach,MixedBerryPremium,3,21.5,86.3254953000723,23.297381344902387,0.26987833969465647,52.235,8,7.0,89.0,0.23716558206796817,2026-11,21.5,1855.9981489515546,500.89369891540133,1123.0525,172.0,150.5,5.099060014461315,307.14187997107734,-90.44804996384664,-397.589929934924
2026-11-12,Pattaya_Beach,PassionFruit,3,48.75,63.013126945693536,17.109371497751642,0.2715207501525353,28.654999999999998,6,6.0,65.0,0.08993427879626427,2026-11,48.75,3071.88993860256,834.0818605153926,1396.9312499999999,292.5,292.5,4.384296091317883,151.93778104462123,255.87682808716772,103.93904704254649
2026-11-12,Pattaya_Beach,Pineapple,3,87.75,47.68440197512802,13.193954352596926,0.2766932960484403,10.084999999999999,6,5.0,49.0,0.040965618141916606,2026-11,87.75,4184.306273317484,1157.7694944403802,884.9587499999999,526.5,438.75,3.5947329919531823,57.82128017556694,1176.3280288771039,1118.506748701537
2026-11-12,Pattaya_Beach,Watermelon,3,140.5,43.95651561399389,11.924427330359238,0.2712778108955253,7.945,6,5.0,45.0,0.0308757924395398,2026-11,140.5,6175.890443766142,1675.382039915473,1116.2725,843.0,702.5,4.338048837755342,60.49409104249825,1838.7359038506693,1778.241812808171
2026-11-12,Pattaya_Central,Guava,3,66.25,47.82334133461354,13.24736053768603,0.27700616828498065,10.04,6,5.5,49.0,0.05400864138262122,2026-11,66.25,3168.296363418147,877.6376356216995,665.15,397.5,364.375,3.578072491598656,57.39228276524244,863.6337277964476,806.2414450312051
2026-11-12,Pattaya_Central,MixedBerryPremium,3,18.0,86.52879332477535,23.51800436456996,0.27179397124258947,52.235,8,7.0,89.0,0.2233632862644416,2026-11,18.0,1557.5182798459564,423.3240785622593,940.23,144.0,126.0,4.020539152759949,242.17717586649553,-76.0357987163029,-318.21297458279844
2026-11-12,Pattaya_Central,PassionFruit,3,57.0,63.01625368731563,17.166189380530973,0.2724089163679736,28.654999999999998,6,6.0,65.0,0.08849557522123894,2026-11,57.0,3591.926460176991,978.4727946902655,1633.3349999999998,342.0,342.0,5.04424778761062,174.80840707964603,296.1186654867256,121.31025840707957
2026-11-12,Pattaya_Central,Pineapple,3,104.0,47.78324340709306,13.039893664746893,0.2728967883919579,10.084999999999999,6,5.0,49.0,0.03925431949075477,2026-11,104.0,4969.457314337678,1356.148941133677,1048.84,624.0,520.0,4.082449227038496,65.66619581691421,1420.4683732040012,1354.8021773870869
2026-11-12,Pattaya_Central,Watermelon,3,165.0,44.00282273983419,11.737794315041452,0.26675093969404934,7.945,6,5.0,45.0,0.029609159099881564,2026-11,165.0,7260.4657520726405,1936.7360619818396,1310.925,990.0,825.0,4.885511251480458,68.12845440189498,2197.804690090801,2129.676235688906
2026-11-13,BKK_Ladprao,Guava,4,33.0,47.85666666666667,13.140177070063695,0.274573596226169,10.04,6,5.5,49.0,0.08227176220806794,2026-11,33.0,1579.27,433.62584331210195,331.32,198.0,181.5,2.7149681528662417,43.54808917197452,434.82415668789804,391.2760675159235
2026-11-13,BKK_Ladprao,MixedBerryPremium,4,13.0,86.58969604863222,23.94381337386018,0.2765203536505358,52.235,8,7.0,89.0,0.4148936170212766,2026-11,13.0,1125.666048632219,311.26957386018233,679.055,104.0,91.0,5.3936170212765955,324.8845212765957,-59.65852522796331,-384.543046504559
2026-11-13,BKK_Ladprao,PassionFruit,4,23.75,63.23085034013606,16.98635714285714,0.26864034014223875,28.654999999999998,6,6.0,65.0,0.145578231292517,2026-11,23.75,1501.7326955782314,403.4259821428571,680.55625,142.5,142.5,3.4574829931972793,119.81907312925172,132.7504634353743,12.931390306122566
2026-11-13,BKK_Ladprao,Pineapple,4,55.0,47.845854229354735,12.786699899699096,0.2672478129119515,10.084999999999999,6,5.0,49.0,0.06920762286860582,2026-11,55.0,2631.5219826145103,703.2684944834502,554.675,330.0,275.0,3.80641925777332,61.22625376128386,768.5784881310601,707.3522343697763
2026-11-13,BKK_Ladprao,Watermelon,4,71.0,44.02063492063492,12.068285714285715,0.27415065084916884,7.945,6,5.0,45.0,0.05246913580246913,2026-11,71.0,3125.4650793650794,856.8482857142857,564.095,426.0,355.0,3.7253086419753085,51.949429012345675,923.5217936507938,871.5723646384481
2026-11-13,BKK_Sukhumvit,Guava,4,54.75,47.95304734667938,13.01283050524309,0.2713660804738032,10.04,6,5.5,49.0,0.047664442326024785,2026-11,54.75,2625.429342230696,712.4524701620592,549.6899999999999,328.5,301.125,2.609628217349857,41.858436606291704,733.661872068637,691.8034354623453
2026-11-13,BKK_Sukhumvit,MixedBerryPremium,4,17.75,86.75255652173914,22.990975304347824,0.26501784184984295,52.235,8,7.0,89.0,0.21565217391304348,2026-11,17.75,1539.8578782608697,408.08981165217386,927.17125,142.0,124.25,3.827826086956522,230.56910434782608,-61.65318339130408,-292.22228773913014
2026-11-13,BKK_Sukhumvit,PassionFruit,4,40.0,63.17115539452496,17.610132850241545,0.27876857309733194,28.654999999999998,6,6.0,65.0,0.09098228663446055,2026-11,40.0,2526.846215780998,704.4053140096618,1146.1999999999998,240.0,240.0,3.639291465378422,126.11964573268922,196.24090177133667,70.12125603864745
2026-11-13,BKK_Sukhumvit,Pineapple,4,89.75,47.74254871088369,12.82280334579807,0.2685822959190887,10.084999999999999,6,5.0,49.0,0.03896870694745129,2026-11,89.75,4284.893746801811,1150.8466002853768,905.12875,538.5,448.75,3.497441448533753,56.256345699665424,1241.6683965164343,1185.412050816769
2026-11-13,BKK_Sukhumvit,Watermelon,4,130.0,44.07588018917498,11.868067787703627,0.26926445341001765,7.945,6,5.0,45.0,0.030084077771939045,2026-11,130.0,5729.864424592747,1542.8488124014714,1032.8500000000001,780.0,650.0,3.910930110352076,54.5379203888597,1724.1656121912756,1669.627691802416
2026-11-13,Pattaya_Beach,Guava,4,56.75,47.80525027808676,13.032506562847606,0.27261663702284855,10.04,6,5.5,49.0,0.05506117908787542,2026-11,56.75,2712.9479532814235,739.5947474416016,569.77,340.5,312.125,3.1247219132369297,50.12053948832035,750.9582058398219,700.8376663515015
2026-11-13,Pattaya_Beach,MixedBerryPremium,4,21.5,86.3254953000723,23.297381344902387,0.26987833969465647,52.235,8,7.0,89.0,0.23716558206796817,2026-11,21.5,1855.9981489515546,500.89369891540133,1123.0525,172.0,150.5,5.099060014461315,307.14187997107734,-90.44804996384664,-397.589929934924
2026-11-13,Pattaya_Beach,PassionFruit,4,50.0,63.013126945693536,17.109371497751642,0.2715207501525353,28.654999999999998,6,6.0,65.0,0.08993427879626427,2026-11,50.0,3150.656347284677,855.4685748875821,1432.7499999999998,300.0,300.0,4.496713939813214,155.83362158422693,262.43777239709516,106.60415081286823
2026-11-13,Pattaya_Beach,Pineapple,4,84.0,47.68440197512802,13.193954352596926,0.2766932960484403,10.084999999999999,6,5.0,49.0,0.040965618141916606,2026-11,84.0,4005.4897659107537,1108.2921656181418,847.1399999999999,504.0,420.0,3.441111923920995,55.350285296269206,1126.0576002926118,1070.7073149963426
2026-11-13,Pattaya_Beach,Watermelon,4,144.75,43.95651561399389,11.924427330359238,0.2712778108955253,7.945,6,5.0,45.0,0.0308757924395398,2026-11,144.75,6362.705635125616,1726.0608560694998,1150.03875,868.5,723.75,4.469270955623386,62.32398347616812,1894.3560290561163,1832.032045579948
2026-11-13,Pattaya_Central,Guava,4,74.75,47.82334133461354,13.24736053768603,0.27700616828498065,10.04,6,5.5,49.0,0.05400864138262122,2026-11,74.75,3574.794764762362,990.2402001920307,750.4899999999999,448.5,411.125,4.037145943350937,64.75582093134902,974.4395645703312,909.6837436389822
2026-11-13,Pattaya_Central,MixedBerryPremium,4,24.25,86.52879332477535,23.51800436456996,0.27179397124258947,52.235,8,7.0,89.0,0.2233632862644416,2026-11,24.25,2098.323238125802,570.3116058408216,1266.69875,194.0,169.75,5.416559691912709,326.266473042362,-102.43711771501967,-428.7035907573817
2026-11-13,Pattaya_Central,PassionFruit,4,49.75,63.01625368731563,17.166189380530973,0.2724089163679736,28.654999999999998,6,6.0,65.0,0.08849557522123894,2026-11,49.75,3135.0586209439525,854.0179216814159,1425.5862499999998,298.5,298.5,4.402654867256637,152.57400442477876,258.45444926253685,105.88044483775809
2026-11-13,Pattaya_Central,Pineapple,4,101.0,47.78324340709306,13.039893664746893,0.2728967883919579,10.084999999999999,6,5.0,49.0,0.03925431949075477,2026-11,101.0,4826.107584116399,1317.0292601394362,1018.5849999999999,606.0,505.0,3.964686268566232,63.77197862988784,1379.493323976963,1315.7213453470752
2026-11-13,Pattaya_Central,Watermelon,4,155.0,44.00282273983419,11.737794315041452,0.26675093969404934,7.945,6,5.0,45.0,0.029609159099881564,2026-11,155.0,6820.437524674299,1819.358118831425,1231.4750000000001,930.0,775.0,4.589419660481642,63.9994571654165,2064.6044058428743,2000.6049486774577
2026-11-14,BKK_Ladprao,Guava,5,39.75,47.85666666666667,13.140177070063695,0.274573596226169,10.04,6,5.5,49.0,0.08227176220806794,2026-11,39.75,1902.3025,522.3220385350319,399.09,238.5,218.625,3.2703025477707004,52.45565286624203,523.7654614649682,471.3098085987262
2026-11-14,BKK_Ladprao,MixedBerryPremium,5,12.75,86.58969604863222,23.94381337386018,0.2765203536505358,52.235,8,7.0,89.0,0.4148936170212766,2026-11,12.75,1104.0186246200608,305.2836205167173,665.99625,102.0,89.25,5.289893617021276,318.6367420212766,-58.511245896656646,-377.1479879179332
2026-11-14,BKK_Ladprao,PassionFruit,5,29.75,63.23085034013606,16.98635714285714,0.26864034014223875,28.654999999999998,6,6.0,65.0,0.145578231292517,2026-11,29.75,1881.1177976190477,505.34412499999996,852.4862499999999,178.5,178.5,4.3309523809523816,150.08915476190478,166.28742261904767,16.198267857142895
2026-11-14,BKK_Ladprao,Pineapple,5,62.75,47.845854229354735,12.786699899699096,0.2672478129119515,10.084999999999999,6,5.0,49.0,0.06920762286860582,2026-11,62.75,3002.3273528920095,802.3654187061182,632.8337499999999,376.5,313.75,4.342778335005016,69.85358951855568,876.8781841858913,807.0245946673356
2026-11-14,BKK_Ladprao,Watermelon,5,95.25,44.02063492063492,12.068285714285715,0.27415065084916884,7.945,6,5.0,45.0,0.05246913580246913,2026-11,95.25,4192.965476190476,1149.5042142857144,756.76125,571.5,476.25,4.997685185185185,69.69271990740741,1238.9500119047616,1169.2572919973543
2026-11-14,BKK_Sukhumvit,Guava,5,64.5,47.95304734667938,13.01283050524309,0.2713660804738032,10.04,6,5.5,49.0,0.047664442326024785,2026-11,64.5,3092.9715538608198,839.3275675881792,647.5799999999999,387.0,354.75,3.0743565300285987,49.31267874165872,864.3139862726407,815.001307530982
2026-11-14,BKK_Sukhumvit,MixedBerryPremium,5,29.5,86.75255652173914,22.990975304347824,0.26501784184984295,52.235,8,7.0,89.0,0.21565217391304348,2026-11,29.5,2559.2004173913047,678.2337714782608,1540.9325,236.0,206.5,6.361739130434783,383.19935652173916,-102.46585408695591,-485.6652106086951
2026-11-14,BKK_Sukhumvit,PassionFruit,5,47.75,63.17115539452496,17.610132850241545,0.27876857309733194,28.654999999999998,6,6.0,65.0,0.09098228663446055,2026-11,47.75,3016.422670088567,840.8838435990338,1368.27625,286.5,286.5,4.344404186795491,150.55532709339775,234.26257648953333,83.70724939613558
2026-11-14,BKK_Sukhumvit,Pineapple,5,101.25,47.74254871088369,12.82280334579807,0.2685822959190887,10.084999999999999,6,5.0,49.0,0.03896870694745129,2026-11,101.25,4833.933056976974,1298.3088387620546,1021.1062499999999,607.5,506.25,3.9455815784294432,63.464679689037595,1400.7679682149192,1337.3032885258815
2026-11-14,BKK_Sukhumvit,Watermelon,5,161.75,44.07588018917498,11.868067787703627,0.26926445341001765,7.945,6,5.0,45.0,0.030084077771939045,2026-11,161.75,7129.273620599053,1919.6599646610616,1285.10375,970.5,808.75,4.866099579611141,67.85775863767736,2145.259905937992,2077.4021473003145
2026-11-14,Pattaya_Beach,Guava,5,82.0,47.80525027808676,13.032506562847606,0.27261663702284855,10.04,6,5.5,49.0,0.05506117908787542,2026-11,82.0,3920.0305228031143,1068.6655381535038,823.28,492.0,451.0,4.515016685205784,72.42086763070077,1085.0849846496108,1012.66411701891
2026-11-14,Pattaya_Beach,MixedBerryPremium,5,33.0,86.3254953000723,23.297381344902387,0.26987833969465647,52.235,8,7.0,89.0,0.23716558206796817,2026-11,33.0,2848.741344902386,768.8135843817788,1723.7549999999999,264.0,231.0,7.82646420824295,471.4270715835141,-138.82723947939257,-610.2543110629067
2026-11-14,Pattaya_Beach,PassionFruit,5,66.0,63.013126945693536,17.109371497751642,0.2715207501525353,28.654999999999998,6,6.0,65.0,0.08993427879626427,2026-11,66.0,4158.866378415773,1129.2185188516085,1891.2299999999998,396.0,396.0,5.935662400553442,205.70038049117954,346.41785956416516,140.7174790729856
2026-11-14,Pattaya_Beach,Pineapple,5,121.75,47.68440197512802,13.193954352596926,0.2766932960484403,10.084999999999999,6,5.0,49.0,0.040965618141916606,2026-11,121.75,5805.5759404718365,1606.3639424286757,1227.8487499999999,730.5,608.75,4.987564008778347,80.22496708119971,1632.1132480431606,1551.8882809619608
2026-11-14,Pattaya_Beach,Watermelon,5,203.5,43.95651561399389,11.924427330359238,0.2712778108955253,7.945,6,5.0,45.0,0.0308757924395398,2026-11,203.5,8945.150927447758,2426.620961728105,1616.8075000000001,1221.0,1017.5,6.283223761446349,87.61955535336934,2663.222465719652,2575.6029103662827
2026-11-14,Pattaya_Central,Guava,5,95.5,47.82334133461354,13.24736053768603,0.27700616828498065,10.04,6,5.5,49.0,0.05400864138262122,2026-11,95.5,4567.129097455593,1265.1229313490157,958.8199999999999,573.0,525.25,5.157825252040327,82.73151704272685,1244.9361661065777,1162.2046490638509
2026-11-14,Pattaya_Central,MixedBerryPremium,5,33.0,86.52879332477535,23.51800436456996,0.27179397124258947,52.235,8,7.0,89.0,0.2233632862644416,2026-11,33.0,2855.4501797175867,776.0941440308087,1723.7549999999999,264.0,231.0,7.370988446726573,443.9914890885751,-139.39896431322177,-583.3904534017969
2026-11-14,Pattaya_Central,PassionFruit,5,81.25,63.01625368731563,17.166189380530973,0.2724089163679736,28.654999999999998,6,6.0,65.0,0.08849557522123894,2026-11,81.25,5120.070612094395,1394.7528871681416,2328.21875,487.5,487.5,7.1902654867256635,249.17865044247787,422.0989749262535,172.92032448377563
2026-11-14,Pattaya_Central,Pineapple,5,146.75,47.78324340709306,13.039893664746893,0.2728967883919579,10.084999999999999,6,5.0,49.0,0.03925431949075477,2026-11,146.75,7012.1909699909065,1913.6043953016065,1479.9737499999999,880.5,733.75,5.760571385268263,92.65879073204002,2004.3628246893004,1911.7040339572604
2026-11-14,Pattaya_Central,Watermelon,5,234.25,44.00282273983419,11.737794315041452,0.26675093969404934,7.945,6,5.0,45.0,0.029609159099881564,2026-11,234.25,10307.661226806158,2749.57831829846,1861.11625,1405.5,1171.25,6.935945519147256,96.72176026450849,3120.2166585076975,3023.494898243189
2026-11-15,BKK_Ladprao,Guava,6,34.25,47.85666666666667,13.140177070063695,0.274573596226169,10.04,6,5.5,49.0,0.08227176220806794,2026-11,34.25,1639.0908333333334,450.05106464968156,343.86999999999995,205.5,188.375,2.817807855626327,45.19763800424628,451.2947686836519,406.0971306794056
2026-11-15,BKK_Ladprao,MixedBerryPremium,6,13.75,86.58969604863222,23.94381337386018,0.2765203536505358,52.235,8,7.0,89.0,0.4148936170212766,2026-11,13.75,1190.608320668693,329.22743389057746,718.23125,110.0,96.25,5.704787234042553,343.62785904255315,-63.100363221884436,-406.7282222644376
2026-11-15,BKK_Ladprao,PassionFruit,6,28.0,63.23085034013606,16.98635714285714,0.26864034014223875,28.654999999999998,6,6.0,65.0,0.145578231292517,2026-11,28.0,1770.4638095238097,475.61799999999994,802.3399999999999,168.0,168.0,4.076190476190476,141.26038095238096,156.50580952380983,15.245428571428874
2026-11-15,BKK_Ladprao,Pineapple,6,49.75,47.845854229354735,12.786699899699096,0.2672478129119515,10.084999999999999,6,5.0,49.0,0.06920762286860582,2026-11,49.75,2380.331247910398,636.13832001003,501.72874999999993,298.5,248.75,3.44307923771314,55.38192953861586,695.214177900368,639.8322483617521
2026-11-15,BKK_Ladprao,Watermelon,6,84.25,44.02063492063492,12.068285714285715,0.27415065084916884,7.945,6,5.0,45.0,0.05246913580246913,2026-11,84.25,3708.738492063492,1016.7530714285715,669.36625,505.5,421.25,4.4205246913580245,61.64421682098765,1095.8691706349205,1034.2249538139329
2026-11-15,BKK_Sukhumvit,Guava,6,56.5,47.95304734667938,13.01283050524309,0.2713660804738032,10.04,6,5.5,49.0,0.047664442326024785,2026-11,56.5,2709.3471750873846,735.2249235462345,567.26,339.0,310.75,2.6930409914204003,43.19637750238322,757.11225154115,713.9158740387668
2026-11-15,BKK_Sukhumvit,MixedBerryPremium,6,17.0,86.75255652173914,22.990975304347824,0.26501784184984295,52.235,8,7.0,89.0,0.21565217391304348,2026-11,17.0,1474.7934608695653,390.846580173913,887.995,136.0,119.0,3.666086956521739,220.82674782608694,-59.048119304347665,-279.8748671304346
2026-11-15,BKK_Sukhumvit,PassionFruit,6,41.25,63.17115539452496,17.610132850241545,0.27876857309733194,28.654999999999998,6,6.0,65.0,0.09098228663446055,2026-11,41.25,2605.8101600241544,726.4179800724637,1182.01875,247.5,247.5,3.7530193236714977,130.06088466183576,202.37342995169092,72.31254528985517
2026-11-15,BKK_Sukhumvit,Pineapple,6,95.5,47.74254871088369,12.82280334579807,0.2685822959190887,10.084999999999999,6,5.0,49.0,0.03896870694745129,2026-11,95.5,4559.413401889392,1224.5777195237156,963.1175,573.0,477.5,3.721511513481598,59.860512694351506,1321.2181823656765,1261.357669671325
2026-11-15,BKK_Sukhumvit,Watermelon,6,136.5,44.07588018917498,11.868067787703627,0.26926445341001765,7.945,6,5.0,45.0,0.030084077771939045,2026-11,136.5,6016.357645822385,1619.991253021545,1084.4925,819.0,682.5,4.1064766158696795,57.26481640830268,1810.3738928008406,1753.1090763925379
2026-11-15,Pattaya_Beach,Guava,6,71.75,47.80525027808676,13.032506562847606,0.27261663702284855,10.04,6,5.5,49.0,0.05506117908787542,2026-11,71.75,3430.026707452725,935.0823458843157,720.3699999999999,430.5,394.625,3.9506395995550614,63.368259176863184,949.4493615684096,886.0811023915464
2026-11-15,Pattaya_Beach,MixedBerryPremium,6,30.25,86.3254953000723,23.297381344902387,0.26987833969465647,52.235,8,7.0,89.0,0.23716558206796817,2026-11,30.25,2611.346232827187,704.7457856832972,1580.1087499999999,242.0,211.75,7.174258857556037,432.1414822848879,-127.25830285610982,-559.3997851409977
2026-11-15,Pattaya_Beach,PassionFruit,6,58.25,63.013126945693536,17.109371497751642,0.2715207501525353,28.654999999999998,6,6.0,65.0,0.08993427879626427,2026-11,58.25,3670.5146445866485,996.6208897440331,1669.15375,349.5,349.5,5.238671739882394,181.54616914562436,305.74000484261524,124.19383569699087
2026-11-15,Pattaya_Beach,Pineapple,6,104.75,47.68440197512802,13.193954352596926,0.2766932960484403,10.084999999999999,6,5.0,49.0,0.040965618141916606,2026-11,104.75,4994.94110689466,1382.066718434528,1056.40375,628.5,523.75,4.291148500365765,69.02312362838333,1404.2206384601322,1335.197514831749
2026-11-15,Pattaya_Beach,Watermelon,6,187.25,43.95651561399389,11.924427330359238,0.2712778108955253,7.945,6,5.0,45.0,0.0308757924395398,2026-11,187.25,8230.857548720356,2232.8490176097675,1487.70125,1123.5,936.25,5.781492134303828,80.62290781286688,2450.5572811105885,2369.934373297722
2026-11-15,Pattaya_Central,Guava,6,95.25,47.82334133461354,13.24736053768603,0.27700616828498065,10.04,6,5.5,49.0,0.05400864138262122,2026-11,95.25,4555.17326212194,1261.8110912145944,956.31,571.5,523.875,5.144323091694671,82.51494239078252,1241.6771709073455,1159.162228516563
2026-11-15,Pattaya_Central,MixedBerryPremium,6,32.0,86.52879332477535,23.51800436456996,0.27179397124258947,52.235,8,7.0,89.0,0.2233632862644416,2026-11,32.0,2768.921386392811,752.5761396662388,1671.52,256.0,224.0,7.147625160462131,430.53720154043646,-135.17475327342754,-565.7119548138639
2026-11-15,Pattaya_Central,PassionFruit,6,73.75,63.01625368731563,17.166189380530973,0.2724089163679736,28.654999999999998,6,6.0,65.0,0.08849557522123894,2026-11,73.75,4647.448709439528,1266.0064668141592,2113.3062499999996,442.5,442.5,6.5265486725663715,226.1775442477876,383.135992625369,156.9584483775814
2026-11-15,Pattaya_Central,Pineapple,6,133.0,47.78324340709306,13.039893664746893,0.2728967883919579,10.084999999999999,6,5.0,49.0,0.03925431949075477,2026-11,133.0,6355.171373143377,1734.3058574113368,1341.3049999999998,798.0,665.0,5.220824492270385,83.97696195816914,1816.5605157320406,1732.5835537738715
2026-11-15,Pattaya_Central,Watermelon,6,213.5,44.00282273983419,11.737794315041452,0.26675093969404934,7.945,6,5.0,45.0,0.029609159099881564,2026-11,213.5,9394.602654954599,2506.01908626135,1696.2575000000002,1281.0,1067.5,6.321555467824714,88.15409099881565,2843.826068693248,2755.6719776944324
2026-11-16,BKK_Ladprao,Guava,0,30.25,47.85666666666667,13.140177070063695,0.274573596226169,10.04,6,5.5,49.0,0.08227176220806794,2026-11,30.25,1447.6641666666667,397.49035636942676,303.71,181.5,166.375,2.488720806794055,39.91908174097664,398.5888102972399,358.66972855626324
2026-11-16,BKK_Ladprao,MixedBerryPremium,0,11.5,86.58969604863222,23.94381337386018,0.2765203536505358,52.235,8,7.0,89.0,0.4148936170212766,2026-11,11.5,995.7815045592705,275.3538537993921,600.7025,92.0,80.5,4.7712765957446805,287.3978457446808,-52.774849240121625,-340.17269498480243
2026-11-16,BKK_Ladprao,PassionFruit,0,25.5,63.23085034013606,16.98635714285714,0.26864034014223875,28.654999999999998,6,6.0,65.0,0.145578231292517,2026-11,25.5,1612.3866836734694,433.1521071428571,730.7025,153.0,153.0,3.712244897959184,128.64784693877553,142.53207653061236,13.884229591836828
2026-11-16,BKK_Ladprao,Pineapple,0,52.25,47.845854229354735,12.786699899699096,0.2672478129119515,10.084999999999999,6,5.0,49.0,0.06920762286860582,2026-11,52.25,2499.945883483785,668.1050697592777,526.94125,313.5,261.25,3.616098294884654,58.164941073219666,730.1495637245075,671.9846226512879
2026-11-16,BKK_Ladprao,Watermelon,0,82.25,44.02063492063492,12.068285714285715,0.27415065084916884,7.945,6,5.0,45.0,0.05246913580246913,2026-11,82.25,3620.697222222222,992.6165,653.47625,493.5,411.25,4.315586419753086,60.180852623456786,1069.8544722222223,1009.6736195987655
2026-11-16,BKK_Sukhumvit,Guava,0,57.25,47.95304734667938,13.01283050524309,0.2713660804738032,10.04,6,5.5,49.0,0.047664442326024785,2026-11,57.25,2745.3119605973943,744.9845464251669,574.79,343.5,314.875,2.7287893231649187,43.76978074356529,767.1624141722275,723.3926334286622
2026-11-16,BKK_Sukhumvit,MixedBerryPremium,0,18.5,86.75255652173914,22.990975304347824,0.26501784184984295,52.235,8,7.0,89.0,0.21565217391304348,2026-11,18.5,1604.922295652174,425.33304313043476,966.3475,148.0,129.5,3.9895652173913043,240.31146086956522,-64.25824747826073,-304.56970834782595
2026-11-16,BKK_Sukhumvit,PassionFruit,0,49.0,63.17115539452496,17.610132850241545,0.27876857309733194,28.654999999999998,6,6.0,65.0,0.09098228663446055,2026-11,49.0,3095.386614331723,862.8965096618357,1404.0949999999998,294.0,294.0,4.458132045088567,154.49656602254427,240.3951046698876,85.89853864734332
2026-11-16,BKK_Sukhumvit,Pineapple,0,92.75,47.74254871088369,12.82280334579807,0.2685822959190887,10.084999999999999,6,5.0,49.0,0.03896870694745129,2026-11,92.75,4428.121392934462,1189.315010322771,935.38375,556.5,463.75,3.614347569376107,58.13678065341469,1283.1726326116914,1225.0358519582767
2026-11-16,BKK_Sukhumvit,Watermelon,0,137.5,44.07588018917498,11.868067787703627,0.26926445341001765,7.945,6,5.0,45.0,0.030084077771939045,2026-11,137.5,6060.4335260115595,1631.8593208092486,1092.4375,825.0,687.5,4.136560693641619,57.68433887283238,1823.6367052023106,1765.9523663294783
2026-11-16,Pattaya_Beach,Guava,0,61.75,47.80525027808676,13.032506562847606,0.27261663702284855,10.04,6,5.5,49.0,0.05506117908787542,2026-11,61.75,2951.9742046718575,804.7572802558396,619.9699999999999,370.5,339.625,3.400027808676307,54.536446051167964,817.1219244160179,762.5854783648499
2026-11-16,Pattaya_Beach,MixedBerryPremium,0,19.25,86.3254953000723,23.297381344902387,0.26987833969465647,52.235,8,7.0,89.0,0.23716558206796817,2026-11,19.25,1661.7657845263918,448.474590889371,1005.52375,154.0,134.75,4.565437454808388,274.99912509038325,-80.98255636297904,-355.9816814533623
2026-11-16,Pattaya_Beach,PassionFruit,0,49.5,63.013126945693536,17.109371497751642,0.2715207501525353,28.654999999999998,6,6.0,65.0,0.08993427879626427,2026-11,49.5,3119.14978381183,846.9138891387063,1418.4225,297.0,297.0,4.451746800415082,154.27528536838466,259.81339467312364,105.53810930473898
2026-11-16,Pattaya_Beach,Pineapple,0,95.25,47.68440197512802,13.193954352596926,0.2766932960484403,10.084999999999999,6,5.0,49.0,0.040965618141916606,2026-11,95.25,4541.939288130944,1256.7241520848572,960.5962499999999,571.5,476.25,3.9019751280175567,62.7632699341624,1276.868886046087,1214.1056161119245
2026-11-16,Pattaya_Beach,Watermelon,0,149.25,43.95651561399389,11.924427330359238,0.2712778108955253,7.945,6,5.0,45.0,0.0308757924395398,2026-11,149.25,6560.509955388588,1779.7207790561163,1185.79125,895.5,746.25,4.608212021601315,64.26151664123034,1953.2479263324722,1888.9864096912418
2026-11-16,Pattaya_Central,Guava,0,65.25,47.82334133461354,13.24736053768603,0.27700616828498065,10.04,6,5.5,49.0,0.05400864138262122,2026-11,65.25,3120.473022083533,864.3902750840134,655.1099999999999,391.5,358.875,3.524063850216035,56.525984157465196,850.59774699952,794.0717628420548
2026-11-16,Pattaya_Central,MixedBerryPremium,0,25.75,86.52879332477535,23.51800436456996,0.27179397124258947,52.235,8,7.0,89.0,0.2233632862644416,2026-11,25.75,2228.1164281129654,605.5886123876764,1345.05125,206.0,180.25,5.7516046213093714,346.44790436457,-108.77343427471124,-455.2213386392812
2026-11-16,Pattaya_Central,PassionFruit,0,54.25,63.01625368731563,17.166189380530973,0.2724089163679736,28.654999999999998,6,6.0,65.0,0.08849557522123894,2026-11,54.25,3418.631762536873,931.2657738938053,1554.5337499999998,325.5,325.5,4.800884955752212,166.37466814159293,281.83223864306774,115.4575705014748
2026-11-16,Pattaya_Central,Pineapple,0,109.0,47.78324340709306,13.039893664746893,0.2728967883919579,10.084999999999999,6,5.0,49.0,0.03925431949075477,2026-11,109.0,5208.373531373143,1421.3484094574114,1099.2649999999999,654.0,545.0,4.27872082449227,68.82322446195816,1488.7601219157318,1419.9368974537736
2026-11-16,Pattaya_Central,Watermelon,0,179.0,44.00282273983419,11.737794315041452,0.26675093969404934,7.945,6,5.0,45.0,0.029609159099881564,2026-11,179.0,7876.50527043032,2101.06518239242,1422.155,1074.0,895.0,5.3000394788788,73.90905053296487,2384.2850880379,2310.376037504935
2026-11-17,BKK_Ladprao,Guava,1,35.5,47.85666666666667,13.140177070063695,0.274573596226169,10.04,6,5.5,49.0,0.08227176220806794,2026-11,35.5,1698.9116666666669,466.4762859872612,356.41999999999996,213.0,195.25,2.9206475583864115,46.84718683651804,467.7653806794058,420.9181938428877
2026-11-17,BKK_Ladprao,MixedBerryPremium,1,10.25,86.58969604863222,23.94381337386018,0.2765203536505358,52.235,8,7.0,89.0,0.4148936170212766,2026-11,10.25,887.5443844984802,245.42408708206685,535.4087499999999,82.0,71.75,4.252659574468085,256.1589494680851,-47.038452583586604,-303.1974020516717
2026-11-17,BKK_Ladprao,PassionFruit,1,25.75,63.23085034013606,16.98635714285714,0.26864034014223875,28.654999999999998,6,6.0,65.0,0.145578231292517,2026-11,25.75,1628.1943962585035,437.3986964285714,737.8662499999999,154.5,154.5,3.748639455782313,129.90910034013606,143.92944982993208,14.020349489796018
2026-11-17,BKK_Ladprao,Pineapple,1,48.25,47.845854229354735,12.786699899699096,0.2672478129119515,10.084999999999999,6,5.0,49.0,0.06920762286860582,2026-11,48.25,2308.562466566366,616.9582701604813,486.60124999999994,289.5,241.25,3.3392678034102308,53.71212261785357,674.2529464058846,620.540823788031
2026-11-17,BKK_Ladprao,Watermelon,1,75.5,44.02063492063492,12.068285714285715,0.27415065084916884,7.945,6,5.0,45.0,0.05246913580246913,2026-11,75.5,3323.5579365079366,911.1555714285714,599.8475,453.0,377.5,3.9614197530864197,55.24199845679012,982.0548650793653,926.8128666225751
2026-11-17,BKK_Sukhumvit,Guava,1,54.0,47.95304734667938,13.01283050524309,0.2713660804738032,10.04,6,5.5,49.0,0.047664442326024785,2026-11,54.0,2589.4645567206862,702.6928472831269,542.16,324.0,297.0,2.573879885605338,41.28503336510962,723.6117094375595,682.3266760724499
2026-11-17,BKK_Sukhumvit,MixedBerryPremium,1,19.75,86.75255652173914,22.990975304347824,0.26501784184984295,52.235,8,7.0,89.0,0.21565217391304348,2026-11,19.75,1713.362991304348,454.07176226086955,1031.64125,158.0,138.25,4.259130434782609,256.54872173913043,-68.60002095652135,-325.1487426956518
2026-11-17,BKK_Sukhumvit,PassionFruit,1,44.5,63.17115539452496,17.610132850241545,0.27876857309733194,28.654999999999998,6,6.0,65.0,0.09098228663446055,2026-11,44.5,2811.116415056361,783.6509118357487,1275.1474999999998,267.0,267.0,4.048711755233494,140.30810587761675,218.31800322061235,78.0098973429956
2026-11-17,BKK_Sukhumvit,Pineapple,1,85.0,47.74254871088369,12.82280334579807,0.2685822959190887,10.084999999999999,6,5.0,49.0,0.03896870694745129,2026-11,85.0,4058.1166404251135,1089.9382843928358,857.2249999999999,510.0,425.0,3.3123400905333598,53.278990356229095,1175.953356032278,1122.6743656760489
2026-11-17,BKK_Sukhumvit,Watermelon,1,136.0,44.07588018917498,11.868067787703627,0.26926445341001765,7.945,6,5.0,45.0,0.030084077771939045,2026-11,136.0,5994.319705727798,1614.0572191276933,1080.52,816.0,680.0,4.09143457698371,57.05505517603784,1803.7424866001038,1746.687431424066
2026-11-17,Pattaya_Beach,Guava,1,51.0,47.80525027808676,13.032506562847606,0.27261663702284855,10.04,6,5.5,49.0,0.05506117908787542,2026-11,51.0,2438.067764182425,664.657834705228,512.04,306.0,280.5,2.8081201334816464,45.042246941045605,674.869929477197,629.8276825361514
2026-11-17,Pattaya_Beach,MixedBerryPremium,1,21.25,86.3254953000723,23.297381344902387,0.26987833969465647,52.235,8,7.0,89.0,0.23716558206796817,2026-11,21.25,1834.4167751265365,495.06935357917575,1109.99375,170.0,148.75,5.039768618944324,303.57046276211133,-89.39632845263918,-392.9667912147505
2026-11-17,Pattaya_Beach,PassionFruit,1,47.0,63.013126945693536,17.109371497751642,0.2715207501525353,28.654999999999998,6,6.0,65.0,0.08993427879626427,2026-11,47.0,2961.616966447596,804.1404603943272,1346.7849999999999,282.0,282.0,4.2269111034244204,146.4836042891733,246.69150605326877,100.20790176409548
2026-11-17,Pattaya_Beach,Pineapple,1,91.25,47.68440197512802,13.193954352596926,0.2766932960484403,10.084999999999999,6,5.0,49.0,0.040965618141916606,2026-11,91.25,4351.2016802304315,1203.9483346744694,920.2562499999999,547.5,456.25,3.7381126554498905,60.127542062911495,1223.247095555962,1163.1195534930505
2026-11-17,Pattaya_Beach,Watermelon,1,142.75,43.95651561399389,11.924427330359238,0.2712778108955253,7.945,6,5.0,45.0,0.0308757924395398,2026-11,142.75,6274.792603897628,1702.2120014087814,1134.14875,856.5,713.75,4.407519370744306,61.46285762502935,1868.1818524888467,1806.7189948638174
2026-11-17,Pattaya_Central,Guava,1,65.75,47.82334133461354,13.24736053768603,0.27700616828498065,10.04,6,5.5,49.0,0.05400864138262122,2026-11,65.75,3144.3846927508403,871.0139553528564,660.13,394.5,361.625,3.5510681709073455,56.95913346135382,857.115737397984,800.1566039366302
2026-11-17,Pattaya_Central,MixedBerryPremium,1,22.75,86.52879332477535,23.51800436456996,0.27179397124258947,52.235,8,7.0,89.0,0.2233632862644416,2026-11,22.75,1968.5300481386391,535.0345992939666,1188.34625,182.0,159.25,5.081514762516046,306.08504172015404,-96.10080115532742,-402.18584287548146
2026-11-17,Pattaya_Central,PassionFruit,1,55.75,63.01625368731563,17.166189380530973,0.2724089163679736,28.654999999999998,6,6.0,65.0,0.08849557522123894,2026-11,55.75,3513.1561430678466,957.0150579646017,1597.51625,334.5,334.5,4.933628318584071,170.97488938053098,289.624835103245,118.64994572271402
2026-11-17,Pattaya_Central,Pineapple,1,114.0,47.78324340709306,13.039893664746893,0.2728967883919579,10.084999999999999,6,5.0,49.0,0.03925431949075477,2026-11,114.0,5447.289748408609,1486.5478777811459,1149.6899999999998,684.0,570.0,4.474992421946044,71.98025310700211,1557.0518706274634,1485.0716175204611
2026-11-17,Pattaya_Central,Watermelon,1,164.25,44.00282273983419,11.737794315041452,0.26675093969404934,7.945,6,5.0,45.0,0.029609159099881564,2026-11,164.25,7227.463635017765,1927.9327162455584,1304.96625,985.5,821.25,4.863304382155547,67.8187796091591,2187.8146687722065,2119.995889163047
2026-11-18,BKK_Ladprao,Guava,2,28.5,47.85666666666667,13.140177070063695,0.274573596226169,10.04,6,5.5,49.0,0.08227176220806794,2026-11,28.5,1363.915,374.4950464968153,286.14,171.0,156.75,2.3447452229299364,37.609713375796176,375.52995350318474,337.9202401273886
2026-11-18,BKK_Ladprao,MixedBerryPremium,2,9.75,86.58969604863222,23.94381337386018,0.2765203536505358,52.235,8,7.0,89.0,0.4148936170212766,2026-11,9.75,844.2495364741642,233.45218039513676,509.29125,78.0,68.25,4.045212765957447,243.6633909574468,-44.743893920972596,-288.40728487841943
2026-11-18,BKK_Ladprao,PassionFruit,2,27.5,63.23085034013606,16.98635714285714,0.26864034014223875,28.654999999999998,6,6.0,65.0,0.145578231292517,2026-11,27.5,1738.8483843537415,467.1248214285714,788.0124999999999,165.0,165.0,4.003401360544218,138.73787414965986,153.71106292517015,14.973188775510295
2026-11-18,BKK_Ladprao,Pineapple,2,58.0,47.845854229354735,12.786699899699096,0.2672478129119515,10.084999999999999,6,5.0,49.0,0.06920762286860582,2026-11,58.0,2775.059545302575,741.6285941825475,584.93,348.0,290.0,4.014042126379138,64.56586760280844,810.5009511200274,745.9350835172189
2026-11-18,BKK_Ladprao,Watermelon,2,76.75,44.02063492063492,12.068285714285715,0.27415065084916884,7.945,6,5.0,45.0,0.05246913580246913,2026-11,76.75,3378.58373015873,926.2409285714286,609.7787500000001,460.5,383.75,4.027006172839506,56.156601080246915,998.314051587301,942.1574505070541
2026-11-18,BKK_Sukhumvit,Guava,2,52.75,47.95304734667938,13.01283050524309,0.2713660804738032,10.04,6,5.5,49.0,0.047664442326024785,2026-11,52.75,2529.5232475373373,686.4268091515729,529.6099999999999,316.5,290.125,2.5142993326978074,40.329361296472825,706.8614383857644,666.5320770892915
2026-11-18,BKK_Sukhumvit,MixedBerryPremium,2,20.0,86.75255652173914,22.990975304347824,0.26501784184984295,52.235,8,7.0,89.0,0.21565217391304348,2026-11,20.0,1735.0511304347829,459.8195060869565,1044.7,160.0,140.0,4.3130434782608695,259.79617391304345,-69.46837565217356,-329.264549565217
2026-11-18,BKK_Sukhumvit,PassionFruit,2,46.75,63.17115539452496,17.610132850241545,0.27876857309733194,28.654999999999998,6,6.0,65.0,0.09098228663446055,2026-11,46.75,2953.251514694042,823.2737107487923,1339.62125,280.5,280.5,4.2534219001610305,147.40233595008053,229.35655394524974,81.95421799516922
2026-11-18,BKK_Sukhumvit,Pineapple,2,88.5,47.74254871088369,12.82280334579807,0.2685822959190887,10.084999999999999,6,5.0,49.0,0.03896870694745129,2026-11,88.5,4225.215560913207,1134.8180961031292,892.5224999999999,531.0,442.5,3.448730564849439,55.47283113560323,1224.374964810078,1168.9021336744747
2026-11-18,BKK_Sukhumvit,Watermelon,2,138.0,44.07588018917498,11.868067787703627,0.26926445341001765,7.945,6,5.0,45.0,0.030084077771939045,2026-11,138.0,6082.471466106147,1637.7933547031005,1096.41,828.0,690.0,4.151602732527588,57.89410010509722,1830.2681114030465,1772.3740112979492
2026-11-18,Pattaya_Beach,Guava,2,65.0,47.80525027808676,13.032506562847606,0.27261663702284855,10.04,6,5.5,49.0,0.05506117908787542,2026-11,65.0,3107.341268075639,847.1129265850944,652.5999999999999,390.0,357.5,3.578976640711902,57.40678531701891,860.1283414905447,802.7215561735258
2026-11-18,Pattaya_Beach,MixedBerryPremium,2,22.0,86.3254953000723,23.297381344902387,0.26987833969465647,52.235,8,7.0,89.0,0.23716558206796817,2026-11,22.0,1899.1608966015906,512.5423895878525,1149.17,176.0,154.0,5.2176428054952995,314.28471438900937,-92.55149298626202,-406.8362073752714
2026-11-18,Pattaya_Beach,PassionFruit,2,44.25,63.013126945693536,17.109371497751642,0.2715207501525353,28.654999999999998,6,6.0,65.0,0.08993427879626427,2026-11,44.25,2788.330867346939,757.0896887755101,1267.9837499999999,265.5,265.5,3.979591836734694,137.91275510204082,232.25742857142905,94.34467346938823
2026-11-18,Pattaya_Beach,Pineapple,2,80.0,47.68440197512802,13.193954352596926,0.2766932960484403,10.084999999999999,6,5.0,49.0,0.040965618141916606,2026-11,80.0,3814.7521580102416,1055.5163482077542,806.8,480.0,400.0,3.2772494513533283,52.71455742501829,1072.4358098024873,1019.721252377469
2026-11-18,Pattaya_Beach,Watermelon,2,139.25,43.95651561399389,11.924427330359238,0.2712778108955253,7.945,6,5.0,45.0,0.0308757924395398,2026-11,139.25,6120.944799248649,1660.476505752524,1106.34125,835.5,696.25,4.299454097205917,59.95588738553651,1822.3770434961252,1762.4211561105888
2026-11-18,Pattaya_Central,Guava,2,70.75,47.82334133461354,13.24736053768603,0.27700616828498065,10.04,6,5.5,49.0,0.05400864138262122,2026-11,70.75,3383.501399423908,937.2507580412865,710.3299999999999,424.5,389.125,3.8211113778204515,61.29062650024004,922.2956413826214,861.0050148823814
2026-11-18,Pattaya_Central,MixedBerryPremium,2,25.5,86.52879332477535,23.51800436456996,0.27179397124258947,52.235,8,7.0,89.0,0.2233632862644416,2026-11,25.5,2206.4842297817713,599.709111296534,1331.9925,204.0,178.5,5.69576379974326,343.08433247753527,-107.71738151476256,-450.80171399229783
2026-11-18,Pattaya_Central,PassionFruit,2,56.25,63.01625368731563,17.166189380530973,0.2724089163679736,28.654999999999998,6,6.0,65.0,0.08849557522123894,2026-11,56.25,3544.6642699115046,965.5981526548672,1611.8437499999998,337.5,337.5,4.977876106194691,172.508296460177,292.2223672566374,119.71407079646042
2026-11-18,Pattaya_Central,Pineapple,2,109.0,47.78324340709306,13.039893664746893,0.2728967883919579,10.084999999999999,6,5.0,49.0,0.03925431949075477,2026-11,109.0,5208.373531373143,1421.3484094574114,1099.2649999999999,654.0,545.0,4.27872082449227,68.82322446195816,1488.7601219157318,1419.9368974537736
2026-11-18,Pattaya_Central,Watermelon,2,160.0,44.00282273983419,11.737794315041452,0.26675093969404934,7.945,6,5.0,45.0,0.029609159099881564,2026-11,160.0,7040.45163837347,1878.0470904066324,1271.2,960.0,800.0,4.7374654559810505,66.06395578365576,2131.2045479668377,2065.140592183182
2026-11-19,BKK_Ladprao,Guava,3,31.5,47.85666666666667,13.140177070063695,0.274573596226169,10.04,6,5.5,49.0,0.08227176220806794,2026-11,31.5,1507.4850000000001,413.9155777070064,316.26,189.0,173.25,2.59156050955414,41.568630573248406,415.05942229299376,373.49079171974535
2026-11-19,BKK_Ladprao,MixedBerryPremium,3,12.75,86.58969604863222,23.94381337386018,0.2765203536505358,52.235,8,7.0,89.0,0.4148936170212766,2026-11,12.75,1104.0186246200608,305.2836205167173,665.99625,102.0,89.25,5.289893617021276,318.6367420212766,-58.511245896656646,-377.1479879179332
2026-11-19,BKK_Ladprao,PassionFruit,3,24.25,63.23085034013606,16.98635714285714,0.26864034014223875,28.654999999999998,6,6.0,65.0,0.145578231292517,2026-11,24.25,1533.3481207482994,411.9191607142857,694.88375,145.5,145.5,3.5302721088435374,122.34157993197279,135.54521003401373,13.203630102040947
2026-11-19,BKK_Ladprao,Pineapple,3,52.25,47.845854229354735,12.786699899699096,0.2672478129119515,10.084999999999999,6,5.0,49.0,0.06920762286860582,2026-11,52.25,2499.945883483785,668.1050697592777,526.94125,313.5,261.25,3.616098294884654,58.164941073219666,730.1495637245075,671.9846226512879
2026-11-19,BKK_Ladprao,Watermelon,3,85.5,44.02063492063492,12.068285714285715,0.27415065084916884,7.945,6,5.0,45.0,0.05246913580246913,2026-11,85.5,3763.7642857142855,1031.8384285714285,679.2975,513.0,427.5,4.486111111111111,62.55881944444444,1112.128357142857,1049.5695376984127
2026-11-19,BKK_Sukhumvit,Guava,3,58.25,47.95304734667938,13.01283050524309,0.2713660804738032,10.04,6,5.5,49.0,0.047664442326024785,2026-11,58.25,2793.2650079440737,757.9973769304099,584.8299999999999,349.5,320.375,2.7764537654909436,44.53431839847473,780.5626310136638,736.0283126151891
2026-11-19,BKK_Sukhumvit,MixedBerryPremium,3,20.0,86.75255652173914,22.990975304347824,0.26501784184984295,52.235,8,7.0,89.0,0.21565217391304348,2026-11,20.0,1735.0511304347829,459.8195060869565,1044.7,160.0,140.0,4.3130434782608695,259.79617391304345,-69.46837565217356,-329.264549565217
2026-11-19,BKK_Sukhumvit,PassionFruit,3,43.25,63.17115539452496,17.610132850241545,0.27876857309733194,28.654999999999998,6,6.0,65.0,0.09098228663446055,2026-11,43.25,2732.1524708132047,761.6382457729468,1239.32875,259.5,259.5,3.9349838969404187,136.3668669484702,212.1854750402581,75.8186080917879
2026-11-19,BKK_Sukhumvit,Pineapple,3,85.0,47.74254871088369,12.82280334579807,0.2685822959190887,10.084999999999999,6,5.0,49.0,0.03896870694745129,2026-11,85.0,4058.1166404251135,1089.9382843928358,857.2249999999999,510.0,425.0,3.3123400905333598,53.278990356229095,1175.953356032278,1122.6743656760489
2026-11-19,BKK_Sukhumvit,Watermelon,3,132.75,44.07588018917498,11.868067787703627,0.26926445341001765,7.945,6,5.0,45.0,0.030084077771939045,2026-11,132.75,5851.073095112979,1575.4859988176565,1054.69875,796.5,663.75,3.993661324224908,55.691607166316345,1760.6383462953227,1704.9467391290063
2026-11-19,Pattaya_Beach,Guava,3,61.5,47.80525027808676,13.032506562847606,0.27261663702284855,10.04,6,5.5,49.0,0.05506117908787542,2026-11,61.5,2940.022892102336,801.4991536151279,617.4599999999999,369.0,338.25,3.386262513904338,54.31565072302558,813.813738487208,759.4980877641824
2026-11-19,Pattaya_Beach,MixedBerryPremium,3,21.5,86.3254953000723,23.297381344902387,0.26987833969465647,52.235,8,7.0,89.0,0.23716558206796817,2026-11,21.5,1855.9981489515546,500.89369891540133,1123.0525,172.0,150.5,5.099060014461315,307.14187997107734,-90.44804996384664,-397.589929934924
2026-11-19,Pattaya_Beach,PassionFruit,3,48.75,63.013126945693536,17.109371497751642,0.2715207501525353,28.654999999999998,6,6.0,65.0,0.08993427879626427,2026-11,48.75,3071.88993860256,834.0818605153926,1396.9312499999999,292.5,292.5,4.384296091317883,151.93778104462123,255.87682808716772,103.93904704254649
2026-11-19,Pattaya_Beach,Pineapple,3,87.75,47.68440197512802,13.193954352596926,0.2766932960484403,10.084999999999999,6,5.0,49.0,0.040965618141916606,2026-11,87.75,4184.306273317484,1157.7694944403802,884.9587499999999,526.5,438.75,3.5947329919531823,57.82128017556694,1176.3280288771039,1118.506748701537
2026-11-19,Pattaya_Beach,Watermelon,3,140.5,43.95651561399389,11.924427330359238,0.2712778108955253,7.945,6,5.0,45.0,0.0308757924395398,2026-11,140.5,6175.890443766142,1675.382039915473,1116.2725,843.0,702.5,4.338048837755342,60.49409104249825,1838.7359038506693,1778.241812808171
2026-11-19,Pattaya_Central,Guava,3,66.25,47.82334133461354,13.24736053768603,0.27700616828498065,10.04,6,5.5,49.0,0.05400864138262122,2026-11,66.25,3168.296363418147,877.6376356216995,665.15,397.5,364.375,3.578072491598656,57.39228276524244,863.6337277964476,806.2414450312051
2026-11-19,Pattaya_Central,MixedBerryPremium,3,18.0,86.52879332477535,23.51800436456996,0.27179397124258947,52.235,8,7.0,89.0,0.2233632862644416,2026-11,18.0,1557.5182798459564,423.3240785622593,940.23,144.0,126.0,4.020539152759949,242.17717586649553,-76.0357987163029,-318.21297458279844
2026-11-19,Pattaya_Central,PassionFruit,3,57.0,63.01625368731563,17.166189380530973,0.2724089163679736,28.654999999999998,6,6.0,65.0,0.08849557522123894,2026-11,57.0,3591.926460176991,978.4727946902655,1633.3349999999998,342.0,342.0,5.04424778761062,174.80840707964603,296.1186654867256,121.31025840707957
2026-11-19,Pattaya_Central,Pineapple,3,104.0,47.78324340709306,13.039893664746893,0.2728967883919579,10.084999999999999,6,5.0,49.0,0.03925431949075477,2026-11,104.0,4969.457314337678,1356.148941133677,1048.84,624.0,520.0,4.082449227038496,65.66619581691421,1420.4683732040012,1354.8021773870869
2026-11-19,Pattaya_Central,Watermelon,3,165.0,44.00282273983419,11.737794315041452,0.26675093969404934,7.945,6,5.0,45.0,0.029609159099881564,2026-11,165.0,7260.4657520726405,1936.7360619818396,1310.925,990.0,825.0,4.885511251480458,68.12845440189498,2197.804690090801,2129.676235688906
2026-11-20,BKK_Ladprao,Guava,4,33.0,47.85666666666667,13.140177070063695,0.274573596226169,10.04,6,5.5,49.0,0.08227176220806794,2026-11,33.0,1579.27,433.62584331210195,331.32,198.0,181.5,2.7149681528662417,43.54808917197452,434.82415668789804,391.2760675159235
2026-11-20,BKK_Ladprao,MixedBerryPremium,4,13.0,86.58969604863222,23.94381337386018,0.2765203536505358,52.235,8,7.0,89.0,0.4148936170212766,2026-11,13.0,1125.666048632219,311.26957386018233,679.055,104.0,91.0,5.3936170212765955,324.8845212765957,-59.65852522796331,-384.543046504559
2026-11-20,BKK_Ladprao,PassionFruit,4,23.75,63.23085034013606,16.98635714285714,0.26864034014223875,28.654999999999998,6,6.0,65.0,0.145578231292517,2026-11,23.75,1501.7326955782314,403.4259821428571,680.55625,142.5,142.5,3.4574829931972793,119.81907312925172,132.7504634353743,12.931390306122566
2026-11-20,BKK_Ladprao,Pineapple,4,55.0,47.845854229354735,12.786699899699096,0.2672478129119515,10.084999999999999,6,5.0,49.0,0.06920762286860582,2026-11,55.0,2631.5219826145103,703.2684944834502,554.675,330.0,275.0,3.80641925777332,61.22625376128386,768.5784881310601,707.3522343697763
2026-11-20,BKK_Ladprao,Watermelon,4,71.0,44.02063492063492,12.068285714285715,0.27415065084916884,7.945,6,5.0,45.0,0.05246913580246913,2026-11,71.0,3125.4650793650794,856.8482857142857,564.095,426.0,355.0,3.7253086419753085,51.949429012345675,923.5217936507938,871.5723646384481
2026-11-20,BKK_Sukhumvit,Guava,4,54.75,47.95304734667938,13.01283050524309,0.2713660804738032,10.04,6,5.5,49.0,0.047664442326024785,2026-11,54.75,2625.429342230696,712.4524701620592,549.6899999999999,328.5,301.125,2.609628217349857,41.858436606291704,733.661872068637,691.8034354623453
2026-11-20,BKK_Sukhumvit,MixedBerryPremium,4,17.75,86.75255652173914,22.990975304347824,0.26501784184984295,52.235,8,7.0,89.0,0.21565217391304348,2026-11,17.75,1539.8578782608697,408.08981165217386,927.17125,142.0,124.25,3.827826086956522,230.56910434782608,-61.65318339130408,-292.22228773913014
2026-11-20,BKK_Sukhumvit,PassionFruit,4,40.0,63.17115539452496,17.610132850241545,0.27876857309733194,28.654999999999998,6,6.0,65.0,0.09098228663446055,2026-11,40.0,2526.846215780998,704.4053140096618,1146.1999999999998,240.0,240.0,3.639291465378422,126.11964573268922,196.24090177133667,70.12125603864745
2026-11-20,BKK_Sukhumvit,Pineapple,4,89.75,47.74254871088369,12.82280334579807,0.2685822959190887,10.084999999999999,6,5.0,49.0,0.03896870694745129,2026-11,89.75,4284.893746801811,1150.8466002853768,905.12875,538.5,448.75,3.497441448533753,56.256345699665424,1241.6683965164343,1185.412050816769
2026-11-20,BKK_Sukhumvit,Watermelon,4,130.0,44.07588018917498,11.868067787703627,0.26926445341001765,7.945,6,5.0,45.0,0.030084077771939045,2026-11,130.0,5729.864424592747,1542.8488124014714,1032.8500000000001,780.0,650.0,3.910930110352076,54.5379203888597,1724.1656121912756,1669.627691802416
2026-11-20,Pattaya_Beach,Guava,4,56.75,47.80525027808676,13.032506562847606,0.27261663702284855,10.04,6,5.5,49.0,0.05506117908787542,2026-11,56.75,2712.9479532814235,739.5947474416016,569.77,340.5,312.125,3.1247219132369297,50.12053948832035,750.9582058398219,700.8376663515015
2026-11-20,Pattaya_Beach,MixedBerryPremium,4,21.5,86.3254953000723,23.297381344902387,0.26987833969465647,52.235,8,7.0,89.0,0.23716558206796817,2026-11,21.5,1855.9981489515546,500.89369891540133,1123.0525,172.0,150.5,5.099060014461315,307.14187997107734,-90.44804996384664,-397.589929934924
2026-11-20,Pattaya_Beach,PassionFruit,4,50.0,63.013126945693536,17.109371497751642,0.2715207501525353,28.654999999999998,6,6.0,65.0,0.08993427879626427,2026-11,50.0,3150.656347284677,855.4685748875821,1432.7499999999998,300.0,300.0,4.496713939813214,155.83362158422693,262.43777239709516,106.60415081286823
2026-11-20,Pattaya_Beach,Pineapple,4,84.0,47.68440197512802,13.193954352596926,0.2766932960484403,10.084999999999999,6,5.0,49.0,0.040965618141916606,2026-11,84.0,4005.4897659107537,1108.2921656181418,847.1399999999999,504.0,420.0,3.441111923920995,55.350285296269206,1126.0576002926118,1070.7073149963426
2026-11-20,Pattaya_Beach,Watermelon,4,144.75,43.95651561399389,11.924427330359238,0.2712778108955253,7.945,6,5.0,45.0,0.0308757924395398,2026-11,144.75,6362.705635125616,1726.0608560694998,1150.03875,868.5,723.75,4.469270955623386,62.32398347616812,1894.3560290561163,1832.032045579948
2026-11-20,Pattaya_Central,Guava,4,74.75,47.82334133461354,13.24736053768603,0.27700616828498065,10.04,6,5.5,49.0,0.05400864138262122,2026-11,74.75,3574.794764762362,990.2402001920307,750.4899999999999,448.5,411.125,4.037145943350937,64.75582093134902,974.4395645703312,909.6837436389822
2026-11-20,Pattaya_Central,MixedBerryPremium,4,24.25,86.52879332477535,23.51800436456996,0.27179397124258947,52.235,8,7.0,89.0,0.2233632862644416,2026-11,24.25,2098.323238125802,570.3116058408216,1266.69875,194.0,169.75,5.416559691912709,326.266473042362,-102.43711771501967,-428.7035907573817
2026-11-20,Pattaya_Central,PassionFruit,4,49.75,63.01625368731563,17.166189380530973,0.2724089163679736,28.654999999999998,6,6.0,65.0,0.08849557522123894,2026-11,49.75,3135.0586209439525,854.0179216814159,1425.5862499999998,298.5,298.5,4.402654867256637,152.57400442477876,258.45444926253685,105.88044483775809
2026-11-20,Pattaya_Central,Pineapple,4,101.0,47.78324340709306,13.039893664746893,0.2728967883919579,10.084999999999999,6,5.0,49.0,0.03925431949075477,2026-11,101.0,4826.107584116399,1317.0292601394362,1018.5849999999999,606.0,505.0,3.964686268566232,63.77197862988784,1379.493323976963,1315.7213453470752
2026-11-20,Pattaya_Central,Watermelon,4,155.0,44.00282273983419,11.737794315041452,0.26675093969404934,7.945,6,5.0,45.0,0.029609159099881564,2026-11,155.0,6820.437524674299,1819.358118831425,1231.4750000000001,930.0,775.0,4.589419660481642,63.9994571654165,2064.6044058428743,2000.6049486774577
2026-11-21,BKK_Ladprao,Guava,5,39.75,47.85666666666667,13.140177070063695,0.274573596226169,10.04,6,5.5,49.0,0.08227176220806794,2026-11,39.75,1902.3025,522.3220385350319,399.09,238.5,218.625,3.2703025477707004,52.45565286624203,523.7654614649682,471.3098085987262
2026-11-21,BKK_Ladprao,MixedBerryPremium,5,12.75,86.58969604863222,23.94381337386018,0.2765203536505358,52.235,8,7.0,89.0,0.4148936170212766,2026-11,12.75,1104.0186246200608,305.2836205167173,665.99625,102.0,89.25,5.289893617021276,318.6367420212766,-58.511245896656646,-377.1479879179332
2026-11-21,BKK_Ladprao,PassionFruit,5,29.75,63.23085034013606,16.98635714285714,0.26864034014223875,28.654999999999998,6,6.0,65.0,0.145578231292517,2026-11,29.75,1881.1177976190477,505.34412499999996,852.4862499999999,178.5,178.5,4.3309523809523816,150.08915476190478,166.28742261904767,16.198267857142895
2026-11-21,BKK_Ladprao,Pineapple,5,62.75,47.845854229354735,12.786699899699096,0.2672478129119515,10.084999999999999,6,5.0,49.0,0.06920762286860582,2026-11,62.75,3002.3273528920095,802.3654187061182,632.8337499999999,376.5,313.75,4.342778335005016,69.85358951855568,876.8781841858913,807.0245946673356
2026-11-21,BKK_Ladprao,Watermelon,5,95.25,44.02063492063492,12.068285714285715,0.27415065084916884,7.945,6,5.0,45.0,0.05246913580246913,2026-11,95.25,4192.965476190476,1149.5042142857144,756.76125,571.5,476.25,4.997685185185185,69.69271990740741,1238.9500119047616,1169.2572919973543
2026-11-21,BKK_Sukhumvit,Guava,5,64.5,47.95304734667938,13.01283050524309,0.2713660804738032,10.04,6,5.5,49.0,0.047664442326024785,2026-11,64.5,3092.9715538608198,839.3275675881792,647.5799999999999,387.0,354.75,3.0743565300285987,49.31267874165872,864.3139862726407,815.001307530982
2026-11-21,BKK_Sukhumvit,MixedBerryPremium,5,29.5,86.75255652173914,22.990975304347824,0.26501784184984295,52.235,8,7.0,89.0,0.21565217391304348,2026-11,29.5,2559.2004173913047,678.2337714782608,1540.9325,236.0,206.5,6.361739130434783,383.19935652173916,-102.46585408695591,-485.6652106086951
2026-11-21,BKK_Sukhumvit,PassionFruit,5,47.75,63.17115539452496,17.610132850241545,0.27876857309733194,28.654999999999998,6,6.0,65.0,0.09098228663446055,2026-11,47.75,3016.422670088567,840.8838435990338,1368.27625,286.5,286.5,4.344404186795491,150.55532709339775,234.26257648953333,83.70724939613558
2026-11-21,BKK_Sukhumvit,Pineapple,5,101.25,47.74254871088369,12.82280334579807,0.2685822959190887,10.084999999999999,6,5.0,49.0,0.03896870694745129,2026-11,101.25,4833.933056976974,1298.3088387620546,1021.1062499999999,607.5,506.25,3.9455815784294432,63.464679689037595,1400.7679682149192,1337.3032885258815
2026-11-21,BKK_Sukhumvit,Watermelon,5,161.75,44.07588018917498,11.868067787703627,0.26926445341001765,7.945,6,5.0,45.0,0.030084077771939045,2026-11,161.75,7129.273620599053,1919.6599646610616,1285.10375,970.5,808.75,4.866099579611141,67.85775863767736,2145.259905937992,2077.4021473003145
2026-11-21,Pattaya_Beach,Guava,5,82.0,47.80525027808676,13.032506562847606,0.27261663702284855,10.04,6,5.5,49.0,0.05506117908787542,2026-11,82.0,3920.0305228031143,1068.6655381535038,823.28,492.0,451.0,4.515016685205784,72.42086763070077,1085.0849846496108,1012.66411701891
2026-11-21,Pattaya_Beach,MixedBerryPremium,5,33.0,86.3254953000723,23.297381344902387,0.26987833969465647,52.235,8,7.0,89.0,0.23716558206796817,2026-11,33.0,2848.741344902386,768.8135843817788,1723.7549999999999,264.0,231.0,7.82646420824295,471.4270715835141,-138.82723947939257,-610.2543110629067
2026-11-21,Pattaya_Beach,PassionFruit,5,66.0,63.013126945693536,17.109371497751642,0.2715207501525353,28.654999999999998,6,6.0,65.0,0.08993427879626427,2026-11,66.0,4158.866378415773,1129.2185188516085,1891.2299999999998,396.0,396.0,5.935662400553442,205.70038049117954,346.41785956416516,140.7174790729856
2026-11-21,Pattaya_Beach,Pineapple,5,121.75,47.68440197512802,13.193954352596926,0.2766932960484403,10.084999999999999,6,5.0,49.0,0.040965618141916606,2026-11,121.75,5805.5759404718365,1606.3639424286757,1227.8487499999999,730.5,608.75,4.987564008778347,80.22496708119971,1632.1132480431606,1551.8882809619608
2026-11-21,Pattaya_Beach,Watermelon,5,203.5,43.95651561399389,11.924427330359238,0.2712778108955253,7.945,6,5.0,45.0,0.0308757924395398,2026-11,203.5,8945.150927447758,2426.620961728105,1616.8075000000001,1221.0,1017.5,6.283223761446349,87.61955535336934,2663.222465719652,2575.6029103662827
2026-11-21,Pattaya_Central,Guava,5,95.5,47.82334133461354,13.24736053768603,0.27700616828498065,10.04,6,5.5,49.0,0.05400864138262122,2026-11,95.5,4567.129097455593,1265.1229313490157,958.8199999999999,573.0,525.25,5.157825252040327,82.73151704272685,1244.9361661065777,1162.2046490638509
2026-11-21,Pattaya_Central,MixedBerryPremium,5,33.0,86.52879332477535,23.51800436456996,0.27179397124258947,52.235,8,7.0,89.0,0.2233632862644416,2026-11,33.0,2855.4501797175867,776.0941440308087,1723.7549999999999,264.0,231.0,7.370988446726573,443.9914890885751,-139.39896431322177,-583.3904534017969
2026-11-21,Pattaya_Central,PassionFruit,5,81.25,63.01625368731563,17.166189380530973,0.2724089163679736,28.654999999999998,6,6.0,65.0,0.08849557522123894,2026-11,81.25,5120.070612094395,1394.7528871681416,2328.21875,487.5,487.5,7.1902654867256635,249.17865044247787,422.0989749262535,172.92032448377563
2026-11-21,Pattaya_Central,Pineapple,5,146.75,47.78324340709306,13.039893664746893,0.2728967883919579,10.084999999999999,6,5.0,49.0,0.03925431949075477,2026-11,146.75,7012.1909699909065,1913.6043953016065,1479.9737499999999,880.5,733.75,5.760571385268263,92.65879073204002,2004.3628246893004,1911.7040339572604
2026-11-21,Pattaya_Central,Watermelon,5,234.25,44.00282273983419,11.737794315041452,0.26675093969404934,7.945,6,5.0,45.0,0.029609159099881564,2026-11,234.25,10307.661226806158,2749.57831829846,1861.11625,1405.5,1171.25,6.935945519147256,96.72176026450849,3120.2166585076975,3023.494898243189
2026-11-22,BKK_Ladprao,Guava,6,34.25,47.85666666666667,13.140177070063695,0.274573596226169,10.04,6,5.5,49.0,0.08227176220806794,2026-11,34.25,1639.0908333333334,450.05106464968156,343.86999999999995,205.5,188.375,2.817807855626327,45.19763800424628,451.2947686836519,406.0971306794056
2026-11-22,BKK_Ladprao,MixedBerryPremium,6,13.75,86.58969604863222,23.94381337386018,0.2765203536505358,52.235,8,7.0,89.0,0.4148936170212766,2026-11,13.75,1190.608320668693,329.22743389057746,718.23125,110.0,96.25,5.704787234042553,343.62785904255315,-63.100363221884436,-406.7282222644376
2026-11-22,BKK_Ladprao,PassionFruit,6,28.0,63.23085034013606,16.98635714285714,0.26864034014223875,28.654999999999998,6,6.0,65.0,0.145578231292517,2026-11,28.0,1770.4638095238097,475.61799999999994,802.3399999999999,168.0,168.0,4.076190476190476,141.26038095238096,156.50580952380983,15.245428571428874
2026-11-22,BKK_Ladprao,Pineapple,6,49.75,47.845854229354735,12.786699899699096,0.2672478129119515,10.084999999999999,6,5.0,49.0,0.06920762286860582,2026-11,49.75,2380.331247910398,636.13832001003,501.72874999999993,298.5,248.75,3.44307923771314,55.38192953861586,695.214177900368,639.8322483617521
2026-11-22,BKK_Ladprao,Watermelon,6,84.25,44.02063492063492,12.068285714285715,0.27415065084916884,7.945,6,5.0,45.0,0.05246913580246913,2026-11,84.25,3708.738492063492,1016.7530714285715,669.36625,505.5,421.25,4.4205246913580245,61.64421682098765,1095.8691706349205,1034.2249538139329
2026-11-22,BKK_Sukhumvit,Guava,6,56.5,47.95304734667938,13.01283050524309,0.2713660804738032,10.04,6,5.5,49.0,0.047664442326024785,2026-11,56.5,2709.3471750873846,735.2249235462345,567.26,339.0,310.75,2.6930409914204003,43.19637750238322,757.11225154115,713.9158740387668
2026-11-22,BKK_Sukhumvit,MixedBerryPremium,6,17.0,86.75255652173914,22.990975304347824,0.26501784184984295,52.235,8,7.0,89.0,0.21565217391304348,2026-11,17.0,1474.7934608695653,390.846580173913,887.995,136.0,119.0,3.666086956521739,220.82674782608694,-59.048119304347665,-279.8748671304346
2026-11-22,BKK_Sukhumvit,PassionFruit,6,41.25,63.17115539452496,17.610132850241545,0.27876857309733194,28.654999999999998,6,6.0,65.0,0.09098228663446055,2026-11,41.25,2605.8101600241544,726.4179800724637,1182.01875,247.5,247.5,3.7530193236714977,130.06088466183576,202.37342995169092,72.31254528985517
2026-11-22,BKK_Sukhumvit,Pineapple,6,95.5,47.74254871088369,12.82280334579807,0.2685822959190887,10.084999999999999,6,5.0,49.0,0.03896870694745129,2026-11,95.5,4559.413401889392,1224.5777195237156,963.1175,573.0,477.5,3.721511513481598,59.860512694351506,1321.2181823656765,1261.357669671325
2026-11-22,BKK_Sukhumvit,Watermelon,6,136.5,44.07588018917498,11.868067787703627,0.26926445341001765,7.945,6,5.0,45.0,0.030084077771939045,2026-11,136.5,6016.357645822385,1619.991253021545,1084.4925,819.0,682.5,4.1064766158696795,57.26481640830268,1810.3738928008406,1753.1090763925379
2026-11-22,Pattaya_Beach,Guava,6,71.75,47.80525027808676,13.032506562847606,0.27261663702284855,10.04,6,5.5,49.0,0.05506117908787542,2026-11,71.75,3430.026707452725,935.0823458843157,720.3699999999999,430.5,394.625,3.9506395995550614,63.368259176863184,949.4493615684096,886.0811023915464
2026-11-22,Pattaya_Beach,MixedBerryPremium,6,30.25,86.3254953000723,23.297381344902387,0.26987833969465647,52.235,8,7.0,89.0,0.23716558206796817,2026-11,30.25,2611.346232827187,704.7457856832972,1580.1087499999999,242.0,211.75,7.174258857556037,432.1414822848879,-127.25830285610982,-559.3997851409977
2026-11-22,Pattaya_Beach,PassionFruit,6,58.25,63.013126945693536,17.109371497751642,0.2715207501525353,28.654999999999998,6,6.0,65.0,0.08993427879626427,2026-11,58.25,3670.5146445866485,996.6208897440331,1669.15375,349.5,349.5,5.238671739882394,181.54616914562436,305.74000484261524,124.19383569699087
2026-11-22,Pattaya_Beach,Pineapple,6,104.75,47.68440197512802,13.193954352596926,0.2766932960484403,10.084999999999999,6,5.0,49.0,0.040965618141916606,2026-11,104.75,4994.94110689466,1382.066718434528,1056.40375,628.5,523.75,4.291148500365765,69.02312362838333,1404.2206384601322,1335.197514831749
2026-11-22,Pattaya_Beach,Watermelon,6,187.25,43.95651561399389,11.924427330359238,0.2712778108955253,7.945,6,5.0,45.0,0.0308757924395398,2026-11,187.25,8230.857548720356,2232.8490176097675,1487.70125,1123.5,936.25,5.781492134303828,80.62290781286688,2450.5572811105885,2369.934373297722
2026-11-22,Pattaya_Central,Guava,6,95.25,47.82334133461354,13.24736053768603,0.27700616828498065,10.04,6,5.5,49.0,0.05400864138262122,2026-11,95.25,4555.17326212194,1261.8110912145944,956.31,571.5,523.875,5.144323091694671,82.51494239078252,1241.6771709073455,1159.162228516563
2026-11-22,Pattaya_Central,MixedBerryPremium,6,32.0,86.52879332477535,23.51800436456996,0.27179397124258947,52.235,8,7.0,89.0,0.2233632862644416,2026-11,32.0,2768.921386392811,752.5761396662388,1671.52,256.0,224.0,7.147625160462131,430.53720154043646,-135.17475327342754,-565.7119548138639
2026-11-22,Pattaya_Central,PassionFruit,6,73.75,63.01625368731563,17.166189380530973,0.2724089163679736,28.654999999999998,6,6.0,65.0,0.08849557522123894,2026-11,73.75,4647.448709439528,1266.0064668141592,2113.3062499999996,442.5,442.5,6.5265486725663715,226.1775442477876,383.135992625369,156.9584483775814
2026-11-22,Pattaya_Central,Pineapple,6,133.0,47.78324340709306,13.039893664746893,0.2728967883919579,10.084999999999999,6,5.0,49.0,0.03925431949075477,2026-11,133.0,6355.171373143377,1734.3058574113368,1341.3049999999998,798.0,665.0,5.220824492270385,83.97696195816914,1816.5605157320406,1732.5835537738715
2026-11-22,Pattaya_Central,Watermelon,6,213.5,44.00282273983419,11.737794315041452,0.26675093969404934,7.945,6,5.0,45.0,0.029609159099881564,2026-11,213.5,9394.602654954599,2506.01908626135,1696.2575000000002,1281.0,1067.5,6.321555467824714,88.15409099881565,2843.826068693248,2755.6719776944324
2026-11-23,BKK_Ladprao,Guava,0,30.25,47.85666666666667,13.140177070063695,0.274573596226169,10.04,6,5.5,49.0,0.08227176220806794,2026-11,30.25,1447.6641666666667,397.49035636942676,303.71,181.5,166.375,2.488720806794055,39.91908174097664,398.5888102972399,358.66972855626324
2026-11-23,BKK_Ladprao,MixedBerryPremium,0,11.5,86.58969604863222,23.94381337386018,0.2765203536505358,52.235,8,7.0,89.0,0.4148936170212766,2026-11,11.5,995.7815045592705,275.3538537993921,600.7025,92.0,80.5,4.7712765957446805,287.3978457446808,-52.774849240121625,-340.17269498480243
2026-11-23,BKK_Ladprao,PassionFruit,0,25.5,63.23085034013606,16.98635714285714,0.26864034014223875,28.654999999999998,6,6.0,65.0,0.145578231292517,2026-11,25.5,1612.3866836734694,433.1521071428571,730.7025,153.0,153.0,3.712244897959184,128.64784693877553,142.53207653061236,13.884229591836828
2026-11-23,BKK_Ladprao,Pineapple,0,52.25,47.845854229354735,12.786699899699096,0.2672478129119515,10.084999999999999,6,5.0,49.0,0.06920762286860582,2026-11,52.25,2499.945883483785,668.1050697592777,526.94125,313.5,261.25,3.616098294884654,58.164941073219666,730.1495637245075,671.9846226512879
2026-11-23,BKK_Ladprao,Watermelon,0,82.25,44.02063492063492,12.068285714285715,0.27415065084916884,7.945,6,5.0,45.0,0.05246913580246913,2026-11,82.25,3620.697222222222,992.6165,653.47625,493.5,411.25,4.315586419753086,60.180852623456786,1069.8544722222223,1009.6736195987655
2026-11-23,BKK_Sukhumvit,Guava,0,57.25,47.95304734667938,13.01283050524309,0.2713660804738032,10.04,6,5.5,49.0,0.047664442326024785,2026-11,57.25,2745.3119605973943,744.9845464251669,574.79,343.5,314.875,2.7287893231649187,43.76978074356529,767.1624141722275,723.3926334286622
2026-11-23,BKK_Sukhumvit,MixedBerryPremium,0,18.5,86.75255652173914,22.990975304347824,0.26501784184984295,52.235,8,7.0,89.0,0.21565217391304348,2026-11,18.5,1604.922295652174,425.33304313043476,966.3475,148.0,129.5,3.9895652173913043,240.31146086956522,-64.25824747826073,-304.56970834782595
2026-11-23,BKK_Sukhumvit,PassionFruit,0,49.0,63.17115539452496,17.610132850241545,0.27876857309733194,28.654999999999998,6,6.0,65.0,0.09098228663446055,2026-11,49.0,3095.386614331723,862.8965096618357,1404.0949999999998,294.0,294.0,4.458132045088567,154.49656602254427,240.3951046698876,85.89853864734332
2026-11-23,BKK_Sukhumvit,Pineapple,0,92.75,47.74254871088369,12.82280334579807,0.2685822959190887,10.084999999999999,6,5.0,49.0,0.03896870694745129,2026-11,92.75,4428.121392934462,1189.315010322771,935.38375,556.5,463.75,3.614347569376107,58.13678065341469,1283.1726326116914,1225.0358519582767
2026-11-23,BKK_Sukhumvit,Watermelon,0,137.5,44.07588018917498,11.868067787703627,0.26926445341001765,7.945,6,5.0,45.0,0.030084077771939045,2026-11,137.5,6060.4335260115595,1631.8593208092486,1092.4375,825.0,687.5,4.136560693641619,57.68433887283238,1823.6367052023106,1765.9523663294783
2026-11-23,Pattaya_Beach,Guava,0,61.75,47.80525027808676,13.032506562847606,0.27261663702284855,10.04,6,5.5,49.0,0.05506117908787542,2026-11,61.75,2951.9742046718575,804.7572802558396,619.9699999999999,370.5,339.625,3.400027808676307,54.536446051167964,817.1219244160179,762.5854783648499
2026-11-23,Pattaya_Beach,MixedBerryPremium,0,19.25,86.3254953000723,23.297381344902387,0.26987833969465647,52.235,8,7.0,89.0,0.23716558206796817,2026-11,19.25,1661.7657845263918,448.474590889371,1005.52375,154.0,134.75,4.565437454808388,274.99912509038325,-80.98255636297904,-355.9816814533623
2026-11-23,Pattaya_Beach,PassionFruit,0,49.5,63.013126945693536,17.109371497751642,0.2715207501525353,28.654999999999998,6,6.0,65.0,0.08993427879626427,2026-11,49.5,3119.14978381183,846.9138891387063,1418.4225,297.0,297.0,4.451746800415082,154.27528536838466,259.81339467312364,105.53810930473898
2026-11-23,Pattaya_Beach,Pineapple,0,95.25,47.68440197512802,13.193954352596926,0.2766932960484403,10.084999999999999,6,5.0,49.0,0.040965618141916606,2026-11,95.25,4541.939288130944,1256.7241520848572,960.5962499999999,571.5,476.25,3.9019751280175567,62.7632699341624,1276.868886046087,1214.1056161119245
2026-11-23,Pattaya_Beach,Watermelon,0,149.25,43.95651561399389,11.924427330359238,0.2712778108955253,7.945,6,5.0,45.0,0.0308757924395398,2026-11,149.25,6560.509955388588,1779.7207790561163,1185.79125,895.5,746.25,4.608212021601315,64.26151664123034,1953.2479263324722,1888.9864096912418
2026-11-23,Pattaya_Central,Guava,0,65.25,47.82334133461354,13.24736053768603,0.27700616828498065,10.04,6,5.5,49.0,0.05400864138262122,2026-11,65.25,3120.473022083533,864.3902750840134,655.1099999999999,391.5,358.875,3.524063850216035,56.525984157465196,850.59774699952,794.0717628420548
2026-11-23,Pattaya_Central,MixedBerryPremium,0,25.75,86.52879332477535,23.51800436456996,0.27179397124258947,52.235,8,7.0,89.0,0.2233632862644416,2026-11,25.75,2228.1164281129654,605.5886123876764,1345.05125,206.0,180.25,5.7516046213093714,346.44790436457,-108.77343427471124,-455.2213386392812
2026-11-23,Pattaya_Central,PassionFruit,0,54.25,63.01625368731563,17.166189380530973,0.2724089163679736,28.654999999999998,6,6.0,65.0,0.08849557522123894,2026-11,54.25,3418.631762536873,931.2657738938053,1554.5337499999998,325.5,325.5,4.800884955752212,166.37466814159293,281.83223864306774,115.4575705014748
2026-11-23,Pattaya_Central,Pineapple,0,109.0,47.78324340709306,13.039893664746893,0.2728967883919579,10.084999999999999,6,5.0,49.0,0.03925431949075477,2026-11,109.0,5208.373531373143,1421.3484094574114,1099.2649999999999,654.0,545.0,4.27872082449227,68.82322446195816,1488.7601219157318,1419.9368974537736
2026-11-23,Pattaya_Central,Watermelon,0,179.0,44.00282273983419,11.737794315041452,0.26675093969404934,7.945,6,5.0,45.0,0.029609159099881564,2026-11,179.0,7876.50527043032,2101.06518239242,1422.155,1074.0,895.0,5.3000394788788,73.90905053296487,2384.2850880379,2310.376037504935
2026-11-24,BKK_Ladprao,Guava,1,35.5,47.85666666666667,13.140177070063695,0.274573596226169,10.04,6,5.5,49.0,0.08227176220806794,2026-11,35.5,1698.9116666666669,466.4762859872612,356.41999999999996,213.0,195.25,2.9206475583864115,46.84718683651804,467.7653806794058,420.9181938428877
2026-11-24,BKK_Ladprao,MixedBerryPremium,1,10.25,86.58969604863222,23.94381337386018,0.2765203536505358,52.235,8,7.0,89.0,0.4148936170212766,2026-11,10.25,887.5443844984802,245.42408708206685,535.4087499999999,82.0,71.75,4.252659574468085,256.1589494680851,-47.038452583586604,-303.1974020516717
2026-11-24,BKK_Ladprao,PassionFruit,1,25.75,63.23085034013606,16.98635714285714,0.26864034014223875,28.654999999999998,6,6.0,65.0,0.145578231292517,2026-11,25.75,1628.1943962585035,437.3986964285714,737.8662499999999,154.5,154.5,3.748639455782313,129.90910034013606,143.92944982993208,14.020349489796018
2026-11-24,BKK_Ladprao,Pineapple,1,48.25,47.845854229354735,12.786699899699096,0.2672478129119515,10.084999999999999,6,5.0,49.0,0.06920762286860582,2026-11,48.25,2308.562466566366,616.9582701604813,486.60124999999994,289.5,241.25,3.3392678034102308,53.71212261785357,674.2529464058846,620.540823788031
2026-11-24,BKK_Ladprao,Watermelon,1,75.5,44.02063492063492,12.068285714285715,0.27415065084916884,7.945,6,5.0,45.0,0.05246913580246913,2026-11,75.5,3323.5579365079366,911.1555714285714,599.8475,453.0,377.5,3.9614197530864197,55.24199845679012,982.0548650793653,926.8128666225751
2026-11-24,BKK_Sukhumvit,Guava,1,54.0,47.95304734667938,13.01283050524309,0.2713660804738032,10.04,6,5.5,49.0,0.047664442326024785,2026-11,54.0,2589.4645567206862,702.6928472831269,542.16,324.0,297.0,2.573879885605338,41.28503336510962,723.6117094375595,682.3266760724499
2026-11-24,BKK_Sukhumvit,MixedBerryPremium,1,19.75,86.75255652173914,22.990975304347824,0.26501784184984295,52.235,8,7.0,89.0,0.21565217391304348,2026-11,19.75,1713.362991304348,454.07176226086955,1031.64125,158.0,138.25,4.259130434782609,256.54872173913043,-68.60002095652135,-325.1487426956518
2026-11-24,BKK_Sukhumvit,PassionFruit,1,44.5,63.17115539452496,17.610132850241545,0.27876857309733194,28.654999999999998,6,6.0,65.0,0.09098228663446055,2026-11,44.5,2811.116415056361,783.6509118357487,1275.1474999999998,267.0,267.0,4.048711755233494,140.30810587761675,218.31800322061235,78.0098973429956
2026-11-24,BKK_Sukhumvit,Pineapple,1,85.0,47.74254871088369,12.82280334579807,0.2685822959190887,10.084999999999999,6,5.0,49.0,0.03896870694745129,2026-11,85.0,4058.1166404251135,1089.9382843928358,857.2249999999999,510.0,425.0,3.3123400905333598,53.278990356229095,1175.953356032278,1122.6743656760489
2026-11-24,BKK_Sukhumvit,Watermelon,1,136.0,44.07588018917498,11.868067787703627,0.26926445341001765,7.945,6,5.0,45.0,0.030084077771939045,2026-11,136.0,5994.319705727798,1614.0572191276933,1080.52,816.0,680.0,4.09143457698371,57.05505517603784,1803.7424866001038,1746.687431424066
2026-11-24,Pattaya_Beach,Guava,1,51.0,47.80525027808676,13.032506562847606,0.27261663702284855,10.04,6,5.5,49.0,0.05506117908787542,2026-11,51.0,2438.067764182425,664.657834705228,512.04,306.0,280.5,2.8081201334816464,45.042246941045605,674.869929477197,629.8276825361514
2026-11-24,Pattaya_Beach,MixedBerryPremium,1,21.25,86.3254953000723,23.297381344902387,0.26987833969465647,52.235,8,7.0,89.0,0.23716558206796817,2026-11,21.25,1834.4167751265365,495.06935357917575,1109.99375,170.0,148.75,5.039768618944324,303.57046276211133,-89.39632845263918,-392.9667912147505
2026-11-24,Pattaya_Beach,PassionFruit,1,47.0,63.013126945693536,17.109371497751642,0.2715207501525353,28.654999999999998,6,6.0,65.0,0.08993427879626427,2026-11,47.0,2961.616966447596,804.1404603943272,1346.7849999999999,282.0,282.0,4.2269111034244204,146.4836042891733,246.69150605326877,100.20790176409548
2026-11-24,Pattaya_Beach,Pineapple,1,91.25,47.68440197512802,13.193954352596926,0.2766932960484403,10.084999999999999,6,5.0,49.0,0.040965618141916606,2026-11,91.25,4351.2016802304315,1203.9483346744694,920.2562499999999,547.5,456.25,3.7381126554498905,60.127542062911495,1223.247095555962,1163.1195534930505
2026-11-24,Pattaya_Beach,Watermelon,1,142.75,43.95651561399389,11.924427330359238,0.2712778108955253,7.945,6,5.0,45.0,0.0308757924395398,2026-11,142.75,6274.792603897628,1702.2120014087814,1134.14875,856.5,713.75,4.407519370744306,61.46285762502935,1868.1818524888467,1806.7189948638174
2026-11-24,Pattaya_Central,Guava,1,65.75,47.82334133461354,13.24736053768603,0.27700616828498065,10.04,6,5.5,49.0,0.05400864138262122,2026-11,65.75,3144.3846927508403,871.0139553528564,660.13,394.5,361.625,3.5510681709073455,56.95913346135382,857.115737397984,800.1566039366302
2026-11-24,Pattaya_Central,MixedBerryPremium,1,22.75,86.52879332477535,23.51800436456996,0.27179397124258947,52.235,8,7.0,89.0,0.2233632862644416,2026-11,22.75,1968.5300481386391,535.0345992939666,1188.34625,182.0,159.25,5.081514762516046,306.08504172015404,-96.10080115532742,-402.18584287548146
2026-11-24,Pattaya_Central,PassionFruit,1,55.75,63.01625368731563,17.166189380530973,0.2724089163679736,28.654999999999998,6,6.0,65.0,0.08849557522123894,2026-11,55.75,3513.1561430678466,957.0150579646017,1597.51625,334.5,334.5,4.933628318584071,170.97488938053098,289.624835103245,118.64994572271402
2026-11-24,Pattaya_Central,Pineapple,1,114.0,47.78324340709306,13.039893664746893,0.2728967883919579,10.084999999999999,6,5.0,49.0,0.03925431949075477,2026-11,114.0,5447.289748408609,1486.5478777811459,1149.6899999999998,684.0,570.0,4.474992421946044,71.98025310700211,1557.0518706274634,1485.0716175204611
2026-11-24,Pattaya_Central,Watermelon,1,164.25,44.00282273983419,11.737794315041452,0.26675093969404934,7.945,6,5.0,45.0,0.029609159099881564,2026-11,164.25,7227.463635017765,1927.9327162455584,1304.96625,985.5,821.25,4.863304382155547,67.8187796091591,2187.8146687722065,2119.995889163047
2026-11-25,BKK_Ladprao,Guava,2,28.5,47.85666666666667,13.140177070063695,0.274573596226169,10.04,6,5.5,49.0,0.08227176220806794,2026-11,28.5,1363.915,374.4950464968153,286.14,171.0,156.75,2.3447452229299364,37.609713375796176,375.52995350318474,337.9202401273886
2026-11-25,BKK_Ladprao,MixedBerryPremium,2,9.75,86.58969604863222,23.94381337386018,0.2765203536505358,52.235,8,7.0,89.0,0.4148936170212766,2026-11,9.75,844.2495364741642,233.45218039513676,509.29125,78.0,68.25,4.045212765957447,243.6633909574468,-44.743893920972596,-288.40728487841943
2026-11-25,BKK_Ladprao,PassionFruit,2,27.5,63.23085034013606,16.98635714285714,0.26864034014223875,28.654999999999998,6,6.0,65.0,0.145578231292517,2026-11,27.5,1738.8483843537415,467.1248214285714,788.0124999999999,165.0,165.0,4.003401360544218,138.73787414965986,153.71106292517015,14.973188775510295
2026-11-25,BKK_Ladprao,Pineapple,2,58.0,47.845854229354735,12.786699899699096,0.2672478129119515,10.084999999999999,6,5.0,49.0,0.06920762286860582,2026-11,58.0,2775.059545302575,741.6285941825475,584.93,348.0,290.0,4.014042126379138,64.56586760280844,810.5009511200274,745.9350835172189
2026-11-25,BKK_Ladprao,Watermelon,2,76.75,44.02063492063492,12.068285714285715,0.27415065084916884,7.945,6,5.0,45.0,0.05246913580246913,2026-11,76.75,3378.58373015873,926.2409285714286,609.7787500000001,460.5,383.75,4.027006172839506,56.156601080246915,998.314051587301,942.1574505070541
2026-11-25,BKK_Sukhumvit,Guava,2,52.75,47.95304734667938,13.01283050524309,0.2713660804738032,10.04,6,5.5,49.0,0.047664442326024785,2026-11,52.75,2529.5232475373373,686.4268091515729,529.6099999999999,316.5,290.125,2.5142993326978074,40.329361296472825,706.8614383857644,666.5320770892915
2026-11-25,BKK_Sukhumvit,MixedBerryPremium,2,20.0,86.75255652173914,22.990975304347824,0.26501784184984295,52.235,8,7.0,89.0,0.21565217391304348,2026-11,20.0,1735.0511304347829,459.8195060869565,1044.7,160.0,140.0,4.3130434782608695,259.79617391304345,-69.46837565217356,-329.264549565217
2026-11-25,BKK_Sukhumvit,PassionFruit,2,46.75,63.17115539452496,17.610132850241545,0.27876857309733194,28.654999999999998,6,6.0,65.0,0.09098228663446055,2026-11,46.75,2953.251514694042,823.2737107487923,1339.62125,280.5,280.5,4.2534219001610305,147.40233595008053,229.35655394524974,81.95421799516922
2026-11-25,BKK_Sukhumvit,Pineapple,2,88.5,47.74254871088369,12.82280334579807,0.2685822959190887,10.084999999999999,6,5.0,49.0,0.03896870694745129,2026-11,88.5,4225.215560913207,1134.8180961031292,892.5224999999999,531.0,442.5,3.448730564849439,55.47283113560323,1224.374964810078,1168.9021336744747
2026-11-25,BKK_Sukhumvit,Watermelon,2,138.0,44.07588018917498,11.868067787703627,0.26926445341001765,7.945,6,5.0,45.0,0.030084077771939045,2026-11,138.0,6082.471466106147,1637.7933547031005,1096.41,828.0,690.0,4.151602732527588,57.89410010509722,1830.2681114030465,1772.3740112979492
2026-11-25,Pattaya_Beach,Guava,2,65.0,47.80525027808676,13.032506562847606,0.27261663702284855,10.04,6,5.5,49.0,0.05506117908787542,2026-11,65.0,3107.341268075639,847.1129265850944,652.5999999999999,390.0,357.5,3.578976640711902,57.40678531701891,860.1283414905447,802.7215561735258
2026-11-25,Pattaya_Beach,MixedBerryPremium,2,22.0,86.3254953000723,23.297381344902387,0.26987833969465647,52.235,8,7.0,89.0,0.23716558206796817,2026-11,22.0,1899.1608966015906,512.5423895878525,1149.17,176.0,154.0,5.2176428054952995,314.28471438900937,-92.55149298626202,-406.8362073752714
2026-11-25,Pattaya_Beach,PassionFruit,2,44.25,63.013126945693536,17.109371497751642,0.2715207501525353,28.654999999999998,6,6.0,65.0,0.08993427879626427,2026-11,44.25,2788.330867346939,757.0896887755101,1267.9837499999999,265.5,265.5,3.979591836734694,137.91275510204082,232.25742857142905,94.34467346938823
2026-11-25,Pattaya_Beach,Pineapple,2,80.0,47.68440197512802,13.193954352596926,0.2766932960484403,10.084999999999999,6,5.0,49.0,0.040965618141916606,2026-11,80.0,3814.7521580102416,1055.5163482077542,806.8,480.0,400.0,3.2772494513533283,52.71455742501829,1072.4358098024873,1019.721252377469
2026-11-25,Pattaya_Beach,Watermelon,2,139.25,43.95651561399389,11.924427330359238,0.2712778108955253,7.945,6,5.0,45.0,0.0308757924395398,2026-11,139.25,6120.944799248649,1660.476505752524,1106.34125,835.5,696.25,4.299454097205917,59.95588738553651,1822.3770434961252,1762.4211561105888
2026-11-25,Pattaya_Central,Guava,2,70.75,47.82334133461354,13.24736053768603,0.27700616828498065,10.04,6,5.5,49.0,0.05400864138262122,2026-11,70.75,3383.501399423908,937.2507580412865,710.3299999999999,424.5,389.125,3.8211113778204515,61.29062650024004,922.2956413826214,861.0050148823814
2026-11-25,Pattaya_Central,MixedBerryPremium,2,25.5,86.52879332477535,23.51800436456996,0.27179397124258947,52.235,8,7.0,89.0,0.2233632862644416,2026-11,25.5,2206.4842297817713,599.709111296534,1331.9925,204.0,178.5,5.69576379974326,343.08433247753527,-107.71738151476256,-450.80171399229783
2026-11-25,Pattaya_Central,PassionFruit,2,56.25,63.01625368731563,17.166189380530973,0.2724089163679736,28.654999999999998,6,6.0,65.0,0.08849557522123894,2026-11,56.25,3544.6642699115046,965.5981526548672,1611.8437499999998,337.5,337.5,4.977876106194691,172.508296460177,292.2223672566374,119.71407079646042
2026-11-25,Pattaya_Central,Pineapple,2,109.0,47.78324340709306,13.039893664746893,0.2728967883919579,10.084999999999999,6,5.0,49.0,0.03925431949075477,2026-11,109.0,5208.373531373143,1421.3484094574114,1099.2649999999999,654.0,545.0,4.27872082449227,68.82322446195816,1488.7601219157318,1419.9368974537736
2026-11-25,Pattaya_Central,Watermelon,2,160.0,44.00282273983419,11.737794315041452,0.26675093969404934,7.945,6,5.0,45.0,0.029609159099881564,2026-11,160.0,7040.45163837347,1878.0470904066324,1271.2,960.0,800.0,4.7374654559810505,66.06395578365576,2131.2045479668377,2065.140592183182
2026-11-26,BKK_Ladprao,Guava,3,31.5,47.85666666666667,13.140177070063695,0.274573596226169,10.04,6,5.5,49.0,0.08227176220806794,2026-11,31.5,1507.4850000000001,413.9155777070064,316.26,189.0,173.25,2.59156050955414,41.568630573248406,415.05942229299376,373.49079171974535
2026-11-26,BKK_Ladprao,MixedBerryPremium,3,12.75,86.58969604863222,23.94381337386018,0.2765203536505358,52.235,8,7.0,89.0,0.4148936170212766,2026-11,12.75,1104.0186246200608,305.2836205167173,665.99625,102.0,89.25,5.289893617021276,318.6367420212766,-58.511245896656646,-377.1479879179332
2026-11-26,BKK_Ladprao,PassionFruit,3,24.25,63.23085034013606,16.98635714285714,0.26864034014223875,28.654999999999998,6,6.0,65.0,0.145578231292517,2026-11,24.25,1533.3481207482994,411.9191607142857,694.88375,145.5,145.5,3.5302721088435374,122.34157993197279,135.54521003401373,13.203630102040947
2026-11-26,BKK_Ladprao,Pineapple,3,52.25,47.845854229354735,12.786699899699096,0.2672478129119515,10.084999999999999,6,5.0,49.0,0.06920762286860582,2026-11,52.25,2499.945883483785,668.1050697592777,526.94125,313.5,261.25,3.616098294884654,58.164941073219666,730.1495637245075,671.9846226512879
2026-11-26,BKK_Ladprao,Watermelon,3,85.5,44.02063492063492,12.068285714285715,0.27415065084916884,7.945,6,5.0,45.0,0.05246913580246913,2026-11,85.5,3763.7642857142855,1031.8384285714285,679.2975,513.0,427.5,4.486111111111111,62.55881944444444,1112.128357142857,1049.5695376984127
2026-11-26,BKK_Sukhumvit,Guava,3,58.25,47.95304734667938,13.01283050524309,0.2713660804738032,10.04,6,5.5,49.0,0.047664442326024785,2026-11,58.25,2793.2650079440737,757.9973769304099,584.8299999999999,349.5,320.375,2.7764537654909436,44.53431839847473,780.5626310136638,736.0283126151891
2026-11-26,BKK_Sukhumvit,MixedBerryPremium,3,20.0,86.75255652173914,22.990975304347824,0.26501784184984295,52.235,8,7.0,89.0,0.21565217391304348,2026-11,20.0,1735.0511304347829,459.8195060869565,1044.7,160.0,140.0,4.3130434782608695,259.79617391304345,-69.46837565217356,-329.264549565217
2026-11-26,BKK_Sukhumvit,PassionFruit,3,43.25,63.17115539452496,17.610132850241545,0.27876857309733194,28.654999999999998,6,6.0,65.0,0.09098228663446055,2026-11,43.25,2732.1524708132047,761.6382457729468,1239.32875,259.5,259.5,3.9349838969404187,136.3668669484702,212.1854750402581,75.8186080917879
2026-11-26,BKK_Sukhumvit,Pineapple,3,85.0,47.74254871088369,12.82280334579807,0.2685822959190887,10.084999999999999,6,5.0,49.0,0.03896870694745129,2026-11,85.0,4058.1166404251135,1089.9382843928358,857.2249999999999,510.0,425.0,3.3123400905333598,53.278990356229095,1175.953356032278,1122.6743656760489
2026-11-26,BKK_Sukhumvit,Watermelon,3,132.75,44.07588018917498,11.868067787703627,0.26926445341001765,7.945,6,5.0,45.0,0.030084077771939045,2026-11,132.75,5851.073095112979,1575.4859988176565,1054.69875,796.5,663.75,3.993661324224908,55.691607166316345,1760.6383462953227,1704.9467391290063
2026-11-26,Pattaya_Beach,Guava,3,61.5,47.80525027808676,13.032506562847606,0.27261663702284855,10.04,6,5.5,49.0,0.05506117908787542,2026-11,61.5,2940.022892102336,801.4991536151279,617.4599999999999,369.0,338.25,3.386262513904338,54.31565072302558,813.813738487208,759.4980877641824
2026-11-26,Pattaya_Beach,MixedBerryPremium,3,21.5,86.3254953000723,23.297381344902387,0.26987833969465647,52.235,8,7.0,89.0,0.23716558206796817,2026-11,21.5,1855.9981489515546,500.89369891540133,1123.0525,172.0,150.5,5.099060014461315,307.14187997107734,-90.44804996384664,-397.589929934924
2026-11-26,Pattaya_Beach,PassionFruit,3,48.75,63.013126945693536,17.109371497751642,0.2715207501525353,28.654999999999998,6,6.0,65.0,0.08993427879626427,2026-11,48.75,3071.88993860256,834.0818605153926,1396.9312499999999,292.5,292.5,4.384296091317883,151.93778104462123,255.87682808716772,103.93904704254649
2026-11-26,Pattaya_Beach,Pineapple,3,87.75,47.68440197512802,13.193954352596926,0.2766932960484403,10.084999999999999,6,5.0,49.0,0.040965618141916606,2026-11,87.75,4184.306273317484,1157.7694944403802,884.9587499999999,526.5,438.75,3.5947329919531823,57.82128017556694,1176.3280288771039,1118.506748701537
2026-11-26,Pattaya_Beach,Watermelon,3,140.5,43.95651561399389,11.924427330359238,0.2712778108955253,7.945,6,5.0,45.0,0.0308757924395398,2026-11,140.5,6175.890443766142,1675.382039915473,1116.2725,843.0,702.5,4.338048837755342,60.49409104249825,1838.7359038506693,1778.241812808171
2026-11-26,Pattaya_Central,Guava,3,66.25,47.82334133461354,13.24736053768603,0.27700616828498065,10.04,6,5.5,49.0,0.05400864138262122,2026-11,66.25,3168.296363418147,877.6376356216995,665.15,397.5,364.375,3.578072491598656,57.39228276524244,863.6337277964476,806.2414450312051
2026-11-26,Pattaya_Central,MixedBerryPremium,3,18.0,86.52879332477535,23.51800436456996,0.27179397124258947,52.235,8,7.0,89.0,0.2233632862644416,2026-11,18.0,1557.5182798459564,423.3240785622593,940.23,144.0,126.0,4.020539152759949,242.17717586649553,-76.0357987163029,-318.21297458279844
2026-11-26,Pattaya_Central,PassionFruit,3,57.0,63.01625368731563,17.166189380530973,0.2724089163679736,28.654999999999998,6,6.0,65.0,0.08849557522123894,2026-11,57.0,3591.926460176991,978.4727946902655,1633.3349999999998,342.0,342.0,5.04424778761062,174.80840707964603,296.1186654867256,121.31025840707957
2026-11-26,Pattaya_Central,Pineapple,3,104.0,47.78324340709306,13.039893664746893,0.2728967883919579,10.084999999999999,6,5.0,49.0,0.03925431949075477,2026-11,104.0,4969.457314337678,1356.148941133677,1048.84,624.0,520.0,4.082449227038496,65.66619581691421,1420.4683732040012,1354.8021773870869
2026-11-26,Pattaya_Central,Watermelon,3,165.0,44.00282273983419,11.737794315041452,0.26675093969404934,7.945,6,5.0,45.0,0.029609159099881564,2026-11,165.0,7260.4657520726405,1936.7360619818396,1310.925,990.0,825.0,4.885511251480458,68.12845440189498,2197.804690090801,2129.676235688906
2026-11-27,BKK_Ladprao,Guava,4,33.0,47.85666666666667,13.140177070063695,0.274573596226169,10.04,6,5.5,49.0,0.08227176220806794,2026-11,33.0,1579.27,433.62584331210195,331.32,198.0,181.5,2.7149681528662417,43.54808917197452,434.82415668789804,391.2760675159235
2026-11-27,BKK_Ladprao,MixedBerryPremium,4,13.0,86.58969604863222,23.94381337386018,0.2765203536505358,52.235,8,7.0,89.0,0.4148936170212766,2026-11,13.0,1125.666048632219,311.26957386018233,679.055,104.0,91.0,5.3936170212765955,324.8845212765957,-59.65852522796331,-384.543046504559
2026-11-27,BKK_Ladprao,PassionFruit,4,23.75,63.23085034013606,16.98635714285714,0.26864034014223875,28.654999999999998,6,6.0,65.0,0.145578231292517,2026-11,23.75,1501.7326955782314,403.4259821428571,680.55625,142.5,142.5,3.4574829931972793,119.81907312925172,132.7504634353743,12.931390306122566
2026-11-27,BKK_Ladprao,Pineapple,4,55.0,47.845854229354735,12.786699899699096,0.2672478129119515,10.084999999999999,6,5.0,49.0,0.06920762286860582,2026-11,55.0,2631.5219826145103,703.2684944834502,554.675,330.0,275.0,3.80641925777332,61.22625376128386,768.5784881310601,707.3522343697763
2026-11-27,BKK_Ladprao,Watermelon,4,71.0,44.02063492063492,12.068285714285715,0.27415065084916884,7.945,6,5.0,45.0,0.05246913580246913,2026-11,71.0,3125.4650793650794,856.8482857142857,564.095,426.0,355.0,3.7253086419753085,51.949429012345675,923.5217936507938,871.5723646384481
2026-11-27,BKK_Sukhumvit,Guava,4,54.75,47.95304734667938,13.01283050524309,0.2713660804738032,10.04,6,5.5,49.0,0.047664442326024785,2026-11,54.75,2625.429342230696,712.4524701620592,549.6899999999999,328.5,301.125,2.609628217349857,41.858436606291704,733.661872068637,691.8034354623453
2026-11-27,BKK_Sukhumvit,MixedBerryPremium,4,17.75,86.75255652173914,22.990975304347824,0.26501784184984295,52.235,8,7.0,89.0,0.21565217391304348,2026-11,17.75,1539.8578782608697,408.08981165217386,927.17125,142.0,124.25,3.827826086956522,230.56910434782608,-61.65318339130408,-292.22228773913014
2026-11-27,BKK_Sukhumvit,PassionFruit,4,40.0,63.17115539452496,17.610132850241545,0.27876857309733194,28.654999999999998,6,6.0,65.0,0.09098228663446055,2026-11,40.0,2526.846215780998,704.4053140096618,1146.1999999999998,240.0,240.0,3.639291465378422,126.11964573268922,196.24090177133667,70.12125603864745
2026-11-27,BKK_Sukhumvit,Pineapple,4,89.75,47.74254871088369,12.82280334579807,0.2685822959190887,10.084999999999999,6,5.0,49.0,0.03896870694745129,2026-11,89.75,4284.893746801811,1150.8466002853768,905.12875,538.5,448.75,3.497441448533753,56.256345699665424,1241.6683965164343,1185.412050816769
2026-11-27,BKK_Sukhumvit,Watermelon,4,130.0,44.07588018917498,11.868067787703627,0.26926445341001765,7.945,6,5.0,45.0,0.030084077771939045,2026-11,130.0,5729.864424592747,1542.8488124014714,1032.8500000000001,780.0,650.0,3.910930110352076,54.5379203888597,1724.1656121912756,1669.627691802416
2026-11-27,Pattaya_Beach,Guava,4,56.75,47.80525027808676,13.032506562847606,0.27261663702284855,10.04,6,5.5,49.0,0.05506117908787542,2026-11,56.75,2712.9479532814235,739.5947474416016,569.77,340.5,312.125,3.1247219132369297,50.12053948832035,750.9582058398219,700.8376663515015
2026-11-27,Pattaya_Beach,MixedBerryPremium,4,21.5,86.3254953000723,23.297381344902387,0.26987833969465647,52.235,8,7.0,89.0,0.23716558206796817,2026-11,21.5,1855.9981489515546,500.89369891540133,1123.0525,172.0,150.5,5.099060014461315,307.14187997107734,-90.44804996384664,-397.589929934924
2026-11-27,Pattaya_Beach,PassionFruit,4,50.0,63.013126945693536,17.109371497751642,0.2715207501525353,28.654999999999998,6,6.0,65.0,0.08993427879626427,2026-11,50.0,3150.656347284677,855.4685748875821,1432.7499999999998,300.0,300.0,4.496713939813214,155.83362158422693,262.43777239709516,106.60415081286823
2026-11-27,Pattaya_Beach,Pineapple,4,84.0,47.68440197512802,13.193954352596926,0.2766932960484403,10.084999999999999,6,5.0,49.0,0.040965618141916606,2026-11,84.0,4005.4897659107537,1108.2921656181418,847.1399999999999,504.0,420.0,3.441111923920995,55.350285296269206,1126.0576002926118,1070.7073149963426
2026-11-27,Pattaya_Beach,Watermelon,4,144.75,43.95651561399389,11.924427330359238,0.2712778108955253,7.945,6,5.0,45.0,0.0308757924395398,2026-11,144.75,6362.705635125616,1726.0608560694998,1150.03875,868.5,723.75,4.469270955623386,62.32398347616812,1894.3560290561163,1832.032045579948
2026-11-27,Pattaya_Central,Guava,4,74.75,47.82334133461354,13.24736053768603,0.27700616828498065,10.04,6,5.5,49.0,0.05400864138262122,2026-11,74.75,3574.794764762362,990.2402001920307,750.4899999999999,448.5,411.125,4.037145943350937,64.75582093134902,974.4395645703312,909.6837436389822
2026-11-27,Pattaya_Central,MixedBerryPremium,4,24.25,86.52879332477535,23.51800436456996,0.27179397124258947,52.235,8,7.0,89.0,0.2233632862644416,2026-11,24.25,2098.323238125802,570.3116058408216,1266.69875,194.0,169.75,5.416559691912709,326.266473042362,-102.43711771501967,-428.7035907573817
2026-11-27,Pattaya_Central,PassionFruit,4,49.75,63.01625368731563,17.166189380530973,0.2724089163679736,28.654999999999998,6,6.0,65.0,0.08849557522123894,2026-11,49.75,3135.0586209439525,854.0179216814159,1425.5862499999998,298.5,298.5,4.402654867256637,152.57400442477876,258.45444926253685,105.88044483775809
2026-11-27,Pattaya_Central,Pineapple,4,101.0,47.78324340709306,13.039893664746893,0.2728967883919579,10.084999999999999,6,5.0,49.0,0.03925431949075477,2026-11,101.0,4826.107584116399,1317.0292601394362,1018.5849999999999,606.0,505.0,3.964686268566232,63.77197862988784,1379.493323976963,1315.7213453470752
2026-11-27,Pattaya_Central,Watermelon,4,155.0,44.00282273983419,11.737794315041452,0.26675093969404934,7.945,6,5.0,45.0,0.029609159099881564,2026-11,155.0,6820.437524674299,1819.358118831425,1231.4750000000001,930.0,775.0,4.589419660481642,63.9994571654165,2064.6044058428743,2000.6049486774577
2026-11-28,BKK_Ladprao,Guava,5,39.75,47.85666666666667,13.140177070063695,0.274573596226169,10.04,6,5.5,49.0,0.08227176220806794,2026-11,39.75,1902.3025,522.3220385350319,399.09,238.5,218.625,3.2703025477707004,52.45565286624203,523.7654614649682,471.3098085987262
2026-11-28,BKK_Ladprao,MixedBerryPremium,5,12.75,86.58969604863222,23.94381337386018,0.2765203536505358,52.235,8,7.0,89.0,0.4148936170212766,2026-11,12.75,1104.0186246200608,305.2836205167173,665.99625,102.0,89.25,5.289893617021276,318.6367420212766,-58.511245896656646,-377.1479879179332
2026-11-28,BKK_Ladprao,PassionFruit,5,29.75,63.23085034013606,16.98635714285714,0.26864034014223875,28.654999999999998,6,6.0,65.0,0.145578231292517,2026-11,29.75,1881.1177976190477,505.34412499999996,852.4862499999999,178.5,178.5,4.3309523809523816,150.08915476190478,166.28742261904767,16.198267857142895
2026-11-28,BKK_Ladprao,Pineapple,5,62.75,47.845854229354735,12.786699899699096,0.2672478129119515,10.084999999999999,6,5.0,49.0,0.06920762286860582,2026-11,62.75,3002.3273528920095,802.3654187061182,632.8337499999999,376.5,313.75,4.342778335005016,69.85358951855568,876.8781841858913,807.0245946673356
2026-11-28,BKK_Ladprao,Watermelon,5,95.25,44.02063492063492,12.068285714285715,0.27415065084916884,7.945,6,5.0,45.0,0.05246913580246913,2026-11,95.25,4192.965476190476,1149.5042142857144,756.76125,571.5,476.25,4.997685185185185,69.69271990740741,1238.9500119047616,1169.2572919973543
2026-11-28,BKK_Sukhumvit,Guava,5,64.5,47.95304734667938,13.01283050524309,0.2713660804738032,10.04,6,5.5,49.0,0.047664442326024785,2026-11,64.5,3092.9715538608198,839.3275675881792,647.5799999999999,387.0,354.75,3.0743565300285987,49.31267874165872,864.3139862726407,815.001307530982
2026-11-28,BKK_Sukhumvit,MixedBerryPremium,5,29.5,86.75255652173914,22.990975304347824,0.26501784184984295,52.235,8,7.0,89.0,0.21565217391304348,2026-11,29.5,2559.2004173913047,678.2337714782608,1540.9325,236.0,206.5,6.361739130434783,383.19935652173916,-102.46585408695591,-485.6652106086951
2026-11-28,BKK_Sukhumvit,PassionFruit,5,47.75,63.17115539452496,17.610132850241545,0.27876857309733194,28.654999999999998,6,6.0,65.0,0.09098228663446055,2026-11,47.75,3016.422670088567,840.8838435990338,1368.27625,286.5,286.5,4.344404186795491,150.55532709339775,234.26257648953333,83.70724939613558
2026-11-28,BKK_Sukhumvit,Pineapple,5,101.25,47.74254871088369,12.82280334579807,0.2685822959190887,10.084999999999999,6,5.0,49.0,0.03896870694745129,2026-11,101.25,4833.933056976974,1298.3088387620546,1021.1062499999999,607.5,506.25,3.9455815784294432,63.464679689037595,1400.7679682149192,1337.3032885258815
2026-11-28,BKK_Sukhumvit,Watermelon,5,161.75,44.07588018917498,11.868067787703627,0.26926445341001765,7.945,6,5.0,45.0,0.030084077771939045,2026-11,161.75,7129.273620599053,1919.6599646610616,1285.10375,970.5,808.75,4.866099579611141,67.85775863767736,2145.259905937992,2077.4021473003145
2026-11-28,Pattaya_Beach,Guava,5,82.0,47.80525027808676,13.032506562847606,0.27261663702284855,10.04,6,5.5,49.0,0.05506117908787542,2026-11,82.0,3920.0305228031143,1068.6655381535038,823.28,492.0,451.0,4.515016685205784,72.42086763070077,1085.0849846496108,1012.66411701891
2026-11-28,Pattaya_Beach,MixedBerryPremium,5,33.0,86.3254953000723,23.297381344902387,0.26987833969465647,52.235,8,7.0,89.0,0.23716558206796817,2026-11,33.0,2848.741344902386,768.8135843817788,1723.7549999999999,264.0,231.0,7.82646420824295,471.4270715835141,-138.82723947939257,-610.2543110629067
2026-11-28,Pattaya_Beach,PassionFruit,5,66.0,63.013126945693536,17.109371497751642,0.2715207501525353,28.654999999999998,6,6.0,65.0,0.08993427879626427,2026-11,66.0,4158.866378415773,1129.2185188516085,1891.2299999999998,396.0,396.0,5.935662400553442,205.70038049117954,346.41785956416516,140.7174790729856
2026-11-28,Pattaya_Beach,Pineapple,5,121.75,47.68440197512802,13.193954352596926,0.2766932960484403,10.084999999999999,6,5.0,49.0,0.040965618141916606,2026-11,121.75,5805.5759404718365,1606.3639424286757,1227.8487499999999,730.5,608.75,4.987564008778347,80.22496708119971,1632.1132480431606,1551.8882809619608
2026-11-28,Pattaya_Beach,Watermelon,5,203.5,43.95651561399389,11.924427330359238,0.2712778108955253,7.945,6,5.0,45.0,0.0308757924395398,2026-11,203.5,8945.150927447758,2426.620961728105,1616.8075000000001,1221.0,1017.5,6.283223761446349,87.61955535336934,2663.222465719652,2575.6029103662827
2026-11-28,Pattaya_Central,Guava,5,95.5,47.82334133461354,13.24736053768603,0.27700616828498065,10.04,6,5.5,49.0,0.05400864138262122,2026-11,95.5,4567.129097455593,1265.1229313490157,958.8199999999999,573.0,525.25,5.157825252040327,82.73151704272685,1244.9361661065777,1162.2046490638509
2026-11-28,Pattaya_Central,MixedBerryPremium,5,33.0,86.52879332477535,23.51800436456996,0.27179397124258947,52.235,8,7.0,89.0,0.2233632862644416,2026-11,33.0,2855.4501797175867,776.0941440308087,1723.7549999999999,264.0,231.0,7.370988446726573,443.9914890885751,-139.39896431322177,-583.3904534017969
2026-11-28,Pattaya_Central,PassionFruit,5,81.25,63.01625368731563,17.166189380530973,0.2724089163679736,28.654999999999998,6,6.0,65.0,0.08849557522123894,2026-11,81.25,5120.070612094395,1394.7528871681416,2328.21875,487.5,487.5,7.1902654867256635,249.17865044247787,422.0989749262535,172.92032448377563
2026-11-28,Pattaya_Central,Pineapple,5,146.75,47.78324340709306,13.039893664746893,0.2728967883919579,10.084999999999999,6,5.0,49.0,0.03925431949075477,2026-11,146.75,7012.1909699909065,1913.6043953016065,1479.9737499999999,880.5,733.75,5.760571385268263,92.65879073204002,2004.3628246893004,1911.7040339572604
2026-11-28,Pattaya_Central,Watermelon,5,234.25,44.00282273983419,11.737794315041452,0.26675093969404934,7.945,6,5.0,45.0,0.029609159099881564,2026-11,234.25,10307.661226806158,2749.57831829846,1861.11625,1405.5,1171.25,6.935945519147256,96.72176026450849,3120.2166585076975,3023.494898243189
2026-11-29,BKK_Ladprao,Guava,6,34.25,47.85666666666667,13.140177070063695,0.274573596226169,10.04,6,5.5,49.0,0.08227176220806794,2026-11,34.25,1639.0908333333334,450.05106464968156,343.86999999999995,205.5,188.375,2.817807855626327,45.19763800424628,451.2947686836519,406.0971306794056
2026-11-29,BKK_Ladprao,MixedBerryPremium,6,13.75,86.58969604863222,23.94381337386018,0.2765203536505358,52.235,8,7.0,89.0,0.4148936170212766,2026-11,13.75,1190.608320668693,329.22743389057746,718.23125,110.0,96.25,5.704787234042553,343.62785904255315,-63.100363221884436,-406.7282222644376
2026-11-29,BKK_Ladprao,PassionFruit,6,28.0,63.23085034013606,16.98635714285714,0.26864034014223875,28.654999999999998,6,6.0,65.0,0.145578231292517,2026-11,28.0,1770.4638095238097,475.61799999999994,802.3399999999999,168.0,168.0,4.076190476190476,141.26038095238096,156.50580952380983,15.245428571428874
2026-11-29,BKK_Ladprao,Pineapple,6,49.75,47.845854229354735,12.786699899699096,0.2672478129119515,10.084999999999999,6,5.0,49.0,0.06920762286860582,2026-11,49.75,2380.331247910398,636.13832001003,501.72874999999993,298.5,248.75,3.44307923771314,55.38192953861586,695.214177900368,639.8322483617521
2026-11-29,BKK_Ladprao,Watermelon,6,84.25,44.02063492063492,12.068285714285715,0.27415065084916884,7.945,6,5.0,45.0,0.05246913580246913,2026-11,84.25,3708.738492063492,1016.7530714285715,669.36625,505.5,421.25,4.4205246913580245,61.64421682098765,1095.8691706349205,1034.2249538139329
2026-11-29,BKK_Sukhumvit,Guava,6,56.5,47.95304734667938,13.01283050524309,0.2713660804738032,10.04,6,5.5,49.0,0.047664442326024785,2026-11,56.5,2709.3471750873846,735.2249235462345,567.26,339.0,310.75,2.6930409914204003,43.19637750238322,757.11225154115,713.9158740387668
2026-11-29,BKK_Sukhumvit,MixedBerryPremium,6,17.0,86.75255652173914,22.990975304347824,0.26501784184984295,52.235,8,7.0,89.0,0.21565217391304348,2026-11,17.0,1474.7934608695653,390.846580173913,887.995,136.0,119.0,3.666086956521739,220.82674782608694,-59.048119304347665,-279.8748671304346
2026-11-29,BKK_Sukhumvit,PassionFruit,6,41.25,63.17115539452496,17.610132850241545,0.27876857309733194,28.654999999999998,6,6.0,65.0,0.09098228663446055,2026-11,41.25,2605.8101600241544,726.4179800724637,1182.01875,247.5,247.5,3.7530193236714977,130.06088466183576,202.37342995169092,72.31254528985517
2026-11-29,BKK_Sukhumvit,Pineapple,6,95.5,47.74254871088369,12.82280334579807,0.2685822959190887,10.084999999999999,6,5.0,49.0,0.03896870694745129,2026-11,95.5,4559.413401889392,1224.5777195237156,963.1175,573.0,477.5,3.721511513481598,59.860512694351506,1321.2181823656765,1261.357669671325
2026-11-29,BKK_Sukhumvit,Watermelon,6,136.5,44.07588018917498,11.868067787703627,0.26926445341001765,7.945,6,5.0,45.0,0.030084077771939045,2026-11,136.5,6016.357645822385,1619.991253021545,1084.4925,819.0,682.5,4.1064766158696795,57.26481640830268,1810.3738928008406,1753.1090763925379
2026-11-29,Pattaya_Beach,Guava,6,71.75,47.80525027808676,13.032506562847606,0.27261663702284855,10.04,6,5.5,49.0,0.05506117908787542,2026-11,71.75,3430.026707452725,935.0823458843157,720.3699999999999,430.5,394.625,3.9506395995550614,63.368259176863184,949.4493615684096,886.0811023915464
2026-11-29,Pattaya_Beach,MixedBerryPremium,6,30.25,86.3254953000723,23.297381344902387,0.26987833969465647,52.235,8,7.0,89.0,0.23716558206796817,2026-11,30.25,2611.346232827187,704.7457856832972,1580.1087499999999,242.0,211.75,7.174258857556037,432.1414822848879,-127.25830285610982,-559.3997851409977
2026-11-29,Pattaya_Beach,PassionFruit,6,58.25,63.013126945693536,17.109371497751642,0.2715207501525353,28.654999999999998,6,6.0,65.0,0.08993427879626427,2026-11,58.25,3670.5146445866485,996.6208897440331,1669.15375,349.5,349.5,5.238671739882394,181.54616914562436,305.74000484261524,124.19383569699087
2026-11-29,Pattaya_Beach,Pineapple,6,104.75,47.68440197512802,13.193954352596926,0.2766932960484403,10.084999999999999,6,5.0,49.0,0.040965618141916606,2026-11,104.75,4994.94110689466,1382.066718434528,1056.40375,628.5,523.75,4.291148500365765,69.02312362838333,1404.2206384601322,1335.197514831749
2026-11-29,Pattaya_Beach,Watermelon,6,187.25,43.95651561399389,11.924427330359238,0.2712778108955253,7.945,6,5.0,45.0,0.0308757924395398,2026-11,187.25,8230.857548720356,2232.8490176097675,1487.70125,1123.5,936.25,5.781492134303828,80.62290781286688,2450.5572811105885,2369.934373297722
2026-11-29,Pattaya_Central,Guava,6,95.25,47.82334133461354,13.24736053768603,0.27700616828498065,10.04,6,5.5,49.0,0.05400864138262122,2026-11,95.25,4555.17326212194,1261.8110912145944,956.31,571.5,523.875,5.144323091694671,82.51494239078252,1241.6771709073455,1159.162228516563
2026-11-29,Pattaya_Central,MixedBerryPremium,6,32.0,86.52879332477535,23.51800436456996,0.27179397124258947,52.235,8,7.0,89.0,0.2233632862644416,2026-11,32.0,2768.921386392811,752.5761396662388,1671.52,256.0,224.0,7.147625160462131,430.53720154043646,-135.17475327342754,-565.7119548138639
2026-11-29,Pattaya_Central,PassionFruit,6,73.75,63.01625368731563,17.166189380530973,0.2724089163679736,28.654999999999998,6,6.0,65.0,0.08849557522123894,2026-11,73.75,4647.448709439528,1266.0064668141592,2113.3062499999996,442.5,442.5,6.5265486725663715,226.1775442477876,383.135992625369,156.9584483775814
2026-11-29,Pattaya_Central,Pineapple,6,133.0,47.78324340709306,13.039893664746893,0.2728967883919579,10.084999999999999,6,5.0,49.0,0.03925431949075477,2026-11,133.0,6355.171373143377,1734.3058574113368,1341.3049999999998,798.0,665.0,5.220824492270385,83.97696195816914,1816.5605157320406,1732.5835537738715
2026-11-29,Pattaya_Central,Watermelon,6,213.5,44.00282273983419,11.737794315041452,0.26675093969404934,7.945,6,5.0,45.0,0.029609159099881564,2026-11,213.5,9394.602654954599,2506.01908626135,1696.2575000000002,1281.0,1067.5,6.321555467824714,88.15409099881565,2843.826068693248,2755.6719776944324
2026-11-30,BKK_Ladprao,Guava,0,30.25,47.85666666666667,13.140177070063695,0.274573596226169,10.04,6,5.5,49.0,0.08227176220806794,2026-11,30.25,1447.6641666666667,397.49035636942676,303.71,181.5,166.375,2.488720806794055,39.91908174097664,398.5888102972399,358.66972855626324
2026-11-30,BKK_Ladprao,MixedBerryPremium,0,11.5,86.58969604863222,23.94381337386018,0.2765203536505358,52.235,8,7.0,89.0,0.4148936170212766,2026-11,11.5,995.7815045592705,275.3538537993921,600.7025,92.0,80.5,4.7712765957446805,287.3978457446808,-52.774849240121625,-340.17269498480243
2026-11-30,BKK_Ladprao,PassionFruit,0,25.5,63.23085034013606,16.98635714285714,0.26864034014223875,28.654999999999998,6,6.0,65.0,0.145578231292517,2026-11,25.5,1612.3866836734694,433.1521071428571,730.7025,153.0,153.0,3.712244897959184,128.64784693877553,142.53207653061236,13.884229591836828
2026-11-30,BKK_Ladprao,Pineapple,0,52.25,47.845854229354735,12.786699899699096,0.2672478129119515,10.084999999999999,6,5.0,49.0,0.06920762286860582,2026-11,52.25,2499.945883483785,668.1050697592777,526.94125,313.5,261.25,3.616098294884654,58.164941073219666,730.1495637245075,671.9846226512879
2026-11-30,BKK_Ladprao,Watermelon,0,82.25,44.02063492063492,12.068285714285715,0.27415065084916884,7.945,6,5.0,45.0,0.05246913580246913,2026-11,82.25,3620.697222222222,992.6165,653.47625,493.5,411.25,4.315586419753086,60.180852623456786,1069.8544722222223,1009.6736195987655
2026-11-30,BKK_Sukhumvit,Guava,0,57.25,47.95304734667938,13.01283050524309,0.2713660804738032,10.04,6,5.5,49.0,0.047664442326024785,2026-11,57.25,2745.3119605973943,744.9845464251669,574.79,343.5,314.875,2.7287893231649187,43.76978074356529,767.1624141722275,723.3926334286622
2026-11-30,BKK_Sukhumvit,MixedBerryPremium,0,18.5,86.75255652173914,22.990975304347824,0.26501784184984295,52.235,8,7.0,89.0,0.21565217391304348,2026-11,18.5,1604.922295652174,425.33304313043476,966.3475,148.0,129.5,3.9895652173913043,240.31146086956522,-64.25824747826073,-304.56970834782595
2026-11-30,BKK_Sukhumvit,PassionFruit,0,49.0,63.17115539452496,17.610132850241545,0.27876857309733194,28.654999999999998,6,6.0,65.0,0.09098228663446055,2026-11,49.0,3095.386614331723,862.8965096618357,1404.0949999999998,294.0,294.0,4.458132045088567,154.49656602254427,240.3951046698876,85.89853864734332
2026-11-30,BKK_Sukhumvit,Pineapple,0,92.75,47.74254871088369,12.82280334579807,0.2685822959190887,10.084999999999999,6,5.0,49.0,0.03896870694745129,2026-11,92.75,4428.121392934462,1189.315010322771,935.38375,556.5,463.75,3.614347569376107,58.13678065341469,1283.1726326116914,1225.0358519582767
2026-11-30,BKK_Sukhumvit,Watermelon,0,137.5,44.07588018917498,11.868067787703627,0.26926445341001765,7.945,6,5.0,45.0,0.030084077771939045,2026-11,137.5,6060.4335260115595,1631.8593208092486,1092.4375,825.0,687.5,4.136560693641619,57.68433887283238,1823.6367052023106,1765.9523663294783
2026-11-30,Pattaya_Beach,Guava,0,61.75,47.80525027808676,13.032506562847606,0.27261663702284855,10.04,6,5.5,49.0,0.05506117908787542,2026-11,61.75,2951.9742046718575,804.7572802558396,619.9699999999999,370.5,339.625,3.400027808676307,54.536446051167964,817.1219244160179,762.5854783648499
2026-11-30,Pattaya_Beach,MixedBerryPremium,0,19.25,86.3254953000723,23.297381344902387,0.26987833969465647,52.235,8,7.0,89.0,0.23716558206796817,2026-11,19.25,1661.7657845263918,448.474590889371,1005.52375,154.0,134.75,4.565437454808388,274.99912509038325,-80.98255636297904,-355.9816814533623
2026-11-30,Pattaya_Beach,PassionFruit,0,49.5,63.013126945693536,17.109371497751642,0.2715207501525353,28.654999999999998,6,6.0,65.0,0.08993427879626427,2026-11,49.5,3119.14978381183,846.9138891387063,1418.4225,297.0,297.0,4.451746800415082,154.27528536838466,259.81339467312364,105.53810930473898
2026-11-30,Pattaya_Beach,Pineapple,0,95.25,47.68440197512802,13.193954352596926,0.2766932960484403,10.084999999999999,6,5.0,49.0,0.040965618141916606,2026-11,95.25,4541.939288130944,1256.7241520848572,960.5962499999999,571.5,476.25,3.9019751280175567,62.7632699341624,1276.868886046087,1214.1056161119245
2026-11-30,Pattaya_Beach,Watermelon,0,149.25,43.95651561399389,11.924427330359238,0.2712778108955253,7.945,6,5.0,45.0,0.0308757924395398,2026-11,149.25,6560.509955388588,1779.7207790561163,1185.79125,895.5,746.25,4.608212021601315,64.26151664123034,1953.2479263324722,1888.9864096912418
2026-11-30,Pattaya_Central,Guava,0,65.25,47.82334133461354,13.24736053768603,0.27700616828498065,10.04,6,5.5,49.0,0.05400864138262122,2026-11,65.25,3120.473022083533,864.3902750840134,655.1099999999999,391.5,358.875,3.524063850216035,56.525984157465196,850.59774699952,794.0717628420548
2026-11-30,Pattaya_Central,MixedBerryPremium,0,25.75,86.52879332477535,23.51800436456996,0.27179397124258947,52.235,8,7.0,89.0,0.2233632862644416,2026-11,25.75,2228.1164281129654,605.5886123876764,1345.05125,206.0,180.25,5.7516046213093714,346.44790436457,-108.77343427471124,-455.2213386392812
2026-11-30,Pattaya_Central,PassionFruit,0,54.25,63.01625368731563,17.166189380530973,0.2724089163679736,28.654999999999998,6,6.0,65.0,0.08849557522123894,2026-11,54.25,3418.631762536873,931.2657738938053,1554.5337499999998,325.5,325.5,4.800884955752212,166.37466814159293,281.83223864306774,115.4575705014748
2026-11-30,Pattaya_Central,Pineapple,0,109.0,47.78324340709306,13.039893664746893,0.2728967883919579,10.084999999999999,6,5.0,49.0,0.03925431949075477,2026-11,109.0,5208.373531373143,1421.3484094574114,1099.2649999999999,654.0,545.0,4.27872082449227,68.82322446195816,1488.7601219157318,1419.9368974537736
2026-11-30,Pattaya_Central,Watermelon,0,179.0,44.00282273983419,11.737794315041452,0.26675093969404934,7.945,6,5.0,45.0,0.029609159099881564,2026-11,179.0,7876.50527043032,2101.06518239242,1422.155,1074.0,895.0,5.3000394788788,73.90905053296487,2384.2850880379,2310.376037504935
